Datum;Uhrzeit;Generation_DE R[MW];Generation_DE Q[MW];Generation_DE P[MW];Generation_DE N[MW]
01.01.2020;00:00;323;0;478;502
01.01.2020;01:00;387;0;487;502
01.01.2020;02:00;471;0;494;501
01.01.2020;03:00;561;0;492;504
01.01.2020;04:00;606;0;492;503
01.01.2020;05:00;609;0;495;503
01.01.2020;06:00;606;0;497;503
01.01.2020;07:00;607;0;495;503
01.01.2020;08:00;606;0;496;504
01.01.2020;09:00;608;0;495;502
01.01.2020;10:00;607;0;496;504
01.01.2020;11:00;607;0;495;501
01.01.2020;12:00;608;0;495;501
01.01.2020;13:00;608;0;498;473
01.01.2020;14:00;607;0;496;501
01.01.2020;15:00;607;0;493;501
01.01.2020;16:00;606;0;494;501
01.01.2020;17:00;607;0;494;494
01.01.2020;18:00;608;0;495;485
01.01.2020;19:00;606;0;493;476
01.01.2020;20:00;606;0;478;483
01.01.2020;21:00;608;0;490;500
01.01.2020;22:00;607;0;493;502
01.01.2020;23:00;606;0;489;502
02.01.2020;00:00;604;0;479;496
02.01.2020;01:00;607;0;485;501
02.01.2020;02:00;607;0;486;501
02.01.2020;03:00;597;0;479;494
02.01.2020;04:00;600;0;483;501
02.01.2020;05:00;572;0;472;485
02.01.2020;06:00;533;0;451;464
02.01.2020;07:00;552;0;473;454
02.01.2020;08:00;564;0;482;499
02.01.2020;09:00;569;0;487;500
02.01.2020;10:00;599;0;486;500
02.01.2020;11:00;589;0;486;501
02.01.2020;12:00;574;0;487;500
02.01.2020;13:00;578;0;485;502
02.01.2020;14:00;570;0;481;502
02.01.2020;15:00;577;0;479;501
02.01.2020;16:00;574;0;479;497
02.01.2020;17:00;577;0;479;501
02.01.2020;18:00;576;0;480;499
02.01.2020;19:00;580;0;480;502
02.01.2020;20:00;577;0;480;499
02.01.2020;21:00;582;0;484;500
02.01.2020;22:00;579;0;483;495
02.01.2020;23:00;568;0;469;430
03.01.2020;00:00;325;0;482;408
03.01.2020;01:00;219;0;483;411
03.01.2020;02:00;218;0;484;413
03.01.2020;03:00;275;0;419;410
03.01.2020;04:00;229;0;380;410
03.01.2020;05:00;253;0;381;409
03.01.2020;06:00;289;0;372;410
03.01.2020;07:00;248;0;389;409
03.01.2020;08:00;318;0;399;419
03.01.2020;09:00;401;0;415;439
03.01.2020;10:00;465;0;398;421
03.01.2020;11:00;553;0;415;439
03.01.2020;12:00;570;0;477;441
03.01.2020;13:00;579;0;470;430
03.01.2020;14:00;563;0;460;422
03.01.2020;15:00;563;0;471;431
03.01.2020;16:00;557;0;451;427
03.01.2020;17:00;556;0;421;407
03.01.2020;18:00;502;0;411;408
03.01.2020;19:00;380;0;371;425
03.01.2020;20:00;382;0;182;405
03.01.2020;21:00;288;0;176;400
03.01.2020;22:00;318;0;173;402
03.01.2020;23:00;298;0;172;400
04.01.2020;00:00;275;0;169;401
04.01.2020;01:00;281;0;169;401
04.01.2020;02:00;435;0;196;402
04.01.2020;03:00;569;0;198;401
04.01.2020;04:00;450;0;170;400
04.01.2020;05:00;456;0;193;401
04.01.2020;06:00;457;0;193;401
04.01.2020;07:00;533;0;190;402
04.01.2020;08:00;305;0;189;405
04.01.2020;09:00;309;0;182;409
04.01.2020;10:00;362;0;180;406
04.01.2020;11:00;406;0;182;406
04.01.2020;12:00;485;0;181;401
04.01.2020;13:00;352;0;172;402
04.01.2020;14:00;441;0;209;401
04.01.2020;15:00;536;0;400;399
04.01.2020;16:00;584;0;403;418
04.01.2020;17:00;585;0;483;501
04.01.2020;18:00;584;0;483;500
04.01.2020;19:00;583;0;484;500
04.01.2020;20:00;575;0;484;500
04.01.2020;21:00;582;0;487;499
04.01.2020;22:00;582;0;488;498
04.01.2020;23:00;581;0;487;499
05.01.2020;00:00;582;0;486;492
05.01.2020;01:00;583;0;485;491
05.01.2020;02:00;580;0;488;499
05.01.2020;03:00;590;0;489;500
05.01.2020;04:00;578;0;488;498
05.01.2020;05:00;578;0;488;499
05.01.2020;06:00;569;0;488;503
05.01.2020;07:00;572;0;486;500
05.01.2020;08:00;574;0;485;498
05.01.2020;09:00;584;0;485;486
05.01.2020;10:00;583;0;487;494
05.01.2020;11:00;580;0;489;497
05.01.2020;12:00;580;0;489;500
05.01.2020;13:00;591;0;488;501
05.01.2020;14:00;600;0;488;499
05.01.2020;15:00;597;0;489;501
05.01.2020;16:00;599;0;488;497
05.01.2020;17:00;597;0;488;499
05.01.2020;18:00;594;0;489;501
05.01.2020;19:00;590;0;487;498
05.01.2020;20:00;610;0;450;496
05.01.2020;21:00;500;0;448;498
05.01.2020;22:00;356;0;443;499
05.01.2020;23:00;255;0;446;500
06.01.2020;00:00;0;0;449;491
06.01.2020;01:00;0;0;447;488
06.01.2020;02:00;0;0;453;494
06.01.2020;03:00;0;0;429;479
06.01.2020;04:00;0;0;453;495
06.01.2020;05:00;0;0;454;497
06.01.2020;06:00;0;0;444;496
06.01.2020;07:00;0;0;443;495
06.01.2020;08:00;0;0;433;502
06.01.2020;09:00;0;0;436;502
06.01.2020;10:00;0;0;440;498
06.01.2020;11:00;0;0;439;501
06.01.2020;12:00;0;0;426;500
06.01.2020;13:00;0;0;440;499
06.01.2020;14:00;0;0;433;500
06.01.2020;15:00;0;0;433;500
06.01.2020;16:00;0;0;425;497
06.01.2020;17:00;0;0;425;500
06.01.2020;18:00;0;0;410;501
06.01.2020;19:00;0;0;411;502
06.01.2020;20:00;0;0;415;502
06.01.2020;21:00;0;0;416;501
06.01.2020;22:00;0;0;420;501
06.01.2020;23:00;0;0;422;501
07.01.2020;00:00;0;0;424;491
07.01.2020;01:00;0;0;432;502
07.01.2020;02:00;0;0;419;498
07.01.2020;03:00;0;0;419;489
07.01.2020;04:00;0;0;419;491
07.01.2020;05:00;0;0;450;501
07.01.2020;06:00;0;0;454;499
07.01.2020;07:00;0;0;457;499
07.01.2020;08:00;0;0;455;499
07.01.2020;09:00;0;0;458;500
07.01.2020;10:00;0;0;458;501
07.01.2020;11:00;0;0;462;499
07.01.2020;12:00;0;0;462;476
07.01.2020;13:00;0;0;464;492
07.01.2020;14:00;0;0;458;500
07.01.2020;15:00;0;0;452;499
07.01.2020;16:00;0;0;453;501
07.01.2020;17:00;0;0;453;501
07.01.2020;18:00;0;0;432;502
07.01.2020;19:00;0;0;426;501
07.01.2020;20:00;0;0;429;497
07.01.2020;21:00;0;0;431;501
07.01.2020;22:00;0;0;415;499
07.01.2020;23:00;0;0;411;430
08.01.2020;00:00;0;0;353;426
08.01.2020;01:00;0;0;377;383
08.01.2020;02:00;0;0;357;368
08.01.2020;03:00;0;0;355;370
08.01.2020;04:00;0;0;364;370
08.01.2020;05:00;0;0;431;406
08.01.2020;06:00;0;0;442;496
08.01.2020;07:00;0;0;436;499
08.01.2020;08:00;0;0;432;497
08.01.2020;09:00;0;0;437;499
08.01.2020;10:00;0;0;431;494
08.01.2020;11:00;0;0;432;491
08.01.2020;12:00;0;0;432;501
08.01.2020;13:00;0;0;434;501
08.01.2020;14:00;0;0;432;499
08.01.2020;15:00;0;0;442;499
08.01.2020;16:00;0;0;441;500
08.01.2020;17:00;0;0;439;501
08.01.2020;18:00;0;0;436;501
08.01.2020;19:00;0;0;432;503
08.01.2020;20:00;0;0;428;502
08.01.2020;21:00;0;0;438;502
08.01.2020;22:00;0;0;420;505
08.01.2020;23:00;0;0;416;502
09.01.2020;00:00;0;0;427;497
09.01.2020;01:00;0;0;429;503
09.01.2020;02:00;0;0;420;500
09.01.2020;03:00;0;0;428;501
09.01.2020;04:00;0;0;429;502
09.01.2020;05:00;0;0;431;501
09.01.2020;06:00;0;0;447;502
09.01.2020;07:00;0;0;446;503
09.01.2020;08:00;0;0;449;502
09.01.2020;09:00;0;0;450;443
09.01.2020;10:00;0;0;423;442
09.01.2020;11:00;0;0;450;445
09.01.2020;12:00;0;0;452;420
09.01.2020;13:00;0;0;455;432
09.01.2020;14:00;0;0;433;430
09.01.2020;15:00;0;0;438;431
09.01.2020;16:00;0;0;418;433
09.01.2020;17:00;0;0;423;457
09.01.2020;18:00;0;0;423;501
09.01.2020;19:00;0;0;417;500
09.01.2020;20:00;0;0;417;502
09.01.2020;21:00;0;0;418;501
09.01.2020;22:00;0;0;417;501
09.01.2020;23:00;0;0;427;502
10.01.2020;00:00;0;0;435;501
10.01.2020;01:00;0;0;439;398
10.01.2020;02:00;0;0;438;371
10.01.2020;03:00;0;0;433;371
10.01.2020;04:00;0;0;418;373
10.01.2020;05:00;0;0;427;481
10.01.2020;06:00;0;0;428;502
10.01.2020;07:00;0;0;435;500
10.01.2020;08:00;0;0;430;500
10.01.2020;09:00;0;0;427;501
10.01.2020;10:00;0;0;427;502
10.01.2020;11:00;0;0;427;501
10.01.2020;12:00;0;0;429;503
10.01.2020;13:00;0;0;426;500
10.01.2020;14:00;0;0;419;500
10.01.2020;15:00;0;0;414;502
10.01.2020;16:00;0;0;418;501
10.01.2020;17:00;0;0;412;501
10.01.2020;18:00;0;0;412;501
10.01.2020;19:00;0;0;410;496
10.01.2020;20:00;0;0;412;502
10.01.2020;21:00;0;0;415;502
10.01.2020;22:00;0;0;419;502
10.01.2020;23:00;0;0;420;502
11.01.2020;00:00;0;0;423;502
11.01.2020;01:00;0;0;418;503
11.01.2020;02:00;0;0;417;502
11.01.2020;03:00;0;0;418;503
11.01.2020;04:00;0;0;435;483
11.01.2020;05:00;0;0;448;480
11.01.2020;06:00;0;0;453;485
11.01.2020;07:00;0;0;459;456
11.01.2020;08:00;0;0;460;495
11.01.2020;09:00;0;0;462;502
11.01.2020;10:00;0;0;462;498
11.01.2020;11:00;0;0;462;485
11.01.2020;12:00;0;0;452;486
11.01.2020;13:00;0;0;464;500
11.01.2020;14:00;0;0;464;498
11.01.2020;15:00;0;0;463;501
11.01.2020;16:00;0;0;464;502
11.01.2020;17:00;0;0;463;501
11.01.2020;18:00;0;0;462;501
11.01.2020;19:00;0;0;462;499
11.01.2020;20:00;0;0;463;480
11.01.2020;21:00;0;0;467;484
11.01.2020;22:00;0;0;461;493
11.01.2020;23:00;0;0;405;481
12.01.2020;00:00;0;0;372;453
12.01.2020;01:00;0;0;396;485
12.01.2020;02:00;0;0;387;460
12.01.2020;03:00;0;0;367;457
12.01.2020;04:00;0;0;350;453
12.01.2020;05:00;0;0;352;456
12.01.2020;06:00;0;0;350;459
12.01.2020;07:00;0;0;394;466
12.01.2020;08:00;149;0;345;396
12.01.2020;09:00;223;0;181;395
12.01.2020;10:00;316;0;198;392
12.01.2020;11:00;339;0;180;393
12.01.2020;12:00;426;0;169;395
12.01.2020;13:00;544;0;167;393
12.01.2020;14:00;591;0;204;392
12.01.2020;15:00;587;0;208;392
12.01.2020;16:00;585;0;212;436
12.01.2020;17:00;583;0;214;486
12.01.2020;18:00;549;0;178;444
12.01.2020;19:00;585;0;203;394
12.01.2020;20:00;576;0;208;393
12.01.2020;21:00;431;0;179;394
12.01.2020;22:00;336;0;167;394
12.01.2020;23:00;372;0;166;392
13.01.2020;00:00;350;0;186;431
13.01.2020;01:00;396;0;186;430
13.01.2020;02:00;514;0;210;432
13.01.2020;03:00;519;0;205;423
13.01.2020;04:00;587;0;207;429
13.01.2020;05:00;595;0;208;488
13.01.2020;06:00;581;0;206;496
13.01.2020;07:00;580;0;205;497
13.01.2020;08:00;567;0;207;497
13.01.2020;09:00;564;0;207;500
13.01.2020;10:00;564;0;209;501
13.01.2020;11:00;549;0;209;498
13.01.2020;12:00;558;0;209;495
13.01.2020;13:00;564;0;210;492
13.01.2020;14:00;558;0;208;491
13.01.2020;15:00;553;0;208;493
13.01.2020;16:00;553;0;209;495
13.01.2020;17:00;553;0;209;494
13.01.2020;18:00;552;0;207;486
13.01.2020;19:00;550;0;208;489
13.01.2020;20:00;551;0;208;494
13.01.2020;21:00;561;0;213;420
13.01.2020;22:00;557;0;216;424
13.01.2020;23:00;499;0;191;421
14.01.2020;00:00;415;0;164;399
14.01.2020;01:00;290;0;165;400
14.01.2020;02:00;285;0;167;402
14.01.2020;03:00;290;0;167;401
14.01.2020;04:00;288;0;168;401
14.01.2020;05:00;399;0;212;412
14.01.2020;06:00;421;0;208;404
14.01.2020;07:00;389;0;170;400
14.01.2020;08:00;405;0;173;425
14.01.2020;09:00;400;0;176;428
14.01.2020;10:00;540;0;207;431
14.01.2020;11:00;548;0;208;435
14.01.2020;12:00;522;0;204;424
14.01.2020;13:00;403;0;172;418
14.01.2020;14:00;571;0;197;488
14.01.2020;15:00;555;39;206;485
14.01.2020;16:00;565;373;204;486
14.01.2020;17:00;561;407;203;485
14.01.2020;18:00;565;494;198;485
14.01.2020;19:00;519;509;174;427
14.01.2020;20:00;532;510;280;403
14.01.2020;21:00;563;511;375;398
14.01.2020;22:00;437;513;178;397
14.01.2020;23:00;326;513;173;398
15.01.2020;00:00;250;442;170;396
15.01.2020;01:00;251;397;172;398
15.01.2020;02:00;249;401;174;397
15.01.2020;03:00;249;402;173;397
15.01.2020;04:00;255;416;201;464
15.01.2020;05:00;261;528;181;399
15.01.2020;06:00;417;553;180;396
15.01.2020;07:00;584;663;205;478
15.01.2020;08:00;583;672;207;437
15.01.2020;09:00;572;690;206;430
15.01.2020;10:00;536;555;209;412
15.01.2020;11:00;559;579;214;434
15.01.2020;12:00;544;582;199;416
15.01.2020;13:00;533;546;213;404
15.01.2020;14:00;557;629;214;432
15.01.2020;15:00;549;827;212;490
15.01.2020;16:00;546;804;208;434
15.01.2020;17:00;547;833;210;494
15.01.2020;18:00;556;806;208;434
15.01.2020;19:00;549;804;208;432
15.01.2020;20:00;535;738;206;401
15.01.2020;21:00;442;719;197;401
15.01.2020;22:00;493;722;202;451
15.01.2020;23:00;492;733;204;447
16.01.2020;00:00;544;836;206;488
16.01.2020;01:00;549;835;205;493
16.01.2020;02:00;550;836;205;494
16.01.2020;03:00;554;836;204;499
16.01.2020;04:00;568;831;196;501
16.01.2020;05:00;572;830;196;503
16.01.2020;06:00;569;831;212;502
16.01.2020;07:00;553;834;213;501
16.01.2020;08:00;549;826;211;500
16.01.2020;09:00;543;800;216;501
16.01.2020;10:00;538;565;217;500
16.01.2020;11:00;540;24;215;498
16.01.2020;12:00;534;0;215;501
16.01.2020;13:00;567;0;216;502
16.01.2020;14:00;569;0;217;499
16.01.2020;15:00;576;0;200;500
16.01.2020;16:00;578;0;197;500
16.01.2020;17:00;572;0;200;498
16.01.2020;18:00;571;0;200;499
16.01.2020;19:00;575;0;187;501
16.01.2020;20:00;584;0;177;499
16.01.2020;21:00;581;0;175;501
16.01.2020;22:00;584;0;179;502
16.01.2020;23:00;565;0;180;501
17.01.2020;00:00;584;0;176;499
17.01.2020;01:00;576;0;178;418
17.01.2020;02:00;578;0;187;417
17.01.2020;03:00;577;0;202;498
17.01.2020;04:00;582;0;196;500
17.01.2020;05:00;588;0;191;501
17.01.2020;06:00;583;0;192;500
17.01.2020;07:00;581;0;203;500
17.01.2020;08:00;577;0;210;500
17.01.2020;09:00;579;0;212;500
17.01.2020;10:00;580;0;211;502
17.01.2020;11:00;579;0;210;502
17.01.2020;12:00;575;0;208;504
17.01.2020;13:00;581;0;206;504
17.01.2020;14:00;570;0;200;503
17.01.2020;15:00;565;0;194;500
17.01.2020;16:00;563;0;193;503
17.01.2020;17:00;564;0;193;499
17.01.2020;18:00;563;0;193;503
17.01.2020;19:00;558;0;193;497
17.01.2020;20:00;562;0;192;498
17.01.2020;21:00;568;0;197;497
17.01.2020;22:00;558;0;197;498
17.01.2020;23:00;413;0;197;405
18.01.2020;00:00;271;0;181;397
18.01.2020;01:00;279;0;178;399
18.01.2020;02:00;286;0;168;399
18.01.2020;03:00;437;0;167;436
18.01.2020;04:00;450;0;169;433
18.01.2020;05:00;533;0;167;441
18.01.2020;06:00;515;0;171;441
18.01.2020;07:00;587;0;206;492
18.01.2020;08:00;584;0;208;500
18.01.2020;09:00;587;0;208;501
18.01.2020;10:00;587;0;209;501
18.01.2020;11:00;585;0;210;501
18.01.2020;12:00;587;0;210;501
18.01.2020;13:00;589;0;209;503
18.01.2020;14:00;579;0;208;500
18.01.2020;15:00;590;0;207;500
18.01.2020;16:00;593;0;205;503
18.01.2020;17:00;584;0;211;502
18.01.2020;18:00;581;0;212;503
18.01.2020;19:00;580;0;211;501
18.01.2020;20:00;579;0;205;502
18.01.2020;21:00;589;0;207;501
18.01.2020;22:00;590;0;214;501
18.01.2020;23:00;586;0;215;501
19.01.2020;00:00;591;0;215;498
19.01.2020;01:00;597;0;213;492
19.01.2020;02:00;599;0;213;500
19.01.2020;03:00;597;0;215;499
19.01.2020;04:00;601;0;216;502
19.01.2020;05:00;589;0;214;500
19.01.2020;06:00;591;0;213;500
19.01.2020;07:00;592;0;214;501
19.01.2020;08:00;594;0;211;500
19.01.2020;09:00;610;0;214;503
19.01.2020;10:00;611;0;214;502
19.01.2020;11:00;611;0;214;500
19.01.2020;12:00;610;0;214;500
19.01.2020;13:00;606;0;213;491
19.01.2020;14:00;586;0;211;499
19.01.2020;15:00;583;0;211;500
19.01.2020;16:00;584;0;211;501
19.01.2020;17:00;583;0;211;500
19.01.2020;18:00;587;0;211;502
19.01.2020;19:00;583;0;210;502
19.01.2020;20:00;587;0;211;501
19.01.2020;21:00;595;0;215;501
19.01.2020;22:00;592;0;215;501
19.01.2020;23:00;586;0;215;501
20.01.2020;00:00;586;0;215;502
20.01.2020;01:00;585;0;213;501
20.01.2020;02:00;586;0;213;501
20.01.2020;03:00;587;0;211;502
20.01.2020;04:00;586;0;213;500
20.01.2020;05:00;584;0;213;500
20.01.2020;06:00;578;0;214;499
20.01.2020;07:00;562;0;213;500
20.01.2020;08:00;573;0;213;502
20.01.2020;09:00;564;0;213;501
20.01.2020;10:00;566;0;214;499
20.01.2020;11:00;558;0;214;497
20.01.2020;12:00;558;0;215;501
20.01.2020;13:00;565;0;213;500
20.01.2020;14:00;558;0;214;501
20.01.2020;15:00;551;0;212;502
20.01.2020;16:00;557;0;213;501
20.01.2020;17:00;551;0;213;501
20.01.2020;18:00;537;0;211;501
20.01.2020;19:00;539;0;213;501
20.01.2020;20:00;543;0;213;495
20.01.2020;21:00;548;0;209;499
20.01.2020;22:00;541;0;208;499
20.01.2020;23:00;549;0;209;500
21.01.2020;00:00;541;0;209;498
21.01.2020;01:00;543;0;208;501
21.01.2020;02:00;549;0;208;501
21.01.2020;03:00;543;0;209;501
21.01.2020;04:00;542;0;210;500
21.01.2020;05:00;555;0;212;500
21.01.2020;06:00;565;0;209;500
21.01.2020;07:00;565;0;208;501
21.01.2020;08:00;570;0;208;500
21.01.2020;09:00;582;0;210;500
21.01.2020;10:00;579;0;210;501
21.01.2020;11:00;573;0;210;501
21.01.2020;12:00;567;0;209;502
21.01.2020;13:00;559;0;205;503
21.01.2020;14:00;555;0;201;499
21.01.2020;15:00;535;0;200;501
21.01.2020;16:00;541;0;190;502
21.01.2020;17:00;535;0;203;502
21.01.2020;18:00;539;0;205;504
21.01.2020;19:00;533;0;190;502
21.01.2020;20:00;542;0;189;498
21.01.2020;21:00;559;0;395;502
21.01.2020;22:00;558;0;432;500
21.01.2020;23:00;550;0;485;501
22.01.2020;00:00;549;0;495;501
22.01.2020;01:00;557;0;498;502
22.01.2020;02:00;544;0;496;501
22.01.2020;03:00;546;0;498;502
22.01.2020;04:00;549;0;492;501
22.01.2020;05:00;554;0;496;502
22.01.2020;06:00;555;0;495;499
22.01.2020;07:00;562;0;499;501
22.01.2020;08:00;564;0;496;500
22.01.2020;09:00;559;0;497;500
22.01.2020;10:00;562;0;498;500
22.01.2020;11:00;565;0;497;500
22.01.2020;12:00;559;0;495;498
22.01.2020;13:00;558;0;497;500
22.01.2020;14:00;528;0;495;497
22.01.2020;15:00;539;0;497;498
22.01.2020;16:00;538;0;491;499
22.01.2020;17:00;529;0;492;499
22.01.2020;18:00;548;0;492;501
22.01.2020;19:00;547;0;493;501
22.01.2020;20:00;555;0;495;501
22.01.2020;21:00;559;0;496;502
22.01.2020;22:00;561;0;495;501
22.01.2020;23:00;562;0;492;502
23.01.2020;00:00;562;0;493;503
23.01.2020;01:00;570;0;495;501
23.01.2020;02:00;567;0;494;501
23.01.2020;03:00;560;0;493;501
23.01.2020;04:00;566;0;494;500
23.01.2020;05:00;572;0;498;500
23.01.2020;06:00;575;0;493;500
23.01.2020;07:00;575;0;480;499
23.01.2020;08:00;577;0;493;500
23.01.2020;09:00;583;0;493;500
23.01.2020;10:00;582;0;492;501
23.01.2020;11:00;578;0;496;500
23.01.2020;12:00;574;0;495;501
23.01.2020;13:00;578;0;487;499
23.01.2020;14:00;571;0;493;500
23.01.2020;15:00;561;0;498;501
23.01.2020;16:00;557;0;498;500
23.01.2020;17:00;562;0;497;500
23.01.2020;18:00;556;0;497;501
23.01.2020;19:00;556;0;498;501
23.01.2020;20:00;559;0;495;500
23.01.2020;21:00;556;0;496;499
23.01.2020;22:00;544;0;497;500
23.01.2020;23:00;560;0;494;500
24.01.2020;00:00;542;0;496;500
24.01.2020;01:00;549;0;495;499
24.01.2020;02:00;536;0;494;500
24.01.2020;03:00;550;0;496;500
24.01.2020;04:00;538;0;497;499
24.01.2020;05:00;554;0;495;496
24.01.2020;06:00;573;0;491;495
24.01.2020;07:00;576;0;494;500
24.01.2020;08:00;578;0;497;500
24.01.2020;09:00;574;0;497;502
24.01.2020;10:00;575;0;497;498
24.01.2020;11:00;578;0;496;500
24.01.2020;12:00;572;0;497;499
24.01.2020;13:00;580;0;496;502
24.01.2020;14:00;573;0;495;500
24.01.2020;15:00;567;0;493;499
24.01.2020;16:00;576;0;490;500
24.01.2020;17:00;581;0;488;500
24.01.2020;18:00;579;0;492;501
24.01.2020;19:00;574;0;493;499
24.01.2020;20:00;571;0;495;501
24.01.2020;21:00;562;0;495;500
24.01.2020;22:00;562;0;492;499
24.01.2020;23:00;561;0;492;499
25.01.2020;00:00;553;0;487;497
25.01.2020;01:00;540;0;486;500
25.01.2020;02:00;535;0;485;498
25.01.2020;03:00;535;0;485;498
25.01.2020;04:00;546;0;483;498
25.01.2020;05:00;584;0;486;496
25.01.2020;06:00;586;0;497;496
25.01.2020;07:00;577;0;497;496
25.01.2020;08:00;582;0;496;499
25.01.2020;09:00;583;0;496;499
25.01.2020;10:00;584;0;492;499
25.01.2020;11:00;584;0;494;496
25.01.2020;12:00;579;252;498;500
25.01.2020;13:00;579;388;497;499
25.01.2020;14:00;575;583;499;499
25.01.2020;15:00;575;615;496;496
25.01.2020;16:00;577;706;492;498
25.01.2020;17:00;573;707;495;498
25.01.2020;18:00;575;707;496;498
25.01.2020;19:00;573;708;497;500
25.01.2020;20:00;577;709;498;499
25.01.2020;21:00;588;710;498;500
25.01.2020;22:00;593;792;498;498
25.01.2020;23:00;587;831;497;499
26.01.2020;00:00;586;565;494;500
26.01.2020;01:00;589;0;492;498
26.01.2020;02:00;592;0;495;499
26.01.2020;03:00;590;0;494;498
26.01.2020;04:00;585;0;494;496
26.01.2020;05:00;580;0;491;499
26.01.2020;06:00;578;0;488;499
26.01.2020;07:00;573;0;487;498
26.01.2020;08:00;579;0;491;496
26.01.2020;09:00;573;0;494;498
26.01.2020;10:00;573;0;489;496
26.01.2020;11:00;576;0;493;500
26.01.2020;12:00;574;0;495;500
26.01.2020;13:00;580;0;498;500
26.01.2020;14:00;577;0;493;499
26.01.2020;15:00;580;0;496;500
26.01.2020;16:00;580;0;496;500
26.01.2020;17:00;580;0;494;500
26.01.2020;18:00;578;0;494;500
26.01.2020;19:00;577;0;493;499
26.01.2020;20:00;578;0;494;499
26.01.2020;21:00;583;0;497;449
26.01.2020;22:00;583;0;496;496
26.01.2020;23:00;579;0;496;481
27.01.2020;00:00;582;0;494;480
27.01.2020;01:00;582;0;492;495
27.01.2020;02:00;586;0;483;497
27.01.2020;03:00;578;345;454;471
27.01.2020;04:00;357;423;476;448
27.01.2020;05:00;419;43;494;498
27.01.2020;06:00;549;212;494;494
27.01.2020;07:00;534;530;495;500
27.01.2020;08:00;537;631;495;500
27.01.2020;09:00;544;760;495;490
27.01.2020;10:00;541;829;495;498
27.01.2020;11:00;551;824;495;499
27.01.2020;12:00;554;827;495;495
27.01.2020;13:00;547;829;495;502
27.01.2020;14:00;539;828;494;499
27.01.2020;15:00;549;832;495;501
27.01.2020;16:00;558;832;494;498
27.01.2020;17:00;560;831;497;501
27.01.2020;18:00;537;832;496;499
27.01.2020;19:00;542;832;498;499
27.01.2020;20:00;546;832;495;498
27.01.2020;21:00;541;822;493;499
27.01.2020;22:00;543;822;493;500
27.01.2020;23:00;541;817;494;499
28.01.2020;00:00;555;709;494;445
28.01.2020;01:00;510;591;482;410
28.01.2020;02:00;503;564;437;404
28.01.2020;03:00;312;512;413;403
28.01.2020;04:00;304;510;397;400
28.01.2020;05:00;431;633;430;410
28.01.2020;06:00;561;707;488;485
28.01.2020;07:00;563;829;492;498
28.01.2020;08:00;565;819;492;501
28.01.2020;09:00;564;824;492;499
28.01.2020;10:00;566;687;492;439
28.01.2020;11:00;576;705;493;437
28.01.2020;12:00;564;824;493;491
28.01.2020;13:00;569;805;476;501
28.01.2020;14:00;555;797;476;495
28.01.2020;15:00;562;720;484;416
28.01.2020;16:00;560;730;488;409
28.01.2020;17:00;560;772;486;433
28.01.2020;18:00;569;724;488;433
28.01.2020;19:00;583;568;488;429
28.01.2020;20:00;577;600;451;427
28.01.2020;21:00;565;561;463;401
28.01.2020;22:00;458;528;437;360
28.01.2020;23:00;366;428;403;203
29.01.2020;00:00;376;426;381;178
29.01.2020;01:00;333;430;381;194
29.01.2020;02:00;381;432;361;208
29.01.2020;03:00;378;439;360;208
29.01.2020;04:00;335;554;370;175
29.01.2020;05:00;464;590;477;174
29.01.2020;06:00;603;798;495;213
29.01.2020;07:00;604;635;495;179
29.01.2020;08:00;596;549;497;216
29.01.2020;09:00;585;566;495;214
29.01.2020;10:00;574;614;483;183
29.01.2020;11:00;560;574;497;215
29.01.2020;12:00;556;548;496;216
29.01.2020;13:00;551;548;495;181
29.01.2020;14:00;549;548;494;182
29.01.2020;15:00;542;561;493;183
29.01.2020;16:00;551;651;492;182
29.01.2020;17:00;552;749;492;182
29.01.2020;18:00;554;798;495;214
29.01.2020;19:00;543;801;493;214
29.01.2020;20:00;542;823;494;213
29.01.2020;21:00;559;829;495;212
29.01.2020;22:00;555;775;493;211
29.01.2020;23:00;557;597;491;171
30.01.2020;00:00;552;608;489;170
30.01.2020;01:00;529;551;489;168
30.01.2020;02:00;381;510;460;163
30.01.2020;03:00;232;510;402;171
30.01.2020;04:00;238;510;397;190
30.01.2020;05:00;293;511;402;345
30.01.2020;06:00;556;519;477;428
30.01.2020;07:00;583;676;458;433
30.01.2020;08:00;562;828;413;427
30.01.2020;09:00;466;825;413;425
30.01.2020;10:00;455;829;412;423
30.01.2020;11:00;537;825;406;411
30.01.2020;12:00;351;825;455;422
30.01.2020;13:00;383;829;466;441
30.01.2020;14:00;472;825;483;455
30.01.2020;15:00;493;827;489;460
30.01.2020;16:00;541;821;485;494
30.01.2020;17:00;543;821;490;498
30.01.2020;18:00;541;821;491;499
30.01.2020;19:00;537;811;489;499
30.01.2020;20:00;422;651;420;350
30.01.2020;21:00;285;531;392;204
30.01.2020;22:00;322;571;388;176
30.01.2020;23:00;285;547;387;168
31.01.2020;00:00;247;415;389;0
31.01.2020;01:00;241;291;359;0
31.01.2020;02:00;233;267;360;0
31.01.2020;03:00;230;292;361;0
31.01.2020;04:00;241;402;362;0
31.01.2020;05:00;277;539;363;0
31.01.2020;06:00;507;491;396;0
31.01.2020;07:00;577;0;485;0
31.01.2020;08:00;558;0;477;0
31.01.2020;09:00;549;0;471;0
31.01.2020;10:00;543;0;465;0
31.01.2020;11:00;526;0;458;0
31.01.2020;12:00;466;0;481;0
31.01.2020;13:00;483;0;485;0
31.01.2020;14:00;561;0;487;0
31.01.2020;15:00;561;0;491;0
31.01.2020;16:00;554;0;488;0
31.01.2020;17:00;542;0;488;0
31.01.2020;18:00;504;0;467;0
31.01.2020;19:00;546;0;490;0
31.01.2020;20:00;493;0;482;0
31.01.2020;21:00;256;0;395;0
31.01.2020;22:00;303;0;406;0
31.01.2020;23:00;232;0;388;0
01.02.2020;00:00;233;0;396;0
01.02.2020;01:00;237;0;395;0
01.02.2020;02:00;238;0;396;0
01.02.2020;03:00;227;0;396;0
01.02.2020;04:00;244;0;398;0
01.02.2020;05:00;284;0;399;0
01.02.2020;06:00;281;0;399;0
01.02.2020;07:00;283;0;397;0
01.02.2020;08:00;283;0;399;0
01.02.2020;09:00;281;0;397;0
01.02.2020;10:00;280;0;399;0
01.02.2020;11:00;284;0;398;0
01.02.2020;12:00;289;0;401;0
01.02.2020;13:00;291;0;401;0
01.02.2020;14:00;291;0;402;0
01.02.2020;15:00;290;0;402;0
01.02.2020;16:00;294;0;400;0
01.02.2020;17:00;336;0;401;0
01.02.2020;18:00;330;0;401;0
01.02.2020;19:00;294;0;400;0
01.02.2020;20:00;293;0;400;0
01.02.2020;21:00;299;0;391;0
01.02.2020;22:00;297;0;373;0
01.02.2020;23:00;299;0;367;0
02.02.2020;00:00;288;0;367;0
02.02.2020;01:00;287;0;368;0
02.02.2020;02:00;288;0;353;0
02.02.2020;03:00;289;0;346;0
02.02.2020;04:00;289;0;344;0
02.02.2020;05:00;289;0;344;0
02.02.2020;06:00;287;0;344;0
02.02.2020;07:00;293;0;345;0
02.02.2020;08:00;361;0;351;0
02.02.2020;09:00;572;0;470;0
02.02.2020;10:00;609;0;493;0
02.02.2020;11:00;610;0;491;0
02.02.2020;12:00;611;0;485;0
02.02.2020;13:00;609;0;485;0
02.02.2020;14:00;609;0;486;0
02.02.2020;15:00;610;0;483;0
02.02.2020;16:00;608;0;478;0
02.02.2020;17:00;608;0;473;0
02.02.2020;18:00;608;0;482;0
02.02.2020;19:00;609;0;478;0
02.02.2020;20:00;609;0;483;0
02.02.2020;21:00;610;0;482;0
02.02.2020;22:00;598;0;480;0
02.02.2020;23:00;459;0;454;0
03.02.2020;00:00;313;0;454;0
03.02.2020;01:00;360;0;476;0
03.02.2020;02:00;344;0;453;0
03.02.2020;03:00;303;0;452;0
03.02.2020;04:00;342;0;476;0
03.02.2020;05:00;306;0;446;7
03.02.2020;06:00;427;0;436;97
03.02.2020;07:00;550;0;458;142
03.02.2020;08:00;516;0;474;179
03.02.2020;09:00;549;0;455;182
03.02.2020;10:00;551;0;454;185
03.02.2020;11:00;553;0;455;198
03.02.2020;12:00;555;0;459;199
03.02.2020;13:00;550;0;459;193
03.02.2020;14:00;542;0;457;171
03.02.2020;15:00;538;0;463;345
03.02.2020;16:00;549;0;467;406
03.02.2020;17:00;543;0;469;479
03.02.2020;18:00;555;0;465;488
03.02.2020;19:00;549;0;467;490
03.02.2020;20:00;552;0;468;490
03.02.2020;21:00;556;0;471;492
03.02.2020;22:00;560;213;474;494
03.02.2020;23:00;563;403;477;481
04.02.2020;00:00;557;521;469;414
04.02.2020;01:00;565;551;466;396
04.02.2020;02:00;534;511;451;395
04.02.2020;03:00;400;509;389;399
04.02.2020;04:00;532;512;370;403
04.02.2020;05:00;518;520;383;402
04.02.2020;06:00;582;681;470;485
04.02.2020;07:00;577;785;473;451
04.02.2020;08:00;577;825;467;467
04.02.2020;09:00;582;790;484;427
04.02.2020;10:00;578;804;470;464
04.02.2020;11:00;577;700;471;430
04.02.2020;12:00;549;556;474;402
04.02.2020;13:00;437;517;412;400
04.02.2020;14:00;349;572;424;400
04.02.2020;15:00;530;682;469;433
04.02.2020;16:00;569;601;477;436
04.02.2020;17:00;553;633;478;428
04.02.2020;18:00;555;606;492;420
04.02.2020;19:00;571;694;481;430
04.02.2020;20:00;565;514;481;398
04.02.2020;21:00;551;509;472;396
04.02.2020;22:00;426;513;392;396
04.02.2020;23:00;313;515;378;395
05.02.2020;00:00;301;525;365;414
05.02.2020;01:00;307;524;368;413
05.02.2020;02:00;303;523;361;411
05.02.2020;03:00;297;524;381;413
05.02.2020;04:00;381;564;451;415
05.02.2020;05:00;543;732;477;493
05.02.2020;06:00;598;827;482;498
05.02.2020;07:00;588;827;483;499
05.02.2020;08:00;586;828;483;497
05.02.2020;09:00;591;824;476;496
05.02.2020;10:00;587;810;474;494
05.02.2020;11:00;584;799;473;499
05.02.2020;12:00;570;576;479;487
05.02.2020;13:00;575;765;479;476
05.02.2020;14:00;581;798;472;482
05.02.2020;15:00;589;813;486;487
05.02.2020;16:00;568;832;479;500
05.02.2020;17:00;561;814;471;493
05.02.2020;18:00;557;832;467;492
05.02.2020;19:00;553;831;470;497
05.02.2020;20:00;550;820;467;498
05.02.2020;21:00;555;826;470;499
05.02.2020;22:00;552;833;471;498
05.02.2020;23:00;562;828;481;499
06.02.2020;00:00;559;822;482;496
06.02.2020;01:00;562;595;479;404
06.02.2020;02:00;563;508;471;398
06.02.2020;03:00;565;511;470;397
06.02.2020;04:00;564;583;474;400
06.02.2020;05:00;560;827;475;490
06.02.2020;06:00;585;825;485;495
06.02.2020;07:00;586;824;483;495
06.02.2020;08:00;585;824;478;495
06.02.2020;09:00;583;823;475;497
06.02.2020;10:00;587;829;483;498
06.02.2020;11:00;587;828;437;495
06.02.2020;12:00;590;816;422;494
06.02.2020;13:00;588;827;418;497
06.02.2020;14:00;583;793;410;481
06.02.2020;15:00;562;819;462;496
06.02.2020;16:00;566;831;467;498
06.02.2020;17:00;567;804;479;458
06.02.2020;18:00;567;822;468;499
06.02.2020;19:00;564;831;468;497
06.02.2020;20:00;568;822;471;496
06.02.2020;21:00;570;805;473;490
06.02.2020;22:00;573;813;477;494
06.02.2020;23:00;574;825;475;501
07.02.2020;00:00;553;816;464;494
07.02.2020;01:00;564;825;464;497
07.02.2020;02:00;563;826;465;501
07.02.2020;03:00;579;831;471;501
07.02.2020;04:00;576;831;471;499
07.02.2020;05:00;572;818;474;498
07.02.2020;06:00;569;822;470;496
07.02.2020;07:00;567;824;468;497
07.02.2020;08:00;570;828;470;500
07.02.2020;09:00;547;803;460;472
07.02.2020;10:00;542;811;467;488
07.02.2020;11:00;533;805;452;479
07.02.2020;12:00;559;829;465;499
07.02.2020;13:00;563;830;474;501
07.02.2020;14:00;554;823;468;497
07.02.2020;15:00;542;805;461;478
07.02.2020;16:00;564;829;472;501
07.02.2020;17:00;560;823;473;495
07.02.2020;18:00;572;829;474;500
07.02.2020;19:00;564;830;474;502
07.02.2020;20:00;558;813;477;501
07.02.2020;21:00;554;806;478;501
07.02.2020;22:00;565;828;479;459
07.02.2020;23:00;559;827;470;456
08.02.2020;00:00;547;769;455;454
08.02.2020;01:00;549;551;412;396
08.02.2020;02:00;435;432;402;395
08.02.2020;03:00;368;423;409;394
08.02.2020;04:00;313;425;377;392
08.02.2020;05:00;366;431;388;394
08.02.2020;06:00;482;546;396;394
08.02.2020;07:00;578;569;420;393
08.02.2020;08:00;586;674;484;433
08.02.2020;09:00;594;687;491;457
08.02.2020;10:00;593;683;491;431
08.02.2020;11:00;590;682;489;430
08.02.2020;12:00;590;682;487;395
08.02.2020;13:00;596;702;494;396
08.02.2020;14:00;594;796;493;432
08.02.2020;15:00;597;831;492;495
08.02.2020;16:00;592;829;490;501
08.02.2020;17:00;585;824;490;487
08.02.2020;18:00;592;829;493;498
08.02.2020;19:00;582;822;495;481
08.02.2020;20:00;585;826;494;495
08.02.2020;21:00;595;827;495;498
08.02.2020;22:00;595;832;493;501
08.02.2020;23:00;516;802;463;414
09.02.2020;00:00;375;664;423;339
09.02.2020;01:00;369;0;426;192
09.02.2020;02:00;372;0;430;189
09.02.2020;03:00;342;0;411;185
09.02.2020;04:00;295;0;392;166
09.02.2020;05:00;309;0;392;22
09.02.2020;06:00;307;0;391;22
09.02.2020;07:00;294;0;389;22
09.02.2020;08:00;281;0;389;22
09.02.2020;09:00;279;0;390;22
09.02.2020;10:00;279;0;391;22
09.02.2020;11:00;281;0;392;22
09.02.2020;12:00;280;0;390;22
09.02.2020;13:00;293;0;391;22
09.02.2020;14:00;300;0;384;22
09.02.2020;15:00;312;0;385;22
09.02.2020;16:00;306;0;382;22
09.02.2020;17:00;304;0;382;22
09.02.2020;18:00;293;0;383;22
09.02.2020;19:00;293;0;382;22
09.02.2020;20:00;308;0;383;22
09.02.2020;21:00;322;0;384;22
09.02.2020;22:00;324;0;388;22
09.02.2020;23:00;306;0;387;22
10.02.2020;00:00;314;0;387;22
10.02.2020;01:00;292;0;390;22
10.02.2020;02:00;303;0;392;22
10.02.2020;03:00;290;0;388;22
10.02.2020;04:00;289;0;388;22
10.02.2020;05:00;292;0;389;22
10.02.2020;06:00;311;0;383;22
10.02.2020;07:00;413;0;428;22
10.02.2020;08:00;496;0;469;22
10.02.2020;09:00;464;0;464;22
10.02.2020;10:00;378;0;422;22
10.02.2020;11:00;435;0;423;22
10.02.2020;12:00;350;0;391;22
10.02.2020;13:00;281;0;389;22
10.02.2020;14:00;332;0;416;15
10.02.2020;15:00;410;0;418;0
10.02.2020;16:00;376;0;400;0
10.02.2020;17:00;424;0;391;0
10.02.2020;18:00;405;0;409;0
10.02.2020;19:00;398;0;410;0
10.02.2020;20:00;305;0;373;0
10.02.2020;21:00;288;0;373;0
10.02.2020;22:00;276;0;369;0
10.02.2020;23:00;253;0;377;0
11.02.2020;00:00;253;0;373;0
11.02.2020;01:00;298;0;373;0
11.02.2020;02:00;282;0;373;0
11.02.2020;03:00;266;0;368;0
11.02.2020;04:00;266;0;370;0
11.02.2020;05:00;266;0;386;0
11.02.2020;06:00;290;0;387;0
11.02.2020;07:00;400;0;446;0
11.02.2020;08:00;461;0;441;0
11.02.2020;09:00;300;0;397;0
11.02.2020;10:00;369;0;416;0
11.02.2020;11:00;395;0;436;0
11.02.2020;12:00;394;0;426;0
11.02.2020;13:00;288;0;378;0
11.02.2020;14:00;286;0;367;0
11.02.2020;15:00;280;0;373;0
11.02.2020;16:00;272;0;388;0
11.02.2020;17:00;283;0;375;0
11.02.2020;18:00;263;0;377;0
11.02.2020;19:00;259;0;375;0
11.02.2020;20:00;261;0;372;0
11.02.2020;21:00;257;0;372;0
11.02.2020;22:00;267;0;370;0
11.02.2020;23:00;251;0;378;0
12.02.2020;00:00;265;0;376;0
12.02.2020;01:00;254;0;375;0
12.02.2020;02:00;261;0;368;0
12.02.2020;03:00;261;0;370;0
12.02.2020;04:00;250;0;419;0
12.02.2020;05:00;276;0;417;0
12.02.2020;06:00;356;0;424;0
12.02.2020;07:00;501;0;462;0
12.02.2020;08:00;532;0;470;0
12.02.2020;09:00;443;0;433;0
12.02.2020;10:00;366;0;422;0
12.02.2020;11:00;266;0;420;0
12.02.2020;12:00;278;0;412;0
12.02.2020;13:00;256;0;418;0
12.02.2020;14:00;270;0;410;0
12.02.2020;15:00;465;77;424;0
12.02.2020;16:00;524;366;449;0
12.02.2020;17:00;509;496;429;0
12.02.2020;18:00;515;543;408;0
12.02.2020;19:00;559;552;426;0
12.02.2020;20:00;553;610;449;0
12.02.2020;21:00;559;705;420;0
12.02.2020;22:00;528;693;450;0
12.02.2020;23:00;524;517;419;11
13.02.2020;00:00;475;552;448;91
13.02.2020;01:00;473;567;461;156
13.02.2020;02:00;416;569;443;166
13.02.2020;03:00;404;562;437;169
13.02.2020;04:00;439;606;449;192
13.02.2020;05:00;525;642;448;193
13.02.2020;06:00;591;818;471;182
13.02.2020;07:00;588;824;476;184
13.02.2020;08:00;594;816;459;424
13.02.2020;09:00;598;828;486;462
13.02.2020;10:00;598;827;473;472
13.02.2020;11:00;587;827;475;463
13.02.2020;12:00;584;827;472;462
13.02.2020;13:00;588;832;475;462
13.02.2020;14:00;583;832;471;462
13.02.2020;15:00;581;829;466;461
13.02.2020;16:00;580;831;464;460
13.02.2020;17:00;573;831;464;460
13.02.2020;18:00;553;831;469;498
13.02.2020;19:00;546;829;466;471
13.02.2020;20:00;363;830;472;461
13.02.2020;21:00;373;830;470;463
13.02.2020;22:00;327;830;465;475
13.02.2020;23:00;318;830;467;477
14.02.2020;00:00;267;823;468;500
14.02.2020;01:00;264;798;460;499
14.02.2020;02:00;240;805;457;496
14.02.2020;03:00;236;830;468;486
14.02.2020;04:00;335;817;467;477
14.02.2020;05:00;536;801;454;472
14.02.2020;06:00;585;815;457;471
14.02.2020;07:00;589;826;463;473
14.02.2020;08:00;586;831;475;482
14.02.2020;09:00;585;830;478;493
14.02.2020;10:00;588;830;471;499
14.02.2020;11:00;593;830;474;497
14.02.2020;12:00;589;822;474;469
14.02.2020;13:00;586;824;475;472
14.02.2020;14:00;561;826;473;471
14.02.2020;15:00;562;827;473;473
14.02.2020;16:00;561;802;473;474
14.02.2020;17:00;562;829;473;477
14.02.2020;18:00;551;830;470;499
14.02.2020;19:00;539;789;466;472
14.02.2020;20:00;556;829;467;480
14.02.2020;21:00;570;831;472;472
14.02.2020;22:00;568;817;471;462
14.02.2020;23:00;565;822;470;396
15.02.2020;00:00;570;763;470;220
15.02.2020;01:00;568;540;472;176
15.02.2020;02:00;557;69;470;174
15.02.2020;03:00;551;0;468;2
15.02.2020;04:00;412;0;418;0
15.02.2020;05:00;460;0;447;0
15.02.2020;06:00;363;0;435;0
15.02.2020;07:00;291;0;393;0
15.02.2020;08:00;495;0;471;0
15.02.2020;09:00;588;0;487;0
15.02.2020;10:00;497;0;443;0
15.02.2020;11:00;327;0;388;0
15.02.2020;12:00;281;0;388;0
15.02.2020;13:00;283;0;386;0
15.02.2020;14:00;278;0;384;0
15.02.2020;15:00;279;0;384;0
15.02.2020;16:00;318;0;383;0
15.02.2020;17:00;432;0;440;0
15.02.2020;18:00;420;0;463;0
15.02.2020;19:00;324;0;385;0
15.02.2020;20:00;283;0;362;0
15.02.2020;21:00;289;0;365;0
15.02.2020;22:00;288;0;365;0
15.02.2020;23:00;289;0;362;0
16.02.2020;00:00;290;0;359;0
16.02.2020;01:00;291;0;360;0
16.02.2020;02:00;289;0;361;0
16.02.2020;03:00;289;0;364;0
16.02.2020;04:00;294;0;364;0
16.02.2020;05:00;289;0;362;0
16.02.2020;06:00;287;0;364;0
16.02.2020;07:00;287;0;362;0
16.02.2020;08:00;287;0;364;0
16.02.2020;09:00;288;0;362;0
16.02.2020;10:00;289;0;363;0
16.02.2020;11:00;290;0;365;0
16.02.2020;12:00;291;0;364;0
16.02.2020;13:00;291;0;364;0
16.02.2020;14:00;290;0;364;0
16.02.2020;15:00;290;0;363;0
16.02.2020;16:00;289;0;363;0
16.02.2020;17:00;290;0;364;0
16.02.2020;18:00;289;0;364;0
16.02.2020;19:00;291;0;369;0
16.02.2020;20:00;291;0;366;0
16.02.2020;21:00;291;0;368;0
16.02.2020;22:00;289;0;367;0
16.02.2020;23:00;290;0;364;0
17.02.2020;00:00;289;0;368;0
17.02.2020;01:00;291;0;369;0
17.02.2020;02:00;291;0;365;0
17.02.2020;03:00;292;0;364;0
17.02.2020;04:00;292;0;363;0
17.02.2020;05:00;288;0;362;0
17.02.2020;06:00;345;0;384;0
17.02.2020;07:00;553;0;477;0
17.02.2020;08:00;555;0;484;0
17.02.2020;09:00;559;0;484;0
17.02.2020;10:00;551;0;483;0
17.02.2020;11:00;555;0;484;0
17.02.2020;12:00;556;0;485;0
17.02.2020;13:00;560;0;488;0
17.02.2020;14:00;558;0;485;0
17.02.2020;15:00;554;0;484;0
17.02.2020;16:00;549;0;483;0
17.02.2020;17:00;530;0;449;0
17.02.2020;18:00;552;0;470;0
17.02.2020;19:00;544;0;461;0
17.02.2020;20:00;549;0;459;0
17.02.2020;21:00;529;0;423;0
17.02.2020;22:00;419;0;384;0
17.02.2020;23:00;363;0;364;0
18.02.2020;00:00;358;0;358;0
18.02.2020;01:00;347;0;402;0
18.02.2020;02:00;273;0;364;0
18.02.2020;03:00;272;0;369;0
18.02.2020;04:00;271;0;370;0
18.02.2020;05:00;377;0;369;0
18.02.2020;06:00;576;0;418;0
18.02.2020;07:00;587;0;464;0
18.02.2020;08:00;591;0;473;0
18.02.2020;09:00;570;0;458;0
18.02.2020;10:00;303;0;374;0
18.02.2020;11:00;325;0;387;0
18.02.2020;12:00;377;0;370;0
18.02.2020;13:00;278;0;373;0
18.02.2020;14:00;315;0;374;0
18.02.2020;15:00;570;0;372;0
18.02.2020;16:00;574;0;465;0
18.02.2020;17:00;584;0;475;0
18.02.2020;18:00;583;0;474;0
18.02.2020;19:00;571;0;478;0
18.02.2020;20:00;553;0;464;0
18.02.2020;21:00;555;0;469;0
18.02.2020;22:00;444;0;443;0
18.02.2020;23:00;344;0;444;0
19.02.2020;00:00;333;0;378;0
19.02.2020;01:00;350;0;373;0
19.02.2020;02:00;257;0;369;0
19.02.2020;03:00;265;0;369;0
19.02.2020;04:00;304;0;373;0
19.02.2020;05:00;545;0;458;0
19.02.2020;06:00;570;0;482;0
19.02.2020;07:00;581;0;487;0
19.02.2020;08:00;590;0;476;0
19.02.2020;09:00;584;0;479;0
19.02.2020;10:00;572;0;469;0
19.02.2020;11:00;582;0;472;0
19.02.2020;12:00;536;0;450;0
19.02.2020;13:00;553;0;468;0
19.02.2020;14:00;403;0;409;0
19.02.2020;15:00;559;0;464;0
19.02.2020;16:00;577;0;478;0
19.02.2020;17:00;572;0;467;0
19.02.2020;18:00;585;0;471;0
19.02.2020;19:00;582;0;462;0
19.02.2020;20:00;579;0;459;0
19.02.2020;21:00;581;0;468;0
19.02.2020;22:00;577;0;478;0
19.02.2020;23:00;571;0;463;0
20.02.2020;00:00;570;0;465;0
20.02.2020;01:00;542;0;452;0
20.02.2020;02:00;549;0;464;0
20.02.2020;03:00;557;0;472;0
20.02.2020;04:00;539;0;470;0
20.02.2020;05:00;543;0;476;0
20.02.2020;06:00;584;0;465;0
20.02.2020;07:00;586;0;467;0
20.02.2020;08:00;586;0;483;0
20.02.2020;09:00;582;0;481;0
20.02.2020;10:00;581;0;471;0
20.02.2020;11:00;558;0;476;0
20.02.2020;12:00;586;0;474;0
20.02.2020;13:00;574;0;472;0
20.02.2020;14:00;575;0;469;0
20.02.2020;15:00;546;0;461;0
20.02.2020;16:00;463;0;452;0
20.02.2020;17:00;476;0;467;0
20.02.2020;18:00;516;0;466;0
20.02.2020;19:00;555;0;467;0
20.02.2020;20:00;446;0;412;0
20.02.2020;21:00;298;0;365;0
20.02.2020;22:00;396;0;389;0
20.02.2020;23:00;390;0;376;0
21.02.2020;00:00;308;0;369;0
21.02.2020;01:00;231;0;375;0
21.02.2020;02:00;251;0;372;0
21.02.2020;03:00;261;0;369;0
21.02.2020;04:00;352;0;378;0
21.02.2020;05:00;425;0;428;0
21.02.2020;06:00;504;0;487;0
21.02.2020;07:00;346;0;397;0
21.02.2020;08:00;191;0;414;0
21.02.2020;09:00;159;0;458;0
21.02.2020;10:00;164;0;449;0
21.02.2020;11:00;186;0;417;0
21.02.2020;12:00;263;0;381;0
21.02.2020;13:00;362;0;380;0
21.02.2020;14:00;403;0;371;0
21.02.2020;15:00;507;0;367;0
21.02.2020;16:00;527;0;408;0
21.02.2020;17:00;531;0;466;0
21.02.2020;18:00;582;0;473;0
21.02.2020;19:00;582;0;470;0
21.02.2020;20:00;578;0;460;0
21.02.2020;21:00;574;0;443;0
21.02.2020;22:00;458;0;412;0
21.02.2020;23:00;282;0;368;0
22.02.2020;00:00;284;0;371;0
22.02.2020;01:00;299;0;373;0
22.02.2020;02:00;178;0;366;0
22.02.2020;03:00;161;0;368;0
22.02.2020;04:00;163;0;390;0
22.02.2020;05:00;195;0;394;0
22.02.2020;06:00;194;0;391;0
22.02.2020;07:00;197;0;390;0
22.02.2020;08:00;288;0;392;0
22.02.2020;09:00;315;0;393;0
22.02.2020;10:00;208;0;393;0
22.02.2020;11:00;196;0;392;0
22.02.2020;12:00;197;0;392;0
22.02.2020;13:00;198;0;392;0
22.02.2020;14:00;197;0;392;0
22.02.2020;15:00;204;0;392;0
22.02.2020;16:00;316;0;404;0
22.02.2020;17:00;315;0;392;0
22.02.2020;18:00;204;0;393;0
22.02.2020;19:00;203;0;392;0
22.02.2020;20:00;203;0;392;0
22.02.2020;21:00;203;0;393;0
22.02.2020;22:00;201;0;392;0
22.02.2020;23:00;207;0;391;0
23.02.2020;00:00;312;0;393;0
23.02.2020;01:00;307;0;390;0
23.02.2020;02:00;200;0;391;0
23.02.2020;03:00;202;0;393;0
23.02.2020;04:00;203;0;392;0
23.02.2020;05:00;202;0;392;0
23.02.2020;06:00;201;0;391;0
23.02.2020;07:00;206;0;392;0
23.02.2020;08:00;307;0;392;0
23.02.2020;09:00;316;0;393;0
23.02.2020;10:00;210;0;434;0
23.02.2020;11:00;199;0;436;0
23.02.2020;12:00;198;0;436;0
23.02.2020;13:00;198;0;436;0
23.02.2020;14:00;197;0;398;0
23.02.2020;15:00;211;0;396;0
23.02.2020;16:00;323;0;394;0
23.02.2020;17:00;316;0;392;0
23.02.2020;18:00;207;0;441;0
23.02.2020;19:00;200;0;403;0
23.02.2020;20:00;198;0;395;0
23.02.2020;21:00;197;0;391;0
23.02.2020;22:00;196;0;393;0
23.02.2020;23:00;216;0;393;0
24.02.2020;00:00;324;0;395;0
24.02.2020;01:00;312;0;396;0
24.02.2020;02:00;215;0;395;0
24.02.2020;03:00;330;0;400;0
24.02.2020;04:00;374;0;421;0
24.02.2020;05:00;450;0;486;0
24.02.2020;06:00;568;0;488;0
24.02.2020;07:00;573;0;492;0
24.02.2020;08:00;570;0;491;0
24.02.2020;09:00;580;0;492;0
24.02.2020;10:00;572;0;494;0
24.02.2020;11:00;570;0;496;0
24.02.2020;12:00;568;0;497;0
24.02.2020;13:00;581;0;498;0
24.02.2020;14:00;589;0;493;0
24.02.2020;15:00;588;0;493;0
24.02.2020;16:00;588;0;484;0
24.02.2020;17:00;586;0;470;0
24.02.2020;18:00;591;0;463;0
24.02.2020;19:00;585;0;466;0
24.02.2020;20:00;544;0;468;0
24.02.2020;21:00;286;0;387;0
24.02.2020;22:00;273;0;370;0
24.02.2020;23:00;274;0;367;0
25.02.2020;00:00;304;0;371;0
25.02.2020;01:00;208;0;374;0
25.02.2020;02:00;182;0;426;0
25.02.2020;03:00;169;0;419;0
25.02.2020;04:00;198;0;417;0
25.02.2020;05:00;330;0;391;0
25.02.2020;06:00;336;0;374;0
25.02.2020;07:00;397;0;371;0
25.02.2020;08:00;404;0;371;0
25.02.2020;09:00;404;0;381;0
25.02.2020;10:00;514;0;373;0
25.02.2020;11:00;508;0;369;0
25.02.2020;12:00;555;0;377;0
25.02.2020;13:00;359;223;385;0
25.02.2020;14:00;295;352;388;0
25.02.2020;15:00;312;512;379;0
25.02.2020;16:00;453;602;402;0
25.02.2020;17:00;586;715;459;0
25.02.2020;18:00;602;826;474;0
25.02.2020;19:00;589;816;468;0
25.02.2020;20:00;585;821;460;0
25.02.2020;21:00;575;815;463;0
25.02.2020;22:00;581;814;462;0
25.02.2020;23:00;586;663;462;0
26.02.2020;00:00;580;513;460;0
26.02.2020;01:00;571;508;460;0
26.02.2020;02:00;573;509;436;0
26.02.2020;03:00;569;516;452;0
26.02.2020;04:00;574;596;461;0
26.02.2020;05:00;574;615;460;0
26.02.2020;06:00;586;796;459;0
26.02.2020;07:00;585;819;463;0
26.02.2020;08:00;597;827;474;0
26.02.2020;09:00;599;822;461;0
26.02.2020;10:00;597;820;482;0
26.02.2020;11:00;596;823;481;0
26.02.2020;12:00;586;829;472;0
26.02.2020;13:00;577;819;471;0
26.02.2020;14:00;581;812;464;0
26.02.2020;15:00;574;833;464;0
26.02.2020;16:00;575;833;469;0
26.02.2020;17:00;451;827;463;0
26.02.2020;18:00;335;830;446;0
26.02.2020;19:00;289;800;408;0
26.02.2020;20:00;191;830;429;0
26.02.2020;21:00;0;831;429;0
26.02.2020;22:00;0;830;429;0
26.02.2020;23:00;0;824;426;0
27.02.2020;00:00;0;815;405;0
27.02.2020;01:00;0;834;397;0
27.02.2020;02:00;0;833;393;0
27.02.2020;03:00;0;831;400;0
27.02.2020;04:00;0;823;400;0
27.02.2020;05:00;0;829;415;0
27.02.2020;06:00;0;825;434;0
27.02.2020;07:00;0;831;430;0
27.02.2020;08:00;0;830;435;0
27.02.2020;09:00;0;828;432;0
27.02.2020;10:00;0;828;427;0
27.02.2020;11:00;0;831;424;0
27.02.2020;12:00;0;832;422;0
27.02.2020;13:00;0;829;427;0
27.02.2020;14:00;0;830;403;0
27.02.2020;15:00;0;830;400;0
27.02.2020;16:00;0;832;403;0
27.02.2020;17:00;0;831;397;0
27.02.2020;18:00;0;832;398;0
27.02.2020;19:00;0;828;395;47
27.02.2020;20:00;0;828;406;120
27.02.2020;21:00;0;831;422;150
27.02.2020;22:00;0;832;417;153
27.02.2020;23:00;0;828;421;150
28.02.2020;00:00;0;823;416;150
28.02.2020;01:00;0;819;423;154
28.02.2020;02:00;0;737;419;159
28.02.2020;03:00;0;578;421;160
28.02.2020;04:00;0;557;421;162
28.02.2020;05:00;0;808;439;164
28.02.2020;06:00;0;826;439;166
28.02.2020;07:00;0;819;443;166
28.02.2020;08:00;0;830;443;167
28.02.2020;09:00;0;831;447;173
28.02.2020;10:00;0;818;438;186
28.02.2020;11:00;0;722;407;198
28.02.2020;12:00;0;720;403;197
28.02.2020;13:00;0;716;418;192
28.02.2020;14:00;0;766;430;193
28.02.2020;15:00;0;793;427;203
28.02.2020;16:00;0;827;441;203
28.02.2020;17:00;0;832;439;200
28.02.2020;18:00;0;807;434;202
28.02.2020;19:00;0;721;433;201
28.02.2020;20:00;0;723;430;201
28.02.2020;21:00;0;562;394;175
28.02.2020;22:00;0;552;383;177
28.02.2020;23:00;0;485;356;177
29.02.2020;00:00;0;19;397;177
29.02.2020;01:00;0;0;387;177
29.02.2020;02:00;0;0;347;176
29.02.2020;03:00;0;0;337;177
29.02.2020;04:00;0;0;336;178
29.02.2020;05:00;0;0;374;176
29.02.2020;06:00;0;0;366;178
29.02.2020;07:00;0;0;369;176
29.02.2020;08:00;0;0;383;176
29.02.2020;09:00;0;0;381;176
29.02.2020;10:00;0;0;391;174
29.02.2020;11:00;0;0;394;171
29.02.2020;12:00;0;0;370;169
29.02.2020;13:00;0;0;349;168
29.02.2020;14:00;0;0;375;169
29.02.2020;15:00;0;0;364;170
29.02.2020;16:00;0;0;354;173
29.02.2020;17:00;0;0;352;178
29.02.2020;18:00;0;0;359;170
29.02.2020;19:00;0;0;376;170
29.02.2020;20:00;0;0;380;169
29.02.2020;21:00;0;0;362;169
29.02.2020;22:00;0;0;398;171
29.02.2020;23:00;0;0;363;171
01.03.2020;00:00;0;0;357;172
01.03.2020;01:00;0;0;356;170
01.03.2020;02:00;0;0;356;172
01.03.2020;03:00;0;0;357;172
01.03.2020;04:00;0;0;358;171
01.03.2020;05:00;0;0;364;171
01.03.2020;06:00;0;0;365;171
01.03.2020;07:00;0;0;365;172
01.03.2020;08:00;0;0;366;173
01.03.2020;09:00;0;0;364;173
01.03.2020;10:00;0;0;366;172
01.03.2020;11:00;0;0;367;165
01.03.2020;12:00;0;0;368;163
01.03.2020;13:00;0;0;368;139
01.03.2020;14:00;0;0;372;128
01.03.2020;15:00;0;0;377;128
01.03.2020;16:00;0;274;407;128
01.03.2020;17:00;0;385;470;115
01.03.2020;18:00;0;534;464;35
01.03.2020;19:00;0;552;474;0
01.03.2020;20:00;0;661;473;0
01.03.2020;21:00;0;794;472;0
01.03.2020;22:00;0;778;471;0
01.03.2020;23:00;0;635;471;0
02.03.2020;00:00;0;516;474;0
02.03.2020;01:00;0;519;398;0
02.03.2020;02:00;0;516;391;0
02.03.2020;03:00;0;512;435;0
02.03.2020;04:00;0;513;475;0
02.03.2020;05:00;0;538;469;0
02.03.2020;06:00;0;808;457;0
02.03.2020;07:00;0;825;454;0
02.03.2020;08:00;0;829;457;0
02.03.2020;09:00;0;827;459;0
02.03.2020;10:00;0;825;459;0
02.03.2020;11:00;0;828;459;0
02.03.2020;12:00;0;828;457;0
02.03.2020;13:00;0;829;458;0
02.03.2020;14:00;0;827;454;0
02.03.2020;15:00;0;827;440;0
02.03.2020;16:00;0;828;435;0
02.03.2020;17:00;0;829;434;0
02.03.2020;18:00;0;826;420;0
02.03.2020;19:00;0;826;416;0
02.03.2020;20:00;0;829;426;0
02.03.2020;21:00;0;826;429;0
02.03.2020;22:00;0;826;425;0
02.03.2020;23:00;0;827;426;0
03.03.2020;00:00;0;823;430;0
03.03.2020;01:00;0;807;440;0
03.03.2020;02:00;0;644;454;0
03.03.2020;03:00;0;563;435;0
03.03.2020;04:00;0;663;426;0
03.03.2020;05:00;0;825;439;0
03.03.2020;06:00;0;823;444;0
03.03.2020;07:00;0;824;447;0
03.03.2020;08:00;0;828;454;0
03.03.2020;09:00;0;828;460;0
03.03.2020;10:00;0;828;459;0
03.03.2020;11:00;0;827;468;0
03.03.2020;12:00;0;828;463;0
03.03.2020;13:00;0;828;452;0
03.03.2020;14:00;0;826;450;0
03.03.2020;15:00;0;827;451;0
03.03.2020;16:00;0;828;449;0
03.03.2020;17:00;0;829;444;0
03.03.2020;18:00;0;829;442;0
03.03.2020;19:00;0;830;446;0
03.03.2020;20:00;0;829;449;0
03.03.2020;21:00;0;828;450;0
03.03.2020;22:00;0;818;434;0
03.03.2020;23:00;0;817;435;0
04.03.2020;00:00;0;828;424;0
04.03.2020;01:00;0;825;421;0
04.03.2020;02:00;0;821;419;0
04.03.2020;03:00;0;728;410;0
04.03.2020;04:00;0;819;417;0
04.03.2020;05:00;0;822;436;0
04.03.2020;06:00;0;831;437;0
04.03.2020;07:00;0;832;437;0
04.03.2020;08:00;0;829;437;0
04.03.2020;09:00;0;828;433;0
04.03.2020;10:00;0;828;437;0
04.03.2020;11:00;0;829;438;0
04.03.2020;12:00;0;827;436;0
04.03.2020;13:00;0;828;446;0
04.03.2020;14:00;0;828;439;0
04.03.2020;15:00;0;828;443;0
04.03.2020;16:00;0;827;438;0
04.03.2020;17:00;0;825;442;0
04.03.2020;18:00;0;832;434;0
04.03.2020;19:00;0;830;445;0
04.03.2020;20:00;0;829;443;0
04.03.2020;21:00;0;825;447;0
04.03.2020;22:00;0;828;436;0
04.03.2020;23:00;0;828;418;0
05.03.2020;00:00;0;825;427;0
05.03.2020;01:00;0;823;408;0
05.03.2020;02:00;0;826;398;0
05.03.2020;03:00;0;830;415;0
05.03.2020;04:00;0;826;424;0
05.03.2020;05:00;0;828;440;0
05.03.2020;06:00;0;826;456;0
05.03.2020;07:00;0;818;457;0
05.03.2020;08:00;54;817;452;0
05.03.2020;09:00;252;816;456;0
05.03.2020;10:00;328;827;465;0
05.03.2020;11:00;432;824;476;0
05.03.2020;12:00;531;821;474;0
05.03.2020;13:00;578;830;478;0
05.03.2020;14:00;600;811;464;0
05.03.2020;15:00;599;800;459;0
05.03.2020;16:00;607;827;472;0
05.03.2020;17:00;600;824;468;0
05.03.2020;18:00;592;815;465;0
05.03.2020;19:00;587;813;470;0
05.03.2020;20:00;597;825;472;0
05.03.2020;21:00;599;796;473;0
05.03.2020;22:00;584;662;475;0
05.03.2020;23:00;431;560;458;0
06.03.2020;00:00;382;435;442;0
06.03.2020;01:00;393;395;442;0
06.03.2020;02:00;313;410;389;0
06.03.2020;03:00;411;553;411;0
06.03.2020;04:00;469;563;411;0
06.03.2020;05:00;575;658;466;0
06.03.2020;06:00;608;824;470;0
06.03.2020;07:00;609;822;471;0
06.03.2020;08:00;608;820;489;0
06.03.2020;09:00;609;824;491;0
06.03.2020;10:00;606;826;495;0
06.03.2020;11:00;609;824;495;0
06.03.2020;12:00;604;825;495;0
06.03.2020;13:00;604;825;493;0
06.03.2020;14:00;602;825;491;0
06.03.2020;15:00;602;828;491;0
06.03.2020;16:00;602;822;492;0
06.03.2020;17:00;595;827;491;0
06.03.2020;18:00;594;826;488;0
06.03.2020;19:00;588;827;491;0
06.03.2020;20:00;588;825;494;0
06.03.2020;21:00;591;828;496;0
06.03.2020;22:00;586;826;496;0
06.03.2020;23:00;584;780;495;0
07.03.2020;00:00;578;781;484;0
07.03.2020;01:00;567;802;483;0
07.03.2020;02:00;561;703;477;0
07.03.2020;03:00;579;620;488;0
07.03.2020;04:00;585;681;491;0
07.03.2020;05:00;602;746;491;0
07.03.2020;06:00;604;826;491;0
07.03.2020;07:00;607;826;493;0
07.03.2020;08:00;608;823;493;0
07.03.2020;09:00;606;824;493;0
07.03.2020;10:00;607;821;492;0
07.03.2020;11:00;608;823;490;0
07.03.2020;12:00;587;735;475;0
07.03.2020;13:00;574;575;470;0
07.03.2020;14:00;604;725;487;0
07.03.2020;15:00;605;783;495;0
07.03.2020;16:00;605;822;493;0
07.03.2020;17:00;609;824;494;0
07.03.2020;18:00;609;822;494;0
07.03.2020;19:00;603;792;495;0
07.03.2020;20:00;596;643;494;0
07.03.2020;21:00;517;535;420;0
07.03.2020;22:00;524;534;393;0
07.03.2020;23:00;404;410;414;0
08.03.2020;00:00;304;0;361;0
08.03.2020;01:00;190;0;365;0
08.03.2020;02:00;185;0;362;0
08.03.2020;03:00;185;0;363;0
08.03.2020;04:00;184;0;364;0
08.03.2020;05:00;187;0;363;0
08.03.2020;06:00;201;0;365;0
08.03.2020;07:00;319;0;364;0
08.03.2020;08:00;321;0;365;0
08.03.2020;09:00;285;0;364;0
08.03.2020;10:00;191;0;364;0
08.03.2020;11:00;200;0;364;0
08.03.2020;12:00;215;0;364;0
08.03.2020;13:00;227;0;363;0
08.03.2020;14:00;226;0;362;0
08.03.2020;15:00;238;0;362;0
08.03.2020;16:00;331;0;363;0
08.03.2020;17:00;354;0;371;0
08.03.2020;18:00;359;249;480;0
08.03.2020;19:00;502;434;490;0
08.03.2020;20:00;607;475;489;0
08.03.2020;21:00;606;609;488;0
08.03.2020;22:00;604;773;488;0
08.03.2020;23:00;610;756;488;0
09.03.2020;00:00;608;754;489;0
09.03.2020;01:00;596;724;493;0
09.03.2020;02:00;464;632;451;0
09.03.2020;03:00;604;643;492;0
09.03.2020;04:00;608;779;493;0
09.03.2020;05:00;605;802;493;0
09.03.2020;06:00;593;822;490;0
09.03.2020;07:00;596;820;490;0
09.03.2020;08:00;593;824;487;0
09.03.2020;09:00;594;822;487;0
09.03.2020;10:00;581;822;491;0
09.03.2020;11:00;583;822;491;0
09.03.2020;12:00;575;821;490;0
09.03.2020;13:00;586;824;491;0
09.03.2020;14:00;586;819;486;0
09.03.2020;15:00;586;826;486;0
09.03.2020;16:00;582;823;482;0
09.03.2020;17:00;586;826;469;0
09.03.2020;18:00;586;821;470;0
09.03.2020;19:00;579;821;478;0
09.03.2020;20:00;576;823;469;0
09.03.2020;21:00;581;823;471;0
09.03.2020;22:00;570;814;470;0
09.03.2020;23:00;428;695;469;0
10.03.2020;00:00;350;435;426;0
10.03.2020;01:00;302;0;361;0
10.03.2020;02:00;171;0;354;0
10.03.2020;03:00;162;0;351;0
10.03.2020;04:00;170;0;351;0
10.03.2020;05:00;298;0;358;0
10.03.2020;06:00;310;0;375;0
10.03.2020;07:00;323;0;394;0
10.03.2020;08:00;338;0;392;0
10.03.2020;09:00;346;0;390;0
10.03.2020;10:00;349;0;393;0
10.03.2020;11:00;446;0;398;0
10.03.2020;12:00;367;0;394;0
10.03.2020;13:00;416;0;395;0
10.03.2020;14:00;430;0;390;0
10.03.2020;15:00;388;0;389;0
10.03.2020;16:00;385;0;365;0
10.03.2020;17:00;459;0;364;0
10.03.2020;18:00;541;0;422;0
10.03.2020;19:00;509;0;422;0
10.03.2020;20:00;305;0;386;0
10.03.2020;21:00;180;0;349;0
10.03.2020;22:00;169;0;350;0
10.03.2020;23:00;172;0;352;0
11.03.2020;00:00;172;0;350;0
11.03.2020;01:00;171;0;343;0
11.03.2020;02:00;198;0;346;0
11.03.2020;03:00;330;0;368;0
11.03.2020;04:00;337;0;453;0
11.03.2020;05:00;390;0;464;0
11.03.2020;06:00;0;0;457;0
11.03.2020;07:00;0;0;458;0
11.03.2020;08:00;0;0;449;0
11.03.2020;09:00;0;0;455;0
11.03.2020;10:00;0;0;462;0
11.03.2020;11:00;0;0;445;0
11.03.2020;12:00;0;0;439;0
11.03.2020;13:00;0;0;387;0
11.03.2020;14:00;0;0;443;0
11.03.2020;15:00;133;0;439;0
11.03.2020;16:00;370;0;452;0
11.03.2020;17:00;357;0;472;0
11.03.2020;18:00;472;0;476;0
11.03.2020;19:00;580;0;471;0
11.03.2020;20:00;588;0;467;0
11.03.2020;21:00;559;0;409;0
11.03.2020;22:00;477;0;370;0
11.03.2020;23:00;291;0;341;0
12.03.2020;00:00;200;0;349;0
12.03.2020;01:00;181;0;352;0
12.03.2020;02:00;182;0;355;0
12.03.2020;03:00;184;0;357;0
12.03.2020;04:00;182;0;344;0
12.03.2020;05:00;191;0;347;0
12.03.2020;06:00;322;0;353;0
12.03.2020;07:00;326;0;407;0
12.03.2020;08:00;205;0;400;0
12.03.2020;09:00;194;0;355;0
12.03.2020;10:00;192;0;362;0
12.03.2020;11:00;193;0;362;0
12.03.2020;12:00;194;0;356;0
12.03.2020;13:00;203;0;342;0
12.03.2020;14:00;321;0;340;0
12.03.2020;15:00;340;0;344;0
12.03.2020;16:00;355;0;350;0
12.03.2020;17:00;517;0;448;0
12.03.2020;18:00;596;0;476;0
12.03.2020;19:00;597;0;487;0
12.03.2020;20:00;569;0;476;0
12.03.2020;21:00;331;0;381;0
12.03.2020;22:00;301;0;369;0
12.03.2020;23:00;264;0;369;0
13.03.2020;00:00;310;0;357;0
13.03.2020;01:00;112;0;331;0
13.03.2020;02:00;0;0;340;0
13.03.2020;03:00;0;0;315;0
13.03.2020;04:00;0;0;315;0
13.03.2020;05:00;0;0;335;0
13.03.2020;06:00;135;0;387;0
13.03.2020;07:00;303;0;425;0
13.03.2020;08:00;275;0;400;0
13.03.2020;09:00;208;0;359;0
13.03.2020;10:00;209;0;361;0
13.03.2020;11:00;209;0;415;0
13.03.2020;12:00;210;0;376;0
13.03.2020;13:00;219;0;360;0
13.03.2020;14:00;347;0;347;0
13.03.2020;15:00;382;0;344;0
13.03.2020;16:00;515;0;399;0
13.03.2020;17:00;624;0;422;0
13.03.2020;18:00;628;0;418;0
13.03.2020;19:00;628;0;428;0
13.03.2020;20:00;628;0;426;0
13.03.2020;21:00;611;0;463;0
13.03.2020;22:00;595;0;464;0
13.03.2020;23:00;592;0;465;0
14.03.2020;00:00;591;0;463;0
14.03.2020;01:00;589;0;459;0
14.03.2020;02:00;589;0;456;0
14.03.2020;03:00;594;331;464;0
14.03.2020;04:00;597;506;465;0
14.03.2020;05:00;607;571;323;0
14.03.2020;06:00;593;568;198;0
14.03.2020;07:00;593;567;200;0
14.03.2020;08:00;588;570;193;0
14.03.2020;09:00;590;700;198;0
14.03.2020;10:00;579;809;198;0
14.03.2020;11:00;463;727;209;0
14.03.2020;12:00;308;593;208;0
14.03.2020;13:00;300;507;207;0
14.03.2020;14:00;298;504;204;0
14.03.2020;15:00;308;524;202;0
14.03.2020;16:00;437;646;202;0
14.03.2020;17:00;575;804;204;0
14.03.2020;18:00;597;822;204;0
14.03.2020;19:00;596;822;208;0
14.03.2020;20:00;596;826;210;0
14.03.2020;21:00;594;826;212;0
14.03.2020;22:00;580;822;211;0
14.03.2020;23:00;454;695;208;0
15.03.2020;00:00;325;527;210;0
15.03.2020;01:00;335;431;210;0
15.03.2020;02:00;210;413;210;0
15.03.2020;03:00;199;408;209;0
15.03.2020;04:00;196;403;210;0
15.03.2020;05:00;196;405;214;0
15.03.2020;06:00;196;427;213;0
15.03.2020;07:00;200;552;213;0
15.03.2020;08:00;333;548;216;0
15.03.2020;09:00;337;414;216;0
15.03.2020;10:00;213;394;215;0
15.03.2020;11:00;187;409;216;0
15.03.2020;12:00;188;405;214;0
15.03.2020;13:00;189;397;214;0
15.03.2020;14:00;187;439;215;0
15.03.2020;15:00;195;557;215;0
15.03.2020;16:00;328;558;214;0
15.03.2020;17:00;352;550;214;0
15.03.2020;18:00;485;801;213;0
15.03.2020;19:00;584;825;212;0
15.03.2020;20:00;595;826;212;0
15.03.2020;21:00;596;827;210;0
15.03.2020;22:00;593;791;210;0
15.03.2020;23:00;581;541;211;0
16.03.2020;00:00;423;418;210;0
16.03.2020;01:00;343;409;212;0
16.03.2020;02:00;361;401;212;0
16.03.2020;03:00;318;420;212;0
16.03.2020;04:00;362;554;212;0
16.03.2020;05:00;565;593;212;0
16.03.2020;06:00;573;808;195;0
16.03.2020;07:00;578;828;194;0
16.03.2020;08:00;575;822;208;0
16.03.2020;09:00;577;823;195;0
16.03.2020;10:00;578;819;198;0
16.03.2020;11:00;581;820;192;0
16.03.2020;12:00;577;821;192;0
16.03.2020;13:00;568;817;192;0
16.03.2020;14:00;572;819;191;0
16.03.2020;15:00;560;819;188;0
16.03.2020;16:00;567;817;191;0
16.03.2020;17:00;557;821;192;0
16.03.2020;18:00;567;820;185;0
16.03.2020;19:00;569;819;184;0
16.03.2020;20:00;546;818;186;0
16.03.2020;21:00;562;819;186;0
16.03.2020;22:00;562;820;186;0
16.03.2020;23:00;563;823;187;0
17.03.2020;00:00;565;809;188;0
17.03.2020;01:00;563;663;185;0
17.03.2020;02:00;558;526;185;0
17.03.2020;03:00;561;526;182;0
17.03.2020;04:00;557;565;187;0
17.03.2020;05:00;578;807;190;0
17.03.2020;06:00;573;815;188;0
17.03.2020;07:00;570;803;187;0
17.03.2020;08:00;571;801;196;0
17.03.2020;09:00;575;802;200;0
17.03.2020;10:00;574;798;182;0
17.03.2020;11:00;559;804;183;0
17.03.2020;12:00;567;820;182;0
17.03.2020;13:00;537;793;176;0
17.03.2020;14:00;560;761;168;0
17.03.2020;15:00;540;819;154;0
17.03.2020;16:00;553;819;155;0
17.03.2020;17:00;560;814;373;0
17.03.2020;18:00;584;819;447;0
17.03.2020;19:00;570;818;460;0
17.03.2020;20:00;570;814;462;0
17.03.2020;21:00;574;823;466;0
17.03.2020;22:00;574;818;464;0
17.03.2020;23:00;576;811;472;0
18.03.2020;00:00;583;662;470;0
18.03.2020;01:00;576;552;469;0
18.03.2020;02:00;575;558;467;0
18.03.2020;03:00;576;561;466;0
18.03.2020;04:00;579;525;467;0
18.03.2020;05:00;583;695;470;0
18.03.2020;06:00;585;818;472;0
18.03.2020;07:00;588;815;469;0
18.03.2020;08:00;584;737;473;0
18.03.2020;09:00;582;726;473;0
18.03.2020;10:00;591;633;469;0
18.03.2020;11:00;590;544;469;0
18.03.2020;12:00;583;584;469;0
18.03.2020;13:00;579;661;472;0
18.03.2020;14:00;579;776;472;0
18.03.2020;15:00;571;820;474;0
18.03.2020;16:00;581;813;471;0
18.03.2020;17:00;592;816;474;0
18.03.2020;18:00;596;814;475;0
18.03.2020;19:00;592;820;475;0
18.03.2020;20:00;592;821;472;0
18.03.2020;21:00;593;816;471;0
18.03.2020;22:00;596;823;465;0
18.03.2020;23:00;593;824;470;0
19.03.2020;00:00;594;822;475;0
19.03.2020;01:00;598;817;473;0
19.03.2020;02:00;597;821;472;0
19.03.2020;03:00;596;815;467;0
19.03.2020;04:00;596;825;470;0
19.03.2020;05:00;598;824;482;0
19.03.2020;06:00;604;823;497;0
19.03.2020;07:00;595;826;499;0
19.03.2020;08:00;590;824;499;0
19.03.2020;09:00;591;826;499;0
19.03.2020;10:00;590;826;499;0
19.03.2020;11:00;589;824;497;0
19.03.2020;12:00;589;825;495;0
19.03.2020;13:00;586;827;495;0
19.03.2020;14:00;580;822;497;0
19.03.2020;15:00;587;821;497;0
19.03.2020;16:00;579;819;498;0
19.03.2020;17:00;582;817;491;0
19.03.2020;18:00;584;816;496;0
19.03.2020;19:00;579;824;497;0
19.03.2020;20:00;581;814;498;0
19.03.2020;21:00;580;817;498;0
19.03.2020;22:00;581;823;498;0
19.03.2020;23:00;576;827;495;0
20.03.2020;00:00;565;826;495;0
20.03.2020;01:00;567;826;495;0
20.03.2020;02:00;568;826;497;0
20.03.2020;03:00;567;827;497;0
20.03.2020;04:00;570;821;498;0
20.03.2020;05:00;584;823;498;0
20.03.2020;06:00;595;827;498;0
20.03.2020;07:00;598;824;498;0
20.03.2020;08:00;598;829;496;0
20.03.2020;09:00;598;830;497;0
20.03.2020;10:00;600;827;496;0
20.03.2020;11:00;601;831;496;0
20.03.2020;12:00;600;826;498;0
20.03.2020;13:00;600;829;497;0
20.03.2020;14:00;592;828;494;0
20.03.2020;15:00;594;829;496;0
20.03.2020;16:00;596;828;495;0
20.03.2020;17:00;586;819;488;0
20.03.2020;18:00;590;820;490;0
20.03.2020;19:00;588;824;486;0
20.03.2020;20:00;588;824;488;0
20.03.2020;21:00;586;819;493;0
20.03.2020;22:00;591;825;490;0
20.03.2020;23:00;572;810;488;0
21.03.2020;00:00;436;749;432;0
21.03.2020;01:00;309;498;369;0
21.03.2020;02:00;188;0;361;0
21.03.2020;03:00;182;0;354;0
21.03.2020;04:00;184;0;356;0
21.03.2020;05:00;201;0;360;0
21.03.2020;06:00;201;0;361;0
21.03.2020;07:00;207;0;370;0
21.03.2020;08:00;338;0;361;0
21.03.2020;09:00;340;0;361;0
21.03.2020;10:00;207;0;359;0
21.03.2020;11:00;190;0;360;0
21.03.2020;12:00;190;0;358;0
21.03.2020;13:00;193;0;360;0
21.03.2020;14:00;192;0;360;0
21.03.2020;15:00;196;0;361;0
21.03.2020;16:00;330;0;360;0
21.03.2020;17:00;360;0;406;0
21.03.2020;18:00;496;0;471;0
21.03.2020;19:00;607;0;484;0
21.03.2020;20:00;454;0;441;0
21.03.2020;21:00;322;0;393;0
21.03.2020;22:00;330;0;370;0
21.03.2020;23:00;286;0;368;0
22.03.2020;00:00;294;0;363;0
22.03.2020;01:00;335;0;361;0
22.03.2020;02:00;210;0;383;0
22.03.2020;03:00;199;0;381;0
22.03.2020;04:00;202;0;375;0
22.03.2020;05:00;202;0;382;0
22.03.2020;06:00;203;0;387;0
22.03.2020;07:00;211;0;367;0
22.03.2020;08:00;337;0;365;0
22.03.2020;09:00;336;0;365;0
22.03.2020;10:00;211;0;365;0
22.03.2020;11:00;202;0;364;0
22.03.2020;12:00;203;0;364;0
22.03.2020;13:00;203;0;365;0
22.03.2020;14:00;196;0;367;0
22.03.2020;15:00;197;0;367;0
22.03.2020;16:00;333;0;366;0
22.03.2020;17:00;364;0;363;0
22.03.2020;18:00;497;0;461;0
22.03.2020;19:00;612;0;485;0
22.03.2020;20:00;560;0;486;0
22.03.2020;21:00;383;0;402;0
22.03.2020;22:00;343;0;392;0
22.03.2020;23:00;329;0;393;0
23.03.2020;00:00;208;0;413;0
23.03.2020;01:00;205;0;413;0
23.03.2020;02:00;203;0;439;0
23.03.2020;03:00;212;0;414;0
23.03.2020;04:00;330;0;414;0
23.03.2020;05:00;356;0;450;0
23.03.2020;06:00;480;0;481;0
23.03.2020;07:00;575;0;481;0
23.03.2020;08:00;474;0;461;0
23.03.2020;09:00;364;0;436;0
23.03.2020;10:00;327;0;407;0
23.03.2020;11:00;193;0;410;0
23.03.2020;12:00;182;0;411;0
23.03.2020;13:00;179;62;409;0
23.03.2020;14:00;0;349;408;0
23.03.2020;15:00;0;479;442;0
23.03.2020;16:00;0;604;443;0
23.03.2020;17:00;0;632;440;0
23.03.2020;18:00;0;820;440;0
23.03.2020;19:00;4;824;443;0
23.03.2020;20:00;256;820;472;0
23.03.2020;21:00;329;825;488;0
23.03.2020;22:00;327;823;486;0
23.03.2020;23:00;471;816;487;0
24.03.2020;00:00;576;804;485;0
24.03.2020;01:00;591;810;484;0
24.03.2020;02:00;595;734;483;0
24.03.2020;03:00;599;669;486;0
24.03.2020;04:00;599;821;487;0
24.03.2020;05:00;597;831;477;0
24.03.2020;06:00;597;828;478;0
24.03.2020;07:00;597;830;485;0
24.03.2020;08:00;584;801;492;0
24.03.2020;09:00;420;620;426;0
24.03.2020;10:00;323;548;438;0
24.03.2020;11:00;396;429;440;0
24.03.2020;12:00;396;427;456;0
24.03.2020;13:00;393;418;463;0
24.03.2020;14:00;467;439;483;0
24.03.2020;15:00;441;598;463;0
24.03.2020;16:00;575;715;488;0
24.03.2020;17:00;592;787;493;0
24.03.2020;18:00;595;808;490;0
24.03.2020;19:00;588;824;489;0
24.03.2020;20:00;590;826;487;0
24.03.2020;21:00;591;829;486;0
24.03.2020;22:00;588;830;485;0
24.03.2020;23:00;592;826;484;0
25.03.2020;00:00;595;779;485;0
25.03.2020;01:00;596;817;484;0
25.03.2020;02:00;587;817;481;0
25.03.2020;03:00;589;818;484;0
25.03.2020;04:00;588;817;484;0
25.03.2020;05:00;595;827;488;0
25.03.2020;06:00;596;829;486;0
25.03.2020;07:00;596;828;486;0
25.03.2020;08:00;594;813;489;0
25.03.2020;09:00;595;664;488;0
25.03.2020;10:00;598;577;488;0
25.03.2020;11:00;594;549;489;0
25.03.2020;12:00;513;544;491;0
25.03.2020;13:00;344;514;490;0
25.03.2020;14:00;489;533;413;0
25.03.2020;15:00;579;661;459;0
25.03.2020;16:00;595;781;480;0
25.03.2020;17:00;608;827;476;0
25.03.2020;18:00;612;827;476;0
25.03.2020;19:00;608;824;467;0
25.03.2020;20:00;607;812;473;0
25.03.2020;21:00;603;811;484;0
25.03.2020;22:00;596;818;476;0
25.03.2020;23:00;594;799;460;0
26.03.2020;00:00;597;713;429;0
26.03.2020;01:00;593;781;463;0
26.03.2020;02:00;582;775;457;0
26.03.2020;03:00;580;675;455;0
26.03.2020;04:00;576;612;456;0
26.03.2020;05:00;586;809;462;0
26.03.2020;06:00;602;827;476;0
26.03.2020;07:00;602;825;489;0
26.03.2020;08:00;606;824;474;0
26.03.2020;09:00;557;772;475;0
26.03.2020;10:00;361;550;412;0
26.03.2020;11:00;375;422;419;0
26.03.2020;12:00;390;412;420;0
26.03.2020;13:00;353;402;414;0
26.03.2020;14:00;378;408;412;0
26.03.2020;15:00;393;549;421;0
26.03.2020;16:00;518;589;458;0
26.03.2020;17:00;577;800;460;0
26.03.2020;18:00;596;743;474;0
26.03.2020;19:00;581;828;473;0
26.03.2020;20:00;588;828;468;0
26.03.2020;21:00;589;830;478;0
26.03.2020;22:00;602;823;478;0
26.03.2020;23:00;602;826;490;0
27.03.2020;00:00;603;827;493;0
27.03.2020;01:00;600;811;492;0
27.03.2020;02:00;600;644;491;0
27.03.2020;03:00;589;578;490;0
27.03.2020;04:00;593;568;485;0
27.03.2020;05:00;589;813;482;0
27.03.2020;06:00;585;826;478;0
27.03.2020;07:00;594;831;481;0
27.03.2020;08:00;606;830;492;0
27.03.2020;09:00;588;762;496;0
27.03.2020;10:00;572;555;497;0
27.03.2020;11:00;525;431;457;0
27.03.2020;12:00;389;401;408;0
27.03.2020;13:00;305;407;403;0
27.03.2020;14:00;299;432;401;0
27.03.2020;15:00;370;559;424;0
27.03.2020;16:00;431;606;458;0
27.03.2020;17:00;559;801;480;0
27.03.2020;18:00;583;826;487;0
27.03.2020;19:00;579;822;484;0
27.03.2020;20:00;585;824;490;0
27.03.2020;21:00;584;825;487;0
27.03.2020;22:00;588;824;488;0
27.03.2020;23:00;588;777;490;0
28.03.2020;00:00;598;758;489;0
28.03.2020;01:00;592;780;492;0
28.03.2020;02:00;588;821;491;0
28.03.2020;03:00;587;818;488;0
28.03.2020;04:00;589;764;490;0
28.03.2020;05:00;267;625;441;0
28.03.2020;06:00;0;752;445;0
28.03.2020;07:00;0;806;458;0
28.03.2020;08:00;0;580;402;0
28.03.2020;09:00;0;560;395;0
28.03.2020;10:00;0;438;387;0
28.03.2020;11:00;66;404;386;0
28.03.2020;12:00;283;403;387;0
28.03.2020;13:00;220;403;388;0
28.03.2020;14:00;219;405;322;0
28.03.2020;15:00;206;422;205;0
28.03.2020;16:00;206;553;204;0
28.03.2020;17:00;207;552;206;0
28.03.2020;18:00;312;436;207;0
28.03.2020;19:00;328;400;206;0
28.03.2020;20:00;350;398;195;0
28.03.2020;21:00;340;394;196;0
28.03.2020;22:00;368;427;192;0
28.03.2020;23:00;355;558;193;0
29.03.2020;00:00;296;544;192;0
29.03.2020;01:00;179;212;95;0
29.03.2020;03:00;212;401;190;0
29.03.2020;04:00;200;401;198;0
29.03.2020;05:00;200;401;194;0
29.03.2020;06:00;198;397;194;0
29.03.2020;07:00;201;411;195;0
29.03.2020;08:00;309;555;198;0
29.03.2020;09:00;335;557;196;0
29.03.2020;10:00;337;434;197;0
29.03.2020;11:00;325;404;204;0
29.03.2020;12:00;212;400;200;0
29.03.2020;13:00;206;402;205;0
29.03.2020;14:00;189;398;203;0
29.03.2020;15:00;188;412;203;0
29.03.2020;16:00;188;537;204;0
29.03.2020;17:00;190;562;208;0
29.03.2020;18:00;321;608;209;0
29.03.2020;19:00;349;605;206;0
29.03.2020;20:00;486;616;203;0
29.03.2020;21:00;582;681;205;0
29.03.2020;22:00;580;806;206;0
29.03.2020;23:00;583;802;202;0
30.03.2020;00:00;582;701;203;0
30.03.2020;01:00;544;546;201;0
30.03.2020;02:00;584;576;203;0
30.03.2020;03:00;583;548;204;0
30.03.2020;04:00;571;620;198;0
30.03.2020;05:00;578;730;196;0
30.03.2020;06:00;566;806;200;0
30.03.2020;07:00;555;803;198;0
30.03.2020;08:00;547;803;196;0
30.03.2020;09:00;553;801;206;0
30.03.2020;10:00;555;802;203;0
30.03.2020;11:00;557;802;202;0
30.03.2020;12:00;559;804;205;0
30.03.2020;13:00;554;800;205;0
30.03.2020;14:00;543;749;204;0
30.03.2020;15:00;538;746;203;0
30.03.2020;16:00;553;754;204;0
30.03.2020;17:00;541;812;205;0
30.03.2020;18:00;548;803;209;46
30.03.2020;19:00;551;806;212;123
30.03.2020;20:00;550;806;211;162
30.03.2020;21:00;554;806;214;182
30.03.2020;22:00;560;808;213;176
30.03.2020;23:00;552;805;212;174
31.03.2020;00:00;543;797;210;171
31.03.2020;01:00;552;806;208;183
31.03.2020;02:00;558;809;208;179
31.03.2020;03:00;557;804;203;172
31.03.2020;04:00;557;804;200;162
31.03.2020;05:00;559;808;190;390
31.03.2020;06:00;555;807;195;434
31.03.2020;07:00;566;807;194;443
31.03.2020;08:00;569;806;193;466
31.03.2020;09:00;579;813;191;466
31.03.2020;10:00;574;815;187;458
31.03.2020;11:00;580;822;164;450
31.03.2020;12:00;582;826;173;451
31.03.2020;13:00;581;824;367;425
31.03.2020;14:00;544;820;418;427
31.03.2020;15:00;498;821;422;203
31.03.2020;16:00;502;780;444;211
31.03.2020;17:00;563;825;491;210
31.03.2020;18:00;565;827;488;206
31.03.2020;19:00;567;825;493;204
31.03.2020;20:00;576;825;492;215
31.03.2020;21:00;564;821;493;216
31.03.2020;22:00;566;822;492;218
31.03.2020;23:00;564;825;492;210
01.04.2020;00:00;562;827;467;209
01.04.2020;01:00;563;828;494;208
01.04.2020;02:00;559;826;479;212
01.04.2020;03:00;564;826;455;211
01.04.2020;04:00;563;824;456;212
01.04.2020;05:00;575;827;460;212
01.04.2020;06:00;588;829;459;212
01.04.2020;07:00;582;825;459;215
01.04.2020;08:00;575;824;460;214
01.04.2020;09:00;592;824;472;215
01.04.2020;10:00;591;823;492;216
01.04.2020;11:00;489;752;433;194
01.04.2020;12:00;393;753;406;180
01.04.2020;13:00;528;747;396;181
01.04.2020;14:00;504;747;392;183
01.04.2020;15:00;520;746;399;186
01.04.2020;16:00;560;762;464;185
01.04.2020;17:00;574;805;485;207
01.04.2020;18:00;574;825;486;208
01.04.2020;19:00;570;824;488;209
01.04.2020;20:00;570;827;487;210
01.04.2020;21:00;564;825;492;209
01.04.2020;22:00;554;826;491;207
01.04.2020;23:00;557;828;487;208
02.04.2020;00:00;561;830;489;211
02.04.2020;01:00;564;832;492;212
02.04.2020;02:00;561;830;490;212
02.04.2020;03:00;566;828;490;211
02.04.2020;04:00;564;825;490;216
02.04.2020;05:00;579;827;493;216
02.04.2020;06:00;573;827;492;215
02.04.2020;07:00;572;826;492;213
02.04.2020;08:00;574;827;493;216
02.04.2020;09:00;572;822;496;217
02.04.2020;10:00;465;732;492;216
02.04.2020;11:00;291;556;487;182
02.04.2020;12:00;167;525;392;178
02.04.2020;13:00;163;413;193;195
02.04.2020;14:00;156;410;200;192
02.04.2020;15:00;162;407;198;188
02.04.2020;16:00;284;403;200;187
02.04.2020;17:00;305;400;192;187
02.04.2020;18:00;375;414;179;182
02.04.2020;19:00;432;553;379;174
02.04.2020;20:00;379;556;469;176
02.04.2020;21:00;384;428;485;185
02.04.2020;22:00;372;406;428;181
02.04.2020;23:00;292;410;394;176
03.04.2020;00:00;417;541;475;233
03.04.2020;01:00;405;510;494;383
03.04.2020;02:00;437;508;406;460
03.04.2020;03:00;565;520;476;455
03.04.2020;04:00;572;631;493;401
03.04.2020;05:00;569;635;441;398
03.04.2020;06:00;569;811;492;467
03.04.2020;07:00;573;824;496;495
03.04.2020;08:00;571;823;494;495
03.04.2020;09:00;574;823;495;496
03.04.2020;10:00;570;822;492;498
03.04.2020;11:00;559;811;493;497
03.04.2020;12:00;558;686;493;407
03.04.2020;13:00;575;548;396;398
03.04.2020;14:00;581;562;370;398
03.04.2020;15:00;572;760;466;428
03.04.2020;16:00;586;825;493;466
03.04.2020;17:00;580;822;492;502
03.04.2020;18:00;571;823;492;497
03.04.2020;19:00;578;822;495;499
03.04.2020;20:00;574;815;495;499
03.04.2020;21:00;579;815;495;499
03.04.2020;22:00;577;816;495;501
03.04.2020;23:00;576;808;495;500
04.04.2020;00:00;571;823;484;500
04.04.2020;01:00;378;824;445;500
04.04.2020;02:00;1;824;447;499
04.04.2020;03:00;0;822;452;500
04.04.2020;04:00;0;817;457;499
04.04.2020;05:00;0;815;473;417
04.04.2020;06:00;0;823;481;495
04.04.2020;07:00;0;817;477;487
04.04.2020;08:00;0;806;478;470
04.04.2020;09:00;0;638;477;402
04.04.2020;10:00;0;510;425;369
04.04.2020;11:00;0;533;384;365
04.04.2020;12:00;0;419;374;366
04.04.2020;13:00;0;413;373;365
04.04.2020;14:00;0;408;391;366
04.04.2020;15:00;0;420;375;366
04.04.2020;16:00;0;555;371;393
04.04.2020;17:00;0;572;433;458
04.04.2020;18:00;0;792;468;500
04.04.2020;19:00;0;823;477;498
04.04.2020;20:00;0;813;481;498
04.04.2020;21:00;0;814;478;497
04.04.2020;22:00;0;773;468;494
04.04.2020;23:00;0;602;464;416
05.04.2020;00:00;0;581;386;217
05.04.2020;01:00;0;365;420;182
05.04.2020;02:00;0;0;358;181
05.04.2020;03:00;0;0;348;181
05.04.2020;04:00;0;0;354;180
05.04.2020;05:00;0;0;348;180
05.04.2020;06:00;0;0;348;180
05.04.2020;07:00;0;0;348;180
05.04.2020;08:00;0;0;349;181
05.04.2020;09:00;0;0;350;179
05.04.2020;10:00;0;0;350;178
05.04.2020;11:00;0;0;349;169
05.04.2020;12:00;0;0;351;166
05.04.2020;13:00;0;0;349;166
05.04.2020;14:00;0;0;349;170
05.04.2020;15:00;0;0;324;174
05.04.2020;16:00;0;0;318;170
05.04.2020;17:00;0;0;329;170
05.04.2020;18:00;0;0;372;172
05.04.2020;19:00;0;0;373;168
05.04.2020;20:00;0;0;374;164
05.04.2020;21:00;0;0;371;167
05.04.2020;22:00;0;0;350;166
05.04.2020;23:00;0;0;348;168
06.04.2020;00:00;0;0;388;194
06.04.2020;01:00;0;0;352;171
06.04.2020;02:00;0;0;349;170
06.04.2020;03:00;0;0;350;171
06.04.2020;04:00;0;0;350;170
06.04.2020;05:00;0;0;345;173
06.04.2020;06:00;0;0;348;214
06.04.2020;07:00;0;0;396;207
06.04.2020;08:00;0;0;405;207
06.04.2020;09:00;0;0;358;171
06.04.2020;10:00;0;0;368;169
06.04.2020;11:00;0;0;395;170
06.04.2020;12:00;0;0;408;168
06.04.2020;13:00;0;0;418;168
06.04.2020;14:00;0;0;407;167
06.04.2020;15:00;0;0;409;167
06.04.2020;16:00;0;108;405;168
06.04.2020;17:00;0;358;403;183
06.04.2020;18:00;0;510;411;206
06.04.2020;19:00;0;628;409;200
06.04.2020;20:00;0;734;405;196
06.04.2020;21:00;0;823;410;202
06.04.2020;22:00;0;820;413;204
06.04.2020;23:00;0;820;412;197
07.04.2020;00:00;0;819;411;178
07.04.2020;01:00;0;819;410;358
07.04.2020;02:00;0;813;398;458
07.04.2020;03:00;0;753;400;441
07.04.2020;04:00;0;818;399;456
07.04.2020;05:00;0;823;411;501
07.04.2020;06:00;0;820;414;482
07.04.2020;07:00;0;820;407;501
07.04.2020;08:00;0;821;413;503
07.04.2020;09:00;0;822;414;478
07.04.2020;10:00;0;820;416;397
07.04.2020;11:00;0;796;370;393
07.04.2020;12:00;0;547;339;388
07.04.2020;13:00;0;660;338;388
07.04.2020;14:00;0;661;330;387
07.04.2020;15:00;0;659;346;389
07.04.2020;16:00;0;661;368;415
07.04.2020;17:00;0;693;399;473
07.04.2020;18:00;0;801;429;500
07.04.2020;19:00;0;822;429;500
07.04.2020;20:00;0;814;435;501
07.04.2020;21:00;0;813;446;500
07.04.2020;22:00;0;790;446;500
07.04.2020;23:00;0;583;441;407
08.04.2020;00:00;0;554;416;396
08.04.2020;01:00;0;439;360;393
08.04.2020;02:00;0;406;365;397
08.04.2020;03:00;0;417;356;395
08.04.2020;04:00;0;551;362;397
08.04.2020;05:00;0;569;420;449
08.04.2020;06:00;0;796;447;493
08.04.2020;07:00;0;826;448;501
08.04.2020;08:00;0;826;454;503
08.04.2020;09:00;0;815;460;502
08.04.2020;10:00;0;684;466;412
08.04.2020;11:00;0;660;421;399
08.04.2020;12:00;0;659;364;400
08.04.2020;13:00;0;661;355;400
08.04.2020;14:00;0;658;357;401
08.04.2020;15:00;0;560;351;402
08.04.2020;16:00;0;528;403;414
08.04.2020;17:00;0;672;426;475
08.04.2020;18:00;0;799;444;478
08.04.2020;19:00;0;818;438;478
08.04.2020;20:00;0;820;438;478
08.04.2020;21:00;0;811;442;479
08.04.2020;22:00;0;812;449;500
08.04.2020;23:00;0;803;445;502
09.04.2020;00:00;0;808;443;485
09.04.2020;01:00;0;677;431;407
09.04.2020;02:00;0;598;432;397
09.04.2020;03:00;0;609;435;401
09.04.2020;04:00;0;621;371;395
09.04.2020;05:00;0;794;438;470
09.04.2020;06:00;0;825;438;500
09.04.2020;07:00;0;828;443;502
09.04.2020;08:00;0;826;450;502
09.04.2020;09:00;0;818;442;502
09.04.2020;10:00;0;809;444;416
09.04.2020;11:00;0;757;436;398
09.04.2020;12:00;0;756;359;397
09.04.2020;13:00;0;754;361;397
09.04.2020;14:00;0;738;362;396
09.04.2020;15:00;0;525;357;395
09.04.2020;16:00;0;630;379;397
09.04.2020;17:00;0;810;453;463
09.04.2020;18:00;0;815;453;498
09.04.2020;19:00;0;821;452;500
09.04.2020;20:00;0;816;453;502
09.04.2020;21:00;0;810;456;502
09.04.2020;22:00;0;796;455;502
09.04.2020;23:00;0;795;448;414
10.04.2020;00:00;0;728;448;203
10.04.2020;01:00;0;761;458;209
10.04.2020;02:00;0;675;455;176
10.04.2020;03:00;0;655;453;177
10.04.2020;04:00;0;727;465;185
10.04.2020;05:00;0;823;478;208
10.04.2020;06:00;0;822;478;207
10.04.2020;07:00;0;823;481;209
10.04.2020;08:00;0;808;480;208
10.04.2020;09:00;0;648;402;178
10.04.2020;10:00;0;547;374;176
10.04.2020;11:00;0;535;376;173
10.04.2020;12:00;0;530;376;171
10.04.2020;13:00;0;527;375;170
10.04.2020;14:00;0;552;372;169
10.04.2020;15:00;0;533;373;169
10.04.2020;16:00;0;547;373;171
10.04.2020;17:00;0;724;372;183
10.04.2020;18:00;0;820;467;210
10.04.2020;19:00;0;819;480;207
10.04.2020;20:00;0;822;481;209
10.04.2020;21:00;0;823;477;214
10.04.2020;22:00;0;759;465;216
10.04.2020;23:00;0;564;469;214
11.04.2020;00:00;0;508;420;175
11.04.2020;01:00;0;509;369;170
11.04.2020;02:00;0;507;372;172
11.04.2020;03:00;0;510;367;170
11.04.2020;04:00;0;513;369;171
11.04.2020;05:00;0;508;409;170
11.04.2020;06:00;0;507;374;171
11.04.2020;07:00;0;510;392;168
11.04.2020;08:00;0;504;374;167
11.04.2020;09:00;0;512;370;168
11.04.2020;10:00;0;506;370;169
11.04.2020;11:00;0;508;370;168
11.04.2020;12:00;0;507;370;168
11.04.2020;13:00;0;509;370;169
11.04.2020;14:00;0;508;370;168
11.04.2020;15:00;0;515;368;171
11.04.2020;16:00;0;513;369;173
11.04.2020;17:00;0;512;373;172
11.04.2020;18:00;0;513;424;171
11.04.2020;19:00;0;512;447;170
11.04.2020;20:00;0;513;438;171
11.04.2020;21:00;0;512;438;170
11.04.2020;22:00;0;510;409;170
11.04.2020;23:00;0;512;427;171
12.04.2020;00:00;0;512;392;171
12.04.2020;01:00;0;510;382;171
12.04.2020;02:00;0;509;381;172
12.04.2020;03:00;0;512;383;174
12.04.2020;04:00;0;510;382;173
12.04.2020;05:00;0;513;380;172
12.04.2020;06:00;0;512;355;175
12.04.2020;07:00;0;511;348;175
12.04.2020;08:00;0;510;350;180
12.04.2020;09:00;0;509;350;173
12.04.2020;10:00;0;511;350;173
12.04.2020;11:00;0;510;351;173
12.04.2020;12:00;0;508;353;173
12.04.2020;13:00;0;510;351;173
12.04.2020;14:00;0;513;352;171
12.04.2020;15:00;0;516;351;171
12.04.2020;16:00;0;515;352;170
12.04.2020;17:00;0;516;352;169
12.04.2020;18:00;0;515;352;170
12.04.2020;19:00;0;518;360;170
12.04.2020;20:00;0;510;354;170
12.04.2020;21:00;0;505;351;170
12.04.2020;22:00;0;503;349;171
12.04.2020;23:00;0;491;349;176
13.04.2020;00:00;0;349;358;181
13.04.2020;01:00;0;0;350;185
13.04.2020;02:00;0;0;358;187
13.04.2020;03:00;0;0;349;186
13.04.2020;04:00;0;0;349;179
13.04.2020;05:00;0;0;350;178
13.04.2020;06:00;0;0;344;179
13.04.2020;07:00;0;0;345;177
13.04.2020;08:00;0;0;346;176
13.04.2020;09:00;0;0;346;176
13.04.2020;10:00;0;0;345;175
13.04.2020;11:00;0;0;345;175
13.04.2020;12:00;0;0;345;174
13.04.2020;13:00;0;0;327;173
13.04.2020;14:00;0;0;334;173
13.04.2020;15:00;0;0;331;174
13.04.2020;16:00;0;0;328;175
13.04.2020;17:00;0;0;329;173
13.04.2020;18:00;0;0;377;179
13.04.2020;19:00;0;0;429;213
13.04.2020;20:00;0;0;401;204
13.04.2020;21:00;0;0;416;203
13.04.2020;22:00;0;0;379;188
13.04.2020;23:00;0;0;361;177
14.04.2020;00:00;0;0;384;178
14.04.2020;01:00;0;0;384;177
14.04.2020;02:00;0;0;383;177
14.04.2020;03:00;0;0;382;178
14.04.2020;04:00;0;0;381;179
14.04.2020;05:00;0;0;389;179
14.04.2020;06:00;0;0;464;210
14.04.2020;07:00;0;0;464;216
14.04.2020;08:00;0;0;462;215
14.04.2020;09:00;0;0;463;215
14.04.2020;10:00;0;0;466;219
14.04.2020;11:00;0;0;465;220
14.04.2020;12:00;0;0;469;221
14.04.2020;13:00;0;0;434;218
14.04.2020;14:00;0;0;387;187
14.04.2020;15:00;0;0;395;174
14.04.2020;16:00;0;0;405;180
14.04.2020;17:00;0;0;420;214
14.04.2020;18:00;0;0;462;214
14.04.2020;19:00;0;0;471;215
14.04.2020;20:00;0;0;470;214
14.04.2020;21:00;0;0;472;214
14.04.2020;22:00;0;0;469;213
14.04.2020;23:00;0;0;466;209
15.04.2020;00:00;0;0;405;177
15.04.2020;01:00;0;0;369;177
15.04.2020;02:00;0;0;360;177
15.04.2020;03:00;0;0;361;177
15.04.2020;04:00;0;0;456;208
15.04.2020;05:00;0;0;478;209
15.04.2020;06:00;0;0;480;209
15.04.2020;07:00;0;0;483;210
15.04.2020;08:00;0;0;482;208
15.04.2020;09:00;0;0;459;204
15.04.2020;10:00;0;0;410;181
15.04.2020;11:00;0;0;432;206
15.04.2020;12:00;0;0;424;187
15.04.2020;13:00;0;0;373;180
15.04.2020;14:00;0;0;363;181
15.04.2020;15:00;0;0;417;193
15.04.2020;16:00;0;0;377;179
15.04.2020;17:00;0;0;457;209
15.04.2020;18:00;0;0;473;211
15.04.2020;19:00;0;0;456;211
15.04.2020;20:00;0;91;461;215
15.04.2020;21:00;0;314;468;215
15.04.2020;22:00;0;435;459;213
15.04.2020;23:00;0;510;464;174
16.04.2020;00:00;0;538;463;168
16.04.2020;01:00;0;515;460;167
16.04.2020;02:00;0;517;460;167
16.04.2020;03:00;0;523;460;167
16.04.2020;04:00;0;639;464;170
16.04.2020;05:00;0;810;473;215
16.04.2020;06:00;0;790;480;221
16.04.2020;07:00;0;774;480;223
16.04.2020;08:00;0;821;480;224
16.04.2020;09:00;0;797;479;221
16.04.2020;10:00;0;563;478;179
16.04.2020;11:00;0;443;440;175
16.04.2020;12:00;0;410;384;173
16.04.2020;13:00;0;406;370;170
16.04.2020;14:00;0;428;362;170
16.04.2020;15:00;0;555;402;168
16.04.2020;16:00;0;569;455;170
16.04.2020;17:00;0;793;467;213
16.04.2020;18:00;0;815;469;216
16.04.2020;19:00;0;819;473;214
16.04.2020;20:00;0;821;468;216
16.04.2020;21:00;0;818;475;217
16.04.2020;22:00;0;816;468;214
16.04.2020;23:00;0;814;469;216
17.04.2020;00:00;0;816;468;215
17.04.2020;01:00;0;816;466;216
17.04.2020;02:00;0;814;463;216
17.04.2020;03:00;0;818;466;215
17.04.2020;04:00;0;816;468;215
17.04.2020;05:00;0;818;477;217
17.04.2020;06:00;0;819;480;216
17.04.2020;07:00;0;819;482;216
17.04.2020;08:00;0;819;480;216
17.04.2020;09:00;0;809;481;215
17.04.2020;10:00;0;715;481;171
17.04.2020;11:00;0;654;474;172
17.04.2020;12:00;0;507;474;171
17.04.2020;13:00;0;507;394;171
17.04.2020;14:00;0;511;399;172
17.04.2020;15:00;0;547;460;172
17.04.2020;16:00;0;730;478;187
17.04.2020;17:00;0;763;478;178
17.04.2020;18:00;0;814;479;209
17.04.2020;19:00;0;810;478;215
17.04.2020;20:00;0;812;478;214
17.04.2020;21:00;0;810;476;215
17.04.2020;22:00;0;813;476;214
17.04.2020;23:00;0;702;320;215
18.04.2020;00:00;0;561;181;186
18.04.2020;01:00;0;601;185;180
18.04.2020;02:00;0;514;191;181
18.04.2020;03:00;0;512;178;182
18.04.2020;04:00;0;511;171;183
18.04.2020;05:00;0;510;172;184
18.04.2020;06:00;0;512;173;184
18.04.2020;07:00;0;510;173;185
18.04.2020;08:00;0;511;174;183
18.04.2020;09:00;0;512;175;212
18.04.2020;10:00;0;510;172;188
18.04.2020;11:00;0;509;173;188
18.04.2020;12:00;0;508;173;187
18.04.2020;13:00;0;508;174;188
18.04.2020;14:00;0;509;173;190
18.04.2020;15:00;0;511;174;189
18.04.2020;16:00;0;507;173;189
18.04.2020;17:00;0;512;171;189
18.04.2020;18:00;0;598;172;216
18.04.2020;19:00;0;610;172;216
18.04.2020;20:00;0;601;170;215
18.04.2020;21:00;0;508;164;173
18.04.2020;22:00;0;507;166;173
18.04.2020;23:00;0;508;166;174
19.04.2020;00:00;0;507;157;174
19.04.2020;01:00;0;508;153;175
19.04.2020;02:00;0;508;153;176
19.04.2020;03:00;0;508;154;175
19.04.2020;04:00;0;508;156;175
19.04.2020;05:00;0;511;156;174
19.04.2020;06:00;0;513;155;173
19.04.2020;07:00;0;511;156;173
19.04.2020;08:00;0;515;155;174
19.04.2020;09:00;0;516;157;172
19.04.2020;10:00;0;514;157;172
19.04.2020;11:00;0;517;156;173
19.04.2020;12:00;0;517;153;173
19.04.2020;13:00;0;514;154;173
19.04.2020;14:00;0;515;152;173
19.04.2020;15:00;0;512;154;203
19.04.2020;16:00;0;512;149;204
19.04.2020;17:00;0;509;134;205
19.04.2020;18:00;0;508;125;207
19.04.2020;19:00;0;511;323;210
19.04.2020;20:00;0;504;360;204
19.04.2020;21:00;0;514;355;205
19.04.2020;22:00;0;509;356;206
19.04.2020;23:00;0;517;356;208
20.04.2020;00:00;0;513;354;176
20.04.2020;01:00;0;509;371;173
20.04.2020;02:00;0;507;353;173
20.04.2020;03:00;0;506;353;174
20.04.2020;04:00;0;506;355;174
20.04.2020;05:00;0;420;355;174
20.04.2020;06:00;0;0;354;174
20.04.2020;07:00;0;0;352;175
20.04.2020;08:00;0;0;369;175
20.04.2020;09:00;0;0;319;174
20.04.2020;10:00;0;0;322;172
20.04.2020;11:00;0;0;312;173
20.04.2020;12:00;0;0;331;174
20.04.2020;13:00;0;0;308;175
20.04.2020;14:00;0;0;307;175
20.04.2020;15:00;0;0;314;175
20.04.2020;16:00;0;0;321;177
20.04.2020;17:00;0;0;313;175
20.04.2020;18:00;0;0;322;175
20.04.2020;19:00;0;0;314;174
20.04.2020;20:00;0;0;317;174
20.04.2020;21:00;0;0;316;174
20.04.2020;22:00;0;0;307;175
20.04.2020;23:00;0;0;304;175
21.04.2020;00:00;0;0;307;175
21.04.2020;01:00;0;0;303;175
21.04.2020;02:00;0;0;304;175
21.04.2020;03:00;0;0;308;175
21.04.2020;04:00;0;0;305;175
21.04.2020;05:00;0;0;323;175
21.04.2020;06:00;0;0;323;179
21.04.2020;07:00;0;0;337;176
21.04.2020;08:00;0;0;342;175
21.04.2020;09:00;0;0;339;175
21.04.2020;10:00;0;0;332;174
21.04.2020;11:00;0;0;335;172
21.04.2020;12:00;0;0;346;18
21.04.2020;13:00;0;0;360;18
21.04.2020;14:00;0;0;350;18
21.04.2020;15:00;0;0;342;18
21.04.2020;16:00;0;0;343;18
21.04.2020;17:00;0;0;345;30
21.04.2020;18:00;0;0;344;160
21.04.2020;19:00;0;0;338;170
21.04.2020;20:00;0;0;383;167
21.04.2020;21:00;0;0;339;167
21.04.2020;22:00;0;0;324;168
21.04.2020;23:00;0;0;326;168
22.04.2020;00:00;0;0;325;168
22.04.2020;01:00;0;0;316;167
22.04.2020;02:00;0;0;314;168
22.04.2020;03:00;0;0;313;169
22.04.2020;04:00;0;0;319;167
22.04.2020;05:00;0;0;353;167
22.04.2020;06:00;0;0;363;169
22.04.2020;07:00;0;0;364;170
22.04.2020;08:00;0;0;370;171
22.04.2020;09:00;0;0;368;171
22.04.2020;10:00;0;0;354;172
22.04.2020;11:00;0;0;348;172
22.04.2020;12:00;0;0;342;171
22.04.2020;13:00;0;0;341;171
22.04.2020;14:00;0;0;344;170
22.04.2020;15:00;0;0;341;171
22.04.2020;16:00;0;0;330;171
22.04.2020;17:00;0;0;336;169
22.04.2020;18:00;0;0;425;166
22.04.2020;19:00;0;0;450;200
22.04.2020;20:00;0;0;438;211
22.04.2020;21:00;0;0;423;207
22.04.2020;22:00;0;0;426;200
22.04.2020;23:00;0;0;381;195
23.04.2020;00:00;0;0;376;184
23.04.2020;01:00;0;0;374;177
23.04.2020;02:00;0;0;360;175
23.04.2020;03:00;0;0;379;164
23.04.2020;04:00;0;0;366;177
23.04.2020;05:00;0;0;448;378
23.04.2020;06:00;0;0;445;429
23.04.2020;07:00;0;0;454;475
23.04.2020;08:00;0;0;453;499
23.04.2020;09:00;0;0;441;490
23.04.2020;10:00;5;0;370;400
23.04.2020;11:00;148;0;420;398
23.04.2020;12:00;69;0;439;409
23.04.2020;13:00;0;0;455;440
23.04.2020;14:00;0;0;450;401
23.04.2020;15:00;0;0;439;396
23.04.2020;16:00;0;0;450;398
23.04.2020;17:00;182;0;450;489
23.04.2020;18:00;353;0;455;500
23.04.2020;19:00;392;0;455;501
23.04.2020;20:00;377;0;456;494
23.04.2020;21:00;363;0;457;502
23.04.2020;22:00;363;0;455;503
23.04.2020;23:00;450;0;456;504
24.04.2020;00:00;564;0;471;503
24.04.2020;01:00;610;0;471;418
24.04.2020;02:00;609;0;473;393
24.04.2020;03:00;609;0;471;391
24.04.2020;04:00;610;0;465;392
24.04.2020;05:00;611;0;467;411
24.04.2020;06:00;610;0;473;491
24.04.2020;07:00;608;0;469;501
24.04.2020;08:00;483;0;468;500
24.04.2020;09:00;481;0;470;451
24.04.2020;10:00;479;0;341;398
24.04.2020;11:00;482;0;146;405
24.04.2020;12:00;482;0;142;401
24.04.2020;13:00;481;0;159;399
24.04.2020;14:00;480;0;183;399
24.04.2020;15:00;471;0;181;402
24.04.2020;16:00;328;0;182;398
24.04.2020;17:00;330;0;182;403
24.04.2020;18:00;345;0;182;400
24.04.2020;19:00;580;0;207;405
24.04.2020;20:00;603;0;209;401
24.04.2020;21:00;601;0;210;402
24.04.2020;22:00;600;0;212;398
24.04.2020;23:00;519;0;177;393
25.04.2020;00:00;309;0;4;371
25.04.2020;01:00;334;0;0;375
25.04.2020;02:00;211;0;0;370
25.04.2020;03:00;204;0;0;370
25.04.2020;04:00;207;0;0;367
25.04.2020;05:00;206;0;0;368
25.04.2020;06:00;207;0;0;369
25.04.2020;07:00;232;0;0;367
25.04.2020;08:00;353;0;0;369
25.04.2020;09:00;345;0;0;367
25.04.2020;10:00;220;0;0;367
25.04.2020;11:00;205;0;0;368
25.04.2020;12:00;204;0;0;367
25.04.2020;13:00;203;0;0;369
25.04.2020;14:00;203;0;0;369
25.04.2020;15:00;206;0;0;368
25.04.2020;16:00;338;0;0;367
25.04.2020;17:00;365;0;0;367
25.04.2020;18:00;494;0;0;431
25.04.2020;19:00;606;0;0;495
25.04.2020;20:00;610;0;0;501
25.04.2020;21:00;611;0;0;503
25.04.2020;22:00;609;0;0;495
25.04.2020;23:00;596;0;0;375
26.04.2020;00:00;501;0;0;369
26.04.2020;01:00;405;0;0;368
26.04.2020;02:00;331;0;0;368
26.04.2020;03:00;215;0;0;368
26.04.2020;04:00;205;0;0;369
26.04.2020;05:00;204;0;0;369
26.04.2020;06:00;202;0;0;368
26.04.2020;07:00;231;0;0;369
26.04.2020;08:00;355;0;0;368
26.04.2020;09:00;346;0;0;368
26.04.2020;10:00;218;0;0;369
26.04.2020;11:00;200;0;0;369
26.04.2020;12:00;204;0;0;368
26.04.2020;13:00;203;0;0;369
26.04.2020;14:00;203;0;0;368
26.04.2020;15:00;207;0;0;375
26.04.2020;16:00;337;0;0;418
26.04.2020;17:00;366;0;0;418
26.04.2020;18:00;496;0;0;489
26.04.2020;19:00;605;0;0;498
26.04.2020;20:00;605;0;0;498
26.04.2020;21:00;603;0;0;499
26.04.2020;22:00;602;0;0;493
26.04.2020;23:00;601;0;0;435
27.04.2020;00:00;603;0;0;430
27.04.2020;01:00;553;98;0;430
27.04.2020;02:00;312;385;0;367
27.04.2020;03:00;307;441;0;367
27.04.2020;04:00;415;530;0;390
27.04.2020;05:00;571;650;0;401
27.04.2020;06:00;571;656;0;485
27.04.2020;07:00;568;653;0;500
27.04.2020;08:00;566;653;0;500
27.04.2020;09:00;564;650;0;494
27.04.2020;10:00;566;543;0;458
27.04.2020;11:00;561;530;0;415
27.04.2020;12:00;568;513;0;414
27.04.2020;13:00;568;529;0;416
27.04.2020;14:00;548;513;0;410
27.04.2020;15:00;514;511;0;411
27.04.2020;16:00;315;520;0;409
27.04.2020;17:00;520;702;0;485
27.04.2020;18:00;550;816;0;499
27.04.2020;19:00;551;809;0;498
27.04.2020;20:00;545;812;0;498
27.04.2020;21:00;502;760;0;497
27.04.2020;22:00;276;489;0;498
27.04.2020;23:00;220;419;0;499
28.04.2020;00:00;223;1;0;489
28.04.2020;01:00;324;0;0;419
28.04.2020;02:00;531;0;0;392
28.04.2020;03:00;551;0;0;392
28.04.2020;04:00;544;0;0;472
28.04.2020;05:00;546;0;0;496
28.04.2020;06:00;540;0;0;498
28.04.2020;07:00;552;0;0;498
28.04.2020;08:00;549;0;0;499
28.04.2020;09:00;558;0;0;495
28.04.2020;10:00;555;0;0;498
28.04.2020;11:00;557;0;0;490
28.04.2020;12:00;557;0;0;491
28.04.2020;13:00;557;0;0;486
28.04.2020;14:00;538;0;0;487
28.04.2020;15:00;535;333;0;493
28.04.2020;16:00;545;470;0;497
28.04.2020;17:00;543;556;0;497
28.04.2020;18:00;556;774;0;497
28.04.2020;19:00;546;811;0;499
28.04.2020;20:00;543;806;0;498
28.04.2020;21:00;542;808;0;500
28.04.2020;22:00;539;785;0;489
28.04.2020;23:00;477;615;0;451
29.04.2020;00:00;264;543;0;408
29.04.2020;01:00;131;549;0;393
29.04.2020;02:00;131;541;0;395
29.04.2020;03:00;134;540;0;392
29.04.2020;04:00;280;545;1;393
29.04.2020;05:00;304;667;1;478
29.04.2020;06:00;518;828;1;499
29.04.2020;07:00;553;825;1;500
29.04.2020;08:00;572;817;1;499
29.04.2020;09:00;572;816;1;498
29.04.2020;10:00;565;812;1;498
29.04.2020;11:00;574;813;1;498
29.04.2020;12:00;573;815;1;469
29.04.2020;13:00;567;815;1;462
29.04.2020;14:00;543;815;1;462
29.04.2020;15:00;457;814;1;460
29.04.2020;16:00;556;820;1;493
29.04.2020;17:00;561;813;1;497
29.04.2020;18:00;559;811;1;498
29.04.2020;19:00;562;812;1;498
29.04.2020;20:00;560;817;1;497
29.04.2020;21:00;576;805;1;498
29.04.2020;22:00;564;711;1;485
29.04.2020;23:00;435;533;1;397
30.04.2020;00:00;282;381;1;373
30.04.2020;01:00;178;0;1;373
30.04.2020;02:00;164;0;1;382
30.04.2020;03:00;168;0;1;374
30.04.2020;04:00;171;0;1;374
30.04.2020;05:00;300;0;1;371
30.04.2020;06:00;328;0;1;370
30.04.2020;07:00;548;0;1;478
30.04.2020;08:00;557;0;1;496
30.04.2020;09:00;454;0;1;410
30.04.2020;10:00;317;0;1;374
30.04.2020;11:00;300;0;1;367
30.04.2020;12:00;186;0;1;367
30.04.2020;13:00;169;0;1;373
30.04.2020;14:00;159;0;1;376
30.04.2020;15:00;179;0;1;371
30.04.2020;16:00;315;0;1;370
30.04.2020;17:00;329;0;1;472
30.04.2020;18:00;540;0;1;497
30.04.2020;19:00;562;0;1;499
30.04.2020;20:00;569;0;1;499
30.04.2020;21:00;589;0;1;499
30.04.2020;22:00;465;0;1;417
30.04.2020;23:00;301;0;1;376
