Datum;Uhrzeit;Generation_DE Gas-und-Dampfturbinen[MW]
01.01.2020;00:00;262
01.01.2020;01:00;94
01.01.2020;02:00;1
01.01.2020;03:00;0
01.01.2020;04:00;0
01.01.2020;05:00;0
01.01.2020;06:00;0
01.01.2020;07:00;0
01.01.2020;08:00;0
01.01.2020;09:00;0
01.01.2020;10:00;0
01.01.2020;11:00;0
01.01.2020;12:00;0
01.01.2020;13:00;0
01.01.2020;14:00;0
01.01.2020;15:00;0
01.01.2020;16:00;0
01.01.2020;17:00;0
01.01.2020;18:00;0
01.01.2020;19:00;0
01.01.2020;20:00;0
01.01.2020;21:00;0
01.01.2020;22:00;0
01.01.2020;23:00;0
02.01.2020;00:00;0
02.01.2020;01:00;0
02.01.2020;02:00;0
02.01.2020;03:00;0
02.01.2020;04:00;0
02.01.2020;05:00;0
02.01.2020;06:00;0
02.01.2020;07:00;6
02.01.2020;08:00;96
02.01.2020;09:00;202
02.01.2020;10:00;284
02.01.2020;11:00;263
02.01.2020;12:00;252
02.01.2020;13:00;249
02.01.2020;14:00;245
02.01.2020;15:00;246
02.01.2020;16:00;253
02.01.2020;17:00;264
02.01.2020;18:00;263
02.01.2020;19:00;195
02.01.2020;20:00;1
02.01.2020;21:00;0
02.01.2020;22:00;0
02.01.2020;23:00;0
03.01.2020;00:00;0
03.01.2020;01:00;0
03.01.2020;02:00;0
03.01.2020;03:00;0
03.01.2020;04:00;0
03.01.2020;05:00;0
03.01.2020;06:00;0
03.01.2020;07:00;0
03.01.2020;08:00;0
03.01.2020;09:00;0
03.01.2020;10:00;0
03.01.2020;11:00;0
03.01.2020;12:00;0
03.01.2020;13:00;0
03.01.2020;14:00;0
03.01.2020;15:00;0
03.01.2020;16:00;0
03.01.2020;17:00;0
03.01.2020;18:00;0
03.01.2020;19:00;0
03.01.2020;20:00;0
03.01.2020;21:00;0
03.01.2020;22:00;0
03.01.2020;23:00;0
04.01.2020;00:00;0
04.01.2020;01:00;0
04.01.2020;02:00;0
04.01.2020;03:00;0
04.01.2020;04:00;0
04.01.2020;05:00;0
04.01.2020;06:00;0
04.01.2020;07:00;0
04.01.2020;08:00;0
04.01.2020;09:00;0
04.01.2020;10:00;0
04.01.2020;11:00;0
04.01.2020;12:00;0
04.01.2020;13:00;0
04.01.2020;14:00;0
04.01.2020;15:00;0
04.01.2020;16:00;0
04.01.2020;17:00;0
04.01.2020;18:00;0
04.01.2020;19:00;0
04.01.2020;20:00;0
04.01.2020;21:00;0
04.01.2020;22:00;0
04.01.2020;23:00;0
05.01.2020;00:00;0
05.01.2020;01:00;0
05.01.2020;02:00;0
05.01.2020;03:00;0
05.01.2020;04:00;0
05.01.2020;05:00;0
05.01.2020;06:00;0
05.01.2020;07:00;0
05.01.2020;08:00;0
05.01.2020;09:00;0
05.01.2020;10:00;0
05.01.2020;11:00;0
05.01.2020;12:00;0
05.01.2020;13:00;0
05.01.2020;14:00;0
05.01.2020;15:00;0
05.01.2020;16:00;0
05.01.2020;17:00;0
05.01.2020;18:00;0
05.01.2020;19:00;0
05.01.2020;20:00;0
05.01.2020;21:00;0
05.01.2020;22:00;0
05.01.2020;23:00;0
06.01.2020;00:00;0
06.01.2020;01:00;0
06.01.2020;02:00;0
06.01.2020;03:00;0
06.01.2020;04:00;0
06.01.2020;05:00;44
06.01.2020;06:00;120
06.01.2020;07:00;272
06.01.2020;08:00;276
06.01.2020;09:00;271
06.01.2020;10:00;270
06.01.2020;11:00;260
06.01.2020;12:00;262
06.01.2020;13:00;260
06.01.2020;14:00;258
06.01.2020;15:00;256
06.01.2020;16:00;256
06.01.2020;17:00;256
06.01.2020;18:00;255
06.01.2020;19:00;255
06.01.2020;20:00;255
06.01.2020;21:00;248
06.01.2020;22:00;246
06.01.2020;23:00;90
07.01.2020;00:00;57
07.01.2020;01:00;58
07.01.2020;02:00;58
07.01.2020;03:00;58
07.01.2020;04:00;116
07.01.2020;05:00;252
07.01.2020;06:00;259
07.01.2020;07:00;232
07.01.2020;08:00;230
07.01.2020;09:00;231
07.01.2020;10:00;231
07.01.2020;11:00;230
07.01.2020;12:00;227
07.01.2020;13:00;226
07.01.2020;14:00;226
07.01.2020;15:00;227
07.01.2020;16:00;228
07.01.2020;17:00;228
07.01.2020;18:00;230
07.01.2020;19:00;180
07.01.2020;20:00;16
07.01.2020;21:00;0
07.01.2020;22:00;0
07.01.2020;23:00;0
08.01.2020;00:00;0
08.01.2020;01:00;0
08.01.2020;02:00;0
08.01.2020;03:00;0
08.01.2020;04:00;0
08.01.2020;05:00;0
08.01.2020;06:00;0
08.01.2020;07:00;0
08.01.2020;08:00;36
08.01.2020;09:00;134
08.01.2020;10:00;270
08.01.2020;11:00;238
08.01.2020;12:00;218
08.01.2020;13:00;225
08.01.2020;14:00;226
08.01.2020;15:00;228
08.01.2020;16:00;227
08.01.2020;17:00;226
08.01.2020;18:00;226
08.01.2020;19:00;226
08.01.2020;20:00;226
08.01.2020;21:00;225
08.01.2020;22:00;261
08.01.2020;23:00;260
09.01.2020;00:00;263
09.01.2020;01:00;262
09.01.2020;02:00;261
09.01.2020;03:00;258
09.01.2020;04:00;258
09.01.2020;05:00;257
09.01.2020;06:00;255
09.01.2020;07:00;220
09.01.2020;08:00;220
09.01.2020;09:00;220
09.01.2020;10:00;220
09.01.2020;11:00;219
09.01.2020;12:00;199
09.01.2020;13:00;121
09.01.2020;14:00;34
09.01.2020;15:00;38
09.01.2020;16:00;204
09.01.2020;17:00;213
09.01.2020;18:00;216
09.01.2020;19:00;219
09.01.2020;20:00;119
09.01.2020;21:00;0
09.01.2020;22:00;0
09.01.2020;23:00;0
10.01.2020;00:00;0
10.01.2020;01:00;0
10.01.2020;02:00;0
10.01.2020;03:00;0
10.01.2020;04:00;0
10.01.2020;05:00;0
10.01.2020;06:00;0
10.01.2020;07:00;0
10.01.2020;08:00;0
10.01.2020;09:00;0
10.01.2020;10:00;0
10.01.2020;11:00;0
10.01.2020;12:00;0
10.01.2020;13:00;0
10.01.2020;14:00;0
10.01.2020;15:00;0
10.01.2020;16:00;0
10.01.2020;17:00;0
10.01.2020;18:00;0
10.01.2020;19:00;0
10.01.2020;20:00;0
10.01.2020;21:00;0
10.01.2020;22:00;0
10.01.2020;23:00;0
11.01.2020;00:00;0
11.01.2020;01:00;0
11.01.2020;02:00;0
11.01.2020;03:00;0
11.01.2020;04:00;0
11.01.2020;05:00;0
11.01.2020;06:00;0
11.01.2020;07:00;0
11.01.2020;08:00;0
11.01.2020;09:00;0
11.01.2020;10:00;0
11.01.2020;11:00;0
11.01.2020;12:00;0
11.01.2020;13:00;0
11.01.2020;14:00;0
11.01.2020;15:00;0
11.01.2020;16:00;0
11.01.2020;17:00;0
11.01.2020;18:00;0
11.01.2020;19:00;0
11.01.2020;20:00;0
11.01.2020;21:00;0
11.01.2020;22:00;0
11.01.2020;23:00;0
12.01.2020;00:00;0
12.01.2020;01:00;0
12.01.2020;02:00;0
12.01.2020;03:00;0
12.01.2020;04:00;0
12.01.2020;05:00;0
12.01.2020;06:00;0
12.01.2020;07:00;0
12.01.2020;08:00;0
12.01.2020;09:00;0
12.01.2020;10:00;0
12.01.2020;11:00;0
12.01.2020;12:00;0
12.01.2020;13:00;0
12.01.2020;14:00;0
12.01.2020;15:00;0
12.01.2020;16:00;0
12.01.2020;17:00;0
12.01.2020;18:00;0
12.01.2020;19:00;0
12.01.2020;20:00;0
12.01.2020;21:00;0
12.01.2020;22:00;0
12.01.2020;23:00;0
13.01.2020;00:00;0
13.01.2020;01:00;0
13.01.2020;02:00;0
13.01.2020;03:00;0
13.01.2020;04:00;0
13.01.2020;05:00;0
13.01.2020;06:00;0
13.01.2020;07:00;0
13.01.2020;08:00;0
13.01.2020;09:00;0
13.01.2020;10:00;0
13.01.2020;11:00;0
13.01.2020;12:00;0
13.01.2020;13:00;0
13.01.2020;14:00;0
13.01.2020;15:00;0
13.01.2020;16:00;0
13.01.2020;17:00;0
13.01.2020;18:00;0
13.01.2020;19:00;0
13.01.2020;20:00;0
13.01.2020;21:00;0
13.01.2020;22:00;0
13.01.2020;23:00;0
14.01.2020;00:00;0
14.01.2020;01:00;0
14.01.2020;02:00;0
14.01.2020;03:00;0
14.01.2020;04:00;63
14.01.2020;05:00;108
14.01.2020;06:00;87
14.01.2020;07:00;136
14.01.2020;08:00;196
14.01.2020;09:00;166
14.01.2020;10:00;87
14.01.2020;11:00;164
14.01.2020;12:00;106
14.01.2020;13:00;0
14.01.2020;14:00;0
14.01.2020;15:00;0
14.01.2020;16:00;0
14.01.2020;17:00;0
14.01.2020;18:00;0
14.01.2020;19:00;0
14.01.2020;20:00;0
14.01.2020;21:00;0
14.01.2020;22:00;0
14.01.2020;23:00;0
15.01.2020;00:00;0
15.01.2020;01:00;0
15.01.2020;02:00;0
15.01.2020;03:00;0
15.01.2020;04:00;0
15.01.2020;05:00;0
15.01.2020;06:00;0
15.01.2020;07:00;0
15.01.2020;08:00;0
15.01.2020;09:00;0
15.01.2020;10:00;0
15.01.2020;11:00;0
15.01.2020;12:00;0
15.01.2020;13:00;0
15.01.2020;14:00;0
15.01.2020;15:00;0
15.01.2020;16:00;0
15.01.2020;17:00;0
15.01.2020;18:00;0
15.01.2020;19:00;0
15.01.2020;20:00;0
15.01.2020;21:00;0
15.01.2020;22:00;0
15.01.2020;23:00;0
16.01.2020;00:00;0
16.01.2020;01:00;0
16.01.2020;02:00;0
16.01.2020;03:00;0
16.01.2020;04:00;0
16.01.2020;05:00;0
16.01.2020;06:00;43
16.01.2020;07:00;91
16.01.2020;08:00;248
16.01.2020;09:00;242
16.01.2020;10:00;238
16.01.2020;11:00;232
16.01.2020;12:00;237
16.01.2020;13:00;232
16.01.2020;14:00;229
16.01.2020;15:00;226
16.01.2020;16:00;227
16.01.2020;17:00;227
16.01.2020;18:00;227
16.01.2020;19:00;228
16.01.2020;20:00;264
16.01.2020;21:00;264
16.01.2020;22:00;265
16.01.2020;23:00;257
17.01.2020;00:00;114
17.01.2020;01:00;71
17.01.2020;02:00;90
17.01.2020;03:00;64
17.01.2020;04:00;65
17.01.2020;05:00;230
17.01.2020;06:00;257
17.01.2020;07:00;229
17.01.2020;08:00;229
17.01.2020;09:00;232
17.01.2020;10:00;229
17.01.2020;11:00;225
17.01.2020;12:00;225
17.01.2020;13:00;227
17.01.2020;14:00;230
17.01.2020;15:00;225
17.01.2020;16:00;224
17.01.2020;17:00;224
17.01.2020;18:00;225
17.01.2020;19:00;225
17.01.2020;20:00;224
17.01.2020;21:00;227
17.01.2020;22:00;222
17.01.2020;23:00;51
18.01.2020;00:00;5
18.01.2020;01:00;0
18.01.2020;02:00;0
18.01.2020;03:00;0
18.01.2020;04:00;0
18.01.2020;05:00;0
18.01.2020;06:00;0
18.01.2020;07:00;0
18.01.2020;08:00;0
18.01.2020;09:00;0
18.01.2020;10:00;0
18.01.2020;11:00;0
18.01.2020;12:00;0
18.01.2020;13:00;0
18.01.2020;14:00;0
18.01.2020;15:00;0
18.01.2020;16:00;0
18.01.2020;17:00;0
18.01.2020;18:00;0
18.01.2020;19:00;0
18.01.2020;20:00;0
18.01.2020;21:00;0
18.01.2020;22:00;0
18.01.2020;23:00;0
19.01.2020;00:00;0
19.01.2020;01:00;0
19.01.2020;02:00;0
19.01.2020;03:00;0
19.01.2020;04:00;0
19.01.2020;05:00;0
19.01.2020;06:00;0
19.01.2020;07:00;0
19.01.2020;08:00;45
19.01.2020;09:00;153
19.01.2020;10:00;287
19.01.2020;11:00;285
19.01.2020;12:00;286
19.01.2020;13:00;285
19.01.2020;14:00;281
19.01.2020;15:00;278
19.01.2020;16:00;282
19.01.2020;17:00;282
19.01.2020;18:00;282
19.01.2020;19:00;284
19.01.2020;20:00;285
19.01.2020;21:00;287
19.01.2020;22:00;289
19.01.2020;23:00;290
20.01.2020;00:00;291
20.01.2020;01:00;295
20.01.2020;02:00;296
20.01.2020;03:00;296
20.01.2020;04:00;237
20.01.2020;05:00;286
20.01.2020;06:00;295
20.01.2020;07:00;295
20.01.2020;08:00;295
20.01.2020;09:00;294
20.01.2020;10:00;294
20.01.2020;11:00;292
20.01.2020;12:00;291
20.01.2020;13:00;290
20.01.2020;14:00;287
20.01.2020;15:00;289
20.01.2020;16:00;289
20.01.2020;17:00;325
20.01.2020;18:00;329
20.01.2020;19:00;322
20.01.2020;20:00;295
20.01.2020;21:00;287
20.01.2020;22:00;289
20.01.2020;23:00;288
21.01.2020;00:00;255
21.01.2020;01:00;250
21.01.2020;02:00;272
21.01.2020;03:00;271
21.01.2020;04:00;270
21.01.2020;05:00;255
21.01.2020;06:00;253
21.01.2020;07:00;248
21.01.2020;08:00;255
21.01.2020;09:00;254
21.01.2020;10:00;254
21.01.2020;11:00;251
21.01.2020;12:00;249
21.01.2020;13:00;245
21.01.2020;14:00;244
21.01.2020;15:00;247
21.01.2020;16:00;269
21.01.2020;17:00;301
21.01.2020;18:00;305
21.01.2020;19:00;299
21.01.2020;20:00;275
21.01.2020;21:00;256
21.01.2020;22:00;248
21.01.2020;23:00;250
22.01.2020;00:00;265
22.01.2020;01:00;265
22.01.2020;02:00;265
22.01.2020;03:00;267
22.01.2020;04:00;268
22.01.2020;05:00;268
22.01.2020;06:00;282
22.01.2020;07:00;298
22.01.2020;08:00;302
22.01.2020;09:00;287
22.01.2020;10:00;267
22.01.2020;11:00;276
22.01.2020;12:00;288
22.01.2020;13:00;287
22.01.2020;14:00;269
22.01.2020;15:00;250
22.01.2020;16:00;263
22.01.2020;17:00;301
22.01.2020;18:00;309
22.01.2020;19:00;298
22.01.2020;20:00;267
22.01.2020;21:00;248
22.01.2020;22:00;247
22.01.2020;23:00;247
23.01.2020;00:00;248
23.01.2020;01:00;247
23.01.2020;02:00;244
23.01.2020;03:00;243
23.01.2020;04:00;245
23.01.2020;05:00;250
23.01.2020;06:00;267
23.01.2020;07:00;287
23.01.2020;08:00;300
23.01.2020;09:00;284
23.01.2020;10:00;257
23.01.2020;11:00;246
23.01.2020;12:00;247
23.01.2020;13:00;247
23.01.2020;14:00;245
23.01.2020;15:00;253
23.01.2020;16:00;275
23.01.2020;17:00;301
23.01.2020;18:00;306
23.01.2020;19:00;295
23.01.2020;20:00;266
23.01.2020;21:00;250
23.01.2020;22:00;250
23.01.2020;23:00;248
24.01.2020;00:00;249
24.01.2020;01:00;251
24.01.2020;02:00;250
24.01.2020;03:00;248
24.01.2020;04:00;246
24.01.2020;05:00;247
24.01.2020;06:00;246
24.01.2020;07:00;240
24.01.2020;08:00;241
24.01.2020;09:00;242
24.01.2020;10:00;242
24.01.2020;11:00;242
24.01.2020;12:00;232
24.01.2020;13:00;235
24.01.2020;14:00;242
24.01.2020;15:00;264
24.01.2020;16:00;285
24.01.2020;17:00;307
24.01.2020;18:00;308
24.01.2020;19:00;289
24.01.2020;20:00;258
24.01.2020;21:00;248
24.01.2020;22:00;247
24.01.2020;23:00;247
25.01.2020;00:00;246
25.01.2020;01:00;246
25.01.2020;02:00;244
25.01.2020;03:00;246
25.01.2020;04:00;244
25.01.2020;05:00;242
25.01.2020;06:00;242
25.01.2020;07:00;238
25.01.2020;08:00;244
25.01.2020;09:00;241
25.01.2020;10:00;239
25.01.2020;11:00;239
25.01.2020;12:00;239
25.01.2020;13:00;236
25.01.2020;14:00;232
25.01.2020;15:00;235
25.01.2020;16:00;235
25.01.2020;17:00;235
25.01.2020;18:00;235
25.01.2020;19:00;235
25.01.2020;20:00;234
25.01.2020;21:00;236
25.01.2020;22:00;237
25.01.2020;23:00;240
26.01.2020;00:00;244
26.01.2020;01:00;259
26.01.2020;02:00;259
26.01.2020;03:00;259
26.01.2020;04:00;255
26.01.2020;05:00;258
26.01.2020;06:00;258
26.01.2020;07:00;259
26.01.2020;08:00;257
26.01.2020;09:00;256
26.01.2020;10:00;254
26.01.2020;11:00;248
26.01.2020;12:00;240
26.01.2020;13:00;238
26.01.2020;14:00;237
26.01.2020;15:00;235
26.01.2020;16:00;233
26.01.2020;17:00;231
26.01.2020;18:00;234
26.01.2020;19:00;235
26.01.2020;20:00;237
26.01.2020;21:00;239
26.01.2020;22:00;236
26.01.2020;23:00;238
27.01.2020;00:00;237
27.01.2020;01:00;173
27.01.2020;02:00;212
27.01.2020;03:00;131
27.01.2020;04:00;52
27.01.2020;05:00;56
27.01.2020;06:00;227
27.01.2020;07:00;237
27.01.2020;08:00;236
27.01.2020;09:00;238
27.01.2020;10:00;238
27.01.2020;11:00;237
27.01.2020;12:00;236
27.01.2020;13:00;235
27.01.2020;14:00;236
27.01.2020;15:00;237
27.01.2020;16:00;237
27.01.2020;17:00;237
27.01.2020;18:00;238
27.01.2020;19:00;234
27.01.2020;20:00;234
27.01.2020;21:00;221
27.01.2020;22:00;199
27.01.2020;23:00;130
28.01.2020;00:00;8
28.01.2020;01:00;0
28.01.2020;02:00;0
28.01.2020;03:00;0
28.01.2020;04:00;0
28.01.2020;05:00;0
28.01.2020;06:00;0
28.01.2020;07:00;0
28.01.2020;08:00;0
28.01.2020;09:00;0
28.01.2020;10:00;0
28.01.2020;11:00;0
28.01.2020;12:00;0
28.01.2020;13:00;0
28.01.2020;14:00;0
28.01.2020;15:00;0
28.01.2020;16:00;0
28.01.2020;17:00;0
28.01.2020;18:00;0
28.01.2020;19:00;0
28.01.2020;20:00;0
28.01.2020;21:00;0
28.01.2020;22:00;0
28.01.2020;23:00;0
29.01.2020;00:00;0
29.01.2020;01:00;0
29.01.2020;02:00;0
29.01.2020;03:00;0
29.01.2020;04:00;0
29.01.2020;05:00;0
29.01.2020;06:00;0
29.01.2020;07:00;0
29.01.2020;08:00;47
29.01.2020;09:00;145
29.01.2020;10:00;284
29.01.2020;11:00;263
29.01.2020;12:00;256
29.01.2020;13:00;261
29.01.2020;14:00;261
29.01.2020;15:00;260
29.01.2020;16:00;259
29.01.2020;17:00;257
29.01.2020;18:00;257
29.01.2020;19:00;259
29.01.2020;20:00;269
29.01.2020;21:00;195
29.01.2020;22:00;1
29.01.2020;23:00;0
30.01.2020;00:00;0
30.01.2020;01:00;0
30.01.2020;02:00;0
30.01.2020;03:00;0
30.01.2020;04:00;0
30.01.2020;05:00;0
30.01.2020;06:00;0
30.01.2020;07:00;0
30.01.2020;08:00;0
30.01.2020;09:00;0
30.01.2020;10:00;0
30.01.2020;11:00;0
30.01.2020;12:00;0
30.01.2020;13:00;0
30.01.2020;14:00;0
30.01.2020;15:00;0
30.01.2020;16:00;0
30.01.2020;17:00;0
30.01.2020;18:00;0
30.01.2020;19:00;0
30.01.2020;20:00;0
30.01.2020;21:00;0
30.01.2020;22:00;0
30.01.2020;23:00;0
31.01.2020;00:00;0
31.01.2020;01:00;0
31.01.2020;02:00;0
31.01.2020;03:00;0
31.01.2020;04:00;0
31.01.2020;05:00;0
31.01.2020;06:00;0
31.01.2020;07:00;0
31.01.2020;08:00;0
31.01.2020;09:00;0
31.01.2020;10:00;0
31.01.2020;11:00;0
31.01.2020;12:00;0
31.01.2020;13:00;0
31.01.2020;14:00;0
31.01.2020;15:00;0
31.01.2020;16:00;0
31.01.2020;17:00;0
31.01.2020;18:00;0
31.01.2020;19:00;0
31.01.2020;20:00;0
31.01.2020;21:00;0
31.01.2020;22:00;0
31.01.2020;23:00;0
01.02.2020;00:00;0
01.02.2020;01:00;0
01.02.2020;02:00;0
01.02.2020;03:00;0
01.02.2020;04:00;0
01.02.2020;05:00;0
01.02.2020;06:00;0
01.02.2020;07:00;0
01.02.2020;08:00;0
01.02.2020;09:00;0
01.02.2020;10:00;0
01.02.2020;11:00;0
01.02.2020;12:00;0
01.02.2020;13:00;0
01.02.2020;14:00;0
01.02.2020;15:00;0
01.02.2020;16:00;0
01.02.2020;17:00;0
01.02.2020;18:00;0
01.02.2020;19:00;0
01.02.2020;20:00;0
01.02.2020;21:00;0
01.02.2020;22:00;0
01.02.2020;23:00;0
02.02.2020;00:00;0
02.02.2020;01:00;0
02.02.2020;02:00;0
02.02.2020;03:00;0
02.02.2020;04:00;0
02.02.2020;05:00;0
02.02.2020;06:00;0
02.02.2020;07:00;0
02.02.2020;08:00;0
02.02.2020;09:00;0
02.02.2020;10:00;0
02.02.2020;11:00;0
02.02.2020;12:00;0
02.02.2020;13:00;0
02.02.2020;14:00;0
02.02.2020;15:00;0
02.02.2020;16:00;0
02.02.2020;17:00;0
02.02.2020;18:00;0
02.02.2020;19:00;0
02.02.2020;20:00;0
02.02.2020;21:00;0
02.02.2020;22:00;0
02.02.2020;23:00;0
03.02.2020;00:00;0
03.02.2020;01:00;0
03.02.2020;02:00;0
03.02.2020;03:00;0
03.02.2020;04:00;0
03.02.2020;05:00;0
03.02.2020;06:00;0
03.02.2020;07:00;0
03.02.2020;08:00;0
03.02.2020;09:00;0
03.02.2020;10:00;0
03.02.2020;11:00;0
03.02.2020;12:00;0
03.02.2020;13:00;0
03.02.2020;14:00;0
03.02.2020;15:00;0
03.02.2020;16:00;0
03.02.2020;17:00;0
03.02.2020;18:00;0
03.02.2020;19:00;0
03.02.2020;20:00;0
03.02.2020;21:00;0
03.02.2020;22:00;0
03.02.2020;23:00;0
04.02.2020;00:00;0
04.02.2020;01:00;0
04.02.2020;02:00;0
04.02.2020;03:00;0
04.02.2020;04:00;0
04.02.2020;05:00;0
04.02.2020;06:00;0
04.02.2020;07:00;0
04.02.2020;08:00;0
04.02.2020;09:00;0
04.02.2020;10:00;0
04.02.2020;11:00;0
04.02.2020;12:00;0
04.02.2020;13:00;0
04.02.2020;14:00;0
04.02.2020;15:00;0
04.02.2020;16:00;0
04.02.2020;17:00;0
04.02.2020;18:00;0
04.02.2020;19:00;0
04.02.2020;20:00;0
04.02.2020;21:00;0
04.02.2020;22:00;0
04.02.2020;23:00;0
05.02.2020;00:00;0
05.02.2020;01:00;0
05.02.2020;02:00;0
05.02.2020;03:00;0
05.02.2020;04:00;0
05.02.2020;05:00;0
05.02.2020;06:00;0
05.02.2020;07:00;0
05.02.2020;08:00;0
05.02.2020;09:00;0
05.02.2020;10:00;0
05.02.2020;11:00;0
05.02.2020;12:00;0
05.02.2020;13:00;0
05.02.2020;14:00;0
05.02.2020;15:00;0
05.02.2020;16:00;0
05.02.2020;17:00;0
05.02.2020;18:00;0
05.02.2020;19:00;0
05.02.2020;20:00;0
05.02.2020;21:00;0
05.02.2020;22:00;0
05.02.2020;23:00;0
06.02.2020;00:00;0
06.02.2020;01:00;0
06.02.2020;02:00;0
06.02.2020;03:00;0
06.02.2020;04:00;0
06.02.2020;05:00;0
06.02.2020;06:00;0
06.02.2020;07:00;0
06.02.2020;08:00;0
06.02.2020;09:00;0
06.02.2020;10:00;0
06.02.2020;11:00;0
06.02.2020;12:00;0
06.02.2020;13:00;0
06.02.2020;14:00;0
06.02.2020;15:00;0
06.02.2020;16:00;0
06.02.2020;17:00;0
06.02.2020;18:00;0
06.02.2020;19:00;0
06.02.2020;20:00;0
06.02.2020;21:00;0
06.02.2020;22:00;0
06.02.2020;23:00;0
07.02.2020;00:00;0
07.02.2020;01:00;0
07.02.2020;02:00;0
07.02.2020;03:00;0
07.02.2020;04:00;0
07.02.2020;05:00;0
07.02.2020;06:00;0
07.02.2020;07:00;0
07.02.2020;08:00;0
07.02.2020;09:00;0
07.02.2020;10:00;0
07.02.2020;11:00;0
07.02.2020;12:00;0
07.02.2020;13:00;0
07.02.2020;14:00;0
07.02.2020;15:00;0
07.02.2020;16:00;0
07.02.2020;17:00;0
07.02.2020;18:00;0
07.02.2020;19:00;0
07.02.2020;20:00;0
07.02.2020;21:00;0
07.02.2020;22:00;0
07.02.2020;23:00;0
08.02.2020;00:00;0
08.02.2020;01:00;0
08.02.2020;02:00;0
08.02.2020;03:00;0
08.02.2020;04:00;0
08.02.2020;05:00;0
08.02.2020;06:00;0
08.02.2020;07:00;0
08.02.2020;08:00;0
08.02.2020;09:00;0
08.02.2020;10:00;0
08.02.2020;11:00;0
08.02.2020;12:00;0
08.02.2020;13:00;0
08.02.2020;14:00;0
08.02.2020;15:00;0
08.02.2020;16:00;0
08.02.2020;17:00;0
08.02.2020;18:00;0
08.02.2020;19:00;0
08.02.2020;20:00;0
08.02.2020;21:00;0
08.02.2020;22:00;0
08.02.2020;23:00;0
09.02.2020;00:00;0
09.02.2020;01:00;0
09.02.2020;02:00;0
09.02.2020;03:00;0
09.02.2020;04:00;0
09.02.2020;05:00;0
09.02.2020;06:00;0
09.02.2020;07:00;0
09.02.2020;08:00;0
09.02.2020;09:00;0
09.02.2020;10:00;0
09.02.2020;11:00;0
09.02.2020;12:00;0
09.02.2020;13:00;0
09.02.2020;14:00;0
09.02.2020;15:00;0
09.02.2020;16:00;0
09.02.2020;17:00;0
09.02.2020;18:00;0
09.02.2020;19:00;0
09.02.2020;20:00;0
09.02.2020;21:00;0
09.02.2020;22:00;0
09.02.2020;23:00;0
10.02.2020;00:00;0
10.02.2020;01:00;0
10.02.2020;02:00;0
10.02.2020;03:00;0
10.02.2020;04:00;0
10.02.2020;05:00;0
10.02.2020;06:00;0
10.02.2020;07:00;0
10.02.2020;08:00;0
10.02.2020;09:00;0
10.02.2020;10:00;0
10.02.2020;11:00;0
10.02.2020;12:00;0
10.02.2020;13:00;0
10.02.2020;14:00;0
10.02.2020;15:00;0
10.02.2020;16:00;0
10.02.2020;17:00;0
10.02.2020;18:00;0
10.02.2020;19:00;0
10.02.2020;20:00;0
10.02.2020;21:00;0
10.02.2020;22:00;0
10.02.2020;23:00;0
11.02.2020;00:00;0
11.02.2020;01:00;0
11.02.2020;02:00;0
11.02.2020;03:00;0
11.02.2020;04:00;0
11.02.2020;05:00;0
11.02.2020;06:00;0
11.02.2020;07:00;0
11.02.2020;08:00;0
11.02.2020;09:00;0
11.02.2020;10:00;0
11.02.2020;11:00;0
11.02.2020;12:00;0
11.02.2020;13:00;0
11.02.2020;14:00;0
11.02.2020;15:00;0
11.02.2020;16:00;0
11.02.2020;17:00;0
11.02.2020;18:00;0
11.02.2020;19:00;0
11.02.2020;20:00;0
11.02.2020;21:00;0
11.02.2020;22:00;0
11.02.2020;23:00;0
12.02.2020;00:00;0
12.02.2020;01:00;0
12.02.2020;02:00;0
12.02.2020;03:00;0
12.02.2020;04:00;0
12.02.2020;05:00;0
12.02.2020;06:00;0
12.02.2020;07:00;0
12.02.2020;08:00;0
12.02.2020;09:00;0
12.02.2020;10:00;0
12.02.2020;11:00;0
12.02.2020;12:00;0
12.02.2020;13:00;0
12.02.2020;14:00;0
12.02.2020;15:00;0
12.02.2020;16:00;0
12.02.2020;17:00;0
12.02.2020;18:00;0
12.02.2020;19:00;0
12.02.2020;20:00;0
12.02.2020;21:00;0
12.02.2020;22:00;0
12.02.2020;23:00;0
13.02.2020;00:00;0
13.02.2020;01:00;0
13.02.2020;02:00;0
13.02.2020;03:00;0
13.02.2020;04:00;0
13.02.2020;05:00;0
13.02.2020;06:00;0
13.02.2020;07:00;0
13.02.2020;08:00;0
13.02.2020;09:00;0
13.02.2020;10:00;0
13.02.2020;11:00;0
13.02.2020;12:00;0
13.02.2020;13:00;0
13.02.2020;14:00;0
13.02.2020;15:00;0
13.02.2020;16:00;0
13.02.2020;17:00;0
13.02.2020;18:00;0
13.02.2020;19:00;0
13.02.2020;20:00;0
13.02.2020;21:00;0
13.02.2020;22:00;0
13.02.2020;23:00;0
14.02.2020;00:00;0
14.02.2020;01:00;0
14.02.2020;02:00;0
14.02.2020;03:00;0
14.02.2020;04:00;0
14.02.2020;05:00;0
14.02.2020;06:00;0
14.02.2020;07:00;0
14.02.2020;08:00;0
14.02.2020;09:00;0
14.02.2020;10:00;0
14.02.2020;11:00;0
14.02.2020;12:00;0
14.02.2020;13:00;0
14.02.2020;14:00;0
14.02.2020;15:00;0
14.02.2020;16:00;0
14.02.2020;17:00;0
14.02.2020;18:00;0
14.02.2020;19:00;0
14.02.2020;20:00;0
14.02.2020;21:00;0
14.02.2020;22:00;0
14.02.2020;23:00;0
15.02.2020;00:00;0
15.02.2020;01:00;0
15.02.2020;02:00;0
15.02.2020;03:00;0
15.02.2020;04:00;0
15.02.2020;05:00;0
15.02.2020;06:00;0
15.02.2020;07:00;0
15.02.2020;08:00;0
15.02.2020;09:00;0
15.02.2020;10:00;0
15.02.2020;11:00;0
15.02.2020;12:00;0
15.02.2020;13:00;0
15.02.2020;14:00;0
15.02.2020;15:00;0
15.02.2020;16:00;0
15.02.2020;17:00;0
15.02.2020;18:00;0
15.02.2020;19:00;0
15.02.2020;20:00;0
15.02.2020;21:00;0
15.02.2020;22:00;0
15.02.2020;23:00;0
16.02.2020;00:00;0
16.02.2020;01:00;0
16.02.2020;02:00;0
16.02.2020;03:00;0
16.02.2020;04:00;0
16.02.2020;05:00;0
16.02.2020;06:00;0
16.02.2020;07:00;0
16.02.2020;08:00;0
16.02.2020;09:00;0
16.02.2020;10:00;0
16.02.2020;11:00;0
16.02.2020;12:00;0
16.02.2020;13:00;0
16.02.2020;14:00;0
16.02.2020;15:00;0
16.02.2020;16:00;0
16.02.2020;17:00;0
16.02.2020;18:00;0
16.02.2020;19:00;0
16.02.2020;20:00;0
16.02.2020;21:00;0
16.02.2020;22:00;0
16.02.2020;23:00;0
17.02.2020;00:00;0
17.02.2020;01:00;0
17.02.2020;02:00;0
17.02.2020;03:00;0
17.02.2020;04:00;0
17.02.2020;05:00;0
17.02.2020;06:00;0
17.02.2020;07:00;0
17.02.2020;08:00;0
17.02.2020;09:00;0
17.02.2020;10:00;0
17.02.2020;11:00;0
17.02.2020;12:00;0
17.02.2020;13:00;0
17.02.2020;14:00;0
17.02.2020;15:00;0
17.02.2020;16:00;0
17.02.2020;17:00;0
17.02.2020;18:00;0
17.02.2020;19:00;0
17.02.2020;20:00;0
17.02.2020;21:00;0
17.02.2020;22:00;0
17.02.2020;23:00;0
18.02.2020;00:00;0
18.02.2020;01:00;0
18.02.2020;02:00;0
18.02.2020;03:00;0
18.02.2020;04:00;0
18.02.2020;05:00;0
18.02.2020;06:00;0
18.02.2020;07:00;0
18.02.2020;08:00;0
18.02.2020;09:00;0
18.02.2020;10:00;0
18.02.2020;11:00;0
18.02.2020;12:00;0
18.02.2020;13:00;0
18.02.2020;14:00;0
18.02.2020;15:00;0
18.02.2020;16:00;0
18.02.2020;17:00;0
18.02.2020;18:00;0
18.02.2020;19:00;0
18.02.2020;20:00;0
18.02.2020;21:00;0
18.02.2020;22:00;0
18.02.2020;23:00;0
19.02.2020;00:00;0
19.02.2020;01:00;0
19.02.2020;02:00;0
19.02.2020;03:00;0
19.02.2020;04:00;0
19.02.2020;05:00;0
19.02.2020;06:00;0
19.02.2020;07:00;0
19.02.2020;08:00;0
19.02.2020;09:00;0
19.02.2020;10:00;0
19.02.2020;11:00;0
19.02.2020;12:00;0
19.02.2020;13:00;0
19.02.2020;14:00;0
19.02.2020;15:00;0
19.02.2020;16:00;0
19.02.2020;17:00;0
19.02.2020;18:00;0
19.02.2020;19:00;0
19.02.2020;20:00;2
19.02.2020;21:00;0
19.02.2020;22:00;0
19.02.2020;23:00;0
20.02.2020;00:00;0
20.02.2020;01:00;0
20.02.2020;02:00;0
20.02.2020;03:00;0
20.02.2020;04:00;0
20.02.2020;05:00;0
20.02.2020;06:00;0
20.02.2020;07:00;0
20.02.2020;08:00;0
20.02.2020;09:00;0
20.02.2020;10:00;0
20.02.2020;11:00;0
20.02.2020;12:00;0
20.02.2020;13:00;0
20.02.2020;14:00;0
20.02.2020;15:00;0
20.02.2020;16:00;0
20.02.2020;17:00;0
20.02.2020;18:00;0
20.02.2020;19:00;0
20.02.2020;20:00;0
20.02.2020;21:00;0
20.02.2020;22:00;0
20.02.2020;23:00;0
21.02.2020;00:00;0
21.02.2020;01:00;0
21.02.2020;02:00;0
21.02.2020;03:00;0
21.02.2020;04:00;0
21.02.2020;05:00;0
21.02.2020;06:00;0
21.02.2020;07:00;0
21.02.2020;08:00;0
21.02.2020;09:00;0
21.02.2020;10:00;0
21.02.2020;11:00;0
21.02.2020;12:00;0
21.02.2020;13:00;0
21.02.2020;14:00;0
21.02.2020;15:00;0
21.02.2020;16:00;0
21.02.2020;17:00;0
21.02.2020;18:00;0
21.02.2020;19:00;0
21.02.2020;20:00;0
21.02.2020;21:00;0
21.02.2020;22:00;0
21.02.2020;23:00;0
22.02.2020;00:00;0
22.02.2020;01:00;0
22.02.2020;02:00;0
22.02.2020;03:00;0
22.02.2020;04:00;0
22.02.2020;05:00;0
22.02.2020;06:00;0
22.02.2020;07:00;0
22.02.2020;08:00;0
22.02.2020;09:00;0
22.02.2020;10:00;0
22.02.2020;11:00;0
22.02.2020;12:00;0
22.02.2020;13:00;0
22.02.2020;14:00;0
22.02.2020;15:00;0
22.02.2020;16:00;0
22.02.2020;17:00;0
22.02.2020;18:00;0
22.02.2020;19:00;0
22.02.2020;20:00;0
22.02.2020;21:00;0
22.02.2020;22:00;0
22.02.2020;23:00;0
23.02.2020;00:00;0
23.02.2020;01:00;0
23.02.2020;02:00;0
23.02.2020;03:00;0
23.02.2020;04:00;0
23.02.2020;05:00;0
23.02.2020;06:00;0
23.02.2020;07:00;0
23.02.2020;08:00;0
23.02.2020;09:00;0
23.02.2020;10:00;0
23.02.2020;11:00;0
23.02.2020;12:00;0
23.02.2020;13:00;0
23.02.2020;14:00;0
23.02.2020;15:00;0
23.02.2020;16:00;0
23.02.2020;17:00;0
23.02.2020;18:00;0
23.02.2020;19:00;0
23.02.2020;20:00;0
23.02.2020;21:00;0
23.02.2020;22:00;0
23.02.2020;23:00;0
24.02.2020;00:00;0
24.02.2020;01:00;0
24.02.2020;02:00;0
24.02.2020;03:00;0
24.02.2020;04:00;0
24.02.2020;05:00;0
24.02.2020;06:00;0
24.02.2020;07:00;33
24.02.2020;08:00;41
24.02.2020;09:00;7
24.02.2020;10:00;3
24.02.2020;11:00;0
24.02.2020;12:00;0
24.02.2020;13:00;0
24.02.2020;14:00;0
24.02.2020;15:00;0
24.02.2020;16:00;0
24.02.2020;17:00;0
24.02.2020;18:00;0
24.02.2020;19:00;0
24.02.2020;20:00;0
24.02.2020;21:00;0
24.02.2020;22:00;0
24.02.2020;23:00;0
25.02.2020;00:00;0
25.02.2020;01:00;0
25.02.2020;02:00;0
25.02.2020;03:00;0
25.02.2020;04:00;0
25.02.2020;05:00;0
25.02.2020;06:00;0
25.02.2020;07:00;0
25.02.2020;08:00;0
25.02.2020;09:00;0
25.02.2020;10:00;0
25.02.2020;11:00;0
25.02.2020;12:00;0
25.02.2020;13:00;0
25.02.2020;14:00;0
25.02.2020;15:00;0
25.02.2020;16:00;0
25.02.2020;17:00;0
25.02.2020;18:00;0
25.02.2020;19:00;0
25.02.2020;20:00;0
25.02.2020;21:00;0
25.02.2020;22:00;0
25.02.2020;23:00;0
26.02.2020;00:00;0
26.02.2020;01:00;0
26.02.2020;02:00;0
26.02.2020;03:00;0
26.02.2020;04:00;0
26.02.2020;05:00;0
26.02.2020;06:00;64
26.02.2020;07:00;173
26.02.2020;08:00;292
26.02.2020;09:00;293
26.02.2020;10:00;272
26.02.2020;11:00;266
26.02.2020;12:00;266
26.02.2020;13:00;265
26.02.2020;14:00;181
26.02.2020;15:00;239
26.02.2020;16:00;258
26.02.2020;17:00;243
26.02.2020;18:00;258
26.02.2020;19:00;246
26.02.2020;20:00;265
26.02.2020;21:00;266
26.02.2020;22:00;270
26.02.2020;23:00;267
27.02.2020;00:00;262
27.02.2020;01:00;262
27.02.2020;02:00;261
27.02.2020;03:00;261
27.02.2020;04:00;262
27.02.2020;05:00;262
27.02.2020;06:00;240
27.02.2020;07:00;240
27.02.2020;08:00;239
27.02.2020;09:00;236
27.02.2020;10:00;232
27.02.2020;11:00;230
27.02.2020;12:00;233
27.02.2020;13:00;231
27.02.2020;14:00;236
27.02.2020;15:00;238
27.02.2020;16:00;237
27.02.2020;17:00;236
27.02.2020;18:00;236
27.02.2020;19:00;232
27.02.2020;20:00;231
27.02.2020;21:00;240
27.02.2020;22:00;238
27.02.2020;23:00;256
28.02.2020;00:00;262
28.02.2020;01:00;264
28.02.2020;02:00;265
28.02.2020;03:00;263
28.02.2020;04:00;264
28.02.2020;05:00;260
28.02.2020;06:00;241
28.02.2020;07:00;239
28.02.2020;08:00;247
28.02.2020;09:00;246
28.02.2020;10:00;268
28.02.2020;11:00;260
28.02.2020;12:00;252
28.02.2020;13:00;196
28.02.2020;14:00;107
28.02.2020;15:00;209
28.02.2020;16:00;188
28.02.2020;17:00;172
28.02.2020;18:00;252
28.02.2020;19:00;97
28.02.2020;20:00;8
28.02.2020;21:00;7
28.02.2020;22:00;6
28.02.2020;23:00;5
29.02.2020;00:00;1
29.02.2020;01:00;1
29.02.2020;02:00;1
29.02.2020;03:00;0
29.02.2020;04:00;0
29.02.2020;05:00;0
29.02.2020;06:00;0
29.02.2020;07:00;0
29.02.2020;08:00;0
29.02.2020;09:00;0
29.02.2020;10:00;0
29.02.2020;11:00;0
29.02.2020;12:00;0
29.02.2020;13:00;0
29.02.2020;14:00;0
29.02.2020;15:00;0
29.02.2020;16:00;0
29.02.2020;17:00;0
29.02.2020;18:00;0
29.02.2020;19:00;0
29.02.2020;20:00;0
29.02.2020;21:00;0
29.02.2020;22:00;0
29.02.2020;23:00;0
01.03.2020;00:00;0
01.03.2020;01:00;0
01.03.2020;02:00;0
01.03.2020;03:00;0
01.03.2020;04:00;0
01.03.2020;05:00;0
01.03.2020;06:00;0
01.03.2020;07:00;0
01.03.2020;08:00;0
01.03.2020;09:00;0
01.03.2020;10:00;0
01.03.2020;11:00;0
01.03.2020;12:00;0
01.03.2020;13:00;0
01.03.2020;14:00;0
01.03.2020;15:00;0
01.03.2020;16:00;0
01.03.2020;17:00;0
01.03.2020;18:00;0
01.03.2020;19:00;0
01.03.2020;20:00;0
01.03.2020;21:00;0
01.03.2020;22:00;0
01.03.2020;23:00;0
02.03.2020;00:00;0
02.03.2020;01:00;0
02.03.2020;02:00;0
02.03.2020;03:00;0
02.03.2020;04:00;0
02.03.2020;05:00;0
02.03.2020;06:00;0
02.03.2020;07:00;53
02.03.2020;08:00;131
02.03.2020;09:00;277
02.03.2020;10:00;257
02.03.2020;11:00;252
02.03.2020;12:00;247
02.03.2020;13:00;244
02.03.2020;14:00;240
02.03.2020;15:00;240
02.03.2020;16:00;241
02.03.2020;17:00;245
02.03.2020;18:00;247
02.03.2020;19:00;249
02.03.2020;20:00;250
02.03.2020;21:00;250
02.03.2020;22:00;250
02.03.2020;23:00;255
03.03.2020;00:00;251
03.03.2020;01:00;74
03.03.2020;02:00;60
03.03.2020;03:00;60
03.03.2020;04:00;129
03.03.2020;05:00;251
03.03.2020;06:00;232
03.03.2020;07:00;232
03.03.2020;08:00;232
03.03.2020;09:00;232
03.03.2020;10:00;240
03.03.2020;11:00;237
03.03.2020;12:00;237
03.03.2020;13:00;238
03.03.2020;14:00;225
03.03.2020;15:00;215
03.03.2020;16:00;211
03.03.2020;17:00;220
03.03.2020;18:00;222
03.03.2020;19:00;223
03.03.2020;20:00;224
03.03.2020;21:00;227
03.03.2020;22:00;233
03.03.2020;23:00;233
04.03.2020;00:00;256
04.03.2020;01:00;264
04.03.2020;02:00;231
04.03.2020;03:00;154
04.03.2020;04:00;262
04.03.2020;05:00;267
04.03.2020;06:00;243
04.03.2020;07:00;243
04.03.2020;08:00;241
04.03.2020;09:00;240
04.03.2020;10:00;234
04.03.2020;11:00;232
04.03.2020;12:00;229
04.03.2020;13:00;227
04.03.2020;14:00;225
04.03.2020;15:00;227
04.03.2020;16:00;228
04.03.2020;17:00;229
04.03.2020;18:00;230
04.03.2020;19:00;230
04.03.2020;20:00;232
04.03.2020;21:00;232
04.03.2020;22:00;235
04.03.2020;23:00;236
05.03.2020;00:00;251
05.03.2020;01:00;248
05.03.2020;02:00;262
05.03.2020;03:00;262
05.03.2020;04:00;261
05.03.2020;05:00;258
05.03.2020;06:00;231
05.03.2020;07:00;213
05.03.2020;08:00;228
05.03.2020;09:00;229
05.03.2020;10:00;228
05.03.2020;11:00;230
05.03.2020;12:00;226
05.03.2020;13:00;219
05.03.2020;14:00;223
05.03.2020;15:00;221
05.03.2020;16:00;210
05.03.2020;17:00;217
05.03.2020;18:00;219
05.03.2020;19:00;223
05.03.2020;20:00;141
05.03.2020;21:00;1
05.03.2020;22:00;0
05.03.2020;23:00;0
06.03.2020;00:00;0
06.03.2020;01:00;0
06.03.2020;02:00;0
06.03.2020;03:00;0
06.03.2020;04:00;0
06.03.2020;05:00;0
06.03.2020;06:00;2
06.03.2020;07:00;53
06.03.2020;08:00;174
06.03.2020;09:00;252
06.03.2020;10:00;233
06.03.2020;11:00;231
06.03.2020;12:00;256
06.03.2020;13:00;257
06.03.2020;14:00;261
06.03.2020;15:00;257
06.03.2020;16:00;258
06.03.2020;17:00;228
06.03.2020;18:00;227
06.03.2020;19:00;229
06.03.2020;20:00;229
06.03.2020;21:00;259
06.03.2020;22:00;262
06.03.2020;23:00;173
07.03.2020;00:00;222
07.03.2020;01:00;264
07.03.2020;02:00;250
07.03.2020;03:00;91
07.03.2020;04:00;58
07.03.2020;05:00;60
07.03.2020;06:00;250
07.03.2020;07:00;273
07.03.2020;08:00;273
07.03.2020;09:00;271
07.03.2020;10:00;264
07.03.2020;11:00;270
07.03.2020;12:00;245
07.03.2020;13:00;81
07.03.2020;14:00;63
07.03.2020;15:00;63
07.03.2020;16:00;172
07.03.2020;17:00;225
07.03.2020;18:00;263
07.03.2020;19:00;262
07.03.2020;20:00;227
07.03.2020;21:00;116
07.03.2020;22:00;1
07.03.2020;23:00;0
08.03.2020;00:00;0
08.03.2020;01:00;0
08.03.2020;02:00;0
08.03.2020;03:00;0
08.03.2020;04:00;0
08.03.2020;05:00;0
08.03.2020;06:00;0
08.03.2020;07:00;0
08.03.2020;08:00;0
08.03.2020;09:00;0
08.03.2020;10:00;0
08.03.2020;11:00;0
08.03.2020;12:00;0
08.03.2020;13:00;0
08.03.2020;14:00;0
08.03.2020;15:00;0
08.03.2020;16:00;0
08.03.2020;17:00;0
08.03.2020;18:00;0
08.03.2020;19:00;0
08.03.2020;20:00;0
08.03.2020;21:00;0
08.03.2020;22:00;0
08.03.2020;23:00;0
09.03.2020;00:00;0
09.03.2020;01:00;0
09.03.2020;02:00;0
09.03.2020;03:00;0
09.03.2020;04:00;45
09.03.2020;05:00;113
09.03.2020;06:00;208
09.03.2020;07:00;269
09.03.2020;08:00;263
09.03.2020;09:00;263
09.03.2020;10:00;260
09.03.2020;11:00;259
09.03.2020;12:00;260
09.03.2020;13:00;260
09.03.2020;14:00;259
09.03.2020;15:00;259
09.03.2020;16:00;257
09.03.2020;17:00;257
09.03.2020;18:00;258
09.03.2020;19:00;289
09.03.2020;20:00;199
09.03.2020;21:00;3
09.03.2020;22:00;0
09.03.2020;23:00;0
10.03.2020;00:00;0
10.03.2020;01:00;0
10.03.2020;02:00;0
10.03.2020;03:00;0
10.03.2020;04:00;0
10.03.2020;05:00;0
10.03.2020;06:00;0
10.03.2020;07:00;0
10.03.2020;08:00;0
10.03.2020;09:00;0
10.03.2020;10:00;0
10.03.2020;11:00;0
10.03.2020;12:00;0
10.03.2020;13:00;0
10.03.2020;14:00;0
10.03.2020;15:00;0
10.03.2020;16:00;0
10.03.2020;17:00;0
10.03.2020;18:00;0
10.03.2020;19:00;0
10.03.2020;20:00;0
10.03.2020;21:00;0
10.03.2020;22:00;0
10.03.2020;23:00;0
11.03.2020;00:00;0
11.03.2020;01:00;0
11.03.2020;02:00;0
11.03.2020;03:00;0
11.03.2020;04:00;0
11.03.2020;05:00;0
11.03.2020;06:00;0
11.03.2020;07:00;0
11.03.2020;08:00;0
11.03.2020;09:00;0
11.03.2020;10:00;0
11.03.2020;11:00;0
11.03.2020;12:00;0
11.03.2020;13:00;0
11.03.2020;14:00;0
11.03.2020;15:00;0
11.03.2020;16:00;0
11.03.2020;17:00;0
11.03.2020;18:00;0
11.03.2020;19:00;0
11.03.2020;20:00;0
11.03.2020;21:00;0
11.03.2020;22:00;0
11.03.2020;23:00;0
12.03.2020;00:00;0
12.03.2020;01:00;0
12.03.2020;02:00;0
12.03.2020;03:00;0
12.03.2020;04:00;0
12.03.2020;05:00;0
12.03.2020;06:00;0
12.03.2020;07:00;0
12.03.2020;08:00;0
12.03.2020;09:00;0
12.03.2020;10:00;0
12.03.2020;11:00;0
12.03.2020;12:00;0
12.03.2020;13:00;0
12.03.2020;14:00;0
12.03.2020;15:00;0
12.03.2020;16:00;0
12.03.2020;17:00;0
12.03.2020;18:00;0
12.03.2020;19:00;0
12.03.2020;20:00;0
12.03.2020;21:00;0
12.03.2020;22:00;0
12.03.2020;23:00;0
13.03.2020;00:00;0
13.03.2020;01:00;0
13.03.2020;02:00;0
13.03.2020;03:00;0
13.03.2020;04:00;0
13.03.2020;05:00;0
13.03.2020;06:00;0
13.03.2020;07:00;0
13.03.2020;08:00;0
13.03.2020;09:00;0
13.03.2020;10:00;0
13.03.2020;11:00;0
13.03.2020;12:00;0
13.03.2020;13:00;0
13.03.2020;14:00;46
13.03.2020;15:00;113
13.03.2020;16:00;53
13.03.2020;17:00;63
13.03.2020;18:00;155
13.03.2020;19:00;279
13.03.2020;20:00;264
13.03.2020;21:00;218
13.03.2020;22:00;246
13.03.2020;23:00;257
14.03.2020;00:00;254
14.03.2020;01:00;253
14.03.2020;02:00;251
14.03.2020;03:00;260
14.03.2020;04:00;251
14.03.2020;05:00;251
14.03.2020;06:00;227
14.03.2020;07:00;250
14.03.2020;08:00;235
14.03.2020;09:00;187
14.03.2020;10:00;142
14.03.2020;11:00;5
14.03.2020;12:00;5
14.03.2020;13:00;3
14.03.2020;14:00;2
14.03.2020;15:00;4
14.03.2020;16:00;2
14.03.2020;17:00;4
14.03.2020;18:00;4
14.03.2020;19:00;3
14.03.2020;20:00;6
14.03.2020;21:00;5
14.03.2020;22:00;2
14.03.2020;23:00;3
15.03.2020;00:00;0
15.03.2020;01:00;0
15.03.2020;02:00;0
15.03.2020;03:00;0
15.03.2020;04:00;0
15.03.2020;05:00;0
15.03.2020;06:00;0
15.03.2020;07:00;0
15.03.2020;08:00;0
15.03.2020;09:00;0
15.03.2020;10:00;0
15.03.2020;11:00;0
15.03.2020;12:00;0
15.03.2020;13:00;0
15.03.2020;14:00;0
15.03.2020;15:00;0
15.03.2020;16:00;0
15.03.2020;17:00;0
15.03.2020;18:00;0
15.03.2020;19:00;0
15.03.2020;20:00;0
15.03.2020;21:00;0
15.03.2020;22:00;0
15.03.2020;23:00;0
16.03.2020;00:00;0
16.03.2020;01:00;0
16.03.2020;02:00;0
16.03.2020;03:00;0
16.03.2020;04:00;0
16.03.2020;05:00;0
16.03.2020;06:00;0
16.03.2020;07:00;0
16.03.2020;08:00;0
16.03.2020;09:00;0
16.03.2020;10:00;0
16.03.2020;11:00;0
16.03.2020;12:00;0
16.03.2020;13:00;0
16.03.2020;14:00;0
16.03.2020;15:00;42
16.03.2020;16:00;134
16.03.2020;17:00;254
16.03.2020;18:00;254
16.03.2020;19:00;255
16.03.2020;20:00;257
16.03.2020;21:00;259
16.03.2020;22:00;258
16.03.2020;23:00;259
17.03.2020;00:00;264
17.03.2020;01:00;265
17.03.2020;02:00;266
17.03.2020;03:00;265
17.03.2020;04:00;267
17.03.2020;05:00;270
17.03.2020;06:00;271
17.03.2020;07:00;275
17.03.2020;08:00;277
17.03.2020;09:00;277
17.03.2020;10:00;274
17.03.2020;11:00;274
17.03.2020;12:00;264
17.03.2020;13:00;255
17.03.2020;14:00;169
17.03.2020;15:00;188
17.03.2020;16:00;259
17.03.2020;17:00;255
17.03.2020;18:00;254
17.03.2020;19:00;254
17.03.2020;20:00;254
17.03.2020;21:00;257
17.03.2020;22:00;254
17.03.2020;23:00;131
18.03.2020;00:00;100
18.03.2020;01:00;1
18.03.2020;02:00;0
18.03.2020;03:00;0
18.03.2020;04:00;0
18.03.2020;05:00;0
18.03.2020;06:00;0
18.03.2020;07:00;0
18.03.2020;08:00;0
18.03.2020;09:00;0
18.03.2020;10:00;0
18.03.2020;11:00;0
18.03.2020;12:00;0
18.03.2020;13:00;0
18.03.2020;14:00;0
18.03.2020;15:00;0
18.03.2020;16:00;0
18.03.2020;17:00;0
18.03.2020;18:00;0
18.03.2020;19:00;0
18.03.2020;20:00;0
18.03.2020;21:00;0
18.03.2020;22:00;0
18.03.2020;23:00;0
19.03.2020;00:00;0
19.03.2020;01:00;0
19.03.2020;02:00;0
19.03.2020;03:00;0
19.03.2020;04:00;0
19.03.2020;05:00;54
19.03.2020;06:00;126
19.03.2020;07:00;123
19.03.2020;08:00;120
19.03.2020;09:00;123
19.03.2020;10:00;165
19.03.2020;11:00;215
19.03.2020;12:00;166
19.03.2020;13:00;158
19.03.2020;14:00;225
19.03.2020;15:00;261
19.03.2020;16:00;208
19.03.2020;17:00;243
19.03.2020;18:00;264
19.03.2020;19:00;267
19.03.2020;20:00;266
19.03.2020;21:00;269
19.03.2020;22:00;270
19.03.2020;23:00;267
20.03.2020;00:00;271
20.03.2020;01:00;273
20.03.2020;02:00;276
20.03.2020;03:00;275
20.03.2020;04:00;276
20.03.2020;05:00;276
20.03.2020;06:00;272
20.03.2020;07:00;260
20.03.2020;08:00;253
20.03.2020;09:00;266
20.03.2020;10:00;192
20.03.2020;11:00;3
20.03.2020;12:00;0
20.03.2020;13:00;0
20.03.2020;14:00;0
20.03.2020;15:00;0
20.03.2020;16:00;0
20.03.2020;17:00;0
20.03.2020;18:00;0
20.03.2020;19:00;45
20.03.2020;20:00;0
20.03.2020;21:00;0
20.03.2020;22:00;0
20.03.2020;23:00;0
21.03.2020;00:00;0
21.03.2020;01:00;0
21.03.2020;02:00;0
21.03.2020;03:00;0
21.03.2020;04:00;0
21.03.2020;05:00;0
21.03.2020;06:00;0
21.03.2020;07:00;0
21.03.2020;08:00;0
21.03.2020;09:00;0
21.03.2020;10:00;0
21.03.2020;11:00;0
21.03.2020;12:00;0
21.03.2020;13:00;0
21.03.2020;14:00;0
21.03.2020;15:00;0
21.03.2020;16:00;0
21.03.2020;17:00;0
21.03.2020;18:00;0
21.03.2020;19:00;0
21.03.2020;20:00;0
21.03.2020;21:00;0
21.03.2020;22:00;0
21.03.2020;23:00;0
22.03.2020;00:00;0
22.03.2020;01:00;0
22.03.2020;02:00;0
22.03.2020;03:00;0
22.03.2020;04:00;0
22.03.2020;05:00;0
22.03.2020;06:00;0
22.03.2020;07:00;0
22.03.2020;08:00;0
22.03.2020;09:00;0
22.03.2020;10:00;0
22.03.2020;11:00;0
22.03.2020;12:00;0
22.03.2020;13:00;0
22.03.2020;14:00;0
22.03.2020;15:00;0
22.03.2020;16:00;0
22.03.2020;17:00;0
22.03.2020;18:00;0
22.03.2020;19:00;0
22.03.2020;20:00;0
22.03.2020;21:00;0
22.03.2020;22:00;0
22.03.2020;23:00;0
23.03.2020;00:00;0
23.03.2020;01:00;0
23.03.2020;02:00;0
23.03.2020;03:00;0
23.03.2020;04:00;0
23.03.2020;05:00;0
23.03.2020;06:00;0
23.03.2020;07:00;0
23.03.2020;08:00;0
23.03.2020;09:00;0
23.03.2020;10:00;0
23.03.2020;11:00;0
23.03.2020;12:00;0
23.03.2020;13:00;0
23.03.2020;14:00;0
23.03.2020;15:00;0
23.03.2020;16:00;0
23.03.2020;17:00;0
23.03.2020;18:00;0
23.03.2020;19:00;0
23.03.2020;20:00;0
23.03.2020;21:00;0
23.03.2020;22:00;0
23.03.2020;23:00;0
24.03.2020;00:00;0
24.03.2020;01:00;0
24.03.2020;02:00;0
24.03.2020;03:00;0
24.03.2020;04:00;0
24.03.2020;05:00;38
24.03.2020;06:00;46
24.03.2020;07:00;11
24.03.2020;08:00;0
24.03.2020;09:00;0
24.03.2020;10:00;0
24.03.2020;11:00;0
24.03.2020;12:00;0
24.03.2020;13:00;0
24.03.2020;14:00;0
24.03.2020;15:00;0
24.03.2020;16:00;0
24.03.2020;17:00;0
24.03.2020;18:00;0
24.03.2020;19:00;0
24.03.2020;20:00;0
24.03.2020;21:00;0
24.03.2020;22:00;0
24.03.2020;23:00;0
25.03.2020;00:00;0
25.03.2020;01:00;0
25.03.2020;02:00;0
25.03.2020;03:00;0
25.03.2020;04:00;0
25.03.2020;05:00;0
25.03.2020;06:00;0
25.03.2020;07:00;0
25.03.2020;08:00;0
25.03.2020;09:00;0
25.03.2020;10:00;0
25.03.2020;11:00;0
25.03.2020;12:00;0
25.03.2020;13:00;0
25.03.2020;14:00;0
25.03.2020;15:00;0
25.03.2020;16:00;0
25.03.2020;17:00;0
25.03.2020;18:00;0
25.03.2020;19:00;0
25.03.2020;20:00;0
25.03.2020;21:00;0
25.03.2020;22:00;0
25.03.2020;23:00;0
26.03.2020;00:00;0
26.03.2020;01:00;0
26.03.2020;02:00;0
26.03.2020;03:00;0
26.03.2020;04:00;0
26.03.2020;05:00;0
26.03.2020;06:00;0
26.03.2020;07:00;0
26.03.2020;08:00;0
26.03.2020;09:00;0
26.03.2020;10:00;0
26.03.2020;11:00;0
26.03.2020;12:00;0
26.03.2020;13:00;0
26.03.2020;14:00;0
26.03.2020;15:00;0
26.03.2020;16:00;0
26.03.2020;17:00;0
26.03.2020;18:00;0
26.03.2020;19:00;0
26.03.2020;20:00;0
26.03.2020;21:00;0
26.03.2020;22:00;0
26.03.2020;23:00;0
27.03.2020;00:00;0
27.03.2020;01:00;0
27.03.2020;02:00;0
27.03.2020;03:00;0
27.03.2020;04:00;0
27.03.2020;05:00;0
27.03.2020;06:00;0
27.03.2020;07:00;0
27.03.2020;08:00;0
27.03.2020;09:00;0
27.03.2020;10:00;0
27.03.2020;11:00;0
27.03.2020;12:00;0
27.03.2020;13:00;0
27.03.2020;14:00;0
27.03.2020;15:00;0
27.03.2020;16:00;0
27.03.2020;17:00;11
27.03.2020;18:00;105
27.03.2020;19:00;189
27.03.2020;20:00;18
27.03.2020;21:00;0
27.03.2020;22:00;0
27.03.2020;23:00;0
28.03.2020;00:00;0
28.03.2020;01:00;0
28.03.2020;02:00;0
28.03.2020;03:00;0
28.03.2020;04:00;0
28.03.2020;05:00;0
28.03.2020;06:00;0
28.03.2020;07:00;0
28.03.2020;08:00;0
28.03.2020;09:00;0
28.03.2020;10:00;0
28.03.2020;11:00;0
28.03.2020;12:00;0
28.03.2020;13:00;0
28.03.2020;14:00;0
28.03.2020;15:00;0
28.03.2020;16:00;0
28.03.2020;17:00;0
28.03.2020;18:00;0
28.03.2020;19:00;0
28.03.2020;20:00;0
28.03.2020;21:00;0
28.03.2020;22:00;0
28.03.2020;23:00;0
29.03.2020;00:00;0
29.03.2020;01:00;0
29.03.2020;03:00;0
29.03.2020;04:00;0
29.03.2020;05:00;0
29.03.2020;06:00;0
29.03.2020;07:00;0
29.03.2020;08:00;0
29.03.2020;09:00;0
29.03.2020;10:00;0
29.03.2020;11:00;0
29.03.2020;12:00;0
29.03.2020;13:00;0
29.03.2020;14:00;0
29.03.2020;15:00;0
29.03.2020;16:00;0
29.03.2020;17:00;0
29.03.2020;18:00;0
29.03.2020;19:00;0
29.03.2020;20:00;0
29.03.2020;21:00;0
29.03.2020;22:00;0
29.03.2020;23:00;0
30.03.2020;00:00;0
30.03.2020;01:00;0
30.03.2020;02:00;0
30.03.2020;03:00;0
30.03.2020;04:00;0
30.03.2020;05:00;0
30.03.2020;06:00;0
30.03.2020;07:00;0
30.03.2020;08:00;0
30.03.2020;09:00;0
30.03.2020;10:00;0
30.03.2020;11:00;0
30.03.2020;12:00;0
30.03.2020;13:00;0
30.03.2020;14:00;0
30.03.2020;15:00;0
30.03.2020;16:00;0
30.03.2020;17:00;0
30.03.2020;18:00;0
30.03.2020;19:00;0
30.03.2020;20:00;0
30.03.2020;21:00;0
30.03.2020;22:00;0
30.03.2020;23:00;0
31.03.2020;00:00;0
31.03.2020;01:00;0
31.03.2020;02:00;0
31.03.2020;03:00;0
31.03.2020;04:00;0
31.03.2020;05:00;64
31.03.2020;06:00;149
31.03.2020;07:00;267
31.03.2020;08:00;266
31.03.2020;09:00;160
31.03.2020;10:00;242
31.03.2020;11:00;264
31.03.2020;12:00;269
31.03.2020;13:00;263
31.03.2020;14:00;258
31.03.2020;15:00;212
31.03.2020;16:00;253
31.03.2020;17:00;232
31.03.2020;18:00;246
31.03.2020;19:00;237
31.03.2020;20:00;242
31.03.2020;21:00;247
31.03.2020;22:00;251
31.03.2020;23:00;176
01.04.2020;00:00;3
01.04.2020;01:00;0
01.04.2020;02:00;0
01.04.2020;03:00;0
01.04.2020;04:00;0
01.04.2020;05:00;0
01.04.2020;06:00;0
01.04.2020;07:00;0
01.04.2020;08:00;0
01.04.2020;09:00;0
01.04.2020;10:00;0
01.04.2020;11:00;0
01.04.2020;12:00;0
01.04.2020;13:00;0
01.04.2020;14:00;0
01.04.2020;15:00;0
01.04.2020;16:00;0
01.04.2020;17:00;0
01.04.2020;18:00;0
01.04.2020;19:00;0
01.04.2020;20:00;0
01.04.2020;21:00;0
01.04.2020;22:00;0
01.04.2020;23:00;0
02.04.2020;00:00;0
02.04.2020;01:00;0
02.04.2020;02:00;0
02.04.2020;03:00;0
02.04.2020;04:00;0
02.04.2020;05:00;0
02.04.2020;06:00;0
02.04.2020;07:00;0
02.04.2020;08:00;0
02.04.2020;09:00;0
02.04.2020;10:00;0
02.04.2020;11:00;0
02.04.2020;12:00;0
02.04.2020;13:00;0
02.04.2020;14:00;0
02.04.2020;15:00;0
02.04.2020;16:00;0
02.04.2020;17:00;0
02.04.2020;18:00;0
02.04.2020;19:00;0
02.04.2020;20:00;0
02.04.2020;21:00;0
02.04.2020;22:00;0
02.04.2020;23:00;0
03.04.2020;00:00;0
03.04.2020;01:00;0
03.04.2020;02:00;0
03.04.2020;03:00;0
03.04.2020;04:00;0
03.04.2020;05:00;0
03.04.2020;06:00;0
03.04.2020;07:00;0
03.04.2020;08:00;0
03.04.2020;09:00;0
03.04.2020;10:00;0
03.04.2020;11:00;0
03.04.2020;12:00;0
03.04.2020;13:00;0
03.04.2020;14:00;0
03.04.2020;15:00;0
03.04.2020;16:00;0
03.04.2020;17:00;0
03.04.2020;18:00;0
03.04.2020;19:00;0
03.04.2020;20:00;0
03.04.2020;21:00;0
03.04.2020;22:00;0
03.04.2020;23:00;0
04.04.2020;00:00;0
04.04.2020;01:00;0
04.04.2020;02:00;0
04.04.2020;03:00;0
04.04.2020;04:00;0
04.04.2020;05:00;0
04.04.2020;06:00;0
04.04.2020;07:00;0
04.04.2020;08:00;0
04.04.2020;09:00;0
04.04.2020;10:00;0
04.04.2020;11:00;0
04.04.2020;12:00;0
04.04.2020;13:00;0
04.04.2020;14:00;0
04.04.2020;15:00;0
04.04.2020;16:00;0
04.04.2020;17:00;0
04.04.2020;18:00;0
04.04.2020;19:00;0
04.04.2020;20:00;0
04.04.2020;21:00;0
04.04.2020;22:00;0
04.04.2020;23:00;0
05.04.2020;00:00;0
05.04.2020;01:00;0
05.04.2020;02:00;0
05.04.2020;03:00;0
05.04.2020;04:00;0
05.04.2020;05:00;0
05.04.2020;06:00;0
05.04.2020;07:00;0
05.04.2020;08:00;0
05.04.2020;09:00;0
05.04.2020;10:00;0
05.04.2020;11:00;0
05.04.2020;12:00;0
05.04.2020;13:00;0
05.04.2020;14:00;0
05.04.2020;15:00;0
05.04.2020;16:00;0
05.04.2020;17:00;0
05.04.2020;18:00;0
05.04.2020;19:00;0
05.04.2020;20:00;0
05.04.2020;21:00;0
05.04.2020;22:00;0
05.04.2020;23:00;0
06.04.2020;00:00;0
06.04.2020;01:00;0
06.04.2020;02:00;0
06.04.2020;03:00;0
06.04.2020;04:00;0
06.04.2020;05:00;0
06.04.2020;06:00;0
06.04.2020;07:00;0
06.04.2020;08:00;0
06.04.2020;09:00;0
06.04.2020;10:00;0
06.04.2020;11:00;0
06.04.2020;12:00;0
06.04.2020;13:00;0
06.04.2020;14:00;0
06.04.2020;15:00;0
06.04.2020;16:00;0
06.04.2020;17:00;0
06.04.2020;18:00;0
06.04.2020;19:00;0
06.04.2020;20:00;0
06.04.2020;21:00;0
06.04.2020;22:00;0
06.04.2020;23:00;0
07.04.2020;00:00;0
07.04.2020;01:00;0
07.04.2020;02:00;0
07.04.2020;03:00;0
07.04.2020;04:00;0
07.04.2020;05:00;0
07.04.2020;06:00;0
07.04.2020;07:00;0
07.04.2020;08:00;0
07.04.2020;09:00;0
07.04.2020;10:00;0
07.04.2020;11:00;0
07.04.2020;12:00;0
07.04.2020;13:00;0
07.04.2020;14:00;0
07.04.2020;15:00;0
07.04.2020;16:00;0
07.04.2020;17:00;0
07.04.2020;18:00;0
07.04.2020;19:00;0
07.04.2020;20:00;0
07.04.2020;21:00;0
07.04.2020;22:00;0
07.04.2020;23:00;0
08.04.2020;00:00;0
08.04.2020;01:00;0
08.04.2020;02:00;0
08.04.2020;03:00;0
08.04.2020;04:00;0
08.04.2020;05:00;0
08.04.2020;06:00;0
08.04.2020;07:00;0
08.04.2020;08:00;0
08.04.2020;09:00;0
08.04.2020;10:00;0
08.04.2020;11:00;0
08.04.2020;12:00;0
08.04.2020;13:00;0
08.04.2020;14:00;0
08.04.2020;15:00;0
08.04.2020;16:00;34
08.04.2020;17:00;125
08.04.2020;18:00;226
08.04.2020;19:00;242
08.04.2020;20:00;241
08.04.2020;21:00;256
08.04.2020;22:00;255
08.04.2020;23:00;260
09.04.2020;00:00;260
09.04.2020;01:00;263
09.04.2020;02:00;267
09.04.2020;03:00;264
09.04.2020;04:00;264
09.04.2020;05:00;243
09.04.2020;06:00;252
09.04.2020;07:00;258
09.04.2020;08:00;273
09.04.2020;09:00;148
09.04.2020;10:00;15
09.04.2020;11:00;0
09.04.2020;12:00;0
09.04.2020;13:00;0
09.04.2020;14:00;0
09.04.2020;15:00;0
09.04.2020;16:00;0
09.04.2020;17:00;0
09.04.2020;18:00;0
09.04.2020;19:00;0
09.04.2020;20:00;0
09.04.2020;21:00;0
09.04.2020;22:00;0
09.04.2020;23:00;0
10.04.2020;00:00;0
10.04.2020;01:00;0
10.04.2020;02:00;0
10.04.2020;03:00;0
10.04.2020;04:00;0
10.04.2020;05:00;0
10.04.2020;06:00;0
10.04.2020;07:00;0
10.04.2020;08:00;0
10.04.2020;09:00;0
10.04.2020;10:00;0
10.04.2020;11:00;0
10.04.2020;12:00;0
10.04.2020;13:00;0
10.04.2020;14:00;0
10.04.2020;15:00;0
10.04.2020;16:00;0
10.04.2020;17:00;0
10.04.2020;18:00;0
10.04.2020;19:00;0
10.04.2020;20:00;0
10.04.2020;21:00;0
10.04.2020;22:00;0
10.04.2020;23:00;0
11.04.2020;00:00;0
11.04.2020;01:00;0
11.04.2020;02:00;0
11.04.2020;03:00;0
11.04.2020;04:00;0
11.04.2020;05:00;0
11.04.2020;06:00;0
11.04.2020;07:00;0
11.04.2020;08:00;0
11.04.2020;09:00;0
11.04.2020;10:00;0
11.04.2020;11:00;0
11.04.2020;12:00;0
11.04.2020;13:00;0
11.04.2020;14:00;0
11.04.2020;15:00;0
11.04.2020;16:00;0
11.04.2020;17:00;0
11.04.2020;18:00;0
11.04.2020;19:00;0
11.04.2020;20:00;0
11.04.2020;21:00;0
11.04.2020;22:00;0
11.04.2020;23:00;0
12.04.2020;00:00;0
12.04.2020;01:00;0
12.04.2020;02:00;0
12.04.2020;03:00;0
12.04.2020;04:00;0
12.04.2020;05:00;0
12.04.2020;06:00;0
12.04.2020;07:00;0
12.04.2020;08:00;0
12.04.2020;09:00;0
12.04.2020;10:00;0
12.04.2020;11:00;0
12.04.2020;12:00;0
12.04.2020;13:00;0
12.04.2020;14:00;0
12.04.2020;15:00;0
12.04.2020;16:00;0
12.04.2020;17:00;0
12.04.2020;18:00;0
12.04.2020;19:00;0
12.04.2020;20:00;0
12.04.2020;21:00;0
12.04.2020;22:00;0
12.04.2020;23:00;0
13.04.2020;00:00;0
13.04.2020;01:00;0
13.04.2020;02:00;0
13.04.2020;03:00;0
13.04.2020;04:00;0
13.04.2020;05:00;0
13.04.2020;06:00;0
13.04.2020;07:00;0
13.04.2020;08:00;0
13.04.2020;09:00;0
13.04.2020;10:00;0
13.04.2020;11:00;0
13.04.2020;12:00;0
13.04.2020;13:00;0
13.04.2020;14:00;0
13.04.2020;15:00;0
13.04.2020;16:00;0
13.04.2020;17:00;0
13.04.2020;18:00;0
13.04.2020;19:00;0
13.04.2020;20:00;0
13.04.2020;21:00;0
13.04.2020;22:00;0
13.04.2020;23:00;0
14.04.2020;00:00;0
14.04.2020;01:00;0
14.04.2020;02:00;0
14.04.2020;03:00;0
14.04.2020;04:00;0
14.04.2020;05:00;0
14.04.2020;06:00;0
14.04.2020;07:00;0
14.04.2020;08:00;0
14.04.2020;09:00;0
14.04.2020;10:00;0
14.04.2020;11:00;0
14.04.2020;12:00;0
14.04.2020;13:00;0
14.04.2020;14:00;0
14.04.2020;15:00;0
14.04.2020;16:00;0
14.04.2020;17:00;0
14.04.2020;18:00;0
14.04.2020;19:00;0
14.04.2020;20:00;0
14.04.2020;21:00;0
14.04.2020;22:00;0
14.04.2020;23:00;0
15.04.2020;00:00;0
15.04.2020;01:00;0
15.04.2020;02:00;0
15.04.2020;03:00;0
15.04.2020;04:00;0
15.04.2020;05:00;0
15.04.2020;06:00;0
15.04.2020;07:00;0
15.04.2020;08:00;0
15.04.2020;09:00;0
15.04.2020;10:00;0
15.04.2020;11:00;0
15.04.2020;12:00;0
15.04.2020;13:00;0
15.04.2020;14:00;0
15.04.2020;15:00;0
15.04.2020;16:00;0
15.04.2020;17:00;0
15.04.2020;18:00;0
15.04.2020;19:00;0
15.04.2020;20:00;0
15.04.2020;21:00;0
15.04.2020;22:00;0
15.04.2020;23:00;0
16.04.2020;00:00;0
16.04.2020;01:00;0
16.04.2020;02:00;0
16.04.2020;03:00;0
16.04.2020;04:00;25
16.04.2020;05:00;35
16.04.2020;06:00;110
16.04.2020;07:00;240
16.04.2020;08:00;241
16.04.2020;09:00;200
16.04.2020;10:00;142
16.04.2020;11:00;129
16.04.2020;12:00;73
16.04.2020;13:00;73
16.04.2020;14:00;76
16.04.2020;15:00;217
16.04.2020;16:00;238
16.04.2020;17:00;238
16.04.2020;18:00;239
16.04.2020;19:00;240
16.04.2020;20:00;239
16.04.2020;21:00;246
16.04.2020;22:00;244
16.04.2020;23:00;252
17.04.2020;00:00;260
17.04.2020;01:00;264
17.04.2020;02:00;264
17.04.2020;03:00;265
17.04.2020;04:00;268
17.04.2020;05:00;265
17.04.2020;06:00;263
17.04.2020;07:00;236
17.04.2020;08:00;236
17.04.2020;09:00;232
17.04.2020;10:00;228
17.04.2020;11:00;256
17.04.2020;12:00;183
17.04.2020;13:00;166
17.04.2020;14:00;199
17.04.2020;15:00;194
17.04.2020;16:00;209
17.04.2020;17:00;248
17.04.2020;18:00;195
17.04.2020;19:00;209
17.04.2020;20:00;212
17.04.2020;21:00;216
17.04.2020;22:00;219
17.04.2020;23:00;132
18.04.2020;00:00;3
18.04.2020;01:00;0
18.04.2020;02:00;0
18.04.2020;03:00;0
18.04.2020;04:00;0
18.04.2020;05:00;0
18.04.2020;06:00;0
18.04.2020;07:00;0
18.04.2020;08:00;0
18.04.2020;09:00;0
18.04.2020;10:00;0
18.04.2020;11:00;0
18.04.2020;12:00;0
18.04.2020;13:00;0
18.04.2020;14:00;0
18.04.2020;15:00;0
18.04.2020;16:00;0
18.04.2020;17:00;0
18.04.2020;18:00;0
18.04.2020;19:00;0
18.04.2020;20:00;0
18.04.2020;21:00;0
18.04.2020;22:00;0
18.04.2020;23:00;0
19.04.2020;00:00;0
19.04.2020;01:00;0
19.04.2020;02:00;0
19.04.2020;03:00;0
19.04.2020;04:00;0
19.04.2020;05:00;0
19.04.2020;06:00;0
19.04.2020;07:00;0
19.04.2020;08:00;0
19.04.2020;09:00;0
19.04.2020;10:00;0
19.04.2020;11:00;0
19.04.2020;12:00;0
19.04.2020;13:00;0
19.04.2020;14:00;0
19.04.2020;15:00;0
19.04.2020;16:00;0
19.04.2020;17:00;0
19.04.2020;18:00;0
19.04.2020;19:00;0
19.04.2020;20:00;0
19.04.2020;21:00;0
19.04.2020;22:00;0
19.04.2020;23:00;0
20.04.2020;00:00;0
20.04.2020;01:00;0
20.04.2020;02:00;0
20.04.2020;03:00;0
20.04.2020;04:00;0
20.04.2020;05:00;0
20.04.2020;06:00;0
20.04.2020;07:00;0
20.04.2020;08:00;0
20.04.2020;09:00;0
20.04.2020;10:00;0
20.04.2020;11:00;0
20.04.2020;12:00;0
20.04.2020;13:00;0
20.04.2020;14:00;0
20.04.2020;15:00;0
20.04.2020;16:00;0
20.04.2020;17:00;0
20.04.2020;18:00;0
20.04.2020;19:00;0
20.04.2020;20:00;0
20.04.2020;21:00;0
20.04.2020;22:00;0
20.04.2020;23:00;0
21.04.2020;00:00;0
21.04.2020;01:00;0
21.04.2020;02:00;0
21.04.2020;03:00;0
21.04.2020;04:00;0
21.04.2020;05:00;0
21.04.2020;06:00;0
21.04.2020;07:00;0
21.04.2020;08:00;0
21.04.2020;09:00;0
21.04.2020;10:00;0
21.04.2020;11:00;0
21.04.2020;12:00;0
21.04.2020;13:00;0
21.04.2020;14:00;0
21.04.2020;15:00;0
21.04.2020;16:00;0
21.04.2020;17:00;0
21.04.2020;18:00;0
21.04.2020;19:00;0
21.04.2020;20:00;0
21.04.2020;21:00;0
21.04.2020;22:00;0
21.04.2020;23:00;0
22.04.2020;00:00;0
22.04.2020;01:00;0
22.04.2020;02:00;0
22.04.2020;03:00;0
22.04.2020;04:00;0
22.04.2020;05:00;0
22.04.2020;06:00;0
22.04.2020;07:00;0
22.04.2020;08:00;0
22.04.2020;09:00;0
22.04.2020;10:00;0
22.04.2020;11:00;0
22.04.2020;12:00;0
22.04.2020;13:00;0
22.04.2020;14:00;0
22.04.2020;15:00;0
22.04.2020;16:00;0
22.04.2020;17:00;0
22.04.2020;18:00;0
22.04.2020;19:00;0
22.04.2020;20:00;0
22.04.2020;21:00;0
22.04.2020;22:00;0
22.04.2020;23:00;0
23.04.2020;00:00;0
23.04.2020;01:00;0
23.04.2020;02:00;0
23.04.2020;03:00;29
23.04.2020;04:00;122
23.04.2020;05:00;232
23.04.2020;06:00;272
23.04.2020;07:00;286
23.04.2020;08:00;278
23.04.2020;09:00;271
23.04.2020;10:00;265
23.04.2020;11:00;196
23.04.2020;12:00;140
23.04.2020;13:00;221
23.04.2020;14:00;131
23.04.2020;15:00;102
23.04.2020;16:00;100
23.04.2020;17:00;111
23.04.2020;18:00;199
23.04.2020;19:00;201
23.04.2020;20:00;202
23.04.2020;21:00;210
23.04.2020;22:00;218
23.04.2020;23:00;223
24.04.2020;00:00;217
24.04.2020;01:00;200
24.04.2020;02:00;242
24.04.2020;03:00;267
24.04.2020;04:00;267
24.04.2020;05:00;239
24.04.2020;06:00;239
24.04.2020;07:00;240
24.04.2020;08:00;121
24.04.2020;09:00;0
24.04.2020;10:00;0
24.04.2020;11:00;0
24.04.2020;12:00;0
24.04.2020;13:00;0
24.04.2020;14:00;0
24.04.2020;15:00;0
24.04.2020;16:00;0
24.04.2020;17:00;0
24.04.2020;18:00;0
24.04.2020;19:00;0
24.04.2020;20:00;0
24.04.2020;21:00;0
24.04.2020;22:00;0
24.04.2020;23:00;0
25.04.2020;00:00;0
25.04.2020;01:00;0
25.04.2020;02:00;0
25.04.2020;03:00;0
25.04.2020;04:00;0
25.04.2020;05:00;0
25.04.2020;06:00;0
25.04.2020;07:00;0
25.04.2020;08:00;0
25.04.2020;09:00;0
25.04.2020;10:00;0
25.04.2020;11:00;0
25.04.2020;12:00;0
25.04.2020;13:00;0
25.04.2020;14:00;0
25.04.2020;15:00;0
25.04.2020;16:00;0
25.04.2020;17:00;0
25.04.2020;18:00;0
25.04.2020;19:00;0
25.04.2020;20:00;0
25.04.2020;21:00;0
25.04.2020;22:00;0
25.04.2020;23:00;0
26.04.2020;00:00;0
26.04.2020;01:00;0
26.04.2020;02:00;0
26.04.2020;03:00;0
26.04.2020;04:00;0
26.04.2020;05:00;0
26.04.2020;06:00;0
26.04.2020;07:00;0
26.04.2020;08:00;0
26.04.2020;09:00;0
26.04.2020;10:00;0
26.04.2020;11:00;0
26.04.2020;12:00;0
26.04.2020;13:00;0
26.04.2020;14:00;0
26.04.2020;15:00;0
26.04.2020;16:00;0
26.04.2020;17:00;0
26.04.2020;18:00;0
26.04.2020;19:00;0
26.04.2020;20:00;0
26.04.2020;21:00;0
26.04.2020;22:00;0
26.04.2020;23:00;0
27.04.2020;00:00;0
27.04.2020;01:00;0
27.04.2020;02:00;0
27.04.2020;03:00;0
27.04.2020;04:00;26
27.04.2020;05:00;123
27.04.2020;06:00;276
27.04.2020;07:00;264
27.04.2020;08:00;263
27.04.2020;09:00;259
27.04.2020;10:00;233
27.04.2020;11:00;71
27.04.2020;12:00;77
27.04.2020;13:00;103
27.04.2020;14:00;96
27.04.2020;15:00;73
27.04.2020;16:00;75
27.04.2020;17:00;236
27.04.2020;18:00;243
27.04.2020;19:00;241
27.04.2020;20:00;239
27.04.2020;21:00;240
27.04.2020;22:00;247
27.04.2020;23:00;248
28.04.2020;00:00;222
28.04.2020;01:00;223
28.04.2020;02:00;194
28.04.2020;03:00;220
28.04.2020;04:00;226
28.04.2020;05:00;227
28.04.2020;06:00;227
28.04.2020;07:00;224
28.04.2020;08:00;221
28.04.2020;09:00;218
28.04.2020;10:00;216
28.04.2020;11:00;217
28.04.2020;12:00;207
28.04.2020;13:00;203
28.04.2020;14:00;206
28.04.2020;15:00;208
28.04.2020;16:00;213
28.04.2020;17:00;213
28.04.2020;18:00;214
28.04.2020;19:00;213
28.04.2020;20:00;212
28.04.2020;21:00;214
28.04.2020;22:00;218
28.04.2020;23:00;252
29.04.2020;00:00;252
29.04.2020;01:00;206
29.04.2020;02:00;185
29.04.2020;03:00;248
29.04.2020;04:00;257
29.04.2020;05:00;260
29.04.2020;06:00;231
29.04.2020;07:00;230
29.04.2020;08:00;229
29.04.2020;09:00;228
29.04.2020;10:00;229
29.04.2020;11:00;228
29.04.2020;12:00;226
29.04.2020;13:00;222
29.04.2020;14:00;253
29.04.2020;15:00;255
29.04.2020;16:00;249
29.04.2020;17:00;213
29.04.2020;18:00;212
29.04.2020;19:00;215
29.04.2020;20:00;216
29.04.2020;21:00;219
29.04.2020;22:00;226
29.04.2020;23:00;171
30.04.2020;00:00;1
30.04.2020;01:00;0
30.04.2020;02:00;0
30.04.2020;03:00;0
30.04.2020;04:00;0
30.04.2020;05:00;0
30.04.2020;06:00;0
30.04.2020;07:00;0
30.04.2020;08:00;0
30.04.2020;09:00;0
30.04.2020;10:00;0
30.04.2020;11:00;0
30.04.2020;12:00;0
30.04.2020;13:00;0
30.04.2020;14:00;0
30.04.2020;15:00;0
30.04.2020;16:00;0
30.04.2020;17:00;0
30.04.2020;18:00;0
30.04.2020;19:00;0
30.04.2020;20:00;0
30.04.2020;21:00;0
30.04.2020;22:00;0
30.04.2020;23:00;0
