Datum;Uhrzeit;Generation_DE C2[MW];Generation_DE B2[MW];Generation_DE D[MW];Generation_DE C1[MW];Generation_DE B1[MW]
01.01.2020;00:00;0;0;0;-;-
01.01.2020;01:00;0;0;0;-;-
01.01.2020;02:00;0;0;0;-;-
01.01.2020;03:00;0;0;0;-;-
01.01.2020;04:00;0;0;0;-;-
01.01.2020;05:00;0;0;0;-;-
01.01.2020;06:00;0;0;0;-;-
01.01.2020;07:00;0;0;0;-;-
01.01.2020;08:00;0;0;0;-;-
01.01.2020;09:00;0;0;0;-;-
01.01.2020;10:00;0;0;0;-;-
01.01.2020;11:00;0;0;0;-;-
01.01.2020;12:00;0;0;0;-;-
01.01.2020;13:00;0;0;0;-;-
01.01.2020;14:00;0;0;0;-;-
01.01.2020;15:00;0;0;0;-;-
01.01.2020;16:00;0;0;0;-;-
01.01.2020;17:00;0;0;0;-;-
01.01.2020;18:00;0;0;0;-;-
01.01.2020;19:00;0;0;0;-;-
01.01.2020;20:00;0;0;0;-;-
01.01.2020;21:00;0;0;0;-;-
01.01.2020;22:00;0;0;0;-;-
01.01.2020;23:00;0;0;0;-;-
02.01.2020;00:00;0;0;0;-;-
02.01.2020;01:00;0;0;0;-;-
02.01.2020;02:00;0;0;0;-;-
02.01.2020;03:00;0;0;0;-;-
02.01.2020;04:00;0;0;0;-;-
02.01.2020;05:00;0;0;0;-;-
02.01.2020;06:00;8;8;0;-;-
02.01.2020;07:00;114;113;0;-;-
02.01.2020;08:00;123;125;0;-;-
02.01.2020;09:00;135;134;0;-;-
02.01.2020;10:00;135;135;0;-;-
02.01.2020;11:00;135;135;0;-;-
02.01.2020;12:00;136;135;0;-;-
02.01.2020;13:00;136;135;0;-;-
02.01.2020;14:00;134;136;0;-;-
02.01.2020;15:00;136;137;0;-;-
02.01.2020;16:00;136;137;0;-;-
02.01.2020;17:00;136;137;0;-;-
02.01.2020;18:00;136;137;0;-;-
02.01.2020;19:00;137;137;0;-;-
02.01.2020;20:00;137;137;0;-;-
02.01.2020;21:00;58;58;0;-;-
02.01.2020;22:00;0;0;0;-;-
02.01.2020;23:00;0;0;0;-;-
03.01.2020;00:00;0;0;0;-;-
03.01.2020;01:00;0;0;0;-;-
03.01.2020;02:00;0;0;0;-;-
03.01.2020;03:00;0;0;0;-;-
03.01.2020;04:00;0;0;0;-;-
03.01.2020;05:00;0;0;0;-;-
03.01.2020;06:00;0;0;0;-;-
03.01.2020;07:00;0;0;0;-;-
03.01.2020;08:00;0;0;0;-;-
03.01.2020;09:00;0;0;0;-;-
03.01.2020;10:00;0;0;0;-;-
03.01.2020;11:00;0;0;0;-;-
03.01.2020;12:00;0;0;0;-;-
03.01.2020;13:00;0;0;0;-;-
03.01.2020;14:00;0;0;0;-;-
03.01.2020;15:00;0;0;0;-;-
03.01.2020;16:00;0;0;0;-;-
03.01.2020;17:00;0;0;0;-;-
03.01.2020;18:00;0;0;0;-;-
03.01.2020;19:00;0;0;0;-;-
03.01.2020;20:00;0;0;0;-;-
03.01.2020;21:00;0;0;0;-;-
03.01.2020;22:00;0;0;0;-;-
03.01.2020;23:00;0;0;0;-;-
04.01.2020;00:00;0;0;0;-;-
04.01.2020;01:00;0;0;0;-;-
04.01.2020;02:00;0;0;0;-;-
04.01.2020;03:00;0;0;0;-;-
04.01.2020;04:00;0;0;0;-;-
04.01.2020;05:00;0;0;0;-;-
04.01.2020;06:00;0;0;0;-;-
04.01.2020;07:00;0;0;0;-;-
04.01.2020;08:00;0;0;0;-;-
04.01.2020;09:00;0;0;0;-;-
04.01.2020;10:00;0;0;0;-;-
04.01.2020;11:00;0;0;0;-;-
04.01.2020;12:00;0;0;0;-;-
04.01.2020;13:00;0;0;0;-;-
04.01.2020;14:00;0;0;0;-;-
04.01.2020;15:00;0;0;0;-;-
04.01.2020;16:00;0;0;0;-;-
04.01.2020;17:00;0;0;0;-;-
04.01.2020;18:00;0;0;0;-;-
04.01.2020;19:00;0;0;0;-;-
04.01.2020;20:00;0;0;0;-;-
04.01.2020;21:00;0;0;0;-;-
04.01.2020;22:00;0;0;0;-;-
04.01.2020;23:00;0;0;0;-;-
05.01.2020;00:00;0;0;0;-;-
05.01.2020;01:00;0;0;0;-;-
05.01.2020;02:00;0;0;0;-;-
05.01.2020;03:00;0;0;0;-;-
05.01.2020;04:00;0;0;0;-;-
05.01.2020;05:00;0;0;0;-;-
05.01.2020;06:00;0;0;6;-;-
05.01.2020;07:00;0;0;29;-;-
05.01.2020;08:00;0;0;105;-;-
05.01.2020;09:00;0;0;353;-;-
05.01.2020;10:00;0;0;545;-;-
05.01.2020;11:00;0;0;834;-;-
05.01.2020;12:00;0;0;844;-;-
05.01.2020;13:00;0;0;847;-;-
05.01.2020;14:00;0;0;851;-;-
05.01.2020;15:00;0;0;853;-;-
05.01.2020;16:00;0;0;854;-;-
05.01.2020;17:00;0;0;854;-;-
05.01.2020;18:00;0;0;856;-;-
05.01.2020;19:00;0;0;856;-;-
05.01.2020;20:00;0;0;838;-;-
05.01.2020;21:00;0;0;855;-;-
05.01.2020;22:00;0;0;854;-;-
05.01.2020;23:00;0;0;844;-;-
06.01.2020;00:00;0;0;847;-;-
06.01.2020;01:00;0;0;848;-;-
06.01.2020;02:00;0;0;855;-;-
06.01.2020;03:00;0;0;853;-;-
06.01.2020;04:00;0;0;852;-;-
06.01.2020;05:00;0;0;853;-;-
06.01.2020;06:00;64;64;848;-;-
06.01.2020;07:00;115;117;851;-;-
06.01.2020;08:00;134;135;851;-;-
06.01.2020;09:00;135;136;848;-;-
06.01.2020;10:00;135;136;849;-;-
06.01.2020;11:00;136;136;847;-;-
06.01.2020;12:00;136;136;846;-;-
06.01.2020;13:00;136;136;846;-;-
06.01.2020;14:00;136;136;846;-;-
06.01.2020;15:00;136;136;846;-;-
06.01.2020;16:00;136;136;848;-;-
06.01.2020;17:00;136;136;848;-;-
06.01.2020;18:00;136;135;849;-;-
06.01.2020;19:00;136;135;850;-;-
06.01.2020;20:00;58;48;850;-;-
06.01.2020;21:00;0;0;852;-;-
06.01.2020;22:00;0;0;853;-;-
06.01.2020;23:00;0;0;850;-;-
07.01.2020;00:00;0;0;849;-;-
07.01.2020;01:00;0;0;849;-;-
07.01.2020;02:00;0;0;850;-;-
07.01.2020;03:00;0;0;850;-;-
07.01.2020;04:00;0;0;850;-;-
07.01.2020;05:00;36;35;848;-;-
07.01.2020;06:00;146;145;846;-;-
07.01.2020;07:00;230;235;849;-;-
07.01.2020;08:00;232;228;849;-;-
07.01.2020;09:00;349;348;851;-;-
07.01.2020;10:00;373;345;851;-;-
07.01.2020;11:00;229;226;849;-;-
07.01.2020;12:00;202;206;812;-;-
07.01.2020;13:00;142;148;829;-;-
07.01.2020;14:00;138;138;843;-;-
07.01.2020;15:00;139;140;844;-;-
07.01.2020;16:00;212;217;848;-;-
07.01.2020;17:00;244;329;849;-;-
07.01.2020;18:00;306;334;847;-;-
07.01.2020;19:00;310;334;845;-;-
07.01.2020;20:00;297;333;844;-;-
07.01.2020;21:00;34;299;675;-;-
07.01.2020;22:00;0;299;62;-;-
07.01.2020;23:00;0;47;0;-;-
08.01.2020;00:00;0;0;0;-;-
08.01.2020;01:00;0;0;0;-;-
08.01.2020;02:00;0;0;0;-;-
08.01.2020;03:00;0;0;0;-;-
08.01.2020;04:00;0;0;0;-;-
08.01.2020;05:00;0;0;0;-;-
08.01.2020;06:00;30;20;250;-;-
08.01.2020;07:00;113;111;792;-;-
08.01.2020;08:00;136;124;830;-;-
08.01.2020;09:00;136;137;832;-;-
08.01.2020;10:00;136;137;831;-;-
08.01.2020;11:00;137;137;831;-;-
08.01.2020;12:00;138;168;829;-;-
08.01.2020;13:00;153;240;827;-;-
08.01.2020;14:00;233;255;831;-;-
08.01.2020;15:00;240;253;831;-;-
08.01.2020;16:00;280;465;833;-;-
08.01.2020;17:00;482;480;834;-;-
08.01.2020;18:00;482;482;835;-;-
08.01.2020;19:00;482;482;835;-;-
08.01.2020;20:00;473;481;834;-;-
08.01.2020;21:00;457;422;832;-;-
08.01.2020;22:00;238;40;836;-;-
08.01.2020;23:00;17;0;835;-;-
09.01.2020;00:00;0;0;833;-;-
09.01.2020;01:00;0;0;835;-;-
09.01.2020;02:00;0;0;834;-;-
09.01.2020;03:00;0;0;834;-;-
09.01.2020;04:00;0;0;833;-;-
09.01.2020;05:00;0;1;832;-;-
09.01.2020;06:00;110;112;829;-;-
09.01.2020;07:00;112;144;827;-;-
09.01.2020;08:00;110;138;824;-;-
09.01.2020;09:00;99;93;804;-;-
09.01.2020;10:00;0;0;814;-;-
09.01.2020;11:00;0;0;815;-;-
09.01.2020;12:00;0;0;814;-;-
09.01.2020;13:00;0;0;813;-;-
09.01.2020;14:00;0;0;814;-;-
09.01.2020;15:00;0;0;816;-;-
09.01.2020;16:00;0;0;820;-;-
09.01.2020;17:00;0;0;821;-;-
09.01.2020;18:00;0;0;820;-;-
09.01.2020;19:00;0;0;819;-;-
09.01.2020;20:00;0;0;820;-;-
09.01.2020;21:00;0;0;821;-;-
09.01.2020;22:00;0;0;766;-;-
09.01.2020;23:00;0;0;662;-;-
10.01.2020;00:00;0;0;802;-;-
10.01.2020;01:00;0;0;823;-;-
10.01.2020;02:00;0;0;780;-;-
10.01.2020;03:00;0;0;798;-;-
10.01.2020;04:00;0;0;820;-;-
10.01.2020;05:00;0;0;833;-;-
10.01.2020;06:00;0;0;823;-;-
10.01.2020;07:00;0;0;836;-;-
10.01.2020;08:00;0;0;837;-;-
10.01.2020;09:00;0;0;837;-;-
10.01.2020;10:00;0;0;838;-;-
10.01.2020;11:00;0;0;836;-;-
10.01.2020;12:00;0;0;838;-;-
10.01.2020;13:00;0;0;839;-;-
10.01.2020;14:00;62;0;840;-;-
10.01.2020;15:00;123;0;833;-;-
10.01.2020;16:00;137;0;840;-;-
10.01.2020;17:00;137;0;826;-;-
10.01.2020;18:00;136;0;849;-;-
10.01.2020;19:00;135;0;852;-;-
10.01.2020;20:00;135;0;818;-;-
10.01.2020;21:00;60;0;841;-;-
10.01.2020;22:00;0;0;849;-;-
10.01.2020;23:00;0;0;817;-;-
11.01.2020;00:00;0;0;838;-;-
11.01.2020;01:00;0;0;846;-;-
11.01.2020;02:00;0;0;849;-;-
11.01.2020;03:00;0;0;844;-;-
11.01.2020;04:00;0;0;851;-;-
11.01.2020;05:00;0;0;847;-;-
11.01.2020;06:00;0;0;848;-;-
11.01.2020;07:00;0;0;851;-;-
11.01.2020;08:00;0;0;851;-;-
11.01.2020;09:00;0;0;851;-;-
11.01.2020;10:00;0;0;828;-;-
11.01.2020;11:00;0;0;836;-;-
11.01.2020;12:00;0;0;846;-;-
11.01.2020;13:00;0;0;849;-;-
11.01.2020;14:00;0;0;853;-;-
11.01.2020;15:00;0;0;846;-;-
11.01.2020;16:00;0;0;853;-;-
11.01.2020;17:00;0;0;849;-;-
11.01.2020;18:00;0;0;845;-;-
11.01.2020;19:00;0;0;755;-;-
11.01.2020;20:00;0;0;40;-;-
11.01.2020;21:00;0;0;0;-;-
11.01.2020;22:00;0;0;0;-;-
11.01.2020;23:00;0;0;0;-;-
12.01.2020;00:00;0;0;0;-;-
12.01.2020;01:00;0;0;0;-;-
12.01.2020;02:00;0;0;0;-;-
12.01.2020;03:00;0;0;0;-;-
12.01.2020;04:00;0;0;0;-;-
12.01.2020;05:00;0;0;0;-;-
12.01.2020;06:00;0;0;0;-;-
12.01.2020;07:00;0;0;0;-;-
12.01.2020;08:00;0;0;0;-;-
12.01.2020;09:00;0;0;0;-;-
12.01.2020;10:00;0;0;0;-;-
12.01.2020;11:00;0;0;0;-;-
12.01.2020;12:00;0;0;0;-;-
12.01.2020;13:00;0;0;0;-;-
12.01.2020;14:00;0;0;0;-;-
12.01.2020;15:00;0;0;0;-;-
12.01.2020;16:00;0;0;0;-;-
12.01.2020;17:00;0;0;0;-;-
12.01.2020;18:00;0;0;0;-;-
12.01.2020;19:00;0;0;0;-;-
12.01.2020;20:00;0;0;0;-;-
12.01.2020;21:00;0;0;0;-;-
12.01.2020;22:00;0;0;0;-;-
12.01.2020;23:00;0;0;0;-;-
13.01.2020;00:00;0;0;0;-;-
13.01.2020;01:00;0;0;0;-;-
13.01.2020;02:00;0;0;0;-;-
13.01.2020;03:00;0;0;0;-;-
13.01.2020;04:00;0;0;16;-;-
13.01.2020;05:00;0;0;74;-;-
13.01.2020;06:00;109;102;398;-;-
13.01.2020;07:00;130;132;784;-;-
13.01.2020;08:00;224;223;840;-;-
13.01.2020;09:00;422;419;840;-;-
13.01.2020;10:00;482;482;841;-;-
13.01.2020;11:00;482;482;842;-;-
13.01.2020;12:00;482;482;842;-;-
13.01.2020;13:00;396;392;841;-;-
13.01.2020;14:00;216;213;839;-;-
13.01.2020;15:00;388;297;840;-;-
13.01.2020;16:00;460;458;840;-;-
13.01.2020;17:00;258;433;840;-;-
13.01.2020;18:00;169;428;838;-;-
13.01.2020;19:00;130;307;836;-;-
13.01.2020;20:00;0;60;609;-;-
13.01.2020;21:00;0;0;0;-;-
13.01.2020;22:00;0;0;0;-;-
13.01.2020;23:00;0;0;0;-;-
14.01.2020;00:00;0;0;0;-;-
14.01.2020;01:00;0;0;0;-;-
14.01.2020;02:00;0;0;0;-;-
14.01.2020;03:00;0;0;0;-;-
14.01.2020;04:00;0;0;0;-;-
14.01.2020;05:00;0;0;0;-;-
14.01.2020;06:00;119;0;203;-;-
14.01.2020;07:00;215;0;620;-;-
14.01.2020;08:00;354;0;689;-;-
14.01.2020;09:00;319;0;515;-;-
14.01.2020;10:00;301;0;492;-;-
14.01.2020;11:00;351;0;592;-;-
14.01.2020;12:00;28;0;520;-;-
14.01.2020;13:00;0;0;805;-;-
14.01.2020;14:00;0;0;819;-;-
14.01.2020;15:00;0;0;814;-;-
14.01.2020;16:00;0;0;818;-;-
14.01.2020;17:00;0;0;819;-;-
14.01.2020;18:00;0;0;241;-;-
14.01.2020;19:00;0;0;0;-;-
14.01.2020;20:00;0;0;0;-;-
14.01.2020;21:00;0;0;0;-;-
14.01.2020;22:00;0;0;0;-;-
14.01.2020;23:00;0;0;0;-;-
15.01.2020;00:00;0;0;0;-;-
15.01.2020;01:00;0;0;0;-;-
15.01.2020;02:00;0;0;0;-;-
15.01.2020;03:00;0;0;0;-;-
15.01.2020;04:00;0;0;0;-;-
15.01.2020;05:00;0;0;0;-;-
15.01.2020;06:00;0;0;0;-;-
15.01.2020;07:00;0;0;0;-;-
15.01.2020;08:00;0;0;0;-;-
15.01.2020;09:00;0;0;0;-;-
15.01.2020;10:00;0;0;0;-;-
15.01.2020;11:00;0;0;0;-;-
15.01.2020;12:00;0;0;0;-;-
15.01.2020;13:00;0;0;0;-;-
15.01.2020;14:00;0;0;0;-;-
15.01.2020;15:00;0;0;0;-;-
15.01.2020;16:00;0;0;0;-;-
15.01.2020;17:00;0;0;0;-;-
15.01.2020;18:00;0;0;0;-;-
15.01.2020;19:00;0;0;0;-;-
15.01.2020;20:00;0;0;0;-;-
15.01.2020;21:00;0;0;0;-;-
15.01.2020;22:00;0;0;0;-;-
15.01.2020;23:00;0;0;0;-;-
16.01.2020;00:00;0;0;0;-;-
16.01.2020;01:00;0;0;0;-;-
16.01.2020;02:00;0;0;0;-;-
16.01.2020;03:00;0;0;15;-;-
16.01.2020;04:00;0;0;95;-;-
16.01.2020;05:00;16;17;500;-;-
16.01.2020;06:00;113;115;820;-;-
16.01.2020;07:00;173;196;835;-;-
16.01.2020;08:00;332;382;842;-;-
16.01.2020;09:00;482;482;842;-;-
16.01.2020;10:00;482;482;840;-;-
16.01.2020;11:00;317;309;830;-;-
16.01.2020;12:00;218;216;782;-;-
16.01.2020;13:00;222;217;839;-;-
16.01.2020;14:00;431;446;842;-;-
16.01.2020;15:00;484;484;841;-;-
16.01.2020;16:00;484;483;842;-;-
16.01.2020;17:00;422;420;841;-;-
16.01.2020;18:00;231;239;842;-;-
16.01.2020;19:00;167;173;841;-;-
16.01.2020;20:00;0;28;840;-;-
16.01.2020;21:00;0;0;840;-;-
16.01.2020;22:00;0;0;841;-;-
16.01.2020;23:00;0;0;813;-;-
17.01.2020;00:00;0;0;268;-;-
17.01.2020;01:00;0;0;244;-;-
17.01.2020;02:00;0;0;244;-;-
17.01.2020;03:00;0;0;244;-;-
17.01.2020;04:00;0;0;244;-;-
17.01.2020;05:00;0;0;244;-;-
17.01.2020;06:00;57;59;454;-;-
17.01.2020;07:00;123;126;831;-;-
17.01.2020;08:00;137;137;835;-;-
17.01.2020;09:00;138;137;833;-;-
17.01.2020;10:00;138;137;833;-;-
17.01.2020;11:00;138;137;830;-;-
17.01.2020;12:00;138;137;830;-;-
17.01.2020;13:00;138;138;830;-;-
17.01.2020;14:00;138;138;830;-;-
17.01.2020;15:00;138;138;833;-;-
17.01.2020;16:00;138;137;834;-;-
17.01.2020;17:00;138;137;833;-;-
17.01.2020;18:00;138;137;833;-;-
17.01.2020;19:00;132;131;834;-;-
17.01.2020;20:00;0;0;835;-;-
17.01.2020;21:00;0;0;648;-;-
17.01.2020;22:00;0;0;0;-;-
17.01.2020;23:00;0;0;0;-;-
18.01.2020;00:00;0;0;0;-;-
18.01.2020;01:00;0;0;0;-;-
18.01.2020;02:00;0;0;0;-;-
18.01.2020;03:00;0;0;0;-;-
18.01.2020;04:00;0;0;0;-;-
18.01.2020;05:00;0;0;0;-;-
18.01.2020;06:00;0;0;0;-;-
18.01.2020;07:00;0;0;0;-;-
18.01.2020;08:00;0;0;0;-;-
18.01.2020;09:00;0;0;0;-;-
18.01.2020;10:00;0;0;0;-;-
18.01.2020;11:00;0;0;0;-;-
18.01.2020;12:00;0;0;0;-;-
18.01.2020;13:00;0;0;0;-;-
18.01.2020;14:00;0;0;0;-;-
18.01.2020;15:00;115;114;0;-;-
18.01.2020;16:00;132;130;0;-;-
18.01.2020;17:00;134;131;0;-;-
18.01.2020;18:00;135;132;0;-;-
18.01.2020;19:00;135;132;0;-;-
18.01.2020;20:00;136;132;0;-;-
18.01.2020;21:00;136;132;0;-;-
18.01.2020;22:00;136;133;0;-;-
18.01.2020;23:00;60;60;0;-;-
19.01.2020;00:00;0;0;0;-;-
19.01.2020;01:00;0;0;0;-;-
19.01.2020;02:00;0;0;0;-;-
19.01.2020;03:00;0;0;0;-;-
19.01.2020;04:00;0;0;0;-;-
19.01.2020;05:00;0;0;0;-;-
19.01.2020;06:00;0;0;0;-;-
19.01.2020;07:00;0;0;0;-;-
19.01.2020;08:00;0;0;0;-;-
19.01.2020;09:00;0;0;0;-;-
19.01.2020;10:00;0;0;0;-;-
19.01.2020;11:00;0;0;0;-;-
19.01.2020;12:00;0;0;0;-;-
19.01.2020;13:00;0;0;0;-;-
19.01.2020;14:00;0;0;0;-;-
19.01.2020;15:00;0;0;0;-;-
19.01.2020;16:00;115;111;0;-;-
19.01.2020;17:00;134;130;0;-;-
19.01.2020;18:00;136;131;0;-;-
19.01.2020;19:00;135;132;0;-;-
19.01.2020;20:00;136;131;0;-;-
19.01.2020;21:00;136;132;0;-;-
19.01.2020;22:00;137;132;43;-;-
19.01.2020;23:00;10;10;107;-;-
20.01.2020;00:00;0;0;379;-;-
20.01.2020;01:00;0;0;416;-;-
20.01.2020;02:00;0;0;419;-;-
20.01.2020;03:00;48;54;419;-;-
20.01.2020;04:00;174;188;404;-;-
20.01.2020;05:00;329;356;417;-;-
20.01.2020;06:00;431;473;410;-;-
20.01.2020;07:00;430;472;423;-;-
20.01.2020;08:00;429;475;424;-;-
20.01.2020;09:00;444;482;423;-;-
20.01.2020;10:00;482;482;414;-;-
20.01.2020;11:00;411;417;395;-;-
20.01.2020;12:00;445;466;426;-;-
20.01.2020;13:00;448;468;428;-;-
20.01.2020;14:00;465;482;700;-;-
20.01.2020;15:00;473;482;862;-;-
20.01.2020;16:00;473;482;866;-;-
20.01.2020;17:00;473;482;866;-;-
20.01.2020;18:00;473;483;868;-;-
20.01.2020;19:00;473;483;870;-;-
20.01.2020;20:00;473;476;871;-;-
20.01.2020;21:00;275;221;869;-;-
20.01.2020;22:00;180;170;863;-;-
20.01.2020;23:00;143;138;856;-;-
21.01.2020;00:00;137;135;849;-;-
21.01.2020;01:00;137;135;853;-;-
21.01.2020;02:00;138;136;854;-;-
21.01.2020;03:00;138;136;852;-;-
21.01.2020;04:00;137;135;839;-;-
21.01.2020;05:00;194;191;848;-;-
21.01.2020;06:00;366;377;844;-;-
21.01.2020;07:00;480;479;828;-;-
21.01.2020;08:00;477;477;849;-;-
21.01.2020;09:00;480;480;848;-;-
21.01.2020;10:00;431;483;857;-;-
21.01.2020;11:00;240;450;864;-;-
21.01.2020;12:00;273;399;867;-;-
21.01.2020;13:00;360;481;866;-;-
21.01.2020;14:00;374;481;861;-;-
21.01.2020;15:00;454;481;857;-;-
21.01.2020;16:00;482;481;863;-;-
21.01.2020;17:00;483;483;860;-;-
21.01.2020;18:00;483;483;861;-;-
21.01.2020;19:00;483;483;863;-;-
21.01.2020;20:00;482;476;863;-;-
21.01.2020;21:00;271;227;857;-;-
21.01.2020;22:00;194;192;852;-;-
21.01.2020;23:00;0;0;847;-;-
22.01.2020;00:00;0;0;847;-;-
22.01.2020;01:00;0;0;847;-;-
22.01.2020;02:00;0;0;847;-;-
22.01.2020;03:00;0;0;848;-;-
22.01.2020;04:00;0;0;846;-;-
22.01.2020;05:00;71;70;845;-;-
22.01.2020;06:00;211;183;845;-;-
22.01.2020;07:00;433;442;845;-;-
22.01.2020;08:00;346;480;850;-;-
22.01.2020;09:00;403;481;849;-;-
22.01.2020;10:00;346;481;846;-;-
22.01.2020;11:00;404;436;845;-;-
22.01.2020;12:00;481;482;842;-;-
22.01.2020;13:00;482;483;847;-;-
22.01.2020;14:00;482;484;852;-;-
22.01.2020;15:00;483;483;857;-;-
22.01.2020;16:00;483;483;859;-;-
22.01.2020;17:00;483;483;859;-;-
22.01.2020;18:00;483;483;861;-;-
22.01.2020;19:00;483;483;861;-;-
22.01.2020;20:00;482;483;862;-;-
22.01.2020;21:00;296;483;862;-;-
22.01.2020;22:00;292;420;861;-;-
22.01.2020;23:00;235;402;858;-;-
23.01.2020;00:00;166;215;799;-;-
23.01.2020;01:00;138;166;849;-;-
23.01.2020;02:00;138;138;848;-;-
23.01.2020;03:00;137;137;848;-;-
23.01.2020;04:00;137;152;849;-;-
23.01.2020;05:00;114;235;848;-;-
23.01.2020;06:00;57;283;849;-;-
23.01.2020;07:00;164;482;852;-;-
23.01.2020;08:00;197;484;851;-;-
23.01.2020;09:00;255;484;851;-;-
23.01.2020;10:00;348;485;850;-;-
23.01.2020;11:00;348;485;851;-;-
23.01.2020;12:00;348;485;832;-;-
23.01.2020;13:00;348;485;852;-;-
23.01.2020;14:00;348;485;852;-;-
23.01.2020;15:00;348;485;853;-;-
23.01.2020;16:00;348;485;854;-;-
23.01.2020;17:00;348;485;850;-;-
23.01.2020;18:00;348;485;850;-;-
23.01.2020;19:00;348;485;849;-;-
23.01.2020;20:00;348;485;848;-;-
23.01.2020;21:00;203;459;846;-;-
23.01.2020;22:00;160;481;846;-;-
23.01.2020;23:00;156;483;844;-;-
24.01.2020;00:00;156;333;845;-;-
24.01.2020;01:00;157;393;845;-;-
24.01.2020;02:00;158;222;845;-;-
24.01.2020;03:00;156;226;844;-;-
24.01.2020;04:00;160;244;845;-;-
24.01.2020;05:00;305;467;844;-;-
24.01.2020;06:00;348;485;847;-;-
24.01.2020;07:00;348;487;845;-;-
24.01.2020;08:00;348;487;843;-;-
24.01.2020;09:00;348;487;844;-;-
24.01.2020;10:00;340;487;844;-;-
24.01.2020;11:00;346;487;847;-;-
24.01.2020;12:00;347;487;840;-;-
24.01.2020;13:00;187;487;845;-;-
24.01.2020;14:00;294;487;844;-;-
24.01.2020;15:00;346;487;844;-;-
24.01.2020;16:00;346;487;845;-;-
24.01.2020;17:00;240;487;844;-;-
24.01.2020;18:00;210;487;839;-;-
24.01.2020;19:00;210;487;841;-;-
24.01.2020;20:00;189;456;842;-;-
24.01.2020;21:00;0;103;842;-;-
24.01.2020;22:00;0;0;842;-;-
24.01.2020;23:00;0;0;841;-;-
25.01.2020;00:00;0;0;840;-;-
25.01.2020;01:00;0;0;840;-;-
25.01.2020;02:00;0;0;841;-;-
25.01.2020;03:00;0;0;840;-;-
25.01.2020;04:00;0;0;841;-;-
25.01.2020;05:00;0;0;839;-;-
25.01.2020;06:00;0;0;843;-;-
25.01.2020;07:00;0;0;829;-;-
25.01.2020;08:00;0;0;846;-;-
25.01.2020;09:00;0;0;847;-;-
25.01.2020;10:00;0;0;846;-;-
25.01.2020;11:00;0;0;846;-;-
25.01.2020;12:00;0;0;846;-;-
25.01.2020;13:00;0;0;846;-;-
25.01.2020;14:00;0;0;848;-;-
25.01.2020;15:00;0;0;848;-;-
25.01.2020;16:00;0;0;854;-;-
25.01.2020;17:00;0;0;851;-;-
25.01.2020;18:00;0;0;846;-;-
25.01.2020;19:00;0;0;847;-;-
25.01.2020;20:00;0;0;839;-;-
25.01.2020;21:00;0;0;842;-;-
25.01.2020;22:00;0;0;839;-;-
25.01.2020;23:00;0;0;838;-;-
26.01.2020;00:00;0;0;841;-;-
26.01.2020;01:00;0;0;844;-;-
26.01.2020;02:00;0;0;844;-;-
26.01.2020;03:00;0;0;843;-;-
26.01.2020;04:00;0;0;842;-;-
26.01.2020;05:00;0;0;842;-;-
26.01.2020;06:00;0;0;842;-;-
26.01.2020;07:00;0;0;841;-;-
26.01.2020;08:00;0;0;841;-;-
26.01.2020;09:00;0;0;840;-;-
26.01.2020;10:00;0;0;837;-;-
26.01.2020;11:00;0;0;838;-;-
26.01.2020;12:00;0;0;841;-;-
26.01.2020;13:00;0;0;840;-;-
26.01.2020;14:00;0;0;842;-;-
26.01.2020;15:00;0;0;840;-;-
26.01.2020;16:00;0;0;836;-;-
26.01.2020;17:00;0;0;839;-;-
26.01.2020;18:00;0;0;840;-;-
26.01.2020;19:00;0;0;840;-;-
26.01.2020;20:00;0;0;841;-;-
26.01.2020;21:00;0;0;839;-;-
26.01.2020;22:00;0;0;836;-;-
26.01.2020;23:00;0;0;836;-;-
27.01.2020;00:00;0;0;826;-;-
27.01.2020;01:00;0;0;831;-;-
27.01.2020;02:00;0;0;835;-;-
27.01.2020;03:00;0;0;707;-;-
27.01.2020;04:00;0;0;789;-;-
27.01.2020;05:00;0;0;834;-;-
27.01.2020;06:00;0;0;831;-;-
27.01.2020;07:00;0;104;833;-;-
27.01.2020;08:00;0;129;828;-;-
27.01.2020;09:00;0;132;810;-;-
27.01.2020;10:00;0;133;826;-;-
27.01.2020;11:00;0;133;825;-;-
27.01.2020;12:00;0;133;783;-;-
27.01.2020;13:00;0;150;827;-;-
27.01.2020;14:00;54;283;832;-;-
27.01.2020;15:00;59;285;829;-;-
27.01.2020;16:00;54;300;816;-;-
27.01.2020;17:00;137;482;822;-;-
27.01.2020;18:00;219;482;827;-;-
27.01.2020;19:00;171;299;817;-;-
27.01.2020;20:00;0;229;827;-;-
27.01.2020;21:00;0;36;773;-;-
27.01.2020;22:00;0;0;798;-;-
27.01.2020;23:00;0;0;627;-;-
28.01.2020;00:00;0;0;0;-;-
28.01.2020;01:00;0;0;0;-;-
28.01.2020;02:00;0;0;0;-;-
28.01.2020;03:00;0;0;0;-;-
28.01.2020;04:00;0;0;0;-;-
28.01.2020;05:00;17;0;0;-;-
28.01.2020;06:00;75;0;0;-;-
28.01.2020;07:00;166;0;285;-;-
28.01.2020;08:00;165;0;752;-;-
28.01.2020;09:00;166;61;819;-;-
28.01.2020;10:00;166;137;822;-;-
28.01.2020;11:00;167;139;822;-;-
28.01.2020;12:00;10;138;820;-;-
28.01.2020;13:00;0;132;737;-;-
28.01.2020;14:00;0;0;724;-;-
28.01.2020;15:00;0;0;814;-;-
28.01.2020;16:00;0;0;824;-;-
28.01.2020;17:00;0;0;799;-;-
28.01.2020;18:00;0;0;826;-;-
28.01.2020;19:00;0;0;572;-;-
28.01.2020;20:00;0;0;0;-;-
28.01.2020;21:00;0;0;0;-;-
28.01.2020;22:00;0;0;0;-;-
28.01.2020;23:00;0;0;0;-;-
29.01.2020;00:00;0;0;0;-;-
29.01.2020;01:00;0;0;0;-;-
29.01.2020;02:00;0;0;0;-;-
29.01.2020;03:00;0;0;0;-;-
29.01.2020;04:00;0;0;0;-;-
29.01.2020;05:00;0;0;0;-;-
29.01.2020;06:00;0;2;160;-;-
29.01.2020;07:00;0;119;743;-;-
29.01.2020;08:00;0;136;821;-;-
29.01.2020;09:00;0;137;825;-;-
29.01.2020;10:00;0;138;828;-;-
29.01.2020;11:00;0;137;828;-;-
29.01.2020;12:00;0;138;828;-;-
29.01.2020;13:00;0;138;832;-;-
29.01.2020;14:00;0;138;834;-;-
29.01.2020;15:00;0;138;828;-;-
29.01.2020;16:00;55;138;832;-;-
29.01.2020;17:00;57;139;802;-;-
29.01.2020;18:00;57;138;820;-;-
29.01.2020;19:00;57;132;823;-;-
29.01.2020;20:00;55;0;786;-;-
29.01.2020;21:00;0;0;618;-;-
29.01.2020;22:00;0;0;0;-;-
29.01.2020;23:00;0;0;0;-;-
30.01.2020;00:00;0;0;0;-;-
30.01.2020;01:00;0;0;0;-;-
30.01.2020;02:00;0;0;0;-;-
30.01.2020;03:00;0;0;0;-;-
30.01.2020;04:00;0;0;0;-;-
30.01.2020;05:00;0;0;2;-;-
30.01.2020;06:00;0;0;404;-;-
30.01.2020;07:00;0;0;808;-;-
30.01.2020;08:00;0;0;819;-;-
30.01.2020;09:00;0;0;821;-;-
30.01.2020;10:00;0;0;823;-;-
30.01.2020;11:00;0;0;756;-;-
30.01.2020;12:00;0;0;636;-;-
30.01.2020;13:00;0;0;804;-;-
30.01.2020;14:00;0;0;803;-;-
30.01.2020;15:00;0;0;823;-;-
30.01.2020;16:00;0;0;820;-;-
30.01.2020;17:00;0;0;823;-;-
30.01.2020;18:00;0;0;821;-;-
30.01.2020;19:00;0;0;757;-;-
30.01.2020;20:00;0;0;66;-;-
30.01.2020;21:00;0;0;0;-;-
30.01.2020;22:00;0;0;0;-;-
30.01.2020;23:00;0;0;0;-;-
31.01.2020;00:00;0;0;0;-;-
31.01.2020;01:00;0;0;0;-;-
31.01.2020;02:00;0;0;0;-;-
31.01.2020;03:00;0;0;0;-;-
31.01.2020;04:00;0;0;0;-;-
31.01.2020;05:00;0;0;7;-;-
31.01.2020;06:00;0;0;309;-;-
31.01.2020;07:00;0;0;809;-;-
31.01.2020;08:00;0;0;817;-;-
31.01.2020;09:00;0;0;819;-;-
31.01.2020;10:00;0;0;818;-;-
31.01.2020;11:00;0;0;717;-;-
31.01.2020;12:00;0;0;713;-;-
31.01.2020;13:00;0;0;809;-;-
31.01.2020;14:00;0;0;819;-;-
31.01.2020;15:00;0;0;819;-;-
31.01.2020;16:00;0;0;819;-;-
31.01.2020;17:00;0;0;819;-;-
31.01.2020;18:00;0;0;817;-;-
31.01.2020;19:00;0;0;745;-;-
31.01.2020;20:00;0;0;74;-;-
31.01.2020;21:00;0;0;0;-;-
31.01.2020;22:00;0;0;0;-;-
31.01.2020;23:00;0;0;0;-;-
01.02.2020;00:00;0;0;0;-;-
01.02.2020;01:00;0;0;0;-;-
01.02.2020;02:00;0;0;0;-;-
01.02.2020;03:00;0;0;0;-;-
01.02.2020;04:00;0;0;0;-;-
01.02.2020;05:00;0;0;0;-;-
01.02.2020;06:00;0;0;0;-;-
01.02.2020;07:00;0;0;0;-;-
01.02.2020;08:00;0;0;0;-;-
01.02.2020;09:00;0;0;0;-;-
01.02.2020;10:00;0;0;0;-;-
01.02.2020;11:00;0;0;0;-;-
01.02.2020;12:00;0;0;0;-;-
01.02.2020;13:00;0;0;0;-;-
01.02.2020;14:00;0;0;0;-;-
01.02.2020;15:00;0;0;0;-;-
01.02.2020;16:00;0;0;0;-;-
01.02.2020;17:00;0;0;0;-;-
01.02.2020;18:00;0;0;0;-;-
01.02.2020;19:00;0;0;0;-;-
01.02.2020;20:00;0;0;0;-;-
01.02.2020;21:00;0;0;0;-;-
01.02.2020;22:00;0;0;0;-;-
01.02.2020;23:00;0;0;0;-;-
02.02.2020;00:00;0;0;0;-;-
02.02.2020;01:00;0;0;0;-;-
02.02.2020;02:00;0;0;0;-;-
02.02.2020;03:00;0;0;0;-;-
02.02.2020;04:00;0;0;0;-;-
02.02.2020;05:00;0;0;0;-;-
02.02.2020;06:00;0;0;0;-;-
02.02.2020;07:00;0;0;0;-;-
02.02.2020;08:00;0;0;0;-;-
02.02.2020;09:00;0;0;0;-;-
02.02.2020;10:00;0;0;0;-;-
02.02.2020;11:00;0;0;0;-;-
02.02.2020;12:00;0;0;0;-;-
02.02.2020;13:00;0;0;0;-;-
02.02.2020;14:00;0;0;0;-;-
02.02.2020;15:00;0;0;0;-;-
02.02.2020;16:00;0;0;0;-;-
02.02.2020;17:00;0;0;0;-;-
02.02.2020;18:00;0;0;0;-;-
02.02.2020;19:00;0;0;0;-;-
02.02.2020;20:00;0;0;0;-;-
02.02.2020;21:00;0;0;0;-;-
02.02.2020;22:00;0;0;0;-;-
02.02.2020;23:00;0;0;0;-;-
03.02.2020;00:00;0;0;0;-;-
03.02.2020;01:00;0;0;0;-;-
03.02.2020;02:00;0;0;0;-;-
03.02.2020;03:00;0;0;0;-;-
03.02.2020;04:00;0;0;0;-;-
03.02.2020;05:00;0;0;27;-;-
03.02.2020;06:00;0;0;270;-;-
03.02.2020;07:00;0;0;789;-;-
03.02.2020;08:00;0;0;806;-;-
03.02.2020;09:00;0;0;818;-;-
03.02.2020;10:00;0;0;821;-;-
03.02.2020;11:00;0;0;822;-;-
03.02.2020;12:00;0;0;822;-;-
03.02.2020;13:00;0;0;823;-;-
03.02.2020;14:00;0;0;824;-;-
03.02.2020;15:00;0;0;824;-;-
03.02.2020;16:00;0;0;826;-;-
03.02.2020;17:00;37;0;829;-;-
03.02.2020;18:00;0;0;829;-;-
03.02.2020;19:00;0;0;829;-;-
03.02.2020;20:00;0;0;830;-;-
03.02.2020;21:00;0;0;610;-;-
03.02.2020;22:00;0;0;0;-;-
03.02.2020;23:00;0;0;0;-;-
04.02.2020;00:00;0;0;0;-;-
04.02.2020;01:00;0;0;0;-;-
04.02.2020;02:00;0;0;0;-;-
04.02.2020;03:00;0;0;0;-;-
04.02.2020;04:00;0;0;0;-;-
04.02.2020;05:00;0;0;0;-;-
04.02.2020;06:00;0;0;358;-;-
04.02.2020;07:00;0;0;779;-;-
04.02.2020;08:00;0;0;834;-;-
04.02.2020;09:00;0;0;797;-;-
04.02.2020;10:00;0;0;796;-;-
04.02.2020;11:00;0;0;822;-;-
04.02.2020;12:00;0;0;830;-;-
04.02.2020;13:00;0;0;794;-;-
04.02.2020;14:00;0;0;832;-;-
04.02.2020;15:00;0;0;834;-;-
04.02.2020;16:00;2;2;842;-;-
04.02.2020;17:00;114;113;833;-;-
04.02.2020;18:00;120;122;823;-;-
04.02.2020;19:00;133;132;840;-;-
04.02.2020;20:00;0;0;846;-;-
04.02.2020;21:00;0;0;849;-;-
04.02.2020;22:00;0;0;850;-;-
04.02.2020;23:00;0;0;850;-;-
05.02.2020;00:00;0;0;849;-;-
05.02.2020;01:00;0;0;843;-;-
05.02.2020;02:00;0;0;853;-;-
05.02.2020;03:00;0;0;836;-;-
05.02.2020;04:00;0;0;843;-;-
05.02.2020;05:00;124;123;849;-;-
05.02.2020;06:00;245;267;847;-;-
05.02.2020;07:00;449;474;853;-;-
05.02.2020;08:00;483;482;855;-;-
05.02.2020;09:00;483;482;857;-;-
05.02.2020;10:00;483;479;854;-;-
05.02.2020;11:00;483;480;852;-;-
05.02.2020;12:00;336;333;850;-;-
05.02.2020;13:00;255;254;848;-;-
05.02.2020;14:00;221;222;848;-;-
05.02.2020;15:00;220;231;853;-;-
05.02.2020;16:00;259;355;855;-;-
05.02.2020;17:00;275;360;856;-;-
05.02.2020;18:00;453;460;857;-;-
05.02.2020;19:00;433;210;856;-;-
05.02.2020;20:00;308;0;857;-;-
05.02.2020;21:00;0;0;856;-;-
05.02.2020;22:00;0;0;855;-;-
05.02.2020;23:00;0;0;853;-;-
06.02.2020;00:00;0;0;852;-;-
06.02.2020;01:00;0;0;850;-;-
06.02.2020;02:00;0;0;848;-;-
06.02.2020;03:00;0;0;847;-;-
06.02.2020;04:00;0;0;846;-;-
06.02.2020;05:00;103;91;798;-;-
06.02.2020;06:00;230;207;844;-;-
06.02.2020;07:00;428;425;849;-;-
06.02.2020;08:00;478;477;850;-;-
06.02.2020;09:00;477;476;850;-;-
06.02.2020;10:00;357;357;848;-;-
06.02.2020;11:00;448;441;849;-;-
06.02.2020;12:00;259;253;846;-;-
06.02.2020;13:00;223;232;846;-;-
06.02.2020;14:00;222;231;827;-;-
06.02.2020;15:00;227;238;845;-;-
06.02.2020;16:00;406;460;848;-;-
06.02.2020;17:00;478;482;843;-;-
06.02.2020;18:00;477;482;843;-;-
06.02.2020;19:00;477;482;850;-;-
06.02.2020;20:00;466;465;850;-;-
06.02.2020;21:00;219;209;843;-;-
06.02.2020;22:00;163;161;845;-;-
06.02.2020;23:00;126;137;845;-;-
07.02.2020;00:00;111;137;845;-;-
07.02.2020;01:00;134;136;845;-;-
07.02.2020;02:00;135;136;846;-;-
07.02.2020;03:00;134;136;846;-;-
07.02.2020;04:00;135;136;846;-;-
07.02.2020;05:00;190;187;847;-;-
07.02.2020;06:00;417;384;853;-;-
07.02.2020;07:00;482;482;856;-;-
07.02.2020;08:00;484;483;856;-;-
07.02.2020;09:00;484;483;856;-;-
07.02.2020;10:00;484;483;836;-;-
07.02.2020;11:00;479;479;820;-;-
07.02.2020;12:00;274;263;839;-;-
07.02.2020;13:00;217;217;830;-;-
07.02.2020;14:00;214;217;825;-;-
07.02.2020;15:00;214;245;754;-;-
07.02.2020;16:00;220;296;836;-;-
07.02.2020;17:00;236;423;811;-;-
07.02.2020;18:00;306;416;843;-;-
07.02.2020;19:00;277;299;843;-;-
07.02.2020;20:00;0;0;841;-;-
07.02.2020;21:00;0;0;816;-;-
07.02.2020;22:00;0;0;840;-;-
07.02.2020;23:00;0;0;846;-;-
08.02.2020;00:00;0;0;848;-;-
08.02.2020;01:00;0;0;848;-;-
08.02.2020;02:00;0;0;848;-;-
08.02.2020;03:00;0;0;848;-;-
08.02.2020;04:00;0;0;847;-;-
08.02.2020;05:00;0;0;846;-;-
08.02.2020;06:00;0;0;851;-;-
08.02.2020;07:00;0;0;850;-;-
08.02.2020;08:00;0;0;823;-;-
08.02.2020;09:00;0;0;850;-;-
08.02.2020;10:00;0;0;845;-;-
08.02.2020;11:00;0;0;842;-;-
08.02.2020;12:00;0;0;836;-;-
08.02.2020;13:00;0;0;836;-;-
08.02.2020;14:00;0;0;834;-;-
08.02.2020;15:00;0;0;832;-;-
08.02.2020;16:00;0;0;832;-;-
08.02.2020;17:00;0;0;780;-;-
08.02.2020;18:00;0;0;833;-;-
08.02.2020;19:00;0;0;795;-;-
08.02.2020;20:00;0;0;765;-;-
08.02.2020;21:00;0;0;776;-;-
08.02.2020;22:00;0;0;812;-;-
08.02.2020;23:00;2;0;204;-;-
09.02.2020;00:00;52;0;0;-;-
09.02.2020;01:00;58;0;0;-;-
09.02.2020;02:00;58;0;0;-;-
09.02.2020;03:00;58;0;0;-;-
09.02.2020;04:00;3;0;0;-;-
09.02.2020;05:00;0;0;0;-;-
09.02.2020;06:00;0;0;0;-;-
09.02.2020;07:00;0;0;0;-;-
09.02.2020;08:00;0;0;0;-;-
09.02.2020;09:00;0;0;0;-;-
09.02.2020;10:00;0;0;0;-;-
09.02.2020;11:00;0;0;0;-;-
09.02.2020;12:00;0;0;0;-;-
09.02.2020;13:00;0;0;0;-;-
09.02.2020;14:00;0;0;0;-;-
09.02.2020;15:00;0;0;0;-;-
09.02.2020;16:00;0;0;0;-;-
09.02.2020;17:00;0;0;0;-;-
09.02.2020;18:00;0;0;0;-;-
09.02.2020;19:00;0;0;0;-;-
09.02.2020;20:00;0;0;0;-;-
09.02.2020;21:00;0;0;0;-;-
09.02.2020;22:00;0;0;0;-;-
09.02.2020;23:00;0;0;0;-;-
10.02.2020;00:00;0;0;0;-;-
10.02.2020;01:00;0;0;0;-;-
10.02.2020;02:00;0;0;0;-;-
10.02.2020;03:00;0;0;0;-;-
10.02.2020;04:00;0;0;0;-;-
10.02.2020;05:00;0;0;0;-;-
10.02.2020;06:00;0;0;0;-;-
10.02.2020;07:00;0;0;0;-;-
10.02.2020;08:00;0;0;0;-;-
10.02.2020;09:00;0;0;0;-;-
10.02.2020;10:00;0;0;0;-;-
10.02.2020;11:00;0;0;0;-;-
10.02.2020;12:00;0;0;0;-;-
10.02.2020;13:00;0;0;0;-;-
10.02.2020;14:00;0;0;0;-;-
10.02.2020;15:00;0;0;0;-;-
10.02.2020;16:00;0;0;0;-;-
10.02.2020;17:00;0;0;0;-;-
10.02.2020;18:00;0;0;0;-;-
10.02.2020;19:00;0;0;0;-;-
10.02.2020;20:00;0;0;0;-;-
10.02.2020;21:00;0;0;0;-;-
10.02.2020;22:00;0;0;0;-;-
10.02.2020;23:00;0;0;0;-;-
11.02.2020;00:00;0;0;0;-;-
11.02.2020;01:00;0;0;0;-;-
11.02.2020;02:00;0;0;0;-;-
11.02.2020;03:00;0;0;0;-;-
11.02.2020;04:00;0;0;0;-;-
11.02.2020;05:00;0;0;0;-;-
11.02.2020;06:00;0;0;0;-;-
11.02.2020;07:00;0;0;0;-;-
11.02.2020;08:00;0;0;0;-;-
11.02.2020;09:00;0;0;0;-;-
11.02.2020;10:00;0;0;0;-;-
11.02.2020;11:00;0;0;0;-;-
11.02.2020;12:00;0;0;0;-;-
11.02.2020;13:00;0;0;0;-;-
11.02.2020;14:00;0;0;0;-;-
11.02.2020;15:00;0;0;0;-;-
11.02.2020;16:00;0;0;0;-;-
11.02.2020;17:00;0;0;0;-;-
11.02.2020;18:00;0;0;0;-;-
11.02.2020;19:00;0;0;0;-;-
11.02.2020;20:00;0;0;0;-;-
11.02.2020;21:00;0;0;0;-;-
11.02.2020;22:00;0;0;0;-;-
11.02.2020;23:00;0;0;0;-;-
12.02.2020;00:00;0;0;0;-;-
12.02.2020;01:00;0;0;0;-;-
12.02.2020;02:00;0;0;0;-;-
12.02.2020;03:00;0;0;0;-;-
12.02.2020;04:00;0;0;0;-;-
12.02.2020;05:00;0;0;0;-;-
12.02.2020;06:00;0;0;0;-;-
12.02.2020;07:00;0;0;0;-;-
12.02.2020;08:00;0;0;0;-;-
12.02.2020;09:00;0;0;0;-;-
12.02.2020;10:00;0;0;0;-;-
12.02.2020;11:00;0;0;0;-;-
12.02.2020;12:00;0;0;0;-;-
12.02.2020;13:00;0;0;0;-;-
12.02.2020;14:00;0;0;0;-;-
12.02.2020;15:00;0;0;0;-;-
12.02.2020;16:00;0;0;0;-;-
12.02.2020;17:00;0;0;0;-;-
12.02.2020;18:00;0;0;0;-;-
12.02.2020;19:00;0;0;0;-;-
12.02.2020;20:00;0;0;0;-;-
12.02.2020;21:00;0;0;0;-;-
12.02.2020;22:00;0;0;0;-;-
12.02.2020;23:00;0;0;0;-;-
13.02.2020;00:00;0;0;0;-;-
13.02.2020;01:00;0;0;0;-;-
13.02.2020;02:00;0;0;0;-;-
13.02.2020;03:00;0;0;0;-;-
13.02.2020;04:00;0;0;0;-;-
13.02.2020;05:00;0;0;0;-;-
13.02.2020;06:00;0;0;27;-;-
13.02.2020;07:00;0;0;90;-;-
13.02.2020;08:00;0;0;279;-;-
13.02.2020;09:00;0;0;279;-;-
13.02.2020;10:00;0;0;279;-;-
13.02.2020;11:00;0;0;279;-;-
13.02.2020;12:00;0;0;278;-;-
13.02.2020;13:00;0;0;278;-;-
13.02.2020;14:00;0;0;278;-;-
13.02.2020;15:00;0;0;278;-;-
13.02.2020;16:00;0;0;288;-;-
13.02.2020;17:00;0;0;435;-;-
13.02.2020;18:00;0;0;369;-;-
13.02.2020;19:00;0;0;147;-;-
13.02.2020;20:00;0;0;0;-;-
13.02.2020;21:00;0;0;0;-;-
13.02.2020;22:00;0;0;0;-;-
13.02.2020;23:00;0;0;0;-;-
14.02.2020;00:00;0;0;0;-;-
14.02.2020;01:00;0;0;0;-;-
14.02.2020;02:00;0;0;27;-;-
14.02.2020;03:00;107;108;262;-;-
14.02.2020;04:00;122;127;801;-;-
14.02.2020;05:00;184;203;832;-;-
14.02.2020;06:00;266;272;836;-;-
14.02.2020;07:00;477;470;839;-;-
14.02.2020;08:00;478;479;840;-;-
14.02.2020;09:00;477;479;841;-;-
14.02.2020;10:00;473;479;842;-;-
14.02.2020;11:00;353;480;841;-;-
14.02.2020;12:00;335;481;843;-;-
14.02.2020;13:00;343;482;842;-;-
14.02.2020;14:00;468;482;844;-;-
14.02.2020;15:00;478;482;844;-;-
14.02.2020;16:00;482;482;845;-;-
14.02.2020;17:00;393;482;846;-;-
14.02.2020;18:00;339;481;844;-;-
14.02.2020;19:00;302;480;843;-;-
14.02.2020;20:00;3;316;840;-;-
14.02.2020;21:00;0;0;839;-;-
14.02.2020;22:00;0;0;838;-;-
14.02.2020;23:00;0;1;615;-;-
15.02.2020;00:00;57;56;16;-;-
15.02.2020;01:00;57;56;0;-;-
15.02.2020;02:00;57;56;0;-;-
15.02.2020;03:00;57;56;0;-;-
15.02.2020;04:00;57;56;0;-;-
15.02.2020;05:00;57;56;0;-;-
15.02.2020;06:00;57;56;0;-;-
15.02.2020;07:00;3;56;0;-;-
15.02.2020;08:00;0;56;0;-;-
15.02.2020;09:00;0;3;0;-;-
15.02.2020;10:00;0;0;0;-;-
15.02.2020;11:00;0;0;0;-;-
15.02.2020;12:00;0;0;0;-;-
15.02.2020;13:00;0;0;0;-;-
15.02.2020;14:00;0;0;0;-;-
15.02.2020;15:00;0;0;0;-;-
15.02.2020;16:00;0;0;0;-;-
15.02.2020;17:00;0;0;0;-;-
15.02.2020;18:00;0;0;0;-;-
15.02.2020;19:00;0;0;0;-;-
15.02.2020;20:00;0;0;0;-;-
15.02.2020;21:00;0;0;0;-;-
15.02.2020;22:00;0;0;0;-;-
15.02.2020;23:00;0;0;0;-;-
16.02.2020;00:00;0;0;0;-;-
16.02.2020;01:00;0;0;0;-;-
16.02.2020;02:00;0;0;0;-;-
16.02.2020;03:00;0;0;0;-;-
16.02.2020;04:00;0;0;0;-;-
16.02.2020;05:00;0;0;0;-;-
16.02.2020;06:00;0;0;0;-;-
16.02.2020;07:00;0;0;0;-;-
16.02.2020;08:00;0;0;0;-;-
16.02.2020;09:00;0;0;0;-;-
16.02.2020;10:00;0;0;0;-;-
16.02.2020;11:00;0;0;0;-;-
16.02.2020;12:00;0;0;0;-;-
16.02.2020;13:00;0;0;0;-;-
16.02.2020;14:00;0;0;0;-;-
16.02.2020;15:00;0;0;0;-;-
16.02.2020;16:00;0;0;0;-;-
16.02.2020;17:00;0;0;0;-;-
16.02.2020;18:00;0;0;0;-;-
16.02.2020;19:00;0;0;0;-;-
16.02.2020;20:00;0;0;0;-;-
16.02.2020;21:00;0;0;0;-;-
16.02.2020;22:00;0;0;0;-;-
16.02.2020;23:00;0;0;0;-;-
17.02.2020;00:00;0;0;0;-;-
17.02.2020;01:00;0;0;0;-;-
17.02.2020;02:00;0;0;0;-;-
17.02.2020;03:00;0;0;0;-;-
17.02.2020;04:00;0;0;0;-;-
17.02.2020;05:00;0;0;0;-;-
17.02.2020;06:00;0;0;0;-;-
17.02.2020;07:00;0;0;0;-;-
17.02.2020;08:00;0;0;0;-;-
17.02.2020;09:00;0;0;0;-;-
17.02.2020;10:00;0;0;0;-;-
17.02.2020;11:00;0;0;0;-;-
17.02.2020;12:00;0;0;0;-;-
17.02.2020;13:00;0;0;0;-;-
17.02.2020;14:00;0;0;0;-;-
17.02.2020;15:00;0;0;0;-;-
17.02.2020;16:00;0;0;0;-;-
17.02.2020;17:00;0;0;0;-;-
17.02.2020;18:00;0;0;0;-;-
17.02.2020;19:00;0;0;0;-;-
17.02.2020;20:00;0;0;0;-;-
17.02.2020;21:00;0;0;0;-;-
17.02.2020;22:00;0;0;0;-;-
17.02.2020;23:00;0;0;0;-;-
18.02.2020;00:00;0;0;0;-;-
18.02.2020;01:00;0;0;0;-;-
18.02.2020;02:00;0;0;0;-;-
18.02.2020;03:00;0;0;0;-;-
18.02.2020;04:00;0;0;0;-;-
18.02.2020;05:00;0;0;0;-;-
18.02.2020;06:00;0;0;0;-;-
18.02.2020;07:00;0;0;0;-;-
18.02.2020;08:00;0;0;0;-;-
18.02.2020;09:00;0;0;0;-;-
18.02.2020;10:00;0;0;0;-;-
18.02.2020;11:00;0;0;0;-;-
18.02.2020;12:00;0;0;0;-;-
18.02.2020;13:00;0;0;0;-;-
18.02.2020;14:00;0;0;0;-;-
18.02.2020;15:00;0;0;0;-;-
18.02.2020;16:00;0;0;0;-;-
18.02.2020;17:00;0;0;0;-;-
18.02.2020;18:00;0;0;0;-;-
18.02.2020;19:00;0;0;0;-;-
18.02.2020;20:00;0;0;0;-;-
18.02.2020;21:00;0;0;0;-;-
18.02.2020;22:00;0;0;0;-;-
18.02.2020;23:00;0;0;0;-;-
19.02.2020;00:00;0;0;0;-;-
19.02.2020;01:00;0;0;0;-;-
19.02.2020;02:00;0;0;0;-;-
19.02.2020;03:00;0;0;0;-;-
19.02.2020;04:00;0;0;0;-;-
19.02.2020;05:00;0;0;30;-;-
19.02.2020;06:00;0;0;91;-;-
19.02.2020;07:00;0;0;694;-;-
19.02.2020;08:00;0;0;812;-;-
19.02.2020;09:00;0;0;827;-;-
19.02.2020;10:00;0;0;833;-;-
19.02.2020;11:00;0;0;835;-;-
19.02.2020;12:00;0;0;714;-;-
19.02.2020;13:00;0;0;826;-;-
19.02.2020;14:00;0;0;826;-;-
19.02.2020;15:00;0;0;838;-;-
19.02.2020;16:00;56;55;839;-;-
19.02.2020;17:00;115;116;791;-;-
19.02.2020;18:00;135;136;840;-;-
19.02.2020;19:00;129;128;844;-;-
19.02.2020;20:00;0;0;836;-;-
19.02.2020;21:00;0;0;761;-;-
19.02.2020;22:00;0;0;839;-;-
19.02.2020;23:00;0;0;833;-;-
20.02.2020;00:00;0;0;779;-;-
20.02.2020;01:00;0;0;585;-;-
20.02.2020;02:00;0;0;521;-;-
20.02.2020;03:00;0;0;760;-;-
20.02.2020;04:00;0;0;748;-;-
20.02.2020;05:00;0;0;688;-;-
20.02.2020;06:00;0;0;805;-;-
20.02.2020;07:00;0;0;833;-;-
20.02.2020;08:00;0;0;834;-;-
20.02.2020;09:00;0;0;833;-;-
20.02.2020;10:00;0;0;825;-;-
20.02.2020;11:00;0;0;780;-;-
20.02.2020;12:00;0;0;827;-;-
20.02.2020;13:00;0;0;829;-;-
20.02.2020;14:00;0;0;828;-;-
20.02.2020;15:00;0;0;828;-;-
20.02.2020;16:00;0;0;792;-;-
20.02.2020;17:00;0;0;825;-;-
20.02.2020;18:00;0;0;827;-;-
20.02.2020;19:00;0;0;828;-;-
20.02.2020;20:00;0;0;589;-;-
20.02.2020;21:00;0;0;278;-;-
20.02.2020;22:00;0;0;278;-;-
20.02.2020;23:00;0;0;274;-;-
21.02.2020;00:00;0;0;1;-;-
21.02.2020;01:00;0;0;0;-;-
21.02.2020;02:00;0;0;0;-;-
21.02.2020;03:00;0;0;0;-;-
21.02.2020;04:00;0;0;0;-;-
21.02.2020;05:00;0;0;0;-;-
21.02.2020;06:00;0;0;0;-;-
21.02.2020;07:00;0;0;0;-;-
21.02.2020;08:00;0;0;0;-;-
21.02.2020;09:00;0;0;0;-;-
21.02.2020;10:00;0;0;0;-;-
21.02.2020;11:00;0;0;0;-;-
21.02.2020;12:00;0;0;0;-;-
21.02.2020;13:00;0;0;0;-;-
21.02.2020;14:00;0;0;0;-;-
21.02.2020;15:00;0;0;0;-;-
21.02.2020;16:00;0;0;0;-;-
21.02.2020;17:00;0;0;0;-;-
21.02.2020;18:00;0;0;0;-;-
21.02.2020;19:00;0;0;0;-;-
21.02.2020;20:00;0;0;0;-;-
21.02.2020;21:00;0;0;0;-;-
21.02.2020;22:00;0;0;0;-;-
21.02.2020;23:00;0;0;0;-;-
22.02.2020;00:00;0;0;0;-;-
22.02.2020;01:00;0;0;0;-;-
22.02.2020;02:00;0;0;0;-;-
22.02.2020;03:00;0;0;0;-;-
22.02.2020;04:00;0;0;0;-;-
22.02.2020;05:00;0;0;0;-;-
22.02.2020;06:00;0;0;0;-;-
22.02.2020;07:00;0;0;0;-;-
22.02.2020;08:00;0;0;0;-;-
22.02.2020;09:00;0;0;0;-;-
22.02.2020;10:00;0;0;0;-;-
22.02.2020;11:00;0;0;0;-;-
22.02.2020;12:00;0;0;0;-;-
22.02.2020;13:00;0;0;0;-;-
22.02.2020;14:00;0;0;0;-;-
22.02.2020;15:00;0;0;0;-;-
22.02.2020;16:00;0;0;0;-;-
22.02.2020;17:00;0;0;0;-;-
22.02.2020;18:00;0;0;0;-;-
22.02.2020;19:00;0;0;0;-;-
22.02.2020;20:00;0;0;0;-;-
22.02.2020;21:00;0;0;0;-;-
22.02.2020;22:00;0;0;0;-;-
22.02.2020;23:00;0;0;0;-;-
23.02.2020;00:00;0;0;0;-;-
23.02.2020;01:00;0;0;0;-;-
23.02.2020;02:00;0;0;0;-;-
23.02.2020;03:00;0;0;0;-;-
23.02.2020;04:00;0;0;0;-;-
23.02.2020;05:00;0;0;0;-;-
23.02.2020;06:00;0;0;0;-;-
23.02.2020;07:00;0;0;0;-;-
23.02.2020;08:00;0;0;0;-;-
23.02.2020;09:00;0;0;0;-;-
23.02.2020;10:00;0;0;0;-;-
23.02.2020;11:00;0;0;0;-;-
23.02.2020;12:00;0;0;0;-;-
23.02.2020;13:00;0;0;0;-;-
23.02.2020;14:00;0;0;0;-;-
23.02.2020;15:00;0;0;0;-;-
23.02.2020;16:00;0;0;0;-;-
23.02.2020;17:00;0;0;0;-;-
23.02.2020;18:00;0;0;0;-;-
23.02.2020;19:00;0;0;0;-;-
23.02.2020;20:00;0;0;0;-;-
23.02.2020;21:00;0;0;0;-;-
23.02.2020;22:00;0;0;0;-;-
23.02.2020;23:00;0;0;0;-;-
24.02.2020;00:00;0;0;0;-;-
24.02.2020;01:00;0;0;0;-;-
24.02.2020;02:00;0;0;0;-;-
24.02.2020;03:00;0;0;0;-;-
24.02.2020;04:00;34;33;0;-;-
24.02.2020;05:00;114;112;32;-;-
24.02.2020;06:00;145;155;140;-;-
24.02.2020;07:00;215;223;602;-;-
24.02.2020;08:00;276;276;807;-;-
24.02.2020;09:00;300;300;831;-;-
24.02.2020;10:00;300;299;836;-;-
24.02.2020;11:00;219;213;838;-;-
24.02.2020;12:00;168;157;837;-;-
24.02.2020;13:00;139;138;836;-;-
24.02.2020;14:00;138;137;834;-;-
24.02.2020;15:00;138;137;828;-;-
24.02.2020;16:00;138;138;822;-;-
24.02.2020;17:00;139;138;818;-;-
24.02.2020;18:00;139;138;816;-;-
24.02.2020;19:00;96;95;817;-;-
24.02.2020;20:00;0;0;523;-;-
24.02.2020;21:00;0;0;0;-;-
24.02.2020;22:00;0;0;0;-;-
24.02.2020;23:00;0;0;0;-;-
25.02.2020;00:00;0;0;0;-;-
25.02.2020;01:00;0;0;0;-;-
25.02.2020;02:00;0;0;0;-;-
25.02.2020;03:00;0;0;0;-;-
25.02.2020;04:00;0;0;0;-;-
25.02.2020;05:00;0;0;0;-;-
25.02.2020;06:00;0;0;0;-;-
25.02.2020;07:00;0;0;0;-;-
25.02.2020;08:00;0;0;0;-;-
25.02.2020;09:00;0;0;0;-;-
25.02.2020;10:00;0;0;0;-;-
25.02.2020;11:00;0;0;0;-;-
25.02.2020;12:00;0;0;0;-;-
25.02.2020;13:00;0;0;0;-;-
25.02.2020;14:00;0;0;0;-;-
25.02.2020;15:00;0;0;1;-;-
25.02.2020;16:00;0;0;115;-;-
25.02.2020;17:00;0;0;744;-;-
25.02.2020;18:00;0;0;813;-;-
25.02.2020;19:00;0;0;822;-;-
25.02.2020;20:00;0;0;823;-;-
25.02.2020;21:00;0;0;821;-;-
25.02.2020;22:00;0;0;782;-;-
25.02.2020;23:00;0;0;113;-;-
26.02.2020;00:00;0;0;0;-;-
26.02.2020;01:00;0;0;0;-;-
26.02.2020;02:00;0;0;0;-;-
26.02.2020;03:00;0;0;0;-;-
26.02.2020;04:00;0;0;0;-;-
26.02.2020;05:00;0;0;195;-;-
26.02.2020;06:00;110;60;806;-;-
26.02.2020;07:00;158;134;811;-;-
26.02.2020;08:00;225;223;815;-;-
26.02.2020;09:00;232;229;815;-;-
26.02.2020;10:00;182;215;813;-;-
26.02.2020;11:00;1;161;810;-;-
26.02.2020;12:00;0;139;806;-;-
26.02.2020;13:00;0;138;801;-;-
26.02.2020;14:00;0;138;779;-;-
26.02.2020;15:00;0;198;812;-;-
26.02.2020;16:00;60;290;825;-;-
26.02.2020;17:00;179;481;828;-;-
26.02.2020;18:00;338;485;831;-;-
26.02.2020;19:00;344;480;831;-;-
26.02.2020;20:00;256;363;827;-;-
26.02.2020;21:00;25;104;824;-;-
26.02.2020;22:00;0;0;831;-;-
26.02.2020;23:00;0;0;832;-;-
27.02.2020;00:00;0;0;828;-;-
27.02.2020;01:00;0;0;829;-;-
27.02.2020;02:00;0;0;829;-;-
27.02.2020;03:00;0;0;828;-;-
27.02.2020;04:00;3;0;827;-;-
27.02.2020;05:00;61;81;825;-;-
27.02.2020;06:00;165;209;824;-;-
27.02.2020;07:00;300;450;824;-;-
27.02.2020;08:00;348;486;812;-;-
27.02.2020;09:00;343;477;818;-;-
27.02.2020;10:00;335;417;801;-;-
27.02.2020;11:00;340;482;827;-;-
27.02.2020;12:00;291;447;826;-;-
27.02.2020;13:00;338;485;827;-;-
27.02.2020;14:00;339;485;825;-;-
27.02.2020;15:00;343;485;825;-;-
27.02.2020;16:00;345;485;826;-;-
27.02.2020;17:00;345;485;827;-;-
27.02.2020;18:00;344;485;826;-;-
27.02.2020;19:00;331;457;819;-;-
27.02.2020;20:00;174;211;820;-;-
27.02.2020;21:00;54;160;823;-;-
27.02.2020;22:00;0;132;823;-;-
27.02.2020;23:00;0;0;827;-;-
28.02.2020;00:00;0;0;829;-;-
28.02.2020;01:00;0;0;831;-;-
28.02.2020;02:00;0;0;831;-;-
28.02.2020;03:00;0;0;833;-;-
28.02.2020;04:00;0;0;833;-;-
28.02.2020;05:00;0;130;823;-;-
28.02.2020;06:00;0;278;832;-;-
28.02.2020;07:00;0;482;824;-;-
28.02.2020;08:00;0;484;834;-;-
28.02.2020;09:00;0;473;834;-;-
28.02.2020;10:00;0;149;829;-;-
28.02.2020;11:00;0;0;809;-;-
28.02.2020;12:00;0;0;786;-;-
28.02.2020;13:00;0;0;798;-;-
28.02.2020;14:00;0;0;794;-;-
28.02.2020;15:00;0;0;834;-;-
28.02.2020;16:00;0;0;798;-;-
28.02.2020;17:00;0;0;765;-;-
28.02.2020;18:00;0;0;836;-;-
28.02.2020;19:00;0;0;789;-;-
28.02.2020;20:00;0;0;69;-;-
28.02.2020;21:00;0;0;0;-;-
28.02.2020;22:00;0;0;0;-;-
28.02.2020;23:00;0;0;0;-;-
29.02.2020;00:00;0;0;0;-;-
29.02.2020;01:00;0;0;0;-;-
29.02.2020;02:00;0;0;0;-;-
29.02.2020;03:00;0;0;0;-;-
29.02.2020;04:00;0;0;0;-;-
29.02.2020;05:00;0;0;0;-;-
29.02.2020;06:00;0;0;0;-;-
29.02.2020;07:00;0;0;0;-;-
29.02.2020;08:00;0;0;0;-;-
29.02.2020;09:00;0;0;0;-;-
29.02.2020;10:00;0;0;0;-;-
29.02.2020;11:00;0;0;0;-;-
29.02.2020;12:00;0;0;0;-;-
29.02.2020;13:00;0;0;0;-;-
29.02.2020;14:00;0;0;0;-;-
29.02.2020;15:00;0;0;0;-;-
29.02.2020;16:00;0;0;0;-;-
29.02.2020;17:00;0;0;0;-;-
29.02.2020;18:00;0;0;0;-;-
29.02.2020;19:00;0;0;0;-;-
29.02.2020;20:00;0;0;0;-;-
29.02.2020;21:00;0;0;0;-;-
29.02.2020;22:00;0;0;0;-;-
29.02.2020;23:00;0;0;0;-;-
01.03.2020;00:00;0;0;0;-;-
01.03.2020;01:00;0;0;0;-;-
01.03.2020;02:00;0;0;0;-;-
01.03.2020;03:00;0;0;0;-;-
01.03.2020;04:00;0;0;0;-;-
01.03.2020;05:00;0;0;0;-;-
01.03.2020;06:00;0;0;0;-;-
01.03.2020;07:00;0;0;0;-;-
01.03.2020;08:00;0;0;0;-;-
01.03.2020;09:00;0;0;0;-;-
01.03.2020;10:00;0;0;0;-;-
01.03.2020;11:00;0;0;0;-;-
01.03.2020;12:00;0;0;0;-;-
01.03.2020;13:00;0;0;0;-;-
01.03.2020;14:00;0;0;0;-;-
01.03.2020;15:00;0;0;0;-;-
01.03.2020;16:00;0;0;0;-;-
01.03.2020;17:00;0;0;0;-;-
01.03.2020;18:00;0;0;0;-;-
01.03.2020;19:00;0;0;0;-;-
01.03.2020;20:00;0;0;0;-;-
01.03.2020;21:00;0;0;0;-;-
01.03.2020;22:00;0;0;0;-;-
01.03.2020;23:00;0;0;0;-;-
02.03.2020;00:00;0;0;0;-;-
02.03.2020;01:00;0;0;0;-;-
02.03.2020;02:00;0;0;0;-;-
02.03.2020;03:00;0;0;0;-;-
02.03.2020;04:00;0;0;10;-;-
02.03.2020;05:00;0;2;22;-;-
02.03.2020;06:00;0;112;187;-;-
02.03.2020;07:00;0;89;373;-;-
02.03.2020;08:00;0;116;377;-;-
02.03.2020;09:00;0;136;388;-;-
02.03.2020;10:00;0;137;400;-;-
02.03.2020;11:00;0;137;726;-;-
02.03.2020;12:00;0;137;808;-;-
02.03.2020;13:00;0;137;807;-;-
02.03.2020;14:00;54;194;805;-;-
02.03.2020;15:00;55;262;801;-;-
02.03.2020;16:00;88;462;806;-;-
02.03.2020;17:00;172;483;806;-;-
02.03.2020;18:00;315;483;811;-;-
02.03.2020;19:00;479;483;817;-;-
02.03.2020;20:00;430;309;819;-;-
02.03.2020;21:00;204;209;820;-;-
02.03.2020;22:00;149;155;799;-;-
02.03.2020;23:00;0;0;784;-;-
03.03.2020;00:00;0;0;816;-;-
03.03.2020;01:00;0;0;815;-;-
03.03.2020;02:00;0;0;760;-;-
03.03.2020;03:00;0;0;819;-;-
03.03.2020;04:00;0;0;828;-;-
03.03.2020;05:00;1;1;825;-;-
03.03.2020;06:00;129;120;808;-;-
03.03.2020;07:00;251;253;809;-;-
03.03.2020;08:00;463;462;812;-;-
03.03.2020;09:00;468;477;818;-;-
03.03.2020;10:00;55;477;816;-;-
03.03.2020;11:00;56;477;813;-;-
03.03.2020;12:00;56;477;811;-;-
03.03.2020;13:00;56;477;810;-;-
03.03.2020;14:00;54;477;815;-;-
03.03.2020;15:00;52;477;822;-;-
03.03.2020;16:00;103;477;824;-;-
03.03.2020;17:00;315;477;824;-;-
03.03.2020;18:00;348;477;832;-;-
03.03.2020;19:00;348;477;834;-;-
03.03.2020;20:00;348;477;831;-;-
03.03.2020;21:00;193;253;809;-;-
03.03.2020;22:00;137;199;802;-;-
03.03.2020;23:00;0;0;816;-;-
04.03.2020;00:00;0;0;779;-;-
04.03.2020;01:00;0;0;825;-;-
04.03.2020;02:00;0;0;824;-;-
04.03.2020;03:00;0;0;822;-;-
04.03.2020;04:00;0;55;823;-;-
04.03.2020;05:00;111;166;805;-;-
04.03.2020;06:00;218;260;794;-;-
04.03.2020;07:00;326;427;819;-;-
04.03.2020;08:00;462;478;827;-;-
04.03.2020;09:00;476;479;831;-;-
04.03.2020;10:00;478;480;830;-;-
04.03.2020;11:00;484;484;833;-;-
04.03.2020;12:00;432;428;835;-;-
04.03.2020;13:00;386;376;830;-;-
04.03.2020;14:00;413;411;830;-;-
04.03.2020;15:00;468;464;828;-;-
04.03.2020;16:00;426;425;826;-;-
04.03.2020;17:00;434;433;828;-;-
04.03.2020;18:00;484;483;833;-;-
04.03.2020;19:00;483;483;834;-;-
04.03.2020;20:00;483;483;837;-;-
04.03.2020;21:00;483;483;838;-;-
04.03.2020;22:00;267;264;835;-;-
04.03.2020;23:00;0;0;834;-;-
05.03.2020;00:00;0;0;831;-;-
05.03.2020;01:00;0;0;828;-;-
05.03.2020;02:00;0;0;829;-;-
05.03.2020;03:00;0;0;829;-;-
05.03.2020;04:00;0;0;820;-;-
05.03.2020;05:00;0;110;820;-;-
05.03.2020;06:00;0;235;820;-;-
05.03.2020;07:00;52;456;771;-;-
05.03.2020;08:00;53;484;818;-;-
05.03.2020;09:00;0;485;820;-;-
05.03.2020;10:00;0;485;820;-;-
05.03.2020;11:00;0;457;821;-;-
05.03.2020;12:00;0;320;820;-;-
05.03.2020;13:00;0;253;818;-;-
05.03.2020;14:00;0;398;818;-;-
05.03.2020;15:00;0;165;814;-;-
05.03.2020;16:00;0;0;819;-;-
05.03.2020;17:00;0;0;820;-;-
05.03.2020;18:00;0;0;821;-;-
05.03.2020;19:00;0;0;820;-;-
05.03.2020;20:00;0;0;802;-;-
05.03.2020;21:00;0;0;803;-;-
05.03.2020;22:00;0;0;819;-;-
05.03.2020;23:00;0;0;819;-;-
06.03.2020;00:00;0;0;816;-;-
06.03.2020;01:00;0;0;817;-;-
06.03.2020;02:00;0;0;783;-;-
06.03.2020;03:00;0;0;813;-;-
06.03.2020;04:00;0;0;815;-;-
06.03.2020;05:00;0;8;816;-;-
06.03.2020;06:00;0;118;810;-;-
06.03.2020;07:00;0;138;814;-;-
06.03.2020;08:00;0;137;785;-;-
06.03.2020;09:00;53;137;394;-;-
06.03.2020;10:00;115;137;704;-;-
06.03.2020;11:00;114;137;818;-;-
06.03.2020;12:00;127;137;822;-;-
06.03.2020;13:00;136;137;822;-;-
06.03.2020;14:00;136;137;820;-;-
06.03.2020;15:00;136;137;824;-;-
06.03.2020;16:00;139;140;826;-;-
06.03.2020;17:00;216;220;829;-;-
06.03.2020;18:00;227;228;827;-;-
06.03.2020;19:00;222;222;832;-;-
06.03.2020;20:00;196;194;832;-;-
06.03.2020;21:00;0;0;835;-;-
06.03.2020;22:00;0;0;836;-;-
06.03.2020;23:00;0;0;821;-;-
07.03.2020;00:00;0;0;830;-;-
07.03.2020;01:00;0;0;827;-;-
07.03.2020;02:00;0;0;812;-;-
07.03.2020;03:00;0;0;818;-;-
07.03.2020;04:00;0;0;842;-;-
07.03.2020;05:00;0;0;843;-;-
07.03.2020;06:00;0;0;840;-;-
07.03.2020;07:00;0;0;839;-;-
07.03.2020;08:00;0;0;842;-;-
07.03.2020;09:00;0;0;839;-;-
07.03.2020;10:00;0;0;840;-;-
07.03.2020;11:00;0;0;834;-;-
07.03.2020;12:00;0;0;834;-;-
07.03.2020;13:00;0;0;809;-;-
07.03.2020;14:00;0;0;831;-;-
07.03.2020;15:00;0;0;827;-;-
07.03.2020;16:00;0;0;832;-;-
07.03.2020;17:00;0;0;835;-;-
07.03.2020;18:00;0;0;832;-;-
07.03.2020;19:00;0;0;839;-;-
07.03.2020;20:00;0;0;839;-;-
07.03.2020;21:00;0;0;431;-;-
07.03.2020;22:00;0;0;0;-;-
07.03.2020;23:00;0;0;0;-;-
08.03.2020;00:00;0;0;0;-;-
08.03.2020;01:00;0;0;0;-;-
08.03.2020;02:00;0;0;0;-;-
08.03.2020;03:00;0;0;0;-;-
08.03.2020;04:00;0;0;0;-;-
08.03.2020;05:00;0;0;0;-;-
08.03.2020;06:00;0;0;0;-;-
08.03.2020;07:00;0;0;0;-;-
08.03.2020;08:00;0;0;0;-;-
08.03.2020;09:00;0;0;0;-;-
08.03.2020;10:00;0;0;0;-;-
08.03.2020;11:00;0;0;0;-;-
08.03.2020;12:00;0;0;0;-;-
08.03.2020;13:00;0;0;0;-;-
08.03.2020;14:00;0;0;0;-;-
08.03.2020;15:00;0;0;0;-;-
08.03.2020;16:00;0;0;0;-;-
08.03.2020;17:00;0;0;0;-;-
08.03.2020;18:00;0;0;0;-;-
08.03.2020;19:00;0;0;0;-;-
08.03.2020;20:00;0;0;0;-;-
08.03.2020;21:00;0;0;0;-;-
08.03.2020;22:00;0;0;0;-;-
08.03.2020;23:00;0;0;0;-;-
09.03.2020;00:00;0;0;0;-;-
09.03.2020;01:00;0;0;0;-;-
09.03.2020;02:00;0;0;0;-;-
09.03.2020;03:00;8;0;0;-;-
09.03.2020;04:00;113;110;15;-;-
09.03.2020;05:00;163;177;85;-;-
09.03.2020;06:00;259;298;719;-;-
09.03.2020;07:00;461;477;818;-;-
09.03.2020;08:00;478;477;828;-;-
09.03.2020;09:00;478;480;820;-;-
09.03.2020;10:00;286;382;814;-;-
09.03.2020;11:00;333;367;829;-;-
09.03.2020;12:00;341;356;827;-;-
09.03.2020;13:00;282;319;822;-;-
09.03.2020;14:00;305;228;824;-;-
09.03.2020;15:00;427;428;830;-;-
09.03.2020;16:00;482;478;809;-;-
09.03.2020;17:00;431;435;829;-;-
09.03.2020;18:00;435;451;835;-;-
09.03.2020;19:00;459;457;840;-;-
09.03.2020;20:00;258;256;840;-;-
09.03.2020;21:00;196;199;801;-;-
09.03.2020;22:00;0;0;823;-;-
09.03.2020;23:00;0;0;817;-;-
10.03.2020;00:00;0;0;784;-;-
10.03.2020;01:00;0;0;637;-;-
10.03.2020;02:00;0;0;465;-;-
10.03.2020;03:00;0;0;414;-;-
10.03.2020;04:00;0;0;375;-;-
10.03.2020;05:00;0;0;366;-;-
10.03.2020;06:00;0;0;656;-;-
10.03.2020;07:00;0;0;808;-;-
10.03.2020;08:00;0;0;821;-;-
10.03.2020;09:00;0;0;817;-;-
10.03.2020;10:00;0;0;814;-;-
10.03.2020;11:00;0;0;819;-;-
10.03.2020;12:00;0;0;822;-;-
10.03.2020;13:00;0;0;819;-;-
10.03.2020;14:00;0;0;819;-;-
10.03.2020;15:00;0;0;817;-;-
10.03.2020;16:00;0;0;816;-;-
10.03.2020;17:00;0;0;816;-;-
10.03.2020;18:00;0;0;721;-;-
10.03.2020;19:00;0;62;815;-;-
10.03.2020;20:00;0;164;594;-;-
10.03.2020;21:00;0;235;0;-;-
10.03.2020;22:00;0;384;0;-;-
10.03.2020;23:00;0;453;0;-;-
11.03.2020;00:00;0;256;0;-;-
11.03.2020;01:00;0;172;0;-;-
11.03.2020;02:00;0;139;0;-;-
11.03.2020;03:00;0;137;0;-;-
11.03.2020;04:00;0;137;0;-;-
11.03.2020;05:00;0;136;151;-;-
11.03.2020;06:00;0;136;659;-;-
11.03.2020;07:00;0;136;786;-;-
11.03.2020;08:00;0;136;824;-;-
11.03.2020;09:00;0;136;821;-;-
11.03.2020;10:00;0;138;812;-;-
11.03.2020;11:00;0;206;774;-;-
11.03.2020;12:00;0;217;822;-;-
11.03.2020;13:00;0;226;809;-;-
11.03.2020;14:00;0;290;669;-;-
11.03.2020;15:00;0;290;798;-;-
11.03.2020;16:00;0;290;819;-;-
11.03.2020;17:00;0;290;806;-;-
11.03.2020;18:00;0;289;821;-;-
11.03.2020;19:00;0;289;777;-;-
11.03.2020;20:00;0;282;768;-;-
11.03.2020;21:00;0;223;65;-;-
11.03.2020;22:00;0;219;0;-;-
11.03.2020;23:00;0;194;0;-;-
12.03.2020;00:00;0;0;0;-;-
12.03.2020;01:00;0;0;0;-;-
12.03.2020;02:00;0;0;0;-;-
12.03.2020;03:00;0;0;0;-;-
12.03.2020;04:00;0;0;0;-;-
12.03.2020;05:00;0;0;0;-;-
12.03.2020;06:00;0;0;0;-;-
12.03.2020;07:00;0;0;0;-;-
12.03.2020;08:00;0;0;0;-;-
12.03.2020;09:00;0;0;0;-;-
12.03.2020;10:00;0;0;0;-;-
12.03.2020;11:00;0;0;0;-;-
12.03.2020;12:00;0;0;0;-;-
12.03.2020;13:00;0;0;0;-;-
12.03.2020;14:00;0;5;0;-;-
12.03.2020;15:00;0;116;0;-;-
12.03.2020;16:00;0;223;0;-;-
12.03.2020;17:00;0;291;0;-;-
12.03.2020;18:00;0;300;0;-;-
12.03.2020;19:00;0;300;0;-;-
12.03.2020;20:00;0;310;0;-;-
12.03.2020;21:00;0;374;0;-;-
12.03.2020;22:00;0;377;0;-;-
12.03.2020;23:00;0;461;0;-;-
13.03.2020;00:00;0;148;0;-;-
13.03.2020;01:00;0;0;0;-;-
13.03.2020;02:00;0;0;0;-;-
13.03.2020;03:00;0;0;0;-;-
13.03.2020;04:00;0;0;0;-;-
13.03.2020;05:00;0;0;0;-;-
13.03.2020;06:00;0;0;0;-;-
13.03.2020;07:00;0;0;0;-;-
13.03.2020;08:00;0;0;0;-;-
13.03.2020;09:00;0;0;0;-;-
13.03.2020;10:00;0;0;0;-;-
13.03.2020;11:00;0;0;0;-;-
13.03.2020;12:00;0;0;0;-;-
13.03.2020;13:00;0;0;0;-;-
13.03.2020;14:00;0;0;0;-;-
13.03.2020;15:00;0;0;18;-;-
13.03.2020;16:00;0;22;221;-;-
13.03.2020;17:00;105;131;754;-;-
13.03.2020;18:00;130;228;810;-;-
13.03.2020;19:00;201;227;837;-;-
13.03.2020;20:00;316;333;844;-;-
13.03.2020;21:00;56;36;847;-;-
13.03.2020;22:00;0;0;846;-;-
13.03.2020;23:00;0;0;624;-;-
14.03.2020;00:00;0;0;0;-;-
14.03.2020;01:00;0;0;0;-;-
14.03.2020;02:00;0;0;0;-;-
14.03.2020;03:00;0;0;0;-;-
14.03.2020;04:00;0;0;0;-;-
14.03.2020;05:00;0;0;0;-;-
14.03.2020;06:00;0;0;0;-;-
14.03.2020;07:00;0;0;0;-;-
14.03.2020;08:00;0;0;0;-;-
14.03.2020;09:00;0;0;0;-;-
14.03.2020;10:00;0;0;0;-;-
14.03.2020;11:00;0;0;0;-;-
14.03.2020;12:00;0;0;0;-;-
14.03.2020;13:00;0;0;0;-;-
14.03.2020;14:00;0;0;0;-;-
14.03.2020;15:00;0;0;0;-;-
14.03.2020;16:00;0;0;0;-;-
14.03.2020;17:00;0;0;0;-;-
14.03.2020;18:00;0;0;0;-;-
14.03.2020;19:00;0;0;0;-;-
14.03.2020;20:00;0;0;0;-;-
14.03.2020;21:00;0;0;0;-;-
14.03.2020;22:00;0;0;0;-;-
14.03.2020;23:00;0;0;0;-;-
15.03.2020;00:00;0;0;0;-;-
15.03.2020;01:00;0;0;0;-;-
15.03.2020;02:00;0;0;0;-;-
15.03.2020;03:00;0;0;0;-;-
15.03.2020;04:00;0;0;0;-;-
15.03.2020;05:00;0;0;0;-;-
15.03.2020;06:00;0;0;0;-;-
15.03.2020;07:00;0;0;0;-;-
15.03.2020;08:00;0;0;0;-;-
15.03.2020;09:00;0;0;0;-;-
15.03.2020;10:00;0;0;0;-;-
15.03.2020;11:00;0;0;0;-;-
15.03.2020;12:00;0;0;0;-;-
15.03.2020;13:00;0;0;0;-;-
15.03.2020;14:00;0;0;0;-;-
15.03.2020;15:00;0;0;0;-;-
15.03.2020;16:00;0;0;0;-;-
15.03.2020;17:00;0;74;0;-;-
15.03.2020;18:00;0;133;0;-;-
15.03.2020;19:00;0;234;0;-;-
15.03.2020;20:00;0;369;0;-;-
15.03.2020;21:00;0;372;0;-;-
15.03.2020;22:00;0;371;0;-;-
15.03.2020;23:00;0;321;0;-;-
16.03.2020;00:00;0;18;0;-;-
16.03.2020;01:00;0;0;0;-;-
16.03.2020;02:00;0;0;0;-;-
16.03.2020;03:00;0;0;0;-;-
16.03.2020;04:00;0;0;15;-;-
16.03.2020;05:00;0;0;130;-;-
16.03.2020;06:00;0;0;414;-;-
16.03.2020;07:00;0;0;407;-;-
16.03.2020;08:00;0;0;413;-;-
16.03.2020;09:00;0;0;519;-;-
16.03.2020;10:00;0;0;828;-;-
16.03.2020;11:00;0;0;827;-;-
16.03.2020;12:00;0;0;826;-;-
16.03.2020;13:00;0;0;826;-;-
16.03.2020;14:00;37;0;825;-;-
16.03.2020;15:00;117;0;826;-;-
16.03.2020;16:00;180;100;826;-;-
16.03.2020;17:00;240;222;830;-;-
16.03.2020;18:00;260;382;834;-;-
16.03.2020;19:00;378;453;837;-;-
16.03.2020;20:00;229;234;839;-;-
16.03.2020;21:00;0;0;843;-;-
16.03.2020;22:00;0;0;844;-;-
16.03.2020;23:00;0;0;845;-;-
17.03.2020;00:00;0;0;845;-;-
17.03.2020;01:00;0;0;847;-;-
17.03.2020;02:00;0;0;849;-;-
17.03.2020;03:00;0;0;852;-;-
17.03.2020;04:00;0;0;853;-;-
17.03.2020;05:00;0;0;855;-;-
17.03.2020;06:00;0;0;797;-;-
17.03.2020;07:00;0;0;847;-;-
17.03.2020;08:00;0;0;846;-;-
17.03.2020;09:00;0;0;845;-;-
17.03.2020;10:00;0;0;844;-;-
17.03.2020;11:00;0;0;840;-;-
17.03.2020;12:00;0;0;810;-;-
17.03.2020;13:00;0;0;797;-;-
17.03.2020;14:00;0;0;831;-;-
17.03.2020;15:00;0;0;803;-;-
17.03.2020;16:00;0;0;833;-;-
17.03.2020;17:00;0;0;833;-;-
17.03.2020;18:00;107;105;836;-;-
17.03.2020;19:00;106;104;837;-;-
17.03.2020;20:00;0;0;841;-;-
17.03.2020;21:00;0;0;842;-;-
17.03.2020;22:00;0;0;845;-;-
17.03.2020;23:00;0;0;558;-;-
18.03.2020;00:00;0;0;0;-;-
18.03.2020;01:00;0;0;0;-;-
18.03.2020;02:00;0;0;0;-;-
18.03.2020;03:00;0;0;0;-;-
18.03.2020;04:00;0;0;0;-;-
18.03.2020;05:00;0;0;0;-;-
18.03.2020;06:00;0;0;0;-;-
18.03.2020;07:00;0;0;0;-;-
18.03.2020;08:00;0;0;0;-;-
18.03.2020;09:00;0;0;0;-;-
18.03.2020;10:00;0;0;0;-;-
18.03.2020;11:00;0;0;0;-;-
18.03.2020;12:00;0;0;0;-;-
18.03.2020;13:00;0;0;0;-;-
18.03.2020;14:00;0;0;0;-;-
18.03.2020;15:00;0;0;0;-;-
18.03.2020;16:00;0;0;1;-;-
18.03.2020;17:00;0;0;142;-;-
18.03.2020;18:00;0;0;704;-;-
18.03.2020;19:00;0;0;817;-;-
18.03.2020;20:00;0;0;825;-;-
18.03.2020;21:00;0;0;828;-;-
18.03.2020;22:00;0;0;830;-;-
18.03.2020;23:00;0;0;830;-;-
19.03.2020;00:00;0;0;830;-;-
19.03.2020;01:00;0;0;836;-;-
19.03.2020;02:00;0;0;838;-;-
19.03.2020;03:00;0;0;839;-;-
19.03.2020;04:00;0;0;841;-;-
19.03.2020;05:00;0;0;841;-;-
19.03.2020;06:00;0;0;822;-;-
19.03.2020;07:00;0;0;835;-;-
19.03.2020;08:00;0;0;829;-;-
19.03.2020;09:00;0;0;825;-;-
19.03.2020;10:00;0;0;832;-;-
19.03.2020;11:00;0;0;845;-;-
19.03.2020;12:00;0;0;845;-;-
19.03.2020;13:00;0;0;759;-;-
19.03.2020;14:00;0;0;834;-;-
19.03.2020;15:00;103;102;847;-;-
19.03.2020;16:00;145;161;841;-;-
19.03.2020;17:00;240;247;850;-;-
19.03.2020;18:00;453;450;851;-;-
19.03.2020;19:00;446;429;851;-;-
19.03.2020;20:00;210;205;851;-;-
19.03.2020;21:00;157;153;849;-;-
19.03.2020;22:00;131;130;848;-;-
19.03.2020;23:00;0;0;852;-;-
20.03.2020;00:00;0;0;853;-;-
20.03.2020;01:00;0;0;854;-;-
20.03.2020;02:00;0;0;853;-;-
20.03.2020;03:00;0;0;853;-;-
20.03.2020;04:00;0;1;853;-;-
20.03.2020;05:00;118;117;852;-;-
20.03.2020;06:00;134;133;850;-;-
20.03.2020;07:00;130;129;841;-;-
20.03.2020;08:00;0;0;849;-;-
20.03.2020;09:00;0;0;850;-;-
20.03.2020;10:00;0;0;852;-;-
20.03.2020;11:00;0;0;844;-;-
20.03.2020;12:00;0;0;848;-;-
20.03.2020;13:00;0;0;807;-;-
20.03.2020;14:00;0;0;835;-;-
20.03.2020;15:00;0;0;846;-;-
20.03.2020;16:00;0;0;847;-;-
20.03.2020;17:00;0;0;844;-;-
20.03.2020;18:00;0;0;851;-;-
20.03.2020;19:00;0;0;853;-;-
20.03.2020;20:00;0;0;808;-;-
20.03.2020;21:00;0;0;77;-;-
20.03.2020;22:00;0;0;0;-;-
20.03.2020;23:00;0;0;0;-;-
21.03.2020;00:00;0;0;0;-;-
21.03.2020;01:00;0;0;0;-;-
21.03.2020;02:00;0;0;0;-;-
21.03.2020;03:00;0;0;0;-;-
21.03.2020;04:00;0;0;0;-;-
21.03.2020;05:00;0;0;0;-;-
21.03.2020;06:00;0;0;0;-;-
21.03.2020;07:00;0;0;0;-;-
21.03.2020;08:00;0;0;0;-;-
21.03.2020;09:00;0;0;0;-;-
21.03.2020;10:00;0;0;0;-;-
21.03.2020;11:00;0;0;0;-;-
21.03.2020;12:00;0;0;0;-;-
21.03.2020;13:00;0;0;0;-;-
21.03.2020;14:00;0;0;0;-;-
21.03.2020;15:00;0;0;0;-;-
21.03.2020;16:00;0;0;0;-;-
21.03.2020;17:00;0;0;0;-;-
21.03.2020;18:00;0;0;0;-;-
21.03.2020;19:00;0;0;0;-;-
21.03.2020;20:00;0;0;0;-;-
21.03.2020;21:00;0;0;0;-;-
21.03.2020;22:00;0;0;0;-;-
21.03.2020;23:00;0;0;0;-;-
22.03.2020;00:00;0;0;0;-;-
22.03.2020;01:00;0;0;0;-;-
22.03.2020;02:00;0;0;0;-;-
22.03.2020;03:00;0;0;0;-;-
22.03.2020;04:00;0;0;0;-;-
22.03.2020;05:00;0;0;0;-;-
22.03.2020;06:00;0;0;0;-;-
22.03.2020;07:00;0;0;0;-;-
22.03.2020;08:00;0;0;0;-;-
22.03.2020;09:00;0;0;0;-;-
22.03.2020;10:00;0;0;0;-;-
22.03.2020;11:00;0;0;0;-;-
22.03.2020;12:00;0;0;0;-;-
22.03.2020;13:00;0;0;0;-;-
22.03.2020;14:00;0;0;0;-;-
22.03.2020;15:00;0;0;0;-;-
22.03.2020;16:00;0;0;0;-;-
22.03.2020;17:00;0;0;0;-;-
22.03.2020;18:00;0;0;0;-;-
22.03.2020;19:00;0;0;0;-;-
22.03.2020;20:00;0;0;0;-;-
22.03.2020;21:00;0;0;0;-;-
22.03.2020;22:00;0;0;0;-;-
22.03.2020;23:00;0;0;0;-;-
23.03.2020;00:00;0;0;0;-;-
23.03.2020;01:00;0;0;0;-;-
23.03.2020;02:00;0;0;0;-;-
23.03.2020;03:00;0;0;0;-;-
23.03.2020;04:00;0;0;0;-;-
23.03.2020;05:00;0;0;0;-;-
23.03.2020;06:00;0;0;0;-;-
23.03.2020;07:00;0;0;0;-;-
23.03.2020;08:00;0;0;0;-;-
23.03.2020;09:00;0;0;0;-;-
23.03.2020;10:00;0;0;0;-;-
23.03.2020;11:00;0;0;0;-;-
23.03.2020;12:00;0;0;0;-;-
23.03.2020;13:00;0;0;0;-;-
23.03.2020;14:00;0;0;0;-;-
23.03.2020;15:00;0;0;0;-;-
23.03.2020;16:00;0;0;0;-;-
23.03.2020;17:00;0;0;0;-;-
23.03.2020;18:00;0;0;0;-;-
23.03.2020;19:00;0;0;0;-;-
23.03.2020;20:00;0;0;0;-;-
23.03.2020;21:00;0;0;0;-;-
23.03.2020;22:00;0;0;0;-;-
23.03.2020;23:00;0;0;0;-;-
24.03.2020;00:00;0;0;0;-;-
24.03.2020;01:00;0;0;0;-;-
24.03.2020;02:00;0;0;0;-;-
24.03.2020;03:00;0;0;0;-;-
24.03.2020;04:00;0;0;0;-;-
24.03.2020;05:00;0;0;0;-;-
24.03.2020;06:00;0;0;0;-;-
24.03.2020;07:00;0;0;0;-;-
24.03.2020;08:00;0;0;0;-;-
24.03.2020;09:00;0;0;0;-;-
24.03.2020;10:00;0;0;0;-;-
24.03.2020;11:00;0;0;0;-;-
24.03.2020;12:00;0;0;0;-;-
24.03.2020;13:00;0;0;0;-;-
24.03.2020;14:00;0;0;0;-;-
24.03.2020;15:00;0;0;31;-;-
24.03.2020;16:00;0;0;152;-;-
24.03.2020;17:00;0;0;354;-;-
24.03.2020;18:00;0;0;412;-;-
24.03.2020;19:00;0;0;421;-;-
24.03.2020;20:00;0;0;425;-;-
24.03.2020;21:00;0;0;428;-;-
24.03.2020;22:00;0;0;359;-;-
24.03.2020;23:00;0;0;0;-;-
25.03.2020;00:00;0;0;0;-;-
25.03.2020;01:00;0;0;0;-;-
25.03.2020;02:00;0;0;0;-;-
25.03.2020;03:00;0;0;0;-;-
25.03.2020;04:00;0;0;0;-;-
25.03.2020;05:00;0;0;0;-;-
25.03.2020;06:00;0;0;0;-;-
25.03.2020;07:00;0;0;0;-;-
25.03.2020;08:00;0;0;0;-;-
25.03.2020;09:00;0;0;0;-;-
25.03.2020;10:00;0;0;0;-;-
25.03.2020;11:00;0;0;0;-;-
25.03.2020;12:00;0;0;0;-;-
25.03.2020;13:00;0;0;0;-;-
25.03.2020;14:00;0;0;0;-;-
25.03.2020;15:00;0;0;9;-;-
25.03.2020;16:00;0;0;159;-;-
25.03.2020;17:00;0;0;698;-;-
25.03.2020;18:00;0;0;832;-;-
25.03.2020;19:00;0;0;838;-;-
25.03.2020;20:00;0;0;842;-;-
25.03.2020;21:00;0;0;843;-;-
25.03.2020;22:00;0;0;628;-;-
25.03.2020;23:00;0;0;0;-;-
26.03.2020;00:00;0;0;0;-;-
26.03.2020;01:00;0;0;0;-;-
26.03.2020;02:00;0;0;0;-;-
26.03.2020;03:00;0;0;0;-;-
26.03.2020;04:00;0;0;0;-;-
26.03.2020;05:00;0;0;0;-;-
26.03.2020;06:00;0;0;0;-;-
26.03.2020;07:00;0;0;0;-;-
26.03.2020;08:00;0;0;0;-;-
26.03.2020;09:00;0;0;0;-;-
26.03.2020;10:00;0;0;0;-;-
26.03.2020;11:00;0;0;0;-;-
26.03.2020;12:00;0;0;0;-;-
26.03.2020;13:00;0;0;0;-;-
26.03.2020;14:00;0;0;0;-;-
26.03.2020;15:00;0;0;0;-;-
26.03.2020;16:00;0;0;0;-;-
26.03.2020;17:00;0;0;0;-;-
26.03.2020;18:00;0;0;0;-;-
26.03.2020;19:00;0;0;0;-;-
26.03.2020;20:00;0;0;0;-;-
26.03.2020;21:00;0;0;0;-;-
26.03.2020;22:00;0;0;0;-;-
26.03.2020;23:00;0;0;0;-;-
27.03.2020;00:00;0;0;0;-;-
27.03.2020;01:00;0;0;0;-;-
27.03.2020;02:00;0;0;0;-;-
27.03.2020;03:00;0;0;0;-;-
27.03.2020;04:00;0;0;0;-;-
27.03.2020;05:00;0;0;0;-;-
27.03.2020;06:00;0;0;0;-;-
27.03.2020;07:00;0;0;0;-;-
27.03.2020;08:00;0;0;0;-;-
27.03.2020;09:00;0;0;0;-;-
27.03.2020;10:00;0;0;0;-;-
27.03.2020;11:00;0;0;0;-;-
27.03.2020;12:00;0;0;0;-;-
27.03.2020;13:00;0;0;0;-;-
27.03.2020;14:00;0;0;0;-;-
27.03.2020;15:00;0;0;0;-;-
27.03.2020;16:00;0;0;0;-;-
27.03.2020;17:00;0;0;0;-;-
27.03.2020;18:00;0;0;0;-;-
27.03.2020;19:00;0;0;0;-;-
27.03.2020;20:00;0;0;0;-;-
27.03.2020;21:00;0;0;0;-;-
27.03.2020;22:00;0;0;0;-;-
27.03.2020;23:00;0;0;0;-;-
28.03.2020;00:00;0;0;0;-;-
28.03.2020;01:00;0;0;0;-;-
28.03.2020;02:00;0;0;0;-;-
28.03.2020;03:00;0;0;0;-;-
28.03.2020;04:00;0;0;0;-;-
28.03.2020;05:00;0;0;0;-;-
28.03.2020;06:00;0;0;0;-;-
28.03.2020;07:00;0;0;0;-;-
28.03.2020;08:00;0;0;0;-;-
28.03.2020;09:00;0;0;0;-;-
28.03.2020;10:00;0;0;0;-;-
28.03.2020;11:00;0;0;0;-;-
28.03.2020;12:00;0;0;0;-;-
28.03.2020;13:00;0;0;0;-;-
28.03.2020;14:00;0;0;0;-;-
28.03.2020;15:00;0;0;0;-;-
28.03.2020;16:00;0;0;0;-;-
28.03.2020;17:00;0;0;0;-;-
28.03.2020;18:00;0;0;0;-;-
28.03.2020;19:00;0;0;0;-;-
28.03.2020;20:00;0;0;0;-;-
28.03.2020;21:00;0;0;0;-;-
28.03.2020;22:00;0;0;0;-;-
28.03.2020;23:00;0;0;0;-;-
29.03.2020;00:00;0;0;0;-;-
29.03.2020;01:00;0;0;0;-;-
29.03.2020;03:00;0;0;0;-;-
29.03.2020;04:00;0;0;0;-;-
29.03.2020;05:00;0;0;0;-;-
29.03.2020;06:00;0;0;0;-;-
29.03.2020;07:00;0;0;0;-;-
29.03.2020;08:00;0;0;0;-;-
29.03.2020;09:00;0;0;0;-;-
29.03.2020;10:00;0;0;0;-;-
29.03.2020;11:00;0;0;0;-;-
29.03.2020;12:00;0;0;0;-;-
29.03.2020;13:00;0;0;0;-;-
29.03.2020;14:00;0;0;0;-;-
29.03.2020;15:00;0;0;0;-;-
29.03.2020;16:00;0;0;0;-;-
29.03.2020;17:00;0;0;0;-;-
29.03.2020;18:00;0;0;0;-;-
29.03.2020;19:00;0;0;0;-;-
29.03.2020;20:00;0;0;0;-;-
29.03.2020;21:00;0;0;0;-;-
29.03.2020;22:00;0;0;0;-;-
29.03.2020;23:00;0;0;0;-;-
30.03.2020;00:00;0;0;0;-;-
30.03.2020;01:00;0;0;0;-;-
30.03.2020;02:00;0;0;0;-;-
30.03.2020;03:00;0;0;0;-;-
30.03.2020;04:00;0;0;10;-;-
30.03.2020;05:00;63;64;47;-;-
30.03.2020;06:00;114;113;273;-;-
30.03.2020;07:00;130;131;838;-;-
30.03.2020;08:00;134;134;856;-;-
30.03.2020;09:00;136;135;853;-;-
30.03.2020;10:00;126;126;851;-;-
30.03.2020;11:00;0;0;853;-;-
30.03.2020;12:00;0;0;846;-;-
30.03.2020;13:00;0;0;847;-;-
30.03.2020;14:00;0;0;849;-;-
30.03.2020;15:00;35;33;847;-;-
30.03.2020;16:00;161;163;829;-;-
30.03.2020;17:00;229;231;845;-;-
30.03.2020;18:00;444;423;845;-;-
30.03.2020;19:00;483;482;847;-;-
30.03.2020;20:00;484;484;851;-;-
30.03.2020;21:00;484;484;853;-;-
30.03.2020;22:00;484;484;855;-;-
30.03.2020;23:00;118;369;857;-;-
31.03.2020;00:00;0;0;853;-;-
31.03.2020;01:00;0;0;853;-;-
31.03.2020;02:00;0;0;864;-;-
31.03.2020;03:00;0;0;866;-;-
31.03.2020;04:00;1;0;868;-;-
31.03.2020;05:00;124;116;860;-;-
31.03.2020;06:00;253;252;853;-;-
31.03.2020;07:00;467;468;862;-;-
31.03.2020;08:00;414;483;870;-;-
31.03.2020;09:00;391;411;863;-;-
31.03.2020;10:00;28;23;838;-;-
31.03.2020;11:00;0;0;840;-;-
31.03.2020;12:00;0;0;854;-;-
31.03.2020;13:00;0;0;853;-;-
31.03.2020;14:00;0;0;850;-;-
31.03.2020;15:00;0;0;846;-;-
31.03.2020;16:00;92;92;813;-;-
31.03.2020;17:00;212;199;822;-;-
31.03.2020;18:00;232;232;842;-;-
31.03.2020;19:00;327;326;846;-;-
31.03.2020;20:00;334;332;847;-;-
31.03.2020;21:00;243;268;848;-;-
31.03.2020;22:00;5;203;848;-;-
31.03.2020;23:00;0;0;850;-;-
01.04.2020;00:00;0;0;854;-;-
01.04.2020;01:00;0;0;857;-;-
01.04.2020;02:00;0;0;857;-;-
01.04.2020;03:00;0;0;857;-;-
01.04.2020;04:00;0;0;858;-;-
01.04.2020;05:00;0;0;860;-;-
01.04.2020;06:00;0;0;861;-;-
01.04.2020;07:00;0;0;844;-;-
01.04.2020;08:00;0;0;858;-;-
01.04.2020;09:00;0;0;838;-;-
01.04.2020;10:00;0;0;789;-;-
01.04.2020;11:00;0;0;798;-;-
01.04.2020;12:00;0;0;835;-;-
01.04.2020;13:00;0;0;828;-;-
01.04.2020;14:00;0;0;837;-;-
01.04.2020;15:00;0;0;836;-;-
01.04.2020;16:00;37;32;840;-;-
01.04.2020;17:00;140;127;837;-;-
01.04.2020;18:00;231;230;841;-;-
01.04.2020;19:00;295;293;842;-;-
01.04.2020;20:00;278;270;843;-;-
01.04.2020;21:00;227;227;844;-;-
01.04.2020;22:00;226;225;843;-;-
01.04.2020;23:00;226;200;846;-;-
02.04.2020;00:00;265;0;847;-;-
02.04.2020;01:00;114;0;848;-;-
02.04.2020;02:00;0;0;848;-;-
02.04.2020;03:00;0;0;847;-;-
02.04.2020;04:00;0;0;848;-;-
02.04.2020;05:00;0;0;847;-;-
02.04.2020;06:00;0;0;847;-;-
02.04.2020;07:00;0;0;842;-;-
02.04.2020;08:00;0;0;843;-;-
02.04.2020;09:00;0;0;811;-;-
02.04.2020;10:00;0;0;512;-;-
02.04.2020;11:00;0;0;7;-;-
02.04.2020;12:00;0;0;0;-;-
02.04.2020;13:00;0;0;0;-;-
02.04.2020;14:00;0;0;0;-;-
02.04.2020;15:00;0;0;0;-;-
02.04.2020;16:00;0;0;0;-;-
02.04.2020;17:00;0;0;0;-;-
02.04.2020;18:00;0;0;0;-;-
02.04.2020;19:00;0;0;0;-;-
02.04.2020;20:00;0;0;0;-;-
02.04.2020;21:00;0;0;0;-;-
02.04.2020;22:00;0;0;0;-;-
02.04.2020;23:00;0;0;0;-;-
03.04.2020;00:00;0;0;0;-;-
03.04.2020;01:00;0;0;0;-;-
03.04.2020;02:00;0;0;0;-;-
03.04.2020;03:00;0;0;0;-;-
03.04.2020;04:00;0;0;19;-;-
03.04.2020;05:00;0;0;271;-;-
03.04.2020;06:00;0;0;406;-;-
03.04.2020;07:00;0;0;403;-;-
03.04.2020;08:00;0;0;402;-;-
03.04.2020;09:00;0;0;403;-;-
03.04.2020;10:00;0;0;400;-;-
03.04.2020;11:00;0;0;400;-;-
03.04.2020;12:00;0;0;401;-;-
03.04.2020;13:00;0;0;404;-;-
03.04.2020;14:00;0;0;404;-;-
03.04.2020;15:00;0;0;404;-;-
03.04.2020;16:00;35;5;404;-;-
03.04.2020;17:00;117;114;404;-;-
03.04.2020;18:00;187;185;524;-;-
03.04.2020;19:00;302;248;792;-;-
03.04.2020;20:00;394;340;838;-;-
03.04.2020;21:00;103;96;842;-;-
03.04.2020;22:00;0;0;846;-;-
03.04.2020;23:00;0;0;850;-;-
04.04.2020;00:00;0;0;854;-;-
04.04.2020;01:00;0;0;856;-;-
04.04.2020;02:00;0;0;858;-;-
04.04.2020;03:00;0;0;856;-;-
04.04.2020;04:00;0;0;854;-;-
04.04.2020;05:00;0;0;852;-;-
04.04.2020;06:00;0;0;852;-;-
04.04.2020;07:00;0;0;851;-;-
04.04.2020;08:00;0;0;845;-;-
04.04.2020;09:00;0;0;841;-;-
04.04.2020;10:00;0;0;483;-;-
04.04.2020;11:00;0;0;0;-;-
04.04.2020;12:00;0;0;0;-;-
04.04.2020;13:00;0;0;0;-;-
04.04.2020;14:00;0;0;0;-;-
04.04.2020;15:00;0;0;0;-;-
04.04.2020;16:00;0;0;0;-;-
04.04.2020;17:00;29;27;0;-;-
04.04.2020;18:00;123;120;0;-;-
04.04.2020;19:00;138;138;0;-;-
04.04.2020;20:00;138;138;0;-;-
04.04.2020;21:00;137;137;0;-;-
04.04.2020;22:00;128;128;0;-;-
04.04.2020;23:00;0;0;0;-;-
05.04.2020;00:00;0;0;0;-;-
05.04.2020;01:00;0;0;0;-;-
05.04.2020;02:00;0;0;0;-;-
05.04.2020;03:00;0;0;0;-;-
05.04.2020;04:00;0;0;0;-;-
05.04.2020;05:00;0;0;0;-;-
05.04.2020;06:00;0;0;0;-;-
05.04.2020;07:00;0;0;0;-;-
05.04.2020;08:00;0;0;0;-;-
05.04.2020;09:00;0;0;0;-;-
05.04.2020;10:00;0;0;0;-;-
05.04.2020;11:00;0;0;0;-;-
05.04.2020;12:00;0;0;0;-;-
05.04.2020;13:00;0;0;0;-;-
05.04.2020;14:00;0;0;0;-;-
05.04.2020;15:00;0;0;0;-;-
05.04.2020;16:00;0;0;0;-;-
05.04.2020;17:00;0;0;0;-;-
05.04.2020;18:00;0;0;0;-;-
05.04.2020;19:00;0;0;0;-;-
05.04.2020;20:00;0;0;0;-;-
05.04.2020;21:00;0;0;41;-;-
05.04.2020;22:00;0;0;193;-;-
05.04.2020;23:00;0;0;244;-;-
06.04.2020;00:00;0;0;298;-;-
06.04.2020;01:00;0;0;256;-;-
06.04.2020;02:00;0;0;244;-;-
06.04.2020;03:00;0;0;273;-;-
06.04.2020;04:00;0;0;280;-;-
06.04.2020;05:00;0;0;266;-;-
06.04.2020;06:00;0;0;244;-;-
06.04.2020;07:00;0;0;219;-;-
06.04.2020;08:00;0;0;0;-;-
06.04.2020;09:00;0;0;0;-;-
06.04.2020;10:00;0;0;0;-;-
06.04.2020;11:00;0;0;0;-;-
06.04.2020;12:00;0;0;0;-;-
06.04.2020;13:00;0;0;0;-;-
06.04.2020;14:00;0;0;0;-;-
06.04.2020;15:00;16;3;0;-;-
06.04.2020;16:00;103;101;111;-;-
06.04.2020;17:00;158;160;545;-;-
06.04.2020;18:00;154;187;769;-;-
06.04.2020;19:00;148;436;797;-;-
06.04.2020;20:00;374;472;813;-;-
06.04.2020;21:00;450;425;818;-;-
06.04.2020;22:00;43;39;820;-;-
06.04.2020;23:00;0;0;821;-;-
07.04.2020;00:00;0;0;824;-;-
07.04.2020;01:00;0;0;827;-;-
07.04.2020;02:00;0;0;830;-;-
07.04.2020;03:00;0;0;834;-;-
07.04.2020;04:00;0;0;757;-;-
07.04.2020;05:00;0;0;832;-;-
07.04.2020;06:00;52;25;758;-;-
07.04.2020;07:00;130;9;822;-;-
07.04.2020;08:00;138;0;830;-;-
07.04.2020;09:00;86;0;767;-;-
07.04.2020;10:00;0;0;822;-;-
07.04.2020;11:00;0;0;819;-;-
07.04.2020;12:00;0;0;783;-;-
07.04.2020;13:00;0;0;782;-;-
07.04.2020;14:00;0;0;699;-;-
07.04.2020;15:00;0;0;564;-;-
07.04.2020;16:00;7;0;789;-;-
07.04.2020;17:00;131;93;766;-;-
07.04.2020;18:00;267;184;805;-;-
07.04.2020;19:00;397;252;821;-;-
07.04.2020;20:00;291;206;825;-;-
07.04.2020;21:00;0;0;785;-;-
07.04.2020;22:00;0;0;829;-;-
07.04.2020;23:00;0;0;800;-;-
08.04.2020;00:00;0;0;717;-;-
08.04.2020;01:00;0;0;343;-;-
08.04.2020;02:00;0;0;379;-;-
08.04.2020;03:00;0;0;265;-;-
08.04.2020;04:00;0;0;442;-;-
08.04.2020;05:00;0;0;834;-;-
08.04.2020;06:00;0;0;783;-;-
08.04.2020;07:00;0;0;788;-;-
08.04.2020;08:00;0;0;826;-;-
08.04.2020;09:00;0;0;825;-;-
08.04.2020;10:00;0;0;827;-;-
08.04.2020;11:00;0;0;818;-;-
08.04.2020;12:00;0;0;809;-;-
08.04.2020;13:00;0;0;795;-;-
08.04.2020;14:00;0;0;794;-;-
08.04.2020;15:00;0;0;802;-;-
08.04.2020;16:00;57;55;798;-;-
08.04.2020;17:00;160;150;798;-;-
08.04.2020;18:00;331;340;798;-;-
08.04.2020;19:00;473;460;805;-;-
08.04.2020;20:00;474;462;807;-;-
08.04.2020;21:00;474;465;816;-;-
08.04.2020;22:00;353;306;822;-;-
08.04.2020;23:00;88;88;821;-;-
09.04.2020;00:00;0;0;818;-;-
09.04.2020;01:00;0;0;831;-;-
09.04.2020;02:00;0;0;817;-;-
09.04.2020;03:00;0;0;836;-;-
09.04.2020;04:00;0;0;839;-;-
09.04.2020;05:00;0;0;839;-;-
09.04.2020;06:00;0;0;843;-;-
09.04.2020;07:00;0;0;828;-;-
09.04.2020;08:00;0;0;838;-;-
09.04.2020;09:00;0;0;837;-;-
09.04.2020;10:00;0;0;830;-;-
09.04.2020;11:00;0;0;834;-;-
09.04.2020;12:00;0;0;792;-;-
09.04.2020;13:00;0;0;524;-;-
09.04.2020;14:00;0;0;539;-;-
09.04.2020;15:00;0;0;476;-;-
09.04.2020;16:00;0;0;770;-;-
09.04.2020;17:00;0;0;809;-;-
09.04.2020;18:00;0;0;826;-;-
09.04.2020;19:00;94;91;835;-;-
09.04.2020;20:00;127;125;842;-;-
09.04.2020;21:00;126;125;810;-;-
09.04.2020;22:00;0;0;835;-;-
09.04.2020;23:00;0;0;822;-;-
10.04.2020;00:00;0;0;862;-;-
10.04.2020;01:00;0;0;864;-;-
10.04.2020;02:00;0;0;863;-;-
10.04.2020;03:00;0;0;866;-;-
10.04.2020;04:00;0;0;868;-;-
10.04.2020;05:00;0;0;867;-;-
10.04.2020;06:00;0;0;864;-;-
10.04.2020;07:00;0;0;863;-;-
10.04.2020;08:00;0;0;814;-;-
10.04.2020;09:00;0;0;714;-;-
10.04.2020;10:00;0;0;69;-;-
10.04.2020;11:00;0;0;0;-;-
10.04.2020;12:00;0;0;0;-;-
10.04.2020;13:00;0;0;0;-;-
10.04.2020;14:00;0;0;0;-;-
10.04.2020;15:00;0;0;0;-;-
10.04.2020;16:00;0;0;21;-;-
10.04.2020;17:00;0;0;397;-;-
10.04.2020;18:00;20;19;833;-;-
10.04.2020;19:00;122;115;839;-;-
10.04.2020;20:00;137;136;845;-;-
10.04.2020;21:00;59;60;852;-;-
10.04.2020;22:00;0;0;856;-;-
10.04.2020;23:00;0;0;587;-;-
11.04.2020;00:00;0;0;0;-;-
11.04.2020;01:00;0;0;0;-;-
11.04.2020;02:00;0;0;0;-;-
11.04.2020;03:00;0;0;0;-;-
11.04.2020;04:00;0;0;0;-;-
11.04.2020;05:00;0;0;0;-;-
11.04.2020;06:00;0;0;0;-;-
11.04.2020;07:00;0;0;0;-;-
11.04.2020;08:00;0;0;0;-;-
11.04.2020;09:00;0;0;0;-;-
11.04.2020;10:00;0;0;0;-;-
11.04.2020;11:00;0;0;0;-;-
11.04.2020;12:00;0;0;0;-;-
11.04.2020;13:00;0;0;0;-;-
11.04.2020;14:00;0;0;0;-;-
11.04.2020;15:00;0;0;0;-;-
11.04.2020;16:00;0;0;0;-;-
11.04.2020;17:00;0;0;0;-;-
11.04.2020;18:00;0;0;0;-;-
11.04.2020;19:00;0;0;0;-;-
11.04.2020;20:00;0;0;0;-;-
11.04.2020;21:00;0;0;0;-;-
11.04.2020;22:00;0;0;0;-;-
11.04.2020;23:00;0;0;0;-;-
12.04.2020;00:00;0;0;0;-;-
12.04.2020;01:00;0;0;0;-;-
12.04.2020;02:00;0;0;0;-;-
12.04.2020;03:00;0;0;0;-;-
12.04.2020;04:00;0;0;0;-;-
12.04.2020;05:00;0;0;0;-;-
12.04.2020;06:00;0;0;0;-;-
12.04.2020;07:00;0;0;0;-;-
12.04.2020;08:00;0;0;0;-;-
12.04.2020;09:00;0;0;0;-;-
12.04.2020;10:00;0;0;0;-;-
12.04.2020;11:00;0;0;0;-;-
12.04.2020;12:00;0;0;0;-;-
12.04.2020;13:00;0;0;0;-;-
12.04.2020;14:00;0;0;0;-;-
12.04.2020;15:00;0;0;0;-;-
12.04.2020;16:00;0;0;0;-;-
12.04.2020;17:00;0;0;0;-;-
12.04.2020;18:00;0;0;0;-;-
12.04.2020;19:00;0;0;0;-;-
12.04.2020;20:00;0;0;0;-;-
12.04.2020;21:00;0;0;0;-;-
12.04.2020;22:00;0;0;0;-;-
12.04.2020;23:00;0;0;0;-;-
13.04.2020;00:00;0;0;0;-;-
13.04.2020;01:00;0;0;0;-;-
13.04.2020;02:00;0;0;0;-;-
13.04.2020;03:00;0;0;0;-;-
13.04.2020;04:00;0;0;0;-;-
13.04.2020;05:00;0;0;0;-;-
13.04.2020;06:00;0;0;0;-;-
13.04.2020;07:00;0;0;0;-;-
13.04.2020;08:00;0;0;0;-;-
13.04.2020;09:00;0;0;0;-;-
13.04.2020;10:00;0;0;0;-;-
13.04.2020;11:00;0;0;0;-;-
13.04.2020;12:00;0;0;0;-;-
13.04.2020;13:00;0;0;0;-;-
13.04.2020;14:00;0;0;0;-;-
13.04.2020;15:00;0;0;0;-;-
13.04.2020;16:00;0;0;0;-;-
13.04.2020;17:00;0;0;0;-;-
13.04.2020;18:00;0;0;0;-;-
13.04.2020;19:00;0;0;0;-;-
13.04.2020;20:00;0;0;0;-;-
13.04.2020;21:00;0;0;0;-;-
13.04.2020;22:00;0;0;0;-;-
13.04.2020;23:00;0;0;0;-;-
14.04.2020;00:00;0;0;0;-;-
14.04.2020;01:00;0;0;0;-;-
14.04.2020;02:00;0;0;0;-;-
14.04.2020;03:00;0;0;0;-;-
14.04.2020;04:00;0;0;0;-;-
14.04.2020;05:00;0;0;0;-;-
14.04.2020;06:00;0;0;0;-;-
14.04.2020;07:00;0;0;0;-;-
14.04.2020;08:00;0;0;0;-;-
14.04.2020;09:00;0;0;0;-;-
14.04.2020;10:00;0;0;0;-;-
14.04.2020;11:00;0;0;0;-;-
14.04.2020;12:00;0;0;0;-;-
14.04.2020;13:00;0;0;0;-;-
14.04.2020;14:00;0;0;0;-;-
14.04.2020;15:00;0;0;0;-;-
14.04.2020;16:00;106;106;27;-;-
14.04.2020;17:00;127;132;67;-;-
14.04.2020;18:00;195;210;583;-;-
14.04.2020;19:00;254;255;822;-;-
14.04.2020;20:00;454;448;846;-;-
14.04.2020;21:00;366;356;853;-;-
14.04.2020;22:00;252;33;858;-;-
14.04.2020;23:00;0;0;630;-;-
15.04.2020;00:00;0;0;0;-;-
15.04.2020;01:00;0;0;0;-;-
15.04.2020;02:00;0;0;0;-;-
15.04.2020;03:00;0;0;0;-;-
15.04.2020;04:00;0;0;0;-;-
15.04.2020;05:00;29;0;0;-;-
15.04.2020;06:00;142;0;0;-;-
15.04.2020;07:00;324;0;0;-;-
15.04.2020;08:00;423;0;0;-;-
15.04.2020;09:00;56;0;0;-;-
15.04.2020;10:00;0;0;0;-;-
15.04.2020;11:00;0;0;0;-;-
15.04.2020;12:00;0;0;0;-;-
15.04.2020;13:00;0;0;0;-;-
15.04.2020;14:00;0;0;0;-;-
15.04.2020;15:00;0;0;0;-;-
15.04.2020;16:00;0;3;36;-;-
15.04.2020;17:00;91;114;264;-;-
15.04.2020;18:00;267;259;795;-;-
15.04.2020;19:00;479;476;823;-;-
15.04.2020;20:00;481;478;833;-;-
15.04.2020;21:00;481;480;841;-;-
15.04.2020;22:00;120;356;847;-;-
15.04.2020;23:00;0;0;851;-;-
16.04.2020;00:00;0;0;856;-;-
16.04.2020;01:00;0;0;857;-;-
16.04.2020;02:00;0;0;856;-;-
16.04.2020;03:00;0;0;857;-;-
16.04.2020;04:00;0;0;854;-;-
16.04.2020;05:00;122;112;858;-;-
16.04.2020;06:00;247;242;860;-;-
16.04.2020;07:00;445;461;853;-;-
16.04.2020;08:00;464;462;845;-;-
16.04.2020;09:00;53;40;806;-;-
16.04.2020;10:00;0;0;826;-;-
16.04.2020;11:00;0;0;827;-;-
16.04.2020;12:00;0;0;638;-;-
16.04.2020;13:00;0;0;430;-;-
16.04.2020;14:00;0;0;266;-;-
16.04.2020;15:00;8;3;628;-;-
16.04.2020;16:00;140;119;819;-;-
16.04.2020;17:00;226;228;822;-;-
16.04.2020;18:00;260;260;824;-;-
16.04.2020;19:00;369;232;826;-;-
16.04.2020;20:00;477;114;835;-;-
16.04.2020;21:00;469;0;843;-;-
16.04.2020;22:00;256;0;848;-;-
16.04.2020;23:00;0;0;852;-;-
17.04.2020;00:00;0;0;855;-;-
17.04.2020;01:00;0;0;857;-;-
17.04.2020;02:00;0;0;859;-;-
17.04.2020;03:00;0;0;859;-;-
17.04.2020;04:00;0;0;862;-;-
17.04.2020;05:00;58;0;863;-;-
17.04.2020;06:00;175;0;865;-;-
17.04.2020;07:00;446;0;858;-;-
17.04.2020;08:00;482;0;854;-;-
17.04.2020;09:00;332;0;849;-;-
17.04.2020;10:00;0;0;844;-;-
17.04.2020;11:00;0;0;845;-;-
17.04.2020;12:00;0;0;841;-;-
17.04.2020;13:00;0;0;836;-;-
17.04.2020;14:00;0;0;796;-;-
17.04.2020;15:00;0;0;739;-;-
17.04.2020;16:00;93;0;804;-;-
17.04.2020;17:00;221;0;823;-;-
17.04.2020;18:00;437;0;827;-;-
17.04.2020;19:00;480;0;832;-;-
17.04.2020;20:00;446;0;835;-;-
17.04.2020;21:00;87;0;837;-;-
17.04.2020;22:00;0;0;841;-;-
17.04.2020;23:00;0;0;644;-;-
18.04.2020;00:00;0;0;0;-;-
18.04.2020;01:00;0;0;0;-;-
18.04.2020;02:00;0;0;0;-;-
18.04.2020;03:00;0;0;0;-;-
18.04.2020;04:00;0;0;0;-;-
18.04.2020;05:00;0;0;0;-;-
18.04.2020;06:00;0;0;0;-;-
18.04.2020;07:00;0;0;0;-;-
18.04.2020;08:00;0;0;0;-;-
18.04.2020;09:00;0;0;0;-;-
18.04.2020;10:00;0;0;0;-;-
18.04.2020;11:00;0;0;0;-;-
18.04.2020;12:00;0;0;0;-;-
18.04.2020;13:00;0;0;0;-;-
18.04.2020;14:00;0;0;0;-;-
18.04.2020;15:00;0;0;0;-;-
18.04.2020;16:00;0;0;0;-;-
18.04.2020;17:00;0;0;0;-;-
18.04.2020;18:00;0;0;0;-;-
18.04.2020;19:00;0;0;0;-;-
18.04.2020;20:00;0;0;0;-;-
18.04.2020;21:00;0;0;0;-;-
18.04.2020;22:00;0;0;0;-;-
18.04.2020;23:00;0;0;0;-;-
19.04.2020;00:00;0;0;0;-;-
19.04.2020;01:00;0;0;0;-;-
19.04.2020;02:00;0;0;0;-;-
19.04.2020;03:00;0;0;0;-;-
19.04.2020;04:00;0;0;0;-;-
19.04.2020;05:00;0;0;0;-;-
19.04.2020;06:00;0;0;0;-;-
19.04.2020;07:00;0;0;0;-;-
19.04.2020;08:00;0;0;0;-;-
19.04.2020;09:00;0;0;0;-;-
19.04.2020;10:00;0;0;0;-;-
19.04.2020;11:00;0;0;0;-;-
19.04.2020;12:00;0;0;0;-;-
19.04.2020;13:00;0;0;0;-;-
19.04.2020;14:00;0;0;0;-;-
19.04.2020;15:00;0;0;0;-;-
19.04.2020;16:00;0;0;0;-;-
19.04.2020;17:00;0;0;0;-;-
19.04.2020;18:00;0;0;0;-;-
19.04.2020;19:00;0;0;0;-;-
19.04.2020;20:00;0;0;0;-;-
19.04.2020;21:00;0;0;0;-;-
19.04.2020;22:00;0;0;0;-;-
19.04.2020;23:00;0;0;0;-;-
20.04.2020;00:00;0;0;0;-;-
20.04.2020;01:00;0;0;0;-;-
20.04.2020;02:00;0;0;0;-;-
20.04.2020;03:00;0;0;0;-;-
20.04.2020;04:00;0;0;0;-;-
20.04.2020;05:00;0;0;0;-;-
20.04.2020;06:00;0;0;0;-;-
20.04.2020;07:00;0;0;0;-;-
20.04.2020;08:00;0;0;0;-;-
20.04.2020;09:00;0;0;0;-;-
20.04.2020;10:00;0;0;0;-;-
20.04.2020;11:00;0;0;0;-;-
20.04.2020;12:00;0;0;0;-;-
20.04.2020;13:00;0;0;0;-;-
20.04.2020;14:00;0;0;0;-;-
20.04.2020;15:00;0;0;0;-;-
20.04.2020;16:00;0;0;0;-;-
20.04.2020;17:00;0;0;0;-;-
20.04.2020;18:00;0;0;0;-;-
20.04.2020;19:00;0;0;0;-;-
20.04.2020;20:00;0;0;0;-;-
20.04.2020;21:00;0;0;0;-;-
20.04.2020;22:00;0;0;0;-;-
20.04.2020;23:00;0;0;0;-;-
21.04.2020;00:00;0;0;0;-;-
21.04.2020;01:00;0;0;0;-;-
21.04.2020;02:00;0;0;0;-;-
21.04.2020;03:00;0;0;0;-;-
21.04.2020;04:00;0;0;0;-;-
21.04.2020;05:00;0;0;0;-;-
21.04.2020;06:00;0;0;0;-;-
21.04.2020;07:00;0;0;0;-;-
21.04.2020;08:00;0;0;0;-;-
21.04.2020;09:00;0;0;0;-;-
21.04.2020;10:00;0;0;0;-;-
21.04.2020;11:00;0;0;0;-;-
21.04.2020;12:00;0;0;0;-;-
21.04.2020;13:00;0;0;0;-;-
21.04.2020;14:00;0;0;0;-;-
21.04.2020;15:00;0;0;0;-;-
21.04.2020;16:00;0;0;0;-;-
21.04.2020;17:00;0;0;0;-;-
21.04.2020;18:00;0;0;0;-;-
21.04.2020;19:00;0;0;0;-;-
21.04.2020;20:00;0;0;0;-;-
21.04.2020;21:00;0;0;0;-;-
21.04.2020;22:00;0;0;0;-;-
21.04.2020;23:00;0;0;0;-;-
22.04.2020;00:00;0;0;0;-;-
22.04.2020;01:00;0;0;0;-;-
22.04.2020;02:00;0;0;0;-;-
22.04.2020;03:00;0;0;0;-;-
22.04.2020;04:00;0;0;0;-;-
22.04.2020;05:00;0;0;0;-;-
22.04.2020;06:00;0;0;0;-;-
22.04.2020;07:00;0;0;0;-;-
22.04.2020;08:00;0;0;0;-;-
22.04.2020;09:00;0;0;0;-;-
22.04.2020;10:00;0;0;0;-;-
22.04.2020;11:00;0;0;0;-;-
22.04.2020;12:00;0;0;0;-;-
22.04.2020;13:00;0;0;0;-;-
22.04.2020;14:00;0;0;0;-;-
22.04.2020;15:00;0;0;0;-;-
22.04.2020;16:00;0;0;0;-;-
22.04.2020;17:00;0;0;0;-;-
22.04.2020;18:00;0;0;0;-;-
22.04.2020;19:00;0;0;0;-;-
22.04.2020;20:00;0;0;0;-;-
22.04.2020;21:00;0;0;0;-;-
22.04.2020;22:00;0;0;0;-;-
22.04.2020;23:00;0;0;0;-;-
23.04.2020;00:00;0;0;0;-;-
23.04.2020;01:00;0;0;0;-;-
23.04.2020;02:00;0;0;9;-;-
23.04.2020;03:00;0;0;33;-;-
23.04.2020;04:00;112;60;146;-;-
23.04.2020;05:00;126;111;694;-;-
23.04.2020;06:00;194;153;833;-;-
23.04.2020;07:00;422;112;842;-;-
23.04.2020;08:00;476;113;839;-;-
23.04.2020;09:00;272;6;834;-;-
23.04.2020;10:00;19;0;826;-;-
23.04.2020;11:00;0;0;816;-;-
23.04.2020;12:00;0;0;821;-;-
23.04.2020;13:00;0;0;817;-;-
23.04.2020;14:00;0;0;814;-;-
23.04.2020;15:00;0;0;814;-;-
23.04.2020;16:00;51;49;813;-;-
23.04.2020;17:00;173;109;813;-;-
23.04.2020;18:00;325;51;814;-;-
23.04.2020;19:00;475;72;814;-;-
23.04.2020;20:00;476;258;817;-;-
23.04.2020;21:00;468;447;824;-;-
23.04.2020;22:00;223;478;828;-;-
23.04.2020;23:00;167;442;829;-;-
24.04.2020;00:00;66;179;831;-;-
24.04.2020;01:00;0;113;837;-;-
24.04.2020;02:00;0;1;840;-;-
24.04.2020;03:00;0;0;839;-;-
24.04.2020;04:00;0;0;838;-;-
24.04.2020;05:00;0;0;837;-;-
24.04.2020;06:00;0;111;835;-;-
24.04.2020;07:00;0;144;826;-;-
24.04.2020;08:00;0;129;829;-;-
24.04.2020;09:00;0;0;828;-;-
24.04.2020;10:00;0;0;764;-;-
24.04.2020;11:00;0;0;582;-;-
24.04.2020;12:00;0;0;0;-;-
24.04.2020;13:00;0;0;0;-;-
24.04.2020;14:00;0;0;0;-;-
24.04.2020;15:00;0;0;0;-;-
24.04.2020;16:00;0;0;0;-;-
24.04.2020;17:00;0;0;0;-;-
24.04.2020;18:00;0;0;0;-;-
24.04.2020;19:00;0;0;0;-;-
24.04.2020;20:00;0;0;0;-;-
24.04.2020;21:00;0;0;0;-;-
24.04.2020;22:00;0;0;0;-;-
24.04.2020;23:00;0;0;0;-;-
25.04.2020;00:00;0;0;0;-;-
25.04.2020;01:00;0;0;0;-;-
25.04.2020;02:00;0;0;0;-;-
25.04.2020;03:00;0;0;0;-;-
25.04.2020;04:00;0;0;0;-;-
25.04.2020;05:00;0;0;0;-;-
25.04.2020;06:00;0;0;0;-;-
25.04.2020;07:00;0;0;0;-;-
25.04.2020;08:00;0;0;0;-;-
25.04.2020;09:00;0;0;0;-;-
25.04.2020;10:00;0;0;0;-;-
25.04.2020;11:00;0;0;0;-;-
25.04.2020;12:00;0;0;0;-;-
25.04.2020;13:00;0;0;0;-;-
25.04.2020;14:00;0;0;0;-;-
25.04.2020;15:00;0;0;0;-;-
25.04.2020;16:00;0;0;46;-;-
25.04.2020;17:00;0;0;272;-;-
25.04.2020;18:00;0;0;585;-;-
25.04.2020;19:00;0;0;821;-;-
25.04.2020;20:00;0;0;831;-;-
25.04.2020;21:00;0;0;838;-;-
25.04.2020;22:00;0;0;843;-;-
25.04.2020;23:00;0;0;846;-;-
26.04.2020;00:00;0;0;849;-;-
26.04.2020;01:00;0;0;848;-;-
26.04.2020;02:00;0;0;850;-;-
26.04.2020;03:00;0;0;854;-;-
26.04.2020;04:00;0;0;858;-;-
26.04.2020;05:00;0;0;857;-;-
26.04.2020;06:00;0;0;786;-;-
26.04.2020;07:00;0;0;72;-;-
26.04.2020;08:00;0;0;0;-;-
26.04.2020;09:00;0;0;0;-;-
26.04.2020;10:00;0;0;0;-;-
26.04.2020;11:00;0;0;0;-;-
26.04.2020;12:00;0;0;0;-;-
26.04.2020;13:00;0;0;0;-;-
26.04.2020;14:00;0;0;0;-;-
26.04.2020;15:00;0;0;0;-;-
26.04.2020;16:00;0;0;27;-;-
26.04.2020;17:00;0;0;445;-;-
26.04.2020;18:00;0;0;806;-;-
26.04.2020;19:00;0;0;817;-;-
26.04.2020;20:00;0;0;825;-;-
26.04.2020;21:00;0;0;832;-;-
26.04.2020;22:00;0;0;836;-;-
26.04.2020;23:00;0;0;840;-;-
27.04.2020;00:00;0;0;843;-;-
27.04.2020;01:00;0;0;831;-;-
27.04.2020;02:00;0;0;828;-;-
27.04.2020;03:00;0;0;843;-;-
27.04.2020;04:00;0;0;819;-;-
27.04.2020;05:00;34;35;837;-;-
27.04.2020;06:00;114;116;834;-;-
27.04.2020;07:00;133;134;828;-;-
27.04.2020;08:00;136;136;829;-;-
27.04.2020;09:00;138;138;825;-;-
27.04.2020;10:00;138;136;817;-;-
27.04.2020;11:00;138;133;736;-;-
27.04.2020;12:00;136;132;758;-;-
27.04.2020;13:00;135;130;794;-;-
27.04.2020;14:00;133;129;789;-;-
27.04.2020;15:00;132;128;783;-;-
27.04.2020;16:00;131;127;777;-;-
27.04.2020;17:00;159;154;789;-;-
27.04.2020;18:00;348;345;793;-;-
27.04.2020;19:00;474;474;809;-;-
27.04.2020;20:00;474;474;814;-;-
27.04.2020;21:00;474;440;820;-;-
27.04.2020;22:00;392;389;814;-;-
27.04.2020;23:00;225;217;816;-;-
28.04.2020;00:00;195;192;819;-;-
28.04.2020;01:00;146;145;819;-;-
28.04.2020;02:00;139;140;815;-;-
28.04.2020;03:00;139;140;818;-;-
28.04.2020;04:00;138;139;820;-;-
28.04.2020;05:00;150;152;820;-;-
28.04.2020;06:00;317;319;824;-;-
28.04.2020;07:00;481;481;827;-;-
28.04.2020;08:00;481;481;828;-;-
28.04.2020;09:00;340;389;824;-;-
28.04.2020;10:00;203;201;822;-;-
28.04.2020;11:00;153;150;825;-;-
28.04.2020;12:00;140;139;824;-;-
28.04.2020;13:00;140;137;822;-;-
28.04.2020;14:00;140;136;820;-;-
28.04.2020;15:00;139;135;771;-;-
28.04.2020;16:00;140;136;803;-;-
28.04.2020;17:00;220;204;820;-;-
28.04.2020;18:00;320;275;826;-;-
28.04.2020;19:00;477;475;830;-;-
28.04.2020;20:00;478;477;829;-;-
28.04.2020;21:00;466;465;829;-;-
28.04.2020;22:00;209;206;830;-;-
28.04.2020;23:00;0;0;828;-;-
29.04.2020;00:00;0;0;828;-;-
29.04.2020;01:00;0;0;830;-;-
29.04.2020;02:00;0;0;831;-;-
29.04.2020;03:00;0;0;831;-;-
29.04.2020;04:00;0;0;831;-;-
29.04.2020;05:00;94;93;830;-;-
29.04.2020;06:00;286;287;829;-;-
29.04.2020;07:00;478;481;827;-;-
29.04.2020;08:00;479;482;825;-;-
29.04.2020;09:00;481;482;826;-;-
29.04.2020;10:00;475;473;824;-;-
29.04.2020;11:00;305;218;823;-;-
29.04.2020;12:00;221;165;821;-;-
29.04.2020;13:00;219;140;818;-;-
29.04.2020;14:00;168;139;818;-;-
29.04.2020;15:00;201;139;817;-;-
29.04.2020;16:00;180;138;819;-;-
29.04.2020;17:00;171;210;820;-;-
29.04.2020;18:00;220;244;820;-;-
29.04.2020;19:00;283;463;821;-;-
29.04.2020;20:00;474;480;821;-;-
29.04.2020;21:00;470;476;825;-;-
29.04.2020;22:00;266;248;825;-;-
29.04.2020;23:00;0;0;572;-;-
30.04.2020;00:00;0;0;0;-;-
30.04.2020;01:00;0;0;0;-;-
30.04.2020;02:00;0;0;0;-;-
30.04.2020;03:00;0;0;0;-;-
30.04.2020;04:00;0;0;0;-;-
30.04.2020;05:00;0;0;0;-;-
30.04.2020;06:00;0;0;0;-;-
30.04.2020;07:00;0;0;0;-;-
30.04.2020;08:00;0;0;0;-;-
30.04.2020;09:00;0;0;0;-;-
30.04.2020;10:00;0;0;0;-;-
30.04.2020;11:00;0;0;0;-;-
30.04.2020;12:00;0;0;0;-;-
30.04.2020;13:00;0;0;0;-;-
30.04.2020;14:00;0;0;0;-;-
30.04.2020;15:00;0;0;0;-;-
30.04.2020;16:00;53;49;0;-;-
30.04.2020;17:00;134;129;0;-;-
30.04.2020;18:00;240;239;10;-;-
30.04.2020;19:00;461;464;132;-;-
30.04.2020;20:00;477;479;359;-;-
30.04.2020;21:00;440;414;400;-;-
30.04.2020;22:00;35;87;341;-;-
30.04.2020;23:00;0;0;0;-;-
