Datum;Uhrzeit;Generation_DE KraftwerkG[MW]
01.01.2020;00:00;1.360
01.01.2020;01:00;1.364
01.01.2020;02:00;1.356
01.01.2020;03:00;1.347
01.01.2020;04:00;1.347
01.01.2020;05:00;1.346
01.01.2020;06:00;1.350
01.01.2020;07:00;1.370
01.01.2020;08:00;1.374
01.01.2020;09:00;1.371
01.01.2020;10:00;1.371
01.01.2020;11:00;1.369
01.01.2020;12:00;1.367
01.01.2020;13:00;1.363
01.01.2020;14:00;1.363
01.01.2020;15:00;1.362
01.01.2020;16:00;1.363
01.01.2020;17:00;1.361
01.01.2020;18:00;1.361
01.01.2020;19:00;1.361
01.01.2020;20:00;1.361
01.01.2020;21:00;1.350
01.01.2020;22:00;1.345
01.01.2020;23:00;1.343
02.01.2020;00:00;1.351
02.01.2020;01:00;1.362
02.01.2020;02:00;1.364
02.01.2020;03:00;1.365
02.01.2020;04:00;1.364
02.01.2020;05:00;1.362
02.01.2020;06:00;1.357
02.01.2020;07:00;1.242
02.01.2020;08:00;1.363
02.01.2020;09:00;1.366
02.01.2020;10:00;1.366
02.01.2020;11:00;1.365
02.01.2020;12:00;1.366
02.01.2020;13:00;1.366
02.01.2020;14:00;1.368
02.01.2020;15:00;1.369
02.01.2020;16:00;1.294
02.01.2020;17:00;1.270
02.01.2020;18:00;1.203
02.01.2020;19:00;1.171
02.01.2020;20:00;1.173
02.01.2020;21:00;1.171
02.01.2020;22:00;1.172
02.01.2020;23:00;1.170
03.01.2020;00:00;1.171
03.01.2020;01:00;1.175
03.01.2020;02:00;1.172
03.01.2020;03:00;1.173
03.01.2020;04:00;1.169
03.01.2020;05:00;1.120
03.01.2020;06:00;1.120
03.01.2020;07:00;1.107
03.01.2020;08:00;1.075
03.01.2020;09:00;1.072
03.01.2020;10:00;1.072
03.01.2020;11:00;1.042
03.01.2020;12:00;1.043
03.01.2020;13:00;1.042
03.01.2020;14:00;1.045
03.01.2020;15:00;1.042
03.01.2020;16:00;1.070
03.01.2020;17:00;1.072
03.01.2020;18:00;984
03.01.2020;19:00;984
03.01.2020;20:00;1.120
03.01.2020;21:00;1.170
03.01.2020;22:00;1.266
03.01.2020;23:00;1.204
04.01.2020;00:00;1.186
04.01.2020;01:00;1.185
04.01.2020;02:00;1.185
04.01.2020;03:00;1.186
04.01.2020;04:00;1.186
04.01.2020;05:00;1.185
04.01.2020;06:00;1.182
04.01.2020;07:00;1.085
04.01.2020;08:00;1.055
04.01.2020;09:00;961
04.01.2020;10:00;960
04.01.2020;11:00;961
04.01.2020;12:00;961
04.01.2020;13:00;961
04.01.2020;14:00;964
04.01.2020;15:00;964
04.01.2020;16:00;964
04.01.2020;17:00;965
04.01.2020;18:00;1.048
04.01.2020;19:00;1.052
04.01.2020;20:00;1.052
04.01.2020;21:00;1.069
04.01.2020;22:00;1.185
04.01.2020;23:00;1.187
05.01.2020;00:00;1.195
05.01.2020;01:00;1.197
05.01.2020;02:00;1.329
05.01.2020;03:00;1.361
05.01.2020;04:00;1.359
05.01.2020;05:00;1.359
05.01.2020;06:00;1.361
05.01.2020;07:00;1.361
05.01.2020;08:00;1.366
05.01.2020;09:00;1.365
05.01.2020;10:00;1.365
05.01.2020;11:00;1.363
05.01.2020;12:00;1.362
05.01.2020;13:00;1.362
05.01.2020;14:00;1.362
05.01.2020;15:00;1.362
05.01.2020;16:00;1.360
05.01.2020;17:00;1.357
05.01.2020;18:00;1.356
05.01.2020;19:00;1.356
05.01.2020;20:00;1.355
05.01.2020;21:00;1.355
05.01.2020;22:00;1.355
05.01.2020;23:00;1.351
06.01.2020;00:00;1.337
06.01.2020;01:00;1.337
06.01.2020;02:00;1.338
06.01.2020;03:00;1.339
06.01.2020;04:00;1.354
06.01.2020;05:00;1.357
06.01.2020;06:00;1.358
06.01.2020;07:00;1.356
06.01.2020;08:00;1.357
06.01.2020;09:00;1.358
06.01.2020;10:00;1.358
06.01.2020;11:00;1.358
06.01.2020;12:00;1.358
06.01.2020;13:00;1.358
06.01.2020;14:00;1.359
06.01.2020;15:00;1.361
06.01.2020;16:00;1.360
06.01.2020;17:00;1.360
06.01.2020;18:00;1.362
06.01.2020;19:00;1.363
06.01.2020;20:00;1.363
06.01.2020;21:00;1.363
06.01.2020;22:00;1.363
06.01.2020;23:00;1.364
07.01.2020;00:00;1.365
07.01.2020;01:00;1.362
07.01.2020;02:00;1.363
07.01.2020;03:00;1.362
07.01.2020;04:00;1.361
07.01.2020;05:00;1.361
07.01.2020;06:00;1.360
07.01.2020;07:00;1.358
07.01.2020;08:00;1.359
07.01.2020;09:00;1.358
07.01.2020;10:00;1.356
07.01.2020;11:00;1.355
07.01.2020;12:00;1.353
07.01.2020;13:00;1.348
07.01.2020;14:00;1.248
07.01.2020;15:00;1.159
07.01.2020;16:00;1.160
07.01.2020;17:00;1.157
07.01.2020;18:00;1.158
07.01.2020;19:00;1.157
07.01.2020;20:00;1.157
07.01.2020;21:00;1.157
07.01.2020;22:00;1.158
07.01.2020;23:00;1.155
08.01.2020;00:00;1.198
08.01.2020;01:00;1.203
08.01.2020;02:00;1.204
08.01.2020;03:00;1.204
08.01.2020;04:00;1.205
08.01.2020;05:00;1.204
08.01.2020;06:00;1.207
08.01.2020;07:00;1.205
08.01.2020;08:00;1.203
08.01.2020;09:00;1.201
08.01.2020;10:00;1.207
08.01.2020;11:00;1.207
08.01.2020;12:00;1.205
08.01.2020;13:00;1.206
08.01.2020;14:00;1.207
08.01.2020;15:00;1.208
08.01.2020;16:00;1.208
08.01.2020;17:00;1.334
08.01.2020;18:00;1.345
08.01.2020;19:00;1.342
08.01.2020;20:00;1.339
08.01.2020;21:00;1.340
08.01.2020;22:00;1.339
08.01.2020;23:00;1.339
09.01.2020;00:00;1.339
09.01.2020;01:00;1.344
09.01.2020;02:00;1.344
09.01.2020;03:00;1.343
09.01.2020;04:00;1.345
09.01.2020;05:00;1.345
09.01.2020;06:00;1.340
09.01.2020;07:00;1.340
09.01.2020;08:00;1.338
09.01.2020;09:00;1.318
09.01.2020;10:00;1.210
09.01.2020;11:00;1.145
09.01.2020;12:00;1.141
09.01.2020;13:00;1.145
09.01.2020;14:00;1.146
09.01.2020;15:00;1.146
09.01.2020;16:00;1.147
09.01.2020;17:00;1.146
09.01.2020;18:00;1.146
09.01.2020;19:00;1.147
09.01.2020;20:00;1.266
09.01.2020;21:00;1.330
09.01.2020;22:00;1.331
09.01.2020;23:00;1.331
10.01.2020;00:00;1.331
10.01.2020;01:00;1.332
10.01.2020;02:00;1.331
10.01.2020;03:00;1.306
10.01.2020;04:00;1.311
10.01.2020;05:00;1.336
10.01.2020;06:00;1.335
10.01.2020;07:00;1.336
10.01.2020;08:00;1.294
10.01.2020;09:00;1.246
10.01.2020;10:00;1.233
10.01.2020;11:00;1.112
10.01.2020;12:00;1.023
10.01.2020;13:00;1.028
10.01.2020;14:00;1.064
10.01.2020;15:00;1.064
10.01.2020;16:00;1.124
10.01.2020;17:00;1.188
10.01.2020;18:00;1.224
10.01.2020;19:00;1.225
10.01.2020;20:00;1.286
10.01.2020;21:00;1.343
10.01.2020;22:00;1.350
10.01.2020;23:00;1.349
11.01.2020;00:00;1.352
11.01.2020;01:00;1.355
11.01.2020;02:00;1.357
11.01.2020;03:00;1.354
11.01.2020;04:00;1.359
11.01.2020;05:00;1.357
11.01.2020;06:00;1.361
11.01.2020;07:00;1.362
11.01.2020;08:00;1.361
11.01.2020;09:00;1.360
11.01.2020;10:00;1.359
11.01.2020;11:00;1.194
11.01.2020;12:00;1.225
11.01.2020;13:00;1.328
11.01.2020;14:00;1.334
11.01.2020;15:00;1.339
11.01.2020;16:00;1.353
11.01.2020;17:00;1.354
11.01.2020;18:00;1.326
11.01.2020;19:00;1.232
11.01.2020;20:00;1.215
11.01.2020;21:00;1.226
11.01.2020;22:00;1.202
11.01.2020;23:00;1.137
12.01.2020;00:00;1.106
12.01.2020;01:00;1.061
12.01.2020;02:00;1.057
12.01.2020;03:00;1.070
12.01.2020;04:00;1.154
12.01.2020;05:00;1.156
12.01.2020;06:00;1.156
12.01.2020;07:00;1.156
12.01.2020;08:00;1.157
12.01.2020;09:00;1.146
12.01.2020;10:00;1.157
12.01.2020;11:00;1.161
12.01.2020;12:00;1.154
12.01.2020;13:00;1.155
12.01.2020;14:00;1.159
12.01.2020;15:00;1.150
12.01.2020;16:00;1.145
12.01.2020;17:00;1.147
12.01.2020;18:00;1.149
12.01.2020;19:00;1.150
12.01.2020;20:00;1.127
12.01.2020;21:00;1.050
12.01.2020;22:00;1.161
12.01.2020;23:00;1.173
13.01.2020;00:00;1.205
13.01.2020;01:00;1.206
13.01.2020;02:00;1.311
13.01.2020;03:00;1.348
13.01.2020;04:00;1.347
13.01.2020;05:00;1.346
13.01.2020;06:00;1.346
13.01.2020;07:00;1.347
13.01.2020;08:00;1.350
13.01.2020;09:00;1.350
13.01.2020;10:00;1.352
13.01.2020;11:00;1.355
13.01.2020;12:00;1.352
13.01.2020;13:00;1.351
13.01.2020;14:00;1.350
13.01.2020;15:00;1.349
13.01.2020;16:00;1.350
13.01.2020;17:00;1.351
13.01.2020;18:00;1.351
13.01.2020;19:00;1.342
13.01.2020;20:00;1.348
13.01.2020;21:00;1.350
13.01.2020;22:00;1.350
13.01.2020;23:00;1.345
14.01.2020;00:00;1.332
14.01.2020;01:00;1.333
14.01.2020;02:00;1.333
14.01.2020;03:00;1.334
14.01.2020;04:00;1.334
14.01.2020;05:00;1.320
14.01.2020;06:00;1.207
14.01.2020;07:00;1.063
14.01.2020;08:00;1.037
14.01.2020;09:00;1.037
14.01.2020;10:00;1.037
14.01.2020;11:00;1.037
14.01.2020;12:00;1.033
14.01.2020;13:00;1.037
14.01.2020;14:00;1.037
14.01.2020;15:00;1.038
14.01.2020;16:00;1.038
14.01.2020;17:00;1.038
14.01.2020;18:00;1.049
14.01.2020;19:00;1.038
14.01.2020;20:00;1.037
14.01.2020;21:00;1.037
14.01.2020;22:00;1.038
14.01.2020;23:00;1.156
15.01.2020;00:00;1.314
15.01.2020;01:00;1.334
15.01.2020;02:00;1.334
15.01.2020;03:00;1.334
15.01.2020;04:00;1.334
15.01.2020;05:00;1.266
15.01.2020;06:00;1.177
15.01.2020;07:00;1.252
15.01.2020;08:00;1.338
15.01.2020;09:00;1.340
15.01.2020;10:00;1.342
15.01.2020;11:00;1.340
15.01.2020;12:00;1.338
15.01.2020;13:00;1.337
15.01.2020;14:00;1.337
15.01.2020;15:00;1.334
15.01.2020;16:00;1.335
15.01.2020;17:00;1.334
15.01.2020;18:00;1.336
15.01.2020;19:00;1.335
15.01.2020;20:00;1.336
15.01.2020;21:00;1.336
15.01.2020;22:00;1.338
15.01.2020;23:00;1.339
16.01.2020;00:00;1.341
16.01.2020;01:00;1.344
16.01.2020;02:00;1.345
16.01.2020;03:00;1.349
16.01.2020;04:00;1.350
16.01.2020;05:00;1.349
16.01.2020;06:00;1.348
16.01.2020;07:00;1.350
16.01.2020;08:00;1.352
16.01.2020;09:00;1.353
16.01.2020;10:00;1.352
16.01.2020;11:00;1.349
16.01.2020;12:00;1.345
16.01.2020;13:00;1.339
16.01.2020;14:00;1.331
16.01.2020;15:00;1.331
16.01.2020;16:00;1.341
16.01.2020;17:00;1.263
16.01.2020;18:00;1.208
16.01.2020;19:00;1.197
16.01.2020;20:00;1.171
16.01.2020;21:00;1.028
16.01.2020;22:00;997
16.01.2020;23:00;1.065
17.01.2020;00:00;1.231
17.01.2020;01:00;1.285
17.01.2020;02:00;1.333
17.01.2020;03:00;1.329
17.01.2020;04:00;1.320
17.01.2020;05:00;1.314
17.01.2020;06:00;1.343
17.01.2020;07:00;1.345
17.01.2020;08:00;1.348
17.01.2020;09:00;1.349
17.01.2020;10:00;1.348
17.01.2020;11:00;1.347
17.01.2020;12:00;1.345
17.01.2020;13:00;1.341
17.01.2020;14:00;1.341
17.01.2020;15:00;1.342
17.01.2020;16:00;1.342
17.01.2020;17:00;1.342
17.01.2020;18:00;1.342
17.01.2020;19:00;1.342
17.01.2020;20:00;1.342
17.01.2020;21:00;1.343
17.01.2020;22:00;1.344
17.01.2020;23:00;1.343
18.01.2020;00:00;1.347
18.01.2020;01:00;1.322
18.01.2020;02:00;1.349
18.01.2020;03:00;1.350
18.01.2020;04:00;1.354
18.01.2020;05:00;1.354
18.01.2020;06:00;1.354
18.01.2020;07:00;1.354
18.01.2020;08:00;1.345
18.01.2020;09:00;1.225
18.01.2020;10:00;1.067
18.01.2020;11:00;1.028
18.01.2020;12:00;1.028
18.01.2020;13:00;1.048
18.01.2020;14:00;1.186
18.01.2020;15:00;1.207
18.01.2020;16:00;1.246
18.01.2020;17:00;1.314
18.01.2020;18:00;1.350
18.01.2020;19:00;1.351
18.01.2020;20:00;1.352
18.01.2020;21:00;1.354
18.01.2020;22:00;1.354
18.01.2020;23:00;1.355
19.01.2020;00:00;1.356
19.01.2020;01:00;1.356
19.01.2020;02:00;1.356
19.01.2020;03:00;1.356
19.01.2020;04:00;1.356
19.01.2020;05:00;1.356
19.01.2020;06:00;1.359
19.01.2020;07:00;1.358
19.01.2020;08:00;1.358
19.01.2020;09:00;1.359
19.01.2020;10:00;1.359
19.01.2020;11:00;1.359
19.01.2020;12:00;1.358
19.01.2020;13:00;1.358
19.01.2020;14:00;1.356
19.01.2020;15:00;1.355
19.01.2020;16:00;1.353
19.01.2020;17:00;1.353
19.01.2020;18:00;1.353
19.01.2020;19:00;1.354
19.01.2020;20:00;1.355
19.01.2020;21:00;1.358
19.01.2020;22:00;1.355
19.01.2020;23:00;1.356
20.01.2020;00:00;1.355
20.01.2020;01:00;1.358
20.01.2020;02:00;1.360
20.01.2020;03:00;1.361
20.01.2020;04:00;1.359
20.01.2020;05:00;1.358
20.01.2020;06:00;1.359
20.01.2020;07:00;1.360
20.01.2020;08:00;1.361
20.01.2020;09:00;1.361
20.01.2020;10:00;1.273
20.01.2020;11:00;1.163
20.01.2020;12:00;1.096
20.01.2020;13:00;1.084
20.01.2020;14:00;1.082
20.01.2020;15:00;1.190
20.01.2020;16:00;1.315
20.01.2020;17:00;1.346
20.01.2020;18:00;1.347
20.01.2020;19:00;1.349
20.01.2020;20:00;1.337
20.01.2020;21:00;1.205
20.01.2020;22:00;1.171
20.01.2020;23:00;1.240
21.01.2020;00:00;1.334
21.01.2020;01:00;1.337
21.01.2020;02:00;1.337
21.01.2020;03:00;1.337
21.01.2020;04:00;1.337
21.01.2020;05:00;1.336
21.01.2020;06:00;1.335
21.01.2020;07:00;1.346
21.01.2020;08:00;1.359
21.01.2020;09:00;1.362
21.01.2020;10:00;1.363
21.01.2020;11:00;1.362
21.01.2020;12:00;1.360
21.01.2020;13:00;1.356
21.01.2020;14:00;1.245
21.01.2020;15:00;1.158
21.01.2020;16:00;1.349
21.01.2020;17:00;1.352
21.01.2020;18:00;1.355
21.01.2020;19:00;1.356
21.01.2020;20:00;1.356
21.01.2020;21:00;1.356
21.01.2020;22:00;1.360
21.01.2020;23:00;1.358
22.01.2020;00:00;1.360
22.01.2020;01:00;1.360
22.01.2020;02:00;1.361
22.01.2020;03:00;1.361
22.01.2020;04:00;1.356
22.01.2020;05:00;1.353
22.01.2020;06:00;1.354
22.01.2020;07:00;1.357
22.01.2020;08:00;1.357
22.01.2020;09:00;1.358
22.01.2020;10:00;1.357
22.01.2020;11:00;1.357
22.01.2020;12:00;1.356
22.01.2020;13:00;1.356
22.01.2020;14:00;1.356
22.01.2020;15:00;1.354
22.01.2020;16:00;1.355
22.01.2020;17:00;1.354
22.01.2020;18:00;1.354
22.01.2020;19:00;1.354
22.01.2020;20:00;1.355
22.01.2020;21:00;1.354
22.01.2020;22:00;1.354
22.01.2020;23:00;1.357
23.01.2020;00:00;1.355
23.01.2020;01:00;1.355
23.01.2020;02:00;1.355
23.01.2020;03:00;1.355
23.01.2020;04:00;1.358
23.01.2020;05:00;1.356
23.01.2020;06:00;1.355
23.01.2020;07:00;1.355
23.01.2020;08:00;1.355
23.01.2020;09:00;1.355
23.01.2020;10:00;1.355
23.01.2020;11:00;1.355
23.01.2020;12:00;1.353
23.01.2020;13:00;1.352
23.01.2020;14:00;1.353
23.01.2020;15:00;1.353
23.01.2020;16:00;1.353
23.01.2020;17:00;1.354
23.01.2020;18:00;1.355
23.01.2020;19:00;1.357
23.01.2020;20:00;1.358
23.01.2020;21:00;1.359
23.01.2020;22:00;1.362
23.01.2020;23:00;1.362
24.01.2020;00:00;1.361
24.01.2020;01:00;1.361
24.01.2020;02:00;1.360
24.01.2020;03:00;1.360
24.01.2020;04:00;1.360
24.01.2020;05:00;1.360
24.01.2020;06:00;1.362
24.01.2020;07:00;1.363
24.01.2020;08:00;1.361
24.01.2020;09:00;1.361
24.01.2020;10:00;1.361
24.01.2020;11:00;1.361
24.01.2020;12:00;1.361
24.01.2020;13:00;1.361
24.01.2020;14:00;1.361
24.01.2020;15:00;1.361
24.01.2020;16:00;1.362
24.01.2020;17:00;1.361
24.01.2020;18:00;1.362
24.01.2020;19:00;1.361
24.01.2020;20:00;1.361
24.01.2020;21:00;1.361
24.01.2020;22:00;1.360
24.01.2020;23:00;1.360
25.01.2020;00:00;1.363
25.01.2020;01:00;1.363
25.01.2020;02:00;1.363
25.01.2020;03:00;1.363
25.01.2020;04:00;1.363
25.01.2020;05:00;1.363
25.01.2020;06:00;1.361
25.01.2020;07:00;1.360
25.01.2020;08:00;1.361
25.01.2020;09:00;1.362
25.01.2020;10:00;1.363
25.01.2020;11:00;1.363
25.01.2020;12:00;1.363
25.01.2020;13:00;1.362
25.01.2020;14:00;1.362
25.01.2020;15:00;1.363
25.01.2020;16:00;1.364
25.01.2020;17:00;1.364
25.01.2020;18:00;1.364
25.01.2020;19:00;1.363
25.01.2020;20:00;1.363
25.01.2020;21:00;1.363
25.01.2020;22:00;1.363
25.01.2020;23:00;1.363
26.01.2020;00:00;1.362
26.01.2020;01:00;1.362
26.01.2020;02:00;1.362
26.01.2020;03:00;1.363
26.01.2020;04:00;1.362
26.01.2020;05:00;1.362
26.01.2020;06:00;1.362
26.01.2020;07:00;1.362
26.01.2020;08:00;1.361
26.01.2020;09:00;1.359
26.01.2020;10:00;1.359
26.01.2020;11:00;1.360
26.01.2020;12:00;1.359
26.01.2020;13:00;1.358
26.01.2020;14:00;1.354
26.01.2020;15:00;1.356
26.01.2020;16:00;1.358
26.01.2020;17:00;1.352
26.01.2020;18:00;1.355
26.01.2020;19:00;1.356
26.01.2020;20:00;1.353
26.01.2020;21:00;1.353
26.01.2020;22:00;1.354
26.01.2020;23:00;1.351
27.01.2020;00:00;1.343
27.01.2020;01:00;1.343
27.01.2020;02:00;1.343
27.01.2020;03:00;1.343
27.01.2020;04:00;1.343
27.01.2020;05:00;1.343
27.01.2020;06:00;1.343
27.01.2020;07:00;1.343
27.01.2020;08:00;1.343
27.01.2020;09:00;1.343
27.01.2020;10:00;1.342
27.01.2020;11:00;1.342
27.01.2020;12:00;1.342
27.01.2020;13:00;1.342
27.01.2020;14:00;1.342
27.01.2020;15:00;1.342
27.01.2020;16:00;1.342
27.01.2020;17:00;1.342
27.01.2020;18:00;1.342
27.01.2020;19:00;1.342
27.01.2020;20:00;1.342
27.01.2020;21:00;1.342
27.01.2020;22:00;1.342
27.01.2020;23:00;1.343
28.01.2020;00:00;1.343
28.01.2020;01:00;1.318
28.01.2020;02:00;1.294
28.01.2020;03:00;1.315
28.01.2020;04:00;1.312
28.01.2020;05:00;1.324
28.01.2020;06:00;1.332
28.01.2020;07:00;1.199
28.01.2020;08:00;1.145
28.01.2020;09:00;1.059
28.01.2020;10:00;1.052
28.01.2020;11:00;944
28.01.2020;12:00;943
28.01.2020;13:00;943
28.01.2020;14:00;943
28.01.2020;15:00;943
28.01.2020;16:00;943
28.01.2020;17:00;943
28.01.2020;18:00;943
28.01.2020;19:00;997
28.01.2020;20:00;1.106
28.01.2020;21:00;1.106
28.01.2020;22:00;1.106
28.01.2020;23:00;1.140
29.01.2020;00:00;1.143
29.01.2020;01:00;1.129
29.01.2020;02:00;1.145
29.01.2020;03:00;1.133
29.01.2020;04:00;1.146
29.01.2020;05:00;1.121
29.01.2020;06:00;1.269
29.01.2020;07:00;1.335
29.01.2020;08:00;1.338
29.01.2020;09:00;1.199
29.01.2020;10:00;1.079
29.01.2020;11:00;1.031
29.01.2020;12:00;1.009
29.01.2020;13:00;1.002
29.01.2020;14:00;1.004
29.01.2020;15:00;1.045
29.01.2020;16:00;1.047
29.01.2020;17:00;1.047
29.01.2020;18:00;1.046
29.01.2020;19:00;1.050
29.01.2020;20:00;1.091
29.01.2020;21:00;1.092
29.01.2020;22:00;1.098
29.01.2020;23:00;1.097
30.01.2020;00:00;1.057
30.01.2020;01:00;1.054
30.01.2020;02:00;1.098
30.01.2020;03:00;1.098
30.01.2020;04:00;1.098
30.01.2020;05:00;1.047
30.01.2020;06:00;1.083
30.01.2020;07:00;1.060
30.01.2020;08:00;1.067
30.01.2020;09:00;1.067
30.01.2020;10:00;1.066
30.01.2020;11:00;1.046
30.01.2020;12:00;1.025
30.01.2020;13:00;1.022
30.01.2020;14:00;1.091
30.01.2020;15:00;1.134
30.01.2020;16:00;1.249
30.01.2020;17:00;1.310
30.01.2020;18:00;1.310
30.01.2020;19:00;1.310
30.01.2020;20:00;1.184
30.01.2020;21:00;1.001
30.01.2020;22:00;994
30.01.2020;23:00;1.021
31.01.2020;00:00;1.089
31.01.2020;01:00;1.027
31.01.2020;02:00;1.019
31.01.2020;03:00;1.019
31.01.2020;04:00;1.123
31.01.2020;05:00;1.146
31.01.2020;06:00;1.145
31.01.2020;07:00;1.145
31.01.2020;08:00;1.048
31.01.2020;09:00;945
31.01.2020;10:00;939
31.01.2020;11:00;998
31.01.2020;12:00;1.061
31.01.2020;13:00;1.047
31.01.2020;14:00;1.057
31.01.2020;15:00;1.052
31.01.2020;16:00;1.047
31.01.2020;17:00;1.047
31.01.2020;18:00;1.046
31.01.2020;19:00;1.047
31.01.2020;20:00;1.047
31.01.2020;21:00;1.047
31.01.2020;22:00;1.047
31.01.2020;23:00;1.047
01.02.2020;00:00;1.047
01.02.2020;01:00;1.047
01.02.2020;02:00;1.046
01.02.2020;03:00;998
01.02.2020;04:00;997
01.02.2020;05:00;997
01.02.2020;06:00;1.059
01.02.2020;07:00;1.196
01.02.2020;08:00;1.228
01.02.2020;09:00;1.325
01.02.2020;10:00;1.329
01.02.2020;11:00;1.329
01.02.2020;12:00;1.330
01.02.2020;13:00;1.330
01.02.2020;14:00;1.330
01.02.2020;15:00;1.330
01.02.2020;16:00;1.329
01.02.2020;17:00;1.330
01.02.2020;18:00;1.330
01.02.2020;19:00;1.332
01.02.2020;20:00;1.238
01.02.2020;21:00;1.115
01.02.2020;22:00;1.102
01.02.2020;23:00;1.096
02.02.2020;00:00;1.096
02.02.2020;01:00;1.096
02.02.2020;02:00;1.095
02.02.2020;03:00;1.096
02.02.2020;04:00;1.121
02.02.2020;05:00;1.126
02.02.2020;06:00;1.184
02.02.2020;07:00;1.267
02.02.2020;08:00;1.328
02.02.2020;09:00;1.337
02.02.2020;10:00;1.338
02.02.2020;11:00;1.338
02.02.2020;12:00;1.338
02.02.2020;13:00;1.339
02.02.2020;14:00;1.339
02.02.2020;15:00;1.339
02.02.2020;16:00;1.339
02.02.2020;17:00;1.339
02.02.2020;18:00;1.339
02.02.2020;19:00;1.333
02.02.2020;20:00;1.334
02.02.2020;21:00;1.334
02.02.2020;22:00;1.333
02.02.2020;23:00;1.334
03.02.2020;00:00;1.333
03.02.2020;01:00;1.334
03.02.2020;02:00;1.334
03.02.2020;03:00;1.330
03.02.2020;04:00;1.290
03.02.2020;05:00;1.248
03.02.2020;06:00;1.285
03.02.2020;07:00;1.333
03.02.2020;08:00;1.334
03.02.2020;09:00;1.329
03.02.2020;10:00;1.334
03.02.2020;11:00;1.333
03.02.2020;12:00;1.265
03.02.2020;13:00;1.195
03.02.2020;14:00;1.194
03.02.2020;15:00;1.137
03.02.2020;16:00;1.096
03.02.2020;17:00;1.089
03.02.2020;18:00;1.063
03.02.2020;19:00;998
03.02.2020;20:00;1.074
03.02.2020;21:00;1.095
03.02.2020;22:00;1.123
03.02.2020;23:00;1.241
04.02.2020;00:00;1.272
04.02.2020;01:00;1.273
04.02.2020;02:00;1.283
04.02.2020;03:00;1.281
04.02.2020;04:00;1.272
04.02.2020;05:00;1.280
04.02.2020;06:00;1.282
04.02.2020;07:00;1.138
04.02.2020;08:00;999
04.02.2020;09:00;997
04.02.2020;10:00;998
04.02.2020;11:00;998
04.02.2020;12:00;999
04.02.2020;13:00;1.041
04.02.2020;14:00;1.048
04.02.2020;15:00;1.055
04.02.2020;16:00;1.142
04.02.2020;17:00;1.154
04.02.2020;18:00;1.196
04.02.2020;19:00;1.196
04.02.2020;20:00;1.196
04.02.2020;21:00;1.237
04.02.2020;22:00;1.318
04.02.2020;23:00;1.214
05.02.2020;00:00;1.204
05.02.2020;01:00;1.197
05.02.2020;02:00;1.196
05.02.2020;03:00;1.320
05.02.2020;04:00;1.349
05.02.2020;05:00;1.351
05.02.2020;06:00;1.353
05.02.2020;07:00;1.355
05.02.2020;08:00;1.357
05.02.2020;09:00;1.358
05.02.2020;10:00;1.358
05.02.2020;11:00;1.356
05.02.2020;12:00;1.355
05.02.2020;13:00;1.354
05.02.2020;14:00;1.350
05.02.2020;15:00;1.351
05.02.2020;16:00;1.353
05.02.2020;17:00;1.352
05.02.2020;18:00;1.351
05.02.2020;19:00;1.352
05.02.2020;20:00;1.356
05.02.2020;21:00;1.355
05.02.2020;22:00;1.353
05.02.2020;23:00;1.353
06.02.2020;00:00;1.353
06.02.2020;01:00;1.353
06.02.2020;02:00;1.353
06.02.2020;03:00;1.354
06.02.2020;04:00;1.354
06.02.2020;05:00;1.354
06.02.2020;06:00;1.353
06.02.2020;07:00;1.353
06.02.2020;08:00;1.353
06.02.2020;09:00;1.353
06.02.2020;10:00;1.353
06.02.2020;11:00;1.352
06.02.2020;12:00;1.351
06.02.2020;13:00;1.351
06.02.2020;14:00;1.352
06.02.2020;15:00;1.352
06.02.2020;16:00;1.351
06.02.2020;17:00;1.352
06.02.2020;18:00;1.352
06.02.2020;19:00;1.351
06.02.2020;20:00;1.352
06.02.2020;21:00;1.353
06.02.2020;22:00;1.351
06.02.2020;23:00;1.351
07.02.2020;00:00;1.351
07.02.2020;01:00;1.351
07.02.2020;02:00;1.351
07.02.2020;03:00;1.352
07.02.2020;04:00;1.352
07.02.2020;05:00;1.352
07.02.2020;06:00;1.350
07.02.2020;07:00;1.337
07.02.2020;08:00;1.336
07.02.2020;09:00;1.334
07.02.2020;10:00;1.336
07.02.2020;11:00;1.336
07.02.2020;12:00;1.335
07.02.2020;13:00;1.334
07.02.2020;14:00;1.333
07.02.2020;15:00;1.331
07.02.2020;16:00;1.334
07.02.2020;17:00;1.333
07.02.2020;18:00;1.331
07.02.2020;19:00;1.334
07.02.2020;20:00;1.345
07.02.2020;21:00;1.347
07.02.2020;22:00;1.347
07.02.2020;23:00;1.346
08.02.2020;00:00;1.353
08.02.2020;01:00;1.356
08.02.2020;02:00;1.356
08.02.2020;03:00;1.356
08.02.2020;04:00;1.356
08.02.2020;05:00;1.356
08.02.2020;06:00;1.355
08.02.2020;07:00;1.355
08.02.2020;08:00;1.355
08.02.2020;09:00;1.355
08.02.2020;10:00;1.355
08.02.2020;11:00;1.355
08.02.2020;12:00;1.353
08.02.2020;13:00;1.352
08.02.2020;14:00;1.349
08.02.2020;15:00;1.349
08.02.2020;16:00;1.346
08.02.2020;17:00;1.346
08.02.2020;18:00;1.346
08.02.2020;19:00;1.345
08.02.2020;20:00;1.344
08.02.2020;21:00;1.345
08.02.2020;22:00;1.344
08.02.2020;23:00;1.344
09.02.2020;00:00;1.260
09.02.2020;01:00;1.241
09.02.2020;02:00;1.245
09.02.2020;03:00;1.218
09.02.2020;04:00;1.230
09.02.2020;05:00;1.218
09.02.2020;06:00;1.159
09.02.2020;07:00;1.138
09.02.2020;08:00;1.139
09.02.2020;09:00;1.146
09.02.2020;10:00;1.110
09.02.2020;11:00;1.044
09.02.2020;12:00;1.018
09.02.2020;13:00;1.054
09.02.2020;14:00;1.063
09.02.2020;15:00;1.039
09.02.2020;16:00;1.038
09.02.2020;17:00;1.036
09.02.2020;18:00;1.012
09.02.2020;19:00;1.015
09.02.2020;20:00;1.035
09.02.2020;21:00;1.038
09.02.2020;22:00;1.038
09.02.2020;23:00;1.037
10.02.2020;00:00;1.047
10.02.2020;01:00;1.077
10.02.2020;02:00;1.077
10.02.2020;03:00;1.076
10.02.2020;04:00;1.117
10.02.2020;05:00;1.185
10.02.2020;06:00;1.146
10.02.2020;07:00;1.144
10.02.2020;08:00;1.146
10.02.2020;09:00;1.147
10.02.2020;10:00;1.146
10.02.2020;11:00;1.143
10.02.2020;12:00;1.146
10.02.2020;13:00;1.147
10.02.2020;14:00;1.146
10.02.2020;15:00;1.147
10.02.2020;16:00;1.148
10.02.2020;17:00;1.146
10.02.2020;18:00;1.077
10.02.2020;19:00;1.055
10.02.2020;20:00;1.047
10.02.2020;21:00;1.046
10.02.2020;22:00;1.047
10.02.2020;23:00;1.046
11.02.2020;00:00;1.071
11.02.2020;01:00;1.098
11.02.2020;02:00;1.096
11.02.2020;03:00;1.098
11.02.2020;04:00;1.098
11.02.2020;05:00;1.098
11.02.2020;06:00;1.084
11.02.2020;07:00;1.098
11.02.2020;08:00;1.097
11.02.2020;09:00;1.097
11.02.2020;10:00;1.096
11.02.2020;11:00;1.091
11.02.2020;12:00;1.088
11.02.2020;13:00;1.098
11.02.2020;14:00;1.099
11.02.2020;15:00;1.099
11.02.2020;16:00;1.097
11.02.2020;17:00;1.076
11.02.2020;18:00;1.098
11.02.2020;19:00;1.087
11.02.2020;20:00;1.095
11.02.2020;21:00;1.097
11.02.2020;22:00;1.097
11.02.2020;23:00;1.096
12.02.2020;00:00;1.099
12.02.2020;01:00;1.098
12.02.2020;02:00;1.100
12.02.2020;03:00;1.103
12.02.2020;04:00;1.100
12.02.2020;05:00;1.098
12.02.2020;06:00;1.097
12.02.2020;07:00;1.098
12.02.2020;08:00;1.092
12.02.2020;09:00;1.092
12.02.2020;10:00;1.098
12.02.2020;11:00;1.098
12.02.2020;12:00;1.105
12.02.2020;13:00;1.156
12.02.2020;14:00;1.156
12.02.2020;15:00;1.152
12.02.2020;16:00;1.098
12.02.2020;17:00;1.098
12.02.2020;18:00;1.098
12.02.2020;19:00;1.098
12.02.2020;20:00;1.206
12.02.2020;21:00;1.242
12.02.2020;22:00;1.242
12.02.2020;23:00;1.329
13.02.2020;00:00;1.318
13.02.2020;01:00;1.336
13.02.2020;02:00;1.338
13.02.2020;03:00;1.335
13.02.2020;04:00;1.336
13.02.2020;05:00;1.338
13.02.2020;06:00;1.345
13.02.2020;07:00;1.347
13.02.2020;08:00;1.349
13.02.2020;09:00;1.358
13.02.2020;10:00;1.355
13.02.2020;11:00;1.348
13.02.2020;12:00;1.348
13.02.2020;13:00;1.342
13.02.2020;14:00;1.343
13.02.2020;15:00;1.343
13.02.2020;16:00;1.343
13.02.2020;17:00;1.343
13.02.2020;18:00;1.343
13.02.2020;19:00;1.341
13.02.2020;20:00;1.343
13.02.2020;21:00;1.344
13.02.2020;22:00;1.338
13.02.2020;23:00;1.331
14.02.2020;00:00;1.343
14.02.2020;01:00;1.340
14.02.2020;02:00;1.344
14.02.2020;03:00;1.344
14.02.2020;04:00;1.344
14.02.2020;05:00;1.346
14.02.2020;06:00;1.346
14.02.2020;07:00;1.345
14.02.2020;08:00;1.344
14.02.2020;09:00;1.348
14.02.2020;10:00;1.348
14.02.2020;11:00;1.348
14.02.2020;12:00;1.347
14.02.2020;13:00;1.347
14.02.2020;14:00;1.347
14.02.2020;15:00;1.347
14.02.2020;16:00;1.346
14.02.2020;17:00;1.346
14.02.2020;18:00;1.346
14.02.2020;19:00;1.345
14.02.2020;20:00;1.346
14.02.2020;21:00;1.346
14.02.2020;22:00;1.346
14.02.2020;23:00;1.346
15.02.2020;00:00;1.347
15.02.2020;01:00;1.347
15.02.2020;02:00;1.347
15.02.2020;03:00;1.349
15.02.2020;04:00;1.347
15.02.2020;05:00;1.346
15.02.2020;06:00;1.346
15.02.2020;07:00;1.347
15.02.2020;08:00;1.347
15.02.2020;09:00;1.347
15.02.2020;10:00;1.344
15.02.2020;11:00;1.343
15.02.2020;12:00;1.337
15.02.2020;13:00;1.324
15.02.2020;14:00;1.255
15.02.2020;15:00;1.301
15.02.2020;16:00;1.329
15.02.2020;17:00;1.334
15.02.2020;18:00;1.335
15.02.2020;19:00;1.337
15.02.2020;20:00;1.336
15.02.2020;21:00;1.326
15.02.2020;22:00;1.189
15.02.2020;23:00;1.189
16.02.2020;00:00;984
16.02.2020;01:00;925
16.02.2020;02:00;925
16.02.2020;03:00;925
16.02.2020;04:00;925
16.02.2020;05:00;925
16.02.2020;06:00;924
16.02.2020;07:00;924
16.02.2020;08:00;923
16.02.2020;09:00;923
16.02.2020;10:00;924
16.02.2020;11:00;924
16.02.2020;12:00;924
16.02.2020;13:00;924
16.02.2020;14:00;923
16.02.2020;15:00;923
16.02.2020;16:00;924
16.02.2020;17:00;960
16.02.2020;18:00;987
16.02.2020;19:00;957
16.02.2020;20:00;948
16.02.2020;21:00;948
16.02.2020;22:00;957
16.02.2020;23:00;974
17.02.2020;00:00;957
17.02.2020;01:00;929
17.02.2020;02:00;929
17.02.2020;03:00;937
17.02.2020;04:00;1.009
17.02.2020;05:00;1.091
17.02.2020;06:00;1.170
17.02.2020;07:00;1.171
17.02.2020;08:00;1.131
17.02.2020;09:00;1.131
17.02.2020;10:00;1.135
17.02.2020;11:00;1.183
17.02.2020;12:00;1.185
17.02.2020;13:00;1.186
17.02.2020;14:00;1.186
17.02.2020;15:00;1.186
17.02.2020;16:00;1.184
17.02.2020;17:00;1.183
17.02.2020;18:00;1.136
17.02.2020;19:00;1.145
17.02.2020;20:00;1.234
17.02.2020;21:00;1.215
17.02.2020;22:00;1.127
17.02.2020;23:00;1.127
18.02.2020;00:00;1.220
18.02.2020;01:00;1.296
18.02.2020;02:00;1.331
18.02.2020;03:00;1.237
18.02.2020;04:00;1.135
18.02.2020;05:00;1.136
18.02.2020;06:00;1.099
18.02.2020;07:00;1.114
18.02.2020;08:00;1.132
18.02.2020;09:00;1.132
18.02.2020;10:00;1.132
18.02.2020;11:00;1.131
18.02.2020;12:00;1.141
18.02.2020;13:00;1.144
18.02.2020;14:00;1.186
18.02.2020;15:00;1.190
18.02.2020;16:00;1.113
18.02.2020;17:00;1.118
18.02.2020;18:00;1.164
18.02.2020;19:00;1.180
18.02.2020;20:00;1.166
18.02.2020;21:00;1.166
18.02.2020;22:00;1.174
18.02.2020;23:00;1.186
19.02.2020;00:00;1.197
19.02.2020;01:00;1.284
19.02.2020;02:00;1.266
19.02.2020;03:00;1.255
19.02.2020;04:00;1.255
19.02.2020;05:00;1.258
19.02.2020;06:00;1.258
19.02.2020;07:00;1.321
19.02.2020;08:00;1.350
19.02.2020;09:00;1.348
19.02.2020;10:00;1.348
19.02.2020;11:00;1.347
19.02.2020;12:00;1.347
19.02.2020;13:00;1.348
19.02.2020;14:00;1.346
19.02.2020;15:00;1.346
19.02.2020;16:00;1.346
19.02.2020;17:00;1.346
19.02.2020;18:00;1.346
19.02.2020;19:00;1.348
19.02.2020;20:00;1.348
19.02.2020;21:00;1.349
19.02.2020;22:00;1.353
19.02.2020;23:00;1.353
20.02.2020;00:00;1.352
20.02.2020;01:00;1.354
20.02.2020;02:00;1.354
20.02.2020;03:00;1.355
20.02.2020;04:00;1.352
20.02.2020;05:00;1.351
20.02.2020;06:00;1.349
20.02.2020;07:00;1.348
20.02.2020;08:00;1.348
20.02.2020;09:00;1.347
20.02.2020;10:00;1.345
20.02.2020;11:00;1.343
20.02.2020;12:00;1.341
20.02.2020;13:00;1.340
20.02.2020;14:00;1.339
20.02.2020;15:00;1.233
20.02.2020;16:00;1.081
20.02.2020;17:00;1.102
20.02.2020;18:00;1.114
20.02.2020;19:00;1.131
20.02.2020;20:00;1.303
20.02.2020;21:00;1.336
20.02.2020;22:00;1.336
20.02.2020;23:00;1.262
21.02.2020;00:00;1.137
21.02.2020;01:00;1.135
21.02.2020;02:00;1.136
21.02.2020;03:00;1.136
21.02.2020;04:00;1.135
21.02.2020;05:00;1.136
21.02.2020;06:00;1.139
21.02.2020;07:00;1.136
21.02.2020;08:00;1.137
21.02.2020;09:00;1.134
21.02.2020;10:00;1.148
21.02.2020;11:00;1.187
21.02.2020;12:00;1.147
21.02.2020;13:00;1.137
21.02.2020;14:00;1.137
21.02.2020;15:00;1.138
21.02.2020;16:00;1.139
21.02.2020;17:00;1.148
21.02.2020;18:00;1.195
21.02.2020;19:00;1.219
21.02.2020;20:00;1.251
21.02.2020;21:00;1.206
21.02.2020;22:00;1.198
21.02.2020;23:00;1.195
22.02.2020;00:00;1.062
22.02.2020;01:00;1.030
22.02.2020;02:00;1.047
22.02.2020;03:00;989
22.02.2020;04:00;1.028
22.02.2020;05:00;951
22.02.2020;06:00;949
22.02.2020;07:00;959
22.02.2020;08:00;968
22.02.2020;09:00;958
22.02.2020;10:00;970
22.02.2020;11:00;997
22.02.2020;12:00;1.003
22.02.2020;13:00;973
22.02.2020;14:00;972
22.02.2020;15:00;1.020
22.02.2020;16:00;1.010
22.02.2020;17:00;1.008
22.02.2020;18:00;988
22.02.2020;19:00;971
22.02.2020;20:00;969
22.02.2020;21:00;997
22.02.2020;22:00;1.024
22.02.2020;23:00;1.113
23.02.2020;00:00;1.156
23.02.2020;01:00;1.154
23.02.2020;02:00;1.155
23.02.2020;03:00;1.121
23.02.2020;04:00;1.028
23.02.2020;05:00;1.016
23.02.2020;06:00;1.019
23.02.2020;07:00;1.037
23.02.2020;08:00;1.113
23.02.2020;09:00;1.250
23.02.2020;10:00;1.334
23.02.2020;11:00;1.341
23.02.2020;12:00;1.334
23.02.2020;13:00;1.324
23.02.2020;14:00;1.294
23.02.2020;15:00;1.291
23.02.2020;16:00;1.285
23.02.2020;17:00;1.285
23.02.2020;18:00;1.272
23.02.2020;19:00;1.177
23.02.2020;20:00;1.033
23.02.2020;21:00;930
23.02.2020;22:00;929
23.02.2020;23:00;983
24.02.2020;00:00;1.043
24.02.2020;01:00;1.023
24.02.2020;02:00;1.038
24.02.2020;03:00;1.081
24.02.2020;04:00;1.161
24.02.2020;05:00;1.190
24.02.2020;06:00;1.191
24.02.2020;07:00;1.163
24.02.2020;08:00;1.192
24.02.2020;09:00;1.314
24.02.2020;10:00;1.357
24.02.2020;11:00;1.351
24.02.2020;12:00;1.347
24.02.2020;13:00;1.348
24.02.2020;14:00;1.350
24.02.2020;15:00;1.355
24.02.2020;16:00;1.352
24.02.2020;17:00;1.346
24.02.2020;18:00;1.289
24.02.2020;19:00;1.205
24.02.2020;20:00;1.182
24.02.2020;21:00;1.160
24.02.2020;22:00;1.134
24.02.2020;23:00;1.088
25.02.2020;00:00;1.064
25.02.2020;01:00;1.064
25.02.2020;02:00;1.018
25.02.2020;03:00;990
25.02.2020;04:00;979
25.02.2020;05:00;1.005
25.02.2020;06:00;1.120
25.02.2020;07:00;1.133
25.02.2020;08:00;1.088
25.02.2020;09:00;1.088
25.02.2020;10:00;1.088
25.02.2020;11:00;1.087
25.02.2020;12:00;1.088
25.02.2020;13:00;1.090
25.02.2020;14:00;1.093
25.02.2020;15:00;1.092
25.02.2020;16:00;1.093
25.02.2020;17:00;1.093
25.02.2020;18:00;1.093
25.02.2020;19:00;1.123
25.02.2020;20:00;1.281
25.02.2020;21:00;1.300
25.02.2020;22:00;1.299
25.02.2020;23:00;1.349
26.02.2020;00:00;1.334
26.02.2020;01:00;1.230
26.02.2020;02:00;1.280
26.02.2020;03:00;1.349
26.02.2020;04:00;1.349
26.02.2020;05:00;1.351
26.02.2020;06:00;1.352
26.02.2020;07:00;1.352
26.02.2020;08:00;1.352
26.02.2020;09:00;1.354
26.02.2020;10:00;1.354
26.02.2020;11:00;1.354
26.02.2020;12:00;1.353
26.02.2020;13:00;1.352
26.02.2020;14:00;1.353
26.02.2020;15:00;1.352
26.02.2020;16:00;1.352
26.02.2020;17:00;1.353
26.02.2020;18:00;1.353
26.02.2020;19:00;1.354
26.02.2020;20:00;1.355
26.02.2020;21:00;1.355
26.02.2020;22:00;1.355
26.02.2020;23:00;1.355
27.02.2020;00:00;1.345
27.02.2020;01:00;1.338
27.02.2020;02:00;1.338
27.02.2020;03:00;1.339
27.02.2020;04:00;1.351
27.02.2020;05:00;1.355
27.02.2020;06:00;1.355
27.02.2020;07:00;1.356
27.02.2020;08:00;1.356
27.02.2020;09:00;1.357
27.02.2020;10:00;1.356
27.02.2020;11:00;1.356
27.02.2020;12:00;1.356
27.02.2020;13:00;1.356
27.02.2020;14:00;1.354
27.02.2020;15:00;1.354
27.02.2020;16:00;1.355
27.02.2020;17:00;1.355
27.02.2020;18:00;1.357
27.02.2020;19:00;1.358
27.02.2020;20:00;1.359
27.02.2020;21:00;1.359
27.02.2020;22:00;1.359
27.02.2020;23:00;1.361
28.02.2020;00:00;1.359
28.02.2020;01:00;1.359
28.02.2020;02:00;1.357
28.02.2020;03:00;1.358
28.02.2020;04:00;1.357
28.02.2020;05:00;1.357
28.02.2020;06:00;1.355
28.02.2020;07:00;1.355
28.02.2020;08:00;1.355
28.02.2020;09:00;1.356
28.02.2020;10:00;1.290
28.02.2020;11:00;1.175
28.02.2020;12:00;1.137
28.02.2020;13:00;1.136
28.02.2020;14:00;1.136
28.02.2020;15:00;1.136
28.02.2020;16:00;1.136
28.02.2020;17:00;1.138
28.02.2020;18:00;1.138
28.02.2020;19:00;1.138
28.02.2020;20:00;1.138
28.02.2020;21:00;1.138
28.02.2020;22:00;1.137
28.02.2020;23:00;1.137
29.02.2020;00:00;1.207
29.02.2020;01:00;1.233
29.02.2020;02:00;1.229
29.02.2020;03:00;1.250
29.02.2020;04:00;1.238
29.02.2020;05:00;1.251
29.02.2020;06:00;1.252
29.02.2020;07:00;1.251
29.02.2020;08:00;1.321
29.02.2020;09:00;1.328
29.02.2020;10:00;1.330
29.02.2020;11:00;1.332
29.02.2020;12:00;1.325
29.02.2020;13:00;1.297
29.02.2020;14:00;1.321
29.02.2020;15:00;1.331
29.02.2020;16:00;1.317
29.02.2020;17:00;1.322
29.02.2020;18:00;1.322
29.02.2020;19:00;1.298
29.02.2020;20:00;1.243
29.02.2020;21:00;1.239
29.02.2020;22:00;1.241
29.02.2020;23:00;1.240
01.03.2020;00:00;1.240
01.03.2020;01:00;1.242
01.03.2020;02:00;1.248
01.03.2020;03:00;1.234
01.03.2020;04:00;1.212
01.03.2020;05:00;1.240
01.03.2020;06:00;1.221
01.03.2020;07:00;1.233
01.03.2020;08:00;1.188
01.03.2020;09:00;1.185
01.03.2020;10:00;1.183
01.03.2020;11:00;1.167
01.03.2020;12:00;1.166
01.03.2020;13:00;1.164
01.03.2020;14:00;1.191
01.03.2020;15:00;1.264
01.03.2020;16:00;1.321
01.03.2020;17:00;1.325
01.03.2020;18:00;1.322
01.03.2020;19:00;1.329
01.03.2020;20:00;1.329
01.03.2020;21:00;1.330
01.03.2020;22:00;1.330
01.03.2020;23:00;1.327
02.03.2020;00:00;1.305
02.03.2020;01:00;1.303
02.03.2020;02:00;1.302
02.03.2020;03:00;1.303
02.03.2020;04:00;1.304
02.03.2020;05:00;1.312
02.03.2020;06:00;1.316
02.03.2020;07:00;1.314
02.03.2020;08:00;1.314
02.03.2020;09:00;1.314
02.03.2020;10:00;1.316
02.03.2020;11:00;1.316
02.03.2020;12:00;1.311
02.03.2020;13:00;1.314
02.03.2020;14:00;1.337
02.03.2020;15:00;1.339
02.03.2020;16:00;1.338
02.03.2020;17:00;1.332
02.03.2020;18:00;1.338
02.03.2020;19:00;1.335
02.03.2020;20:00;1.335
02.03.2020;21:00;1.340
02.03.2020;22:00;1.338
02.03.2020;23:00;1.337
03.03.2020;00:00;1.337
03.03.2020;01:00;1.337
03.03.2020;02:00;1.338
03.03.2020;03:00;1.341
03.03.2020;04:00;1.344
03.03.2020;05:00;1.342
03.03.2020;06:00;1.344
03.03.2020;07:00;1.343
03.03.2020;08:00;1.345
03.03.2020;09:00;1.349
03.03.2020;10:00;1.347
03.03.2020;11:00;1.347
03.03.2020;12:00;1.345
03.03.2020;13:00;1.345
03.03.2020;14:00;1.342
03.03.2020;15:00;1.344
03.03.2020;16:00;1.347
03.03.2020;17:00;1.345
03.03.2020;18:00;1.344
03.03.2020;19:00;1.347
03.03.2020;20:00;1.347
03.03.2020;21:00;1.342
03.03.2020;22:00;1.332
03.03.2020;23:00;1.333
04.03.2020;00:00;1.333
04.03.2020;01:00;1.335
04.03.2020;02:00;1.335
04.03.2020;03:00;1.334
04.03.2020;04:00;1.334
04.03.2020;05:00;1.334
04.03.2020;06:00;1.333
04.03.2020;07:00;1.335
04.03.2020;08:00;1.350
04.03.2020;09:00;1.351
04.03.2020;10:00;1.351
04.03.2020;11:00;1.351
04.03.2020;12:00;1.350
04.03.2020;13:00;1.346
04.03.2020;14:00;1.343
04.03.2020;15:00;1.343
04.03.2020;16:00;1.344
04.03.2020;17:00;1.344
04.03.2020;18:00;1.347
04.03.2020;19:00;1.346
04.03.2020;20:00;1.347
04.03.2020;21:00;1.349
04.03.2020;22:00;1.350
04.03.2020;23:00;1.350
05.03.2020;00:00;1.351
05.03.2020;01:00;1.352
05.03.2020;02:00;1.352
05.03.2020;03:00;1.352
05.03.2020;04:00;1.354
05.03.2020;05:00;1.352
05.03.2020;06:00;1.354
05.03.2020;07:00;1.353
05.03.2020;08:00;1.353
05.03.2020;09:00;1.352
05.03.2020;10:00;1.350
05.03.2020;11:00;1.347
05.03.2020;12:00;1.346
05.03.2020;13:00;1.346
05.03.2020;14:00;1.343
05.03.2020;15:00;1.342
05.03.2020;16:00;1.341
05.03.2020;17:00;1.341
05.03.2020;18:00;1.341
05.03.2020;19:00;1.343
05.03.2020;20:00;1.343
05.03.2020;21:00;1.341
05.03.2020;22:00;1.340
05.03.2020;23:00;1.340
06.03.2020;00:00;1.342
06.03.2020;01:00;1.346
06.03.2020;02:00;1.345
06.03.2020;03:00;1.345
06.03.2020;04:00;1.345
06.03.2020;05:00;1.345
06.03.2020;06:00;1.344
06.03.2020;07:00;1.345
06.03.2020;08:00;1.346
06.03.2020;09:00;1.346
06.03.2020;10:00;1.348
06.03.2020;11:00;1.345
06.03.2020;12:00;1.345
06.03.2020;13:00;1.344
06.03.2020;14:00;1.344
06.03.2020;15:00;1.344
06.03.2020;16:00;1.349
06.03.2020;17:00;1.348
06.03.2020;18:00;1.350
06.03.2020;19:00;1.350
06.03.2020;20:00;1.349
06.03.2020;21:00;1.347
06.03.2020;22:00;1.347
06.03.2020;23:00;1.346
07.03.2020;00:00;1.346
07.03.2020;01:00;1.346
07.03.2020;02:00;1.345
07.03.2020;03:00;1.347
07.03.2020;04:00;1.347
07.03.2020;05:00;1.344
07.03.2020;06:00;1.346
07.03.2020;07:00;1.346
07.03.2020;08:00;1.346
07.03.2020;09:00;1.347
07.03.2020;10:00;1.348
07.03.2020;11:00;1.348
07.03.2020;12:00;1.341
07.03.2020;13:00;1.323
07.03.2020;14:00;1.341
07.03.2020;15:00;1.345
07.03.2020;16:00;1.345
07.03.2020;17:00;1.349
07.03.2020;18:00;1.351
07.03.2020;19:00;1.349
07.03.2020;20:00;1.350
07.03.2020;21:00;1.350
07.03.2020;22:00;1.350
07.03.2020;23:00;1.348
08.03.2020;00:00;1.346
08.03.2020;01:00;1.348
08.03.2020;02:00;1.350
08.03.2020;03:00;1.349
08.03.2020;04:00;1.348
08.03.2020;05:00;1.347
08.03.2020;06:00;1.349
08.03.2020;07:00;1.340
08.03.2020;08:00;1.342
08.03.2020;09:00;1.314
08.03.2020;10:00;1.195
08.03.2020;11:00;1.158
08.03.2020;12:00;1.155
08.03.2020;13:00;1.162
08.03.2020;14:00;1.202
08.03.2020;15:00;1.313
08.03.2020;16:00;1.333
08.03.2020;17:00;1.333
08.03.2020;18:00;1.337
08.03.2020;19:00;1.334
08.03.2020;20:00;1.333
08.03.2020;21:00;1.332
08.03.2020;22:00;1.334
08.03.2020;23:00;1.334
09.03.2020;00:00;1.337
09.03.2020;01:00;1.338
09.03.2020;02:00;1.339
09.03.2020;03:00;1.340
09.03.2020;04:00;1.343
09.03.2020;05:00;1.343
09.03.2020;06:00;1.342
09.03.2020;07:00;1.342
09.03.2020;08:00;1.341
09.03.2020;09:00;1.341
09.03.2020;10:00;1.340
09.03.2020;11:00;1.345
09.03.2020;12:00;1.342
09.03.2020;13:00;1.337
09.03.2020;14:00;1.338
09.03.2020;15:00;1.334
09.03.2020;16:00;1.336
09.03.2020;17:00;1.339
09.03.2020;18:00;1.334
09.03.2020;19:00;1.337
09.03.2020;20:00;1.336
09.03.2020;21:00;1.335
09.03.2020;22:00;1.337
09.03.2020;23:00;1.330
10.03.2020;00:00;1.315
10.03.2020;01:00;1.242
10.03.2020;02:00;1.216
10.03.2020;03:00;1.210
10.03.2020;04:00;1.132
10.03.2020;05:00;1.129
10.03.2020;06:00;1.148
10.03.2020;07:00;1.147
10.03.2020;08:00;1.148
10.03.2020;09:00;1.147
10.03.2020;10:00;1.102
10.03.2020;11:00;1.100
10.03.2020;12:00;1.099
10.03.2020;13:00;1.115
10.03.2020;14:00;1.140
10.03.2020;15:00;1.141
10.03.2020;16:00;1.143
10.03.2020;17:00;1.140
10.03.2020;18:00;1.140
10.03.2020;19:00;1.139
10.03.2020;20:00;1.138
10.03.2020;21:00;1.143
10.03.2020;22:00;1.242
10.03.2020;23:00;1.257
11.03.2020;00:00;1.236
11.03.2020;01:00;1.239
11.03.2020;02:00;1.219
11.03.2020;03:00;1.263
11.03.2020;04:00;1.289
11.03.2020;05:00;1.311
11.03.2020;06:00;1.318
11.03.2020;07:00;1.333
11.03.2020;08:00;1.336
11.03.2020;09:00;1.335
11.03.2020;10:00;1.334
11.03.2020;11:00;1.335
11.03.2020;12:00;1.333
11.03.2020;13:00;1.329
11.03.2020;14:00;1.185
11.03.2020;15:00;1.146
11.03.2020;16:00;1.156
11.03.2020;17:00;1.212
11.03.2020;18:00;1.226
11.03.2020;19:00;1.147
11.03.2020;20:00;1.185
11.03.2020;21:00;1.248
11.03.2020;22:00;1.255
11.03.2020;23:00;1.255
12.03.2020;00:00;1.249
12.03.2020;01:00;1.169
12.03.2020;02:00;1.121
12.03.2020;03:00;1.067
12.03.2020;04:00;1.025
12.03.2020;05:00;1.120
12.03.2020;06:00;1.173
12.03.2020;07:00;1.166
12.03.2020;08:00;1.162
12.03.2020;09:00;1.104
12.03.2020;10:00;1.001
12.03.2020;11:00;997
12.03.2020;12:00;998
12.03.2020;13:00;930
12.03.2020;14:00;949
12.03.2020;15:00;1.005
12.03.2020;16:00;1.107
12.03.2020;17:00;1.122
12.03.2020;18:00;1.136
12.03.2020;19:00;1.136
12.03.2020;20:00;1.134
12.03.2020;21:00;1.117
12.03.2020;22:00;1.133
12.03.2020;23:00;1.139
13.03.2020;00:00;1.191
13.03.2020;01:00;1.193
13.03.2020;02:00;1.193
13.03.2020;03:00;1.193
13.03.2020;04:00;1.193
13.03.2020;05:00;1.193
13.03.2020;06:00;1.193
13.03.2020;07:00;1.245
13.03.2020;08:00;1.245
13.03.2020;09:00;1.245
13.03.2020;10:00;1.245
13.03.2020;11:00;1.247
13.03.2020;12:00;1.245
13.03.2020;13:00;1.213
13.03.2020;14:00;1.233
13.03.2020;15:00;1.245
13.03.2020;16:00;1.245
13.03.2020;17:00;1.246
13.03.2020;18:00;1.262
13.03.2020;19:00;1.329
13.03.2020;20:00;1.347
13.03.2020;21:00;1.345
13.03.2020;22:00;1.346
13.03.2020;23:00;1.345
14.03.2020;00:00;1.346
14.03.2020;01:00;1.347
14.03.2020;02:00;1.347
14.03.2020;03:00;1.347
14.03.2020;04:00;1.347
14.03.2020;05:00;1.348
14.03.2020;06:00;1.346
14.03.2020;07:00;1.316
14.03.2020;08:00;1.323
14.03.2020;09:00;1.335
14.03.2020;10:00;1.346
14.03.2020;11:00;1.345
14.03.2020;12:00;1.346
14.03.2020;13:00;1.344
14.03.2020;14:00;1.346
14.03.2020;15:00;1.339
14.03.2020;16:00;1.365
14.03.2020;17:00;1.372
14.03.2020;18:00;1.370
14.03.2020;19:00;1.370
14.03.2020;20:00;1.363
14.03.2020;21:00;1.359
14.03.2020;22:00;1.358
14.03.2020;23:00;1.352
15.03.2020;00:00;1.343
15.03.2020;01:00;1.343
15.03.2020;02:00;1.343
15.03.2020;03:00;1.343
15.03.2020;04:00;1.340
15.03.2020;05:00;1.303
15.03.2020;06:00;1.137
15.03.2020;07:00;957
15.03.2020;08:00;941
15.03.2020;09:00;938
15.03.2020;10:00;938
15.03.2020;11:00;953
15.03.2020;12:00;959
15.03.2020;13:00;951
15.03.2020;14:00;968
15.03.2020;15:00;1.071
15.03.2020;16:00;1.142
15.03.2020;17:00;1.161
15.03.2020;18:00;1.188
15.03.2020;19:00;1.186
15.03.2020;20:00;1.115
15.03.2020;21:00;1.163
15.03.2020;22:00;1.172
15.03.2020;23:00;1.204
16.03.2020;00:00;1.340
16.03.2020;01:00;1.343
16.03.2020;02:00;1.342
16.03.2020;03:00;1.344
16.03.2020;04:00;1.342
16.03.2020;05:00;1.334
16.03.2020;06:00;1.335
16.03.2020;07:00;1.343
16.03.2020;08:00;1.343
16.03.2020;09:00;1.340
16.03.2020;10:00;1.335
16.03.2020;11:00;1.334
16.03.2020;12:00;1.329
16.03.2020;13:00;1.324
16.03.2020;14:00;1.322
16.03.2020;15:00;1.319
16.03.2020;16:00;1.321
16.03.2020;17:00;1.318
16.03.2020;18:00;1.317
16.03.2020;19:00;1.319
16.03.2020;20:00;1.326
16.03.2020;21:00;1.329
16.03.2020;22:00;1.330
16.03.2020;23:00;1.330
17.03.2020;00:00;1.330
17.03.2020;01:00;1.332
17.03.2020;02:00;1.332
17.03.2020;03:00;1.332
17.03.2020;04:00;1.332
17.03.2020;05:00;1.332
17.03.2020;06:00;1.330
17.03.2020;07:00;1.331
17.03.2020;08:00;1.333
17.03.2020;09:00;1.333
17.03.2020;10:00;1.330
17.03.2020;11:00;1.165
17.03.2020;12:00;1.045
17.03.2020;13:00;1.038
17.03.2020;14:00;1.155
17.03.2020;15:00;1.314
17.03.2020;16:00;1.324
17.03.2020;17:00;1.325
17.03.2020;18:00;1.324
17.03.2020;19:00;1.324
17.03.2020;20:00;1.327
17.03.2020;21:00;1.328
17.03.2020;22:00;1.330
17.03.2020;23:00;1.333
18.03.2020;00:00;1.336
18.03.2020;01:00;1.336
18.03.2020;02:00;1.337
18.03.2020;03:00;1.339
18.03.2020;04:00;1.337
18.03.2020;05:00;1.338
18.03.2020;06:00;1.251
18.03.2020;07:00;1.238
18.03.2020;08:00;1.232
18.03.2020;09:00;1.237
18.03.2020;10:00;1.237
18.03.2020;11:00;1.237
18.03.2020;12:00;1.231
18.03.2020;13:00;1.161
18.03.2020;14:00;1.210
18.03.2020;15:00;1.226
18.03.2020;16:00;1.280
18.03.2020;17:00;1.315
18.03.2020;18:00;1.315
18.03.2020;19:00;1.317
18.03.2020;20:00;1.322
18.03.2020;21:00;1.325
18.03.2020;22:00;1.326
18.03.2020;23:00;1.328
19.03.2020;00:00;1.330
19.03.2020;01:00;1.331
19.03.2020;02:00;1.333
19.03.2020;03:00;1.333
19.03.2020;04:00;1.335
19.03.2020;05:00;1.335
19.03.2020;06:00;1.335
19.03.2020;07:00;1.334
19.03.2020;08:00;1.332
19.03.2020;09:00;1.332
19.03.2020;10:00;1.326
19.03.2020;11:00;1.325
19.03.2020;12:00;1.322
19.03.2020;13:00;1.317
19.03.2020;14:00;1.317
19.03.2020;15:00;1.317
19.03.2020;16:00;1.317
19.03.2020;17:00;1.317
19.03.2020;18:00;1.318
19.03.2020;19:00;1.321
19.03.2020;20:00;1.326
19.03.2020;21:00;1.328
19.03.2020;22:00;1.328
19.03.2020;23:00;1.328
20.03.2020;00:00;1.328
20.03.2020;01:00;1.330
20.03.2020;02:00;1.333
20.03.2020;03:00;1.333
20.03.2020;04:00;1.333
20.03.2020;05:00;1.332
20.03.2020;06:00;1.333
20.03.2020;07:00;1.334
20.03.2020;08:00;1.334
20.03.2020;09:00;1.334
20.03.2020;10:00;1.336
20.03.2020;11:00;1.337
20.03.2020;12:00;1.336
20.03.2020;13:00;1.338
20.03.2020;14:00;1.337
20.03.2020;15:00;1.335
20.03.2020;16:00;1.334
20.03.2020;17:00;1.334
20.03.2020;18:00;1.335
20.03.2020;19:00;1.340
20.03.2020;20:00;1.339
20.03.2020;21:00;1.338
20.03.2020;22:00;1.339
20.03.2020;23:00;1.334
21.03.2020;00:00;1.303
21.03.2020;01:00;1.283
21.03.2020;02:00;1.313
21.03.2020;03:00;1.317
21.03.2020;04:00;1.221
21.03.2020;05:00;1.237
21.03.2020;06:00;1.318
21.03.2020;07:00;1.330
21.03.2020;08:00;1.219
21.03.2020;09:00;1.088
21.03.2020;10:00;1.183
21.03.2020;11:00;1.276
21.03.2020;12:00;1.334
21.03.2020;13:00;1.332
21.03.2020;14:00;1.139
21.03.2020;15:00;1.118
21.03.2020;16:00;1.163
21.03.2020;17:00;1.265
21.03.2020;18:00;1.314
21.03.2020;19:00;1.333
21.03.2020;20:00;1.326
21.03.2020;21:00;1.292
21.03.2020;22:00;1.278
21.03.2020;23:00;1.314
22.03.2020;00:00;1.235
22.03.2020;01:00;1.282
22.03.2020;02:00;1.292
22.03.2020;03:00;1.270
22.03.2020;04:00;1.284
22.03.2020;05:00;1.277
22.03.2020;06:00;1.273
22.03.2020;07:00;1.262
22.03.2020;08:00;1.173
22.03.2020;09:00;1.039
22.03.2020;10:00;997
22.03.2020;11:00;998
22.03.2020;12:00;997
22.03.2020;13:00;997
22.03.2020;14:00;997
22.03.2020;15:00;1.036
22.03.2020;16:00;1.153
22.03.2020;17:00;1.319
22.03.2020;18:00;1.315
22.03.2020;19:00;1.312
22.03.2020;20:00;1.311
22.03.2020;21:00;1.313
22.03.2020;22:00;1.313
22.03.2020;23:00;1.311
23.03.2020;00:00;1.323
23.03.2020;01:00;1.324
23.03.2020;02:00;1.333
23.03.2020;03:00;1.338
23.03.2020;04:00;1.339
23.03.2020;05:00;1.343
23.03.2020;06:00;1.357
23.03.2020;07:00;1.359
23.03.2020;08:00;1.354
23.03.2020;09:00;1.291
23.03.2020;10:00;1.224
23.03.2020;11:00;1.333
23.03.2020;12:00;1.354
23.03.2020;13:00;1.348
23.03.2020;14:00;1.348
23.03.2020;15:00;1.210
23.03.2020;16:00;1.306
23.03.2020;17:00;1.339
23.03.2020;18:00;1.348
23.03.2020;19:00;1.346
23.03.2020;20:00;1.347
23.03.2020;21:00;1.349
23.03.2020;22:00;1.351
23.03.2020;23:00;1.351
24.03.2020;00:00;1.357
24.03.2020;01:00;1.357
24.03.2020;02:00;1.356
24.03.2020;03:00;1.356
24.03.2020;04:00;1.357
24.03.2020;05:00;1.361
24.03.2020;06:00;1.359
24.03.2020;07:00;1.359
24.03.2020;08:00;1.359
24.03.2020;09:00;1.355
24.03.2020;10:00;1.353
24.03.2020;11:00;1.350
24.03.2020;12:00;1.215
24.03.2020;13:00;1.157
24.03.2020;14:00;1.263
24.03.2020;15:00;1.344
24.03.2020;16:00;1.335
24.03.2020;17:00;1.326
24.03.2020;18:00;1.339
24.03.2020;19:00;1.324
24.03.2020;20:00;1.324
24.03.2020;21:00;1.335
24.03.2020;22:00;1.343
24.03.2020;23:00;1.352
25.03.2020;00:00;1.210
25.03.2020;01:00;1.344
25.03.2020;02:00;1.347
25.03.2020;03:00;1.330
25.03.2020;04:00;1.356
25.03.2020;05:00;1.361
25.03.2020;06:00;1.361
25.03.2020;07:00;1.361
25.03.2020;08:00;1.359
25.03.2020;09:00;1.356
25.03.2020;10:00;1.353
25.03.2020;11:00;1.309
25.03.2020;12:00;1.337
25.03.2020;13:00;1.187
25.03.2020;14:00;1.232
25.03.2020;15:00;1.337
25.03.2020;16:00;1.286
25.03.2020;17:00;1.285
25.03.2020;18:00;1.326
25.03.2020;19:00;1.343
25.03.2020;20:00;1.337
25.03.2020;21:00;1.338
25.03.2020;22:00;1.343
25.03.2020;23:00;1.349
26.03.2020;00:00;1.351
26.03.2020;01:00;1.351
26.03.2020;02:00;1.352
26.03.2020;03:00;1.355
26.03.2020;04:00;1.352
26.03.2020;05:00;1.349
26.03.2020;06:00;1.350
26.03.2020;07:00;1.349
26.03.2020;08:00;1.349
26.03.2020;09:00;1.343
26.03.2020;10:00;1.248
26.03.2020;11:00;1.159
26.03.2020;12:00;1.147
26.03.2020;13:00;1.147
26.03.2020;14:00;1.213
26.03.2020;15:00;1.251
26.03.2020;16:00;1.311
26.03.2020;17:00;1.262
26.03.2020;18:00;1.284
26.03.2020;19:00;1.334
26.03.2020;20:00;1.333
26.03.2020;21:00;1.336
26.03.2020;22:00;1.337
26.03.2020;23:00;1.337
27.03.2020;00:00;1.341
27.03.2020;01:00;1.345
27.03.2020;02:00;1.351
27.03.2020;03:00;1.350
27.03.2020;04:00;1.350
27.03.2020;05:00;1.350
27.03.2020;06:00;1.351
27.03.2020;07:00;1.350
27.03.2020;08:00;1.331
27.03.2020;09:00;1.235
27.03.2020;10:00;1.195
27.03.2020;11:00;1.145
27.03.2020;12:00;1.165
27.03.2020;13:00;1.071
27.03.2020;14:00;1.039
27.03.2020;15:00;1.065
27.03.2020;16:00;1.115
27.03.2020;17:00;1.289
27.03.2020;18:00;1.325
27.03.2020;19:00;1.324
27.03.2020;20:00;1.324
27.03.2020;21:00;1.324
27.03.2020;22:00;1.324
27.03.2020;23:00;1.324
28.03.2020;00:00;1.324
28.03.2020;01:00;1.333
28.03.2020;02:00;1.332
28.03.2020;03:00;1.332
28.03.2020;04:00;1.333
28.03.2020;05:00;1.338
28.03.2020;06:00;1.339
28.03.2020;07:00;1.340
28.03.2020;08:00;1.340
28.03.2020;09:00;1.189
28.03.2020;10:00;1.096
28.03.2020;11:00;1.053
28.03.2020;12:00;1.088
28.03.2020;13:00;1.035
28.03.2020;14:00;1.008
28.03.2020;15:00;1.007
28.03.2020;16:00;1.249
28.03.2020;17:00;1.321
28.03.2020;18:00;1.324
28.03.2020;19:00;1.322
28.03.2020;20:00;1.326
28.03.2020;21:00;1.332
28.03.2020;22:00;1.332
28.03.2020;23:00;1.311
29.03.2020;00:00;1.308
29.03.2020;01:00;1.306
29.03.2020;03:00;1.292
29.03.2020;04:00;1.228
29.03.2020;05:00;1.194
29.03.2020;06:00;1.193
29.03.2020;07:00;1.194
29.03.2020;08:00;1.200
29.03.2020;09:00;1.180
29.03.2020;10:00;1.167
29.03.2020;11:00;1.157
29.03.2020;12:00;1.172
29.03.2020;13:00;1.190
29.03.2020;14:00;1.179
29.03.2020;15:00;1.138
29.03.2020;16:00;1.083
29.03.2020;17:00;1.145
29.03.2020;18:00;1.234
29.03.2020;19:00;1.342
29.03.2020;20:00;1.351
29.03.2020;21:00;1.353
29.03.2020;22:00;1.357
29.03.2020;23:00;1.357
30.03.2020;00:00;1.359
30.03.2020;01:00;1.360
30.03.2020;02:00;1.363
30.03.2020;03:00;1.364
30.03.2020;04:00;1.365
30.03.2020;05:00;1.368
30.03.2020;06:00;1.368
30.03.2020;07:00;1.368
30.03.2020;08:00;1.368
30.03.2020;09:00;1.366
30.03.2020;10:00;1.363
30.03.2020;11:00;1.359
30.03.2020;12:00;1.355
30.03.2020;13:00;1.357
30.03.2020;14:00;1.355
30.03.2020;15:00;1.354
30.03.2020;16:00;1.353
30.03.2020;17:00;1.351
30.03.2020;18:00;1.351
30.03.2020;19:00;1.350
30.03.2020;20:00;1.351
30.03.2020;21:00;1.350
30.03.2020;22:00;1.351
30.03.2020;23:00;1.352
31.03.2020;00:00;1.352
31.03.2020;01:00;1.352
31.03.2020;02:00;1.352
31.03.2020;03:00;1.355
31.03.2020;04:00;1.357
31.03.2020;05:00;1.356
31.03.2020;06:00;1.346
31.03.2020;07:00;1.352
31.03.2020;08:00;1.352
31.03.2020;09:00;1.352
31.03.2020;10:00;1.351
31.03.2020;11:00;1.352
31.03.2020;12:00;1.340
31.03.2020;13:00;1.276
31.03.2020;14:00;1.200
31.03.2020;15:00;1.189
31.03.2020;16:00;1.243
31.03.2020;17:00;1.242
31.03.2020;18:00;1.293
31.03.2020;19:00;1.335
31.03.2020;20:00;1.335
31.03.2020;21:00;1.334
31.03.2020;22:00;1.340
31.03.2020;23:00;1.353
01.04.2020;00:00;1.353
01.04.2020;01:00;1.353
01.04.2020;02:00;1.355
01.04.2020;03:00;1.359
01.04.2020;04:00;1.360
01.04.2020;05:00;1.359
01.04.2020;06:00;1.359
01.04.2020;07:00;1.360
01.04.2020;08:00;1.361
01.04.2020;09:00;1.359
01.04.2020;10:00;1.354
01.04.2020;11:00;1.352
01.04.2020;12:00;1.347
01.04.2020;13:00;1.346
01.04.2020;14:00;1.345
01.04.2020;15:00;1.342
01.04.2020;16:00;1.340
01.04.2020;17:00;1.340
01.04.2020;18:00;1.327
01.04.2020;19:00;1.325
01.04.2020;20:00;1.321
01.04.2020;21:00;1.322
01.04.2020;22:00;1.322
01.04.2020;23:00;1.339
02.04.2020;00:00;1.347
02.04.2020;01:00;1.348
02.04.2020;02:00;1.348
02.04.2020;03:00;1.348
02.04.2020;04:00;1.350
02.04.2020;05:00;1.350
02.04.2020;06:00;1.350
02.04.2020;07:00;1.352
02.04.2020;08:00;1.352
02.04.2020;09:00;1.270
02.04.2020;10:00;1.254
02.04.2020;11:00;1.257
02.04.2020;12:00;1.256
02.04.2020;13:00;1.255
02.04.2020;14:00;1.256
02.04.2020;15:00;1.255
02.04.2020;16:00;1.255
02.04.2020;17:00;1.256
02.04.2020;18:00;1.256
02.04.2020;19:00;1.256
02.04.2020;20:00;1.170
02.04.2020;21:00;1.154
02.04.2020;22:00;1.154
02.04.2020;23:00;1.154
03.04.2020;00:00;1.144
03.04.2020;01:00;1.127
03.04.2020;02:00;1.141
03.04.2020;03:00;1.141
03.04.2020;04:00;1.241
03.04.2020;05:00;1.250
03.04.2020;06:00;1.251
03.04.2020;07:00;1.251
03.04.2020;08:00;1.222
03.04.2020;09:00;1.196
03.04.2020;10:00;1.189
03.04.2020;11:00;1.192
03.04.2020;12:00;1.140
03.04.2020;13:00;1.146
03.04.2020;14:00;1.158
03.04.2020;15:00;1.322
03.04.2020;16:00;1.337
03.04.2020;17:00;1.336
03.04.2020;18:00;1.333
03.04.2020;19:00;1.335
03.04.2020;20:00;1.336
03.04.2020;21:00;1.336
03.04.2020;22:00;1.337
03.04.2020;23:00;1.340
04.04.2020;00:00;1.343
04.04.2020;01:00;1.342
04.04.2020;02:00;1.344
04.04.2020;03:00;1.345
04.04.2020;04:00;1.345
04.04.2020;05:00;1.347
04.04.2020;06:00;1.349
04.04.2020;07:00;1.350
04.04.2020;08:00;1.352
04.04.2020;09:00;1.349
04.04.2020;10:00;1.348
04.04.2020;11:00;1.344
04.04.2020;12:00;1.341
04.04.2020;13:00;1.339
04.04.2020;14:00;1.337
04.04.2020;15:00;1.333
04.04.2020;16:00;1.332
04.04.2020;17:00;1.331
04.04.2020;18:00;1.328
04.04.2020;19:00;1.329
04.04.2020;20:00;1.328
04.04.2020;21:00;1.330
04.04.2020;22:00;1.330
04.04.2020;23:00;1.322
05.04.2020;00:00;1.308
05.04.2020;01:00;1.305
05.04.2020;02:00;1.306
05.04.2020;03:00;1.308
05.04.2020;04:00;1.319
05.04.2020;05:00;1.323
05.04.2020;06:00;1.321
05.04.2020;07:00;1.321
05.04.2020;08:00;1.271
05.04.2020;09:00;1.300
05.04.2020;10:00;1.247
05.04.2020;11:00;1.126
05.04.2020;12:00;1.088
05.04.2020;13:00;1.083
05.04.2020;14:00;1.070
05.04.2020;15:00;1.078
05.04.2020;16:00;1.136
05.04.2020;17:00;1.220
05.04.2020;18:00;1.294
05.04.2020;19:00;1.315
05.04.2020;20:00;1.318
05.04.2020;21:00;1.316
05.04.2020;22:00;1.318
05.04.2020;23:00;1.320
06.04.2020;00:00;1.321
06.04.2020;01:00;1.323
06.04.2020;02:00;1.330
06.04.2020;03:00;1.330
06.04.2020;04:00;1.334
06.04.2020;05:00;1.334
06.04.2020;06:00;1.336
06.04.2020;07:00;1.337
06.04.2020;08:00;1.335
06.04.2020;09:00;1.330
06.04.2020;10:00;1.327
06.04.2020;11:00;1.323
06.04.2020;12:00;1.319
06.04.2020;13:00;1.311
06.04.2020;14:00;1.307
06.04.2020;15:00;1.303
06.04.2020;16:00;1.301
06.04.2020;17:00;1.301
06.04.2020;18:00;1.299
06.04.2020;19:00;1.291
06.04.2020;20:00;1.300
06.04.2020;21:00;1.304
06.04.2020;22:00;1.310
06.04.2020;23:00;1.310
07.04.2020;00:00;1.314
07.04.2020;01:00;1.315
07.04.2020;02:00;1.314
07.04.2020;03:00;1.317
07.04.2020;04:00;1.320
07.04.2020;05:00;1.326
07.04.2020;06:00;1.327
07.04.2020;07:00;1.328
07.04.2020;08:00;1.326
07.04.2020;09:00;1.322
07.04.2020;10:00;1.320
07.04.2020;11:00;1.316
07.04.2020;12:00;1.312
07.04.2020;13:00;1.312
07.04.2020;14:00;1.313
07.04.2020;15:00;1.312
07.04.2020;16:00;1.311
07.04.2020;17:00;1.309
07.04.2020;18:00;1.308
07.04.2020;19:00;1.308
07.04.2020;20:00;1.308
07.04.2020;21:00;1.307
07.04.2020;22:00;1.308
07.04.2020;23:00;1.308
08.04.2020;00:00;1.319
08.04.2020;01:00;1.321
08.04.2020;02:00;1.321
08.04.2020;03:00;1.323
08.04.2020;04:00;1.326
08.04.2020;05:00;1.329
08.04.2020;06:00;1.330
08.04.2020;07:00;1.330
08.04.2020;08:00;1.330
08.04.2020;09:00;1.324
08.04.2020;10:00;1.316
08.04.2020;11:00;1.311
08.04.2020;12:00;1.305
08.04.2020;13:00;1.304
08.04.2020;14:00;1.302
08.04.2020;15:00;1.303
08.04.2020;16:00;1.302
08.04.2020;17:00;1.300
08.04.2020;18:00;1.299
08.04.2020;19:00;1.301
08.04.2020;20:00;1.301
08.04.2020;21:00;1.306
08.04.2020;22:00;1.309
08.04.2020;23:00;1.312
09.04.2020;00:00;1.315
09.04.2020;01:00;1.316
09.04.2020;02:00;1.317
09.04.2020;03:00;1.323
09.04.2020;04:00;1.325
09.04.2020;05:00;1.326
09.04.2020;06:00;1.325
09.04.2020;07:00;1.325
09.04.2020;08:00;1.325
09.04.2020;09:00;1.323
09.04.2020;10:00;1.321
09.04.2020;11:00;1.316
09.04.2020;12:00;1.314
09.04.2020;13:00;1.316
09.04.2020;14:00;1.315
09.04.2020;15:00;1.312
09.04.2020;16:00;1.310
09.04.2020;17:00;1.308
09.04.2020;18:00;1.307
09.04.2020;19:00;1.304
09.04.2020;20:00;1.308
09.04.2020;21:00;1.310
09.04.2020;22:00;1.311
09.04.2020;23:00;1.314
10.04.2020;00:00;1.315
10.04.2020;01:00;1.315
10.04.2020;02:00;1.322
10.04.2020;03:00;1.326
10.04.2020;04:00;1.328
10.04.2020;05:00;1.328
10.04.2020;06:00;1.330
10.04.2020;07:00;1.327
10.04.2020;08:00;1.329
10.04.2020;09:00;1.327
10.04.2020;10:00;1.321
10.04.2020;11:00;1.321
10.04.2020;12:00;1.319
10.04.2020;13:00;1.318
10.04.2020;14:00;1.321
10.04.2020;15:00;1.322
10.04.2020;16:00;1.320
10.04.2020;17:00;1.317
10.04.2020;18:00;1.317
10.04.2020;19:00;1.318
10.04.2020;20:00;1.317
10.04.2020;21:00;1.320
10.04.2020;22:00;1.319
10.04.2020;23:00;1.323
11.04.2020;00:00;1.325
11.04.2020;01:00;1.326
11.04.2020;02:00;1.327
11.04.2020;03:00;1.331
11.04.2020;04:00;1.336
11.04.2020;05:00;1.335
11.04.2020;06:00;1.336
11.04.2020;07:00;1.336
11.04.2020;08:00;1.338
11.04.2020;09:00;1.335
11.04.2020;10:00;1.326
11.04.2020;11:00;1.321
11.04.2020;12:00;1.317
11.04.2020;13:00;1.315
11.04.2020;14:00;1.314
11.04.2020;15:00;1.312
11.04.2020;16:00;1.306
11.04.2020;17:00;1.085
11.04.2020;18:00;483
11.04.2020;19:00;573
11.04.2020;20:00;1.023
11.04.2020;21:00;817
11.04.2020;22:00;546
11.04.2020;23:00;131
12.04.2020;00:00;11
12.04.2020;01:00;9
12.04.2020;02:00;0
12.04.2020;03:00;0
12.04.2020;04:00;0
12.04.2020;05:00;0
12.04.2020;06:00;0
12.04.2020;07:00;0
12.04.2020;08:00;0
12.04.2020;09:00;0
12.04.2020;10:00;0
12.04.2020;11:00;0
12.04.2020;12:00;0
12.04.2020;13:00;0
12.04.2020;14:00;0
12.04.2020;15:00;0
12.04.2020;16:00;0
12.04.2020;17:00;0
12.04.2020;18:00;0
12.04.2020;19:00;0
12.04.2020;20:00;0
12.04.2020;21:00;0
12.04.2020;22:00;0
12.04.2020;23:00;0
13.04.2020;00:00;0
13.04.2020;01:00;0
13.04.2020;02:00;0
13.04.2020;03:00;0
13.04.2020;04:00;0
13.04.2020;05:00;0
13.04.2020;06:00;0
13.04.2020;07:00;0
13.04.2020;08:00;0
13.04.2020;09:00;0
13.04.2020;10:00;0
13.04.2020;11:00;0
13.04.2020;12:00;0
13.04.2020;13:00;0
13.04.2020;14:00;0
13.04.2020;15:00;0
13.04.2020;16:00;0
13.04.2020;17:00;0
13.04.2020;18:00;0
13.04.2020;19:00;0
13.04.2020;20:00;0
13.04.2020;21:00;0
13.04.2020;22:00;0
13.04.2020;23:00;0
14.04.2020;00:00;0
14.04.2020;01:00;0
14.04.2020;02:00;0
14.04.2020;03:00;0
14.04.2020;04:00;0
14.04.2020;05:00;0
14.04.2020;06:00;0
14.04.2020;07:00;0
14.04.2020;08:00;0
14.04.2020;09:00;0
14.04.2020;10:00;0
14.04.2020;11:00;0
14.04.2020;12:00;0
14.04.2020;13:00;0
14.04.2020;14:00;0
14.04.2020;15:00;0
14.04.2020;16:00;0
14.04.2020;17:00;0
14.04.2020;18:00;0
14.04.2020;19:00;0
14.04.2020;20:00;0
14.04.2020;21:00;0
14.04.2020;22:00;0
14.04.2020;23:00;0
15.04.2020;00:00;0
15.04.2020;01:00;0
15.04.2020;02:00;0
15.04.2020;03:00;0
15.04.2020;04:00;0
15.04.2020;05:00;0
15.04.2020;06:00;0
15.04.2020;07:00;0
15.04.2020;08:00;0
15.04.2020;09:00;0
15.04.2020;10:00;0
15.04.2020;11:00;0
15.04.2020;12:00;0
15.04.2020;13:00;0
15.04.2020;14:00;0
15.04.2020;15:00;0
15.04.2020;16:00;0
15.04.2020;17:00;0
15.04.2020;18:00;0
15.04.2020;19:00;0
15.04.2020;20:00;0
15.04.2020;21:00;0
15.04.2020;22:00;0
15.04.2020;23:00;0
16.04.2020;00:00;0
16.04.2020;01:00;0
16.04.2020;02:00;0
16.04.2020;03:00;0
16.04.2020;04:00;0
16.04.2020;05:00;0
16.04.2020;06:00;0
16.04.2020;07:00;0
16.04.2020;08:00;0
16.04.2020;09:00;0
16.04.2020;10:00;0
16.04.2020;11:00;0
16.04.2020;12:00;0
16.04.2020;13:00;0
16.04.2020;14:00;0
16.04.2020;15:00;0
16.04.2020;16:00;0
16.04.2020;17:00;0
16.04.2020;18:00;0
16.04.2020;19:00;0
16.04.2020;20:00;0
16.04.2020;21:00;0
16.04.2020;22:00;0
16.04.2020;23:00;0
17.04.2020;00:00;0
17.04.2020;01:00;0
17.04.2020;02:00;0
17.04.2020;03:00;0
17.04.2020;04:00;0
17.04.2020;05:00;0
17.04.2020;06:00;0
17.04.2020;07:00;0
17.04.2020;08:00;0
17.04.2020;09:00;0
17.04.2020;10:00;0
17.04.2020;11:00;0
17.04.2020;12:00;0
17.04.2020;13:00;0
17.04.2020;14:00;0
17.04.2020;15:00;0
17.04.2020;16:00;0
17.04.2020;17:00;0
17.04.2020;18:00;0
17.04.2020;19:00;0
17.04.2020;20:00;0
17.04.2020;21:00;0
17.04.2020;22:00;0
17.04.2020;23:00;0
18.04.2020;00:00;0
18.04.2020;01:00;0
18.04.2020;02:00;0
18.04.2020;03:00;0
18.04.2020;04:00;0
18.04.2020;05:00;0
18.04.2020;06:00;0
18.04.2020;07:00;0
18.04.2020;08:00;0
18.04.2020;09:00;0
18.04.2020;10:00;0
18.04.2020;11:00;0
18.04.2020;12:00;0
18.04.2020;13:00;0
18.04.2020;14:00;0
18.04.2020;15:00;0
18.04.2020;16:00;0
18.04.2020;17:00;0
18.04.2020;18:00;0
18.04.2020;19:00;0
18.04.2020;20:00;0
18.04.2020;21:00;0
18.04.2020;22:00;0
18.04.2020;23:00;0
19.04.2020;00:00;0
19.04.2020;01:00;0
19.04.2020;02:00;0
19.04.2020;03:00;0
19.04.2020;04:00;0
19.04.2020;05:00;0
19.04.2020;06:00;0
19.04.2020;07:00;0
19.04.2020;08:00;0
19.04.2020;09:00;0
19.04.2020;10:00;0
19.04.2020;11:00;0
19.04.2020;12:00;0
19.04.2020;13:00;0
19.04.2020;14:00;0
19.04.2020;15:00;0
19.04.2020;16:00;0
19.04.2020;17:00;0
19.04.2020;18:00;0
19.04.2020;19:00;0
19.04.2020;20:00;0
19.04.2020;21:00;0
19.04.2020;22:00;0
19.04.2020;23:00;0
20.04.2020;00:00;0
20.04.2020;01:00;0
20.04.2020;02:00;0
20.04.2020;03:00;0
20.04.2020;04:00;0
20.04.2020;05:00;0
20.04.2020;06:00;0
20.04.2020;07:00;0
20.04.2020;08:00;0
20.04.2020;09:00;0
20.04.2020;10:00;0
20.04.2020;11:00;0
20.04.2020;12:00;0
20.04.2020;13:00;0
20.04.2020;14:00;0
20.04.2020;15:00;0
20.04.2020;16:00;0
20.04.2020;17:00;0
20.04.2020;18:00;0
20.04.2020;19:00;0
20.04.2020;20:00;0
20.04.2020;21:00;0
20.04.2020;22:00;0
20.04.2020;23:00;0
21.04.2020;00:00;0
21.04.2020;01:00;0
21.04.2020;02:00;0
21.04.2020;03:00;0
21.04.2020;04:00;0
21.04.2020;05:00;0
21.04.2020;06:00;0
21.04.2020;07:00;0
21.04.2020;08:00;0
21.04.2020;09:00;0
21.04.2020;10:00;0
21.04.2020;11:00;0
21.04.2020;12:00;0
21.04.2020;13:00;0
21.04.2020;14:00;0
21.04.2020;15:00;0
21.04.2020;16:00;0
21.04.2020;17:00;0
21.04.2020;18:00;0
21.04.2020;19:00;0
21.04.2020;20:00;0
21.04.2020;21:00;0
21.04.2020;22:00;0
21.04.2020;23:00;0
22.04.2020;00:00;0
22.04.2020;01:00;0
22.04.2020;02:00;0
22.04.2020;03:00;0
22.04.2020;04:00;0
22.04.2020;05:00;0
22.04.2020;06:00;0
22.04.2020;07:00;0
22.04.2020;08:00;0
22.04.2020;09:00;0
22.04.2020;10:00;0
22.04.2020;11:00;0
22.04.2020;12:00;0
22.04.2020;13:00;0
22.04.2020;14:00;0
22.04.2020;15:00;0
22.04.2020;16:00;0
22.04.2020;17:00;0
22.04.2020;18:00;0
22.04.2020;19:00;0
22.04.2020;20:00;0
22.04.2020;21:00;0
22.04.2020;22:00;0
22.04.2020;23:00;0
23.04.2020;00:00;0
23.04.2020;01:00;0
23.04.2020;02:00;0
23.04.2020;03:00;0
23.04.2020;04:00;0
23.04.2020;05:00;0
23.04.2020;06:00;0
23.04.2020;07:00;0
23.04.2020;08:00;0
23.04.2020;09:00;0
23.04.2020;10:00;0
23.04.2020;11:00;0
23.04.2020;12:00;0
23.04.2020;13:00;0
23.04.2020;14:00;0
23.04.2020;15:00;0
23.04.2020;16:00;0
23.04.2020;17:00;0
23.04.2020;18:00;0
23.04.2020;19:00;0
23.04.2020;20:00;0
23.04.2020;21:00;0
23.04.2020;22:00;0
23.04.2020;23:00;0
24.04.2020;00:00;0
24.04.2020;01:00;0
24.04.2020;02:00;0
24.04.2020;03:00;0
24.04.2020;04:00;0
24.04.2020;05:00;0
24.04.2020;06:00;0
24.04.2020;07:00;0
24.04.2020;08:00;0
24.04.2020;09:00;0
24.04.2020;10:00;0
24.04.2020;11:00;0
24.04.2020;12:00;0
24.04.2020;13:00;0
24.04.2020;14:00;0
24.04.2020;15:00;0
24.04.2020;16:00;0
24.04.2020;17:00;0
24.04.2020;18:00;0
24.04.2020;19:00;0
24.04.2020;20:00;0
24.04.2020;21:00;0
24.04.2020;22:00;0
24.04.2020;23:00;0
25.04.2020;00:00;0
25.04.2020;01:00;0
25.04.2020;02:00;0
25.04.2020;03:00;0
25.04.2020;04:00;0
25.04.2020;05:00;0
25.04.2020;06:00;0
25.04.2020;07:00;0
25.04.2020;08:00;0
25.04.2020;09:00;0
25.04.2020;10:00;0
25.04.2020;11:00;0
25.04.2020;12:00;0
25.04.2020;13:00;0
25.04.2020;14:00;0
25.04.2020;15:00;0
25.04.2020;16:00;0
25.04.2020;17:00;0
25.04.2020;18:00;0
25.04.2020;19:00;0
25.04.2020;20:00;0
25.04.2020;21:00;0
25.04.2020;22:00;0
25.04.2020;23:00;0
26.04.2020;00:00;0
26.04.2020;01:00;0
26.04.2020;02:00;0
26.04.2020;03:00;0
26.04.2020;04:00;0
26.04.2020;05:00;0
26.04.2020;06:00;0
26.04.2020;07:00;0
26.04.2020;08:00;0
26.04.2020;09:00;0
26.04.2020;10:00;0
26.04.2020;11:00;0
26.04.2020;12:00;0
26.04.2020;13:00;0
26.04.2020;14:00;0
26.04.2020;15:00;0
26.04.2020;16:00;0
26.04.2020;17:00;0
26.04.2020;18:00;0
26.04.2020;19:00;0
26.04.2020;20:00;0
26.04.2020;21:00;0
26.04.2020;22:00;0
26.04.2020;23:00;0
27.04.2020;00:00;0
27.04.2020;01:00;0
27.04.2020;02:00;0
27.04.2020;03:00;0
27.04.2020;04:00;0
27.04.2020;05:00;0
27.04.2020;06:00;0
27.04.2020;07:00;0
27.04.2020;08:00;0
27.04.2020;09:00;0
27.04.2020;10:00;0
27.04.2020;11:00;0
27.04.2020;12:00;0
27.04.2020;13:00;0
27.04.2020;14:00;0
27.04.2020;15:00;0
27.04.2020;16:00;0
27.04.2020;17:00;0
27.04.2020;18:00;0
27.04.2020;19:00;0
27.04.2020;20:00;0
27.04.2020;21:00;0
27.04.2020;22:00;0
27.04.2020;23:00;0
28.04.2020;00:00;0
28.04.2020;01:00;0
28.04.2020;02:00;0
28.04.2020;03:00;0
28.04.2020;04:00;0
28.04.2020;05:00;0
28.04.2020;06:00;0
28.04.2020;07:00;0
28.04.2020;08:00;0
28.04.2020;09:00;0
28.04.2020;10:00;0
28.04.2020;11:00;0
28.04.2020;12:00;0
28.04.2020;13:00;0
28.04.2020;14:00;0
28.04.2020;15:00;0
28.04.2020;16:00;0
28.04.2020;17:00;0
28.04.2020;18:00;0
28.04.2020;19:00;0
28.04.2020;20:00;0
28.04.2020;21:00;0
28.04.2020;22:00;0
28.04.2020;23:00;0
29.04.2020;00:00;0
29.04.2020;01:00;0
29.04.2020;02:00;0
29.04.2020;03:00;0
29.04.2020;04:00;0
29.04.2020;05:00;0
29.04.2020;06:00;0
29.04.2020;07:00;0
29.04.2020;08:00;0
29.04.2020;09:00;0
29.04.2020;10:00;0
29.04.2020;11:00;0
29.04.2020;12:00;0
29.04.2020;13:00;0
29.04.2020;14:00;0
29.04.2020;15:00;0
29.04.2020;16:00;0
29.04.2020;17:00;0
29.04.2020;18:00;0
29.04.2020;19:00;0
29.04.2020;20:00;0
29.04.2020;21:00;0
29.04.2020;22:00;0
29.04.2020;23:00;0
30.04.2020;00:00;0
30.04.2020;01:00;0
30.04.2020;02:00;0
30.04.2020;03:00;0
30.04.2020;04:00;0
30.04.2020;05:00;0
30.04.2020;06:00;0
30.04.2020;07:00;0
30.04.2020;08:00;0
30.04.2020;09:00;0
30.04.2020;10:00;0
30.04.2020;11:00;0
30.04.2020;12:00;0
30.04.2020;13:00;0
30.04.2020;14:00;0
30.04.2020;15:00;0
30.04.2020;16:00;0
30.04.2020;17:00;0
30.04.2020;18:00;0
30.04.2020;19:00;0
30.04.2020;20:00;0
30.04.2020;21:00;0
30.04.2020;22:00;0
30.04.2020;23:00;0
