Datum;Uhrzeit;Generation_DE Block 1[MW];Generation_DE Block 2[MW]
01.01.2020;00:00;48;41
01.01.2020;01:00;58;36
01.01.2020;02:00;56;38
01.01.2020;03:00;56;37
01.01.2020;04:00;55;37
01.01.2020;05:00;55;39
01.01.2020;06:00;57;60
01.01.2020;07:00;64;59
01.01.2020;08:00;61;57
01.01.2020;09:00;60;57
01.01.2020;10:00;61;57
01.01.2020;11:00;61;57
01.01.2020;12:00;65;50
01.01.2020;13:00;56;58
01.01.2020;14:00;41;58
01.01.2020;15:00;34;60
01.01.2020;16:00;37;61
01.01.2020;17:00;35;56
01.01.2020;18:00;33;50
01.01.2020;19:00;32;51
01.01.2020;20:00;33;52
01.01.2020;21:00;38;50
01.01.2020;22:00;58;43
01.01.2020;23:00;58;33
02.01.2020;00:00;56;33
02.01.2020;01:00;56;33
02.01.2020;02:00;56;33
02.01.2020;03:00;60;33
02.01.2020;04:00;60;33
02.01.2020;05:00;61;33
02.01.2020;06:00;63;35
02.01.2020;07:00;56;48
02.01.2020;08:00;58;53
02.01.2020;09:00;64;54
02.01.2020;10:00;57;54
02.01.2020;11:00;59;55
02.01.2020;12:00;59;54
02.01.2020;13:00;59;39
02.01.2020;14:00;58;38
02.01.2020;15:00;71;57
02.01.2020;16:00;65;66
02.01.2020;17:00;65;65
02.01.2020;18:00;66;63
02.01.2020;19:00;71;86
02.01.2020;20:00;59;91
02.01.2020;21:00;62;81
02.01.2020;22:00;53;47
02.01.2020;23:00;51;47
03.01.2020;00:00;51;48
03.01.2020;01:00;44;46
03.01.2020;02:00;42;47
03.01.2020;03:00;42;48
03.01.2020;04:00;39;48
03.01.2020;05:00;36;48
03.01.2020;06:00;40;48
03.01.2020;07:00;54;50
03.01.2020;08:00;58;53
03.01.2020;09:00;62;57
03.01.2020;10:00;63;58
03.01.2020;11:00;64;60
03.01.2020;12:00;58;59
03.01.2020;13:00;56;58
03.01.2020;14:00;49;52
03.01.2020;15:00;48;51
03.01.2020;16:00;51;50
03.01.2020;17:00;50;43
03.01.2020;18:00;50;37
03.01.2020;19:00;51;37
03.01.2020;20:00;52;37
03.01.2020;21:00;51;35
03.01.2020;22:00;56;35
03.01.2020;23:00;51;36
04.01.2020;00:00;49;35
04.01.2020;01:00;49;35
04.01.2020;02:00;49;35
04.01.2020;03:00;51;35
04.01.2020;04:00;53;36
04.01.2020;05:00;54;35
04.01.2020;06:00;51;33
04.01.2020;07:00;51;33
04.01.2020;08:00;52;34
04.01.2020;09:00;52;33
04.01.2020;10:00;51;33
04.01.2020;11:00;51;33
04.01.2020;12:00;51;33
04.01.2020;13:00;52;33
04.01.2020;14:00;53;33
04.01.2020;15:00;51;34
04.01.2020;16:00;50;37
04.01.2020;17:00;52;36
04.01.2020;18:00;51;36
04.01.2020;19:00;51;36
04.01.2020;20:00;51;35
04.01.2020;21:00;56;36
04.01.2020;22:00;56;35
04.01.2020;23:00;55;35
05.01.2020;00:00;56;35
05.01.2020;01:00;56;35
05.01.2020;02:00;55;35
05.01.2020;03:00;56;35
05.01.2020;04:00;56;35
05.01.2020;05:00;55;34
05.01.2020;06:00;35;34
05.01.2020;07:00;33;33
05.01.2020;08:00;33;33
05.01.2020;09:00;33;33
05.01.2020;10:00;33;33
05.01.2020;11:00;33;34
05.01.2020;12:00;33;33
05.01.2020;13:00;34;33
05.01.2020;14:00;33;33
05.01.2020;15:00;33;34
05.01.2020;16:00;33;34
05.01.2020;17:00;33;36
05.01.2020;18:00;47;35
05.01.2020;19:00;45;35
05.01.2020;20:00;45;34
05.01.2020;21:00;46;34
05.01.2020;22:00;47;35
05.01.2020;23:00;49;35
06.01.2020;00:00;52;53
06.01.2020;01:00;56;56
06.01.2020;02:00;55;54
06.01.2020;03:00;56;60
06.01.2020;04:00;57;61
06.01.2020;05:00;67;58
06.01.2020;06:00;88;71
06.01.2020;07:00;119;74
06.01.2020;08:00;119;79
06.01.2020;09:00;122;83
06.01.2020;10:00;124;83
06.01.2020;11:00;124;83
06.01.2020;12:00;124;83
06.01.2020;13:00;123;85
06.01.2020;14:00;110;93
06.01.2020;15:00;103;92
06.01.2020;16:00;99;94
06.01.2020;17:00;94;97
06.01.2020;18:00;91;88
06.01.2020;19:00;95;88
06.01.2020;20:00;88;88
06.01.2020;21:00;88;86
06.01.2020;22:00;77;78
06.01.2020;23:00;81;79
07.01.2020;00:00;83;82
07.01.2020;01:00;88;84
07.01.2020;02:00;83;83
07.01.2020;03:00;89;92
07.01.2020;04:00;90;93
07.01.2020;05:00;96;95
07.01.2020;06:00;99;103
07.01.2020;07:00;110;108
07.01.2020;08:00;112;109
07.01.2020;09:00;119;117
07.01.2020;10:00;117;118
07.01.2020;11:00;113;120
07.01.2020;12:00;111;121
07.01.2020;13:00;113;118
07.01.2020;14:00;108;109
07.01.2020;15:00;106;105
07.01.2020;16:00;105;104
07.01.2020;17:00;119;120
07.01.2020;18:00;102;101
07.01.2020;19:00;100;96
07.01.2020;20:00;95;91
07.01.2020;21:00;97;92
07.01.2020;22:00;91;89
07.01.2020;23:00;97;92
08.01.2020;00:00;92;89
08.01.2020;01:00;96;89
08.01.2020;02:00;91;89
08.01.2020;03:00;101;97
08.01.2020;04:00;96;102
08.01.2020;05:00;103;103
08.01.2020;06:00;111;107
08.01.2020;07:00;122;123
08.01.2020;08:00;123;124
08.01.2020;09:00;125;122
08.01.2020;10:00;125;119
08.01.2020;11:00;119;117
08.01.2020;12:00;116;111
08.01.2020;13:00;112;112
08.01.2020;14:00;106;107
08.01.2020;15:00;109;107
08.01.2020;16:00;105;105
08.01.2020;17:00;120;118
08.01.2020;18:00;125;124
08.01.2020;19:00;110;109
08.01.2020;20:00;98;97
08.01.2020;21:00;98;98
08.01.2020;22:00;91;91
08.01.2020;23:00;97;94
09.01.2020;00:00;90;91
09.01.2020;01:00;94;93
09.01.2020;02:00;90;90
09.01.2020;03:00;96;92
09.01.2020;04:00;91;94
09.01.2020;05:00;98;93
09.01.2020;06:00;104;100
09.01.2020;07:00;114;115
09.01.2020;08:00;125;124
09.01.2020;09:00;126;124
09.01.2020;10:00;126;125
09.01.2020;11:00;126;126
09.01.2020;12:00;127;126
09.01.2020;13:00;124;127
09.01.2020;14:00;118;127
09.01.2020;15:00;121;124
09.01.2020;16:00;120;109
09.01.2020;17:00;106;103
09.01.2020;18:00;101;103
09.01.2020;19:00;113;109
09.01.2020;20:00;113;112
09.01.2020;21:00;111;112
09.01.2020;22:00;101;105
09.01.2020;23:00;106;105
10.01.2020;00:00;103;103
10.01.2020;01:00;103;108
10.01.2020;02:00;102;101
10.01.2020;03:00;106;104
10.01.2020;04:00;104;103
10.01.2020;05:00;108;103
10.01.2020;06:00;114;110
10.01.2020;07:00;120;125
10.01.2020;08:00;120;125
10.01.2020;09:00;120;124
10.01.2020;10:00;120;125
10.01.2020;11:00;121;124
10.01.2020;12:00;122;122
10.01.2020;13:00;122;119
10.01.2020;14:00;119;118
10.01.2020;15:00;115;117
10.01.2020;16:00;112;107
10.01.2020;17:00;102;102
10.01.2020;18:00;95;89
10.01.2020;19:00;97;94
10.01.2020;20:00;93;91
10.01.2020;21:00;94;93
10.01.2020;22:00;100;88
10.01.2020;23:00;101;87
11.01.2020;00:00;85;79
11.01.2020;01:00;84;79
11.01.2020;02:00;82;79
11.01.2020;03:00;82;79
11.01.2020;04:00;81;68
11.01.2020;05:00;77;59
11.01.2020;06:00;57;55
11.01.2020;07:00;56;54
11.01.2020;08:00;56;55
11.01.2020;09:00;52;54
11.01.2020;10:00;53;55
11.01.2020;11:00;52;56
11.01.2020;12:00;51;56
11.01.2020;13:00;59;37
11.01.2020;14:00;56;37
11.01.2020;15:00;53;37
11.01.2020;16:00;51;52
11.01.2020;17:00;52;51
11.01.2020;18:00;52;52
11.01.2020;19:00;52;37
11.01.2020;20:00;50;38
11.01.2020;21:00;52;39
11.01.2020;22:00;57;38
11.01.2020;23:00;63;38
12.01.2020;00:00;65;38
12.01.2020;01:00;81;38
12.01.2020;02:00;64;38
12.01.2020;03:00;68;38
12.01.2020;04:00;52;36
12.01.2020;05:00;53;36
12.01.2020;06:00;53;36
12.01.2020;07:00;54;36
12.01.2020;08:00;53;36
12.01.2020;09:00;54;36
12.01.2020;10:00;53;36
12.01.2020;11:00;55;37
12.01.2020;12:00;52;37
12.01.2020;13:00;50;36
12.01.2020;14:00;49;36
12.01.2020;15:00;49;36
12.01.2020;16:00;49;36
12.01.2020;17:00;48;36
12.01.2020;18:00;48;36
12.01.2020;19:00;49;36
12.01.2020;20:00;53;36
12.01.2020;21:00;52;37
12.01.2020;22:00;70;38
12.01.2020;23:00;71;47
13.01.2020;00:00;70;62
13.01.2020;01:00;76;95
13.01.2020;02:00;59;87
13.01.2020;03:00;63;87
13.01.2020;04:00;57;86
13.01.2020;05:00;64;98
13.01.2020;06:00;108;108
13.01.2020;07:00;118;123
13.01.2020;08:00;118;122
13.01.2020;09:00;123;123
13.01.2020;10:00;123;123
13.01.2020;11:00;124;124
13.01.2020;12:00;125;125
13.01.2020;13:00;125;124
13.01.2020;14:00;113;118
13.01.2020;15:00;117;120
13.01.2020;16:00;119;119
13.01.2020;17:00;120;123
13.01.2020;18:00;121;120
13.01.2020;19:00;121;122
13.01.2020;20:00;119;118
13.01.2020;21:00;123;119
13.01.2020;22:00;104;101
13.01.2020;23:00;98;102
14.01.2020;00:00;98;102
14.01.2020;01:00;98;102
14.01.2020;02:00;95;95
14.01.2020;03:00;101;102
14.01.2020;04:00;101;103
14.01.2020;05:00;105;107
14.01.2020;06:00;116;114
14.01.2020;07:00;125;125
14.01.2020;08:00;126;125
14.01.2020;09:00;126;125
14.01.2020;10:00;127;126
14.01.2020;11:00;126;125
14.01.2020;12:00;126;126
14.01.2020;13:00;127;127
14.01.2020;14:00;123;122
14.01.2020;15:00;124;125
14.01.2020;16:00;118;121
14.01.2020;17:00;119;117
14.01.2020;18:00;110;111
14.01.2020;19:00;112;116
14.01.2020;20:00;110;113
14.01.2020;21:00;116;112
14.01.2020;22:00;104;103
14.01.2020;23:00;104;102
15.01.2020;00:00;91;90
15.01.2020;01:00;115;111
15.01.2020;02:00;108;107
15.01.2020;03:00;114;113
15.01.2020;04:00;111;108
15.01.2020;05:00;113;115
15.01.2020;06:00;118;124
15.01.2020;07:00;124;126
15.01.2020;08:00;126;127
15.01.2020;09:00;126;127
15.01.2020;10:00;123;123
15.01.2020;11:00;126;128
15.01.2020;12:00;126;129
15.01.2020;13:00;123;129
15.01.2020;14:00;123;129
15.01.2020;15:00;126;129
15.01.2020;16:00;124;125
15.01.2020;17:00;120;124
15.01.2020;18:00;110;114
15.01.2020;19:00;118;116
15.01.2020;20:00;112;116
15.01.2020;21:00;114;117
15.01.2020;22:00;111;116
15.01.2020;23:00;113;117
16.01.2020;00:00;108;116
16.01.2020;01:00;113;109
16.01.2020;02:00;106;106
16.01.2020;03:00;110;111
16.01.2020;04:00;112;112
16.01.2020;05:00;109;112
16.01.2020;06:00;114;111
16.01.2020;07:00;121;122
16.01.2020;08:00;123;122
16.01.2020;09:00;126;125
16.01.2020;10:00;126;125
16.01.2020;11:00;127;127
16.01.2020;12:00;128;128
16.01.2020;13:00;129;128
16.01.2020;14:00;128;128
16.01.2020;15:00;126;128
16.01.2020;16:00;124;125
16.01.2020;17:00;118;112
16.01.2020;18:00;111;111
16.01.2020;19:00;113;112
16.01.2020;20:00;110;111
16.01.2020;21:00;115;110
16.01.2020;22:00;100;98
16.01.2020;23:00;107;106
17.01.2020;00:00;100;104
17.01.2020;01:00;103;107
17.01.2020;02:00;98;106
17.01.2020;03:00;104;107
17.01.2020;04:00;100;107
17.01.2020;05:00;103;105
17.01.2020;06:00;102;104
17.01.2020;07:00;110;109
17.01.2020;08:00;119;119
17.01.2020;09:00;122;126
17.01.2020;10:00;122;125
17.01.2020;11:00;125;126
17.01.2020;12:00;118;127
17.01.2020;13:00;112;125
17.01.2020;14:00;94;128
17.01.2020;15:00;103;118
17.01.2020;16:00;109;108
17.01.2020;17:00;103;106
17.01.2020;18:00;90;100
17.01.2020;19:00;91;103
17.01.2020;20:00;91;103
17.01.2020;21:00;84;98
17.01.2020;22:00;69;95
17.01.2020;23:00;72;98
18.01.2020;00:00;64;98
18.01.2020;01:00;63;98
18.01.2020;02:00;61;92
18.01.2020;03:00;63;98
18.01.2020;04:00;61;91
18.01.2020;05:00;61;87
18.01.2020;06:00;61;66
18.01.2020;07:00;57;57
18.01.2020;08:00;53;56
18.01.2020;09:00;50;49
18.01.2020;10:00;48;48
18.01.2020;11:00;49;48
18.01.2020;12:00;46;48
18.01.2020;13:00;50;44
18.01.2020;14:00;54;33
18.01.2020;15:00;57;33
18.01.2020;16:00;58;33
18.01.2020;17:00;75;34
18.01.2020;18:00;73;66
18.01.2020;19:00;69;63
18.01.2020;20:00;67;63
18.01.2020;21:00;62;61
18.01.2020;22:00;57;42
18.01.2020;23:00;59;37
19.01.2020;00:00;41;38
19.01.2020;01:00;35;38
19.01.2020;02:00;37;34
19.01.2020;03:00;37;36
19.01.2020;04:00;37;35
19.01.2020;05:00;37;36
19.01.2020;06:00;37;35
19.01.2020;07:00;36;36
19.01.2020;08:00;36;36
19.01.2020;09:00;36;36
19.01.2020;10:00;36;35
19.01.2020;11:00;37;36
19.01.2020;12:00;37;35
19.01.2020;13:00;36;37
19.01.2020;14:00;36;35
19.01.2020;15:00;37;36
19.01.2020;16:00;36;36
19.01.2020;17:00;40;36
19.01.2020;18:00;60;37
19.01.2020;19:00;62;31
19.01.2020;20:00;60;32
19.01.2020;21:00;59;33
19.01.2020;22:00;56;38
19.01.2020;23:00;52;60
20.01.2020;00:00;62;71
20.01.2020;01:00;63;64
20.01.2020;02:00;64;62
20.01.2020;03:00;66;60
20.01.2020;04:00;82;60
20.01.2020;05:00;84;64
20.01.2020;06:00;89;89
20.01.2020;07:00;108;101
20.01.2020;08:00;112;110
20.01.2020;09:00;119;117
20.01.2020;10:00;122;122
20.01.2020;11:00;123;123
20.01.2020;12:00;122;115
20.01.2020;13:00;120;121
20.01.2020;14:00;117;119
20.01.2020;15:00;120;122
20.01.2020;16:00;115;116
20.01.2020;17:00;114;115
20.01.2020;18:00;108;107
20.01.2020;19:00;113;106
20.01.2020;20:00;105;106
20.01.2020;21:00;104;107
20.01.2020;22:00;99;99
20.01.2020;23:00;107;102
21.01.2020;00:00;99;100
21.01.2020;01:00;96;97
21.01.2020;02:00;89;92
21.01.2020;03:00;96;98
21.01.2020;04:00;91;93
21.01.2020;05:00;93;95
21.01.2020;06:00;95;97
21.01.2020;07:00;112;109
21.01.2020;08:00;111;107
21.01.2020;09:00;116;91
21.01.2020;10:00;121;62
21.01.2020;11:00;117;43
21.01.2020;12:00;118;46
21.01.2020;13:00;120;70
21.01.2020;14:00;108;100
21.01.2020;15:00;102;106
21.01.2020;16:00;121;122
21.01.2020;17:00;124;123
21.01.2020;18:00;123;122
21.01.2020;19:00;115;113
21.01.2020;20:00;102;102
21.01.2020;21:00;105;102
21.01.2020;22:00;93;96
21.01.2020;23:00;92;98
22.01.2020;00:00;91;92
22.01.2020;01:00;96;93
22.01.2020;02:00;84;95
22.01.2020;03:00;76;30
22.01.2020;04:00;88;0
22.01.2020;05:00;87;7
22.01.2020;06:00;91;69
22.01.2020;07:00;91;117
22.01.2020;08:00;105;124
22.01.2020;09:00;121;123
22.01.2020;10:00;93;125
22.01.2020;11:00;91;125
22.01.2020;12:00;90;125
22.01.2020;13:00;98;126
22.01.2020;14:00;114;124
22.01.2020;15:00;124;83
22.01.2020;16:00;125;80
22.01.2020;17:00;126;89
22.01.2020;18:00;122;119
22.01.2020;19:00;123;122
22.01.2020;20:00;106;104
22.01.2020;21:00;106;107
22.01.2020;22:00;93;91
22.01.2020;23:00;93;93
23.01.2020;00:00;87;89
23.01.2020;01:00;92;89
23.01.2020;02:00;87;87
23.01.2020;03:00;90;88
23.01.2020;04:00;90;88
23.01.2020;05:00;102;82
23.01.2020;06:00;116;89
23.01.2020;07:00;114;116
23.01.2020;08:00;113;113
23.01.2020;09:00;115;116
23.01.2020;10:00;112;116
23.01.2020;11:00;111;116
23.01.2020;12:00;109;113
23.01.2020;13:00;112;115
23.01.2020;14:00;104;101
23.01.2020;15:00;123;123
23.01.2020;16:00;125;124
23.01.2020;17:00;125;124
23.01.2020;18:00;124;125
23.01.2020;19:00;124;123
23.01.2020;20:00;120;120
23.01.2020;21:00;101;102
23.01.2020;22:00;84;81
23.01.2020;23:00;87;81
24.01.2020;00:00;83;84
24.01.2020;01:00;91;83
24.01.2020;02:00;87;84
24.01.2020;03:00;93;88
24.01.2020;04:00;87;84
24.01.2020;05:00;98;84
24.01.2020;06:00;96;94
24.01.2020;07:00;109;110
24.01.2020;08:00;119;117
24.01.2020;09:00;119;118
24.01.2020;10:00;117;113
24.01.2020;11:00;122;119
24.01.2020;12:00;119;116
24.01.2020;13:00;119;115
24.01.2020;14:00;101;103
24.01.2020;15:00;107;109
24.01.2020;16:00;117;116
24.01.2020;17:00;119;118
24.01.2020;18:00;121;119
24.01.2020;19:00;122;120
24.01.2020;20:00;96;98
24.01.2020;21:00;94;91
24.01.2020;22:00;89;77
24.01.2020;23:00;102;70
25.01.2020;00:00;106;69
25.01.2020;01:00;110;65
25.01.2020;02:00;104;71
25.01.2020;03:00;109;71
25.01.2020;04:00;109;67
25.01.2020;05:00;100;67
25.01.2020;06:00;68;70
25.01.2020;07:00;59;67
25.01.2020;08:00;57;65
25.01.2020;09:00;58;65
25.01.2020;10:00;69;72
25.01.2020;11:00;65;67
25.01.2020;12:00;60;62
25.01.2020;13:00;53;60
25.01.2020;14:00;55;56
25.01.2020;15:00;60;60
25.01.2020;16:00;54;55
25.01.2020;17:00;76;70
25.01.2020;18:00;79;77
25.01.2020;19:00;76;76
25.01.2020;20:00;58;58
25.01.2020;21:00;55;54
25.01.2020;22:00;58;56
25.01.2020;23:00;57;57
26.01.2020;00:00;55;55
26.01.2020;01:00;51;51
26.01.2020;02:00;54;51
26.01.2020;03:00;56;53
26.01.2020;04:00;55;54
26.01.2020;05:00;50;51
26.01.2020;06:00;48;51
26.01.2020;07:00;48;54
26.01.2020;08:00;48;59
26.01.2020;09:00;49;59
26.01.2020;10:00;49;57
26.01.2020;11:00;49;56
26.01.2020;12:00;49;54
26.01.2020;13:00;49;53
26.01.2020;14:00;49;54
26.01.2020;15:00;48;53
26.01.2020;16:00;45;52
26.01.2020;17:00;47;55
26.01.2020;18:00;47;55
26.01.2020;19:00;48;56
26.01.2020;20:00;47;55
26.01.2020;21:00;47;55
26.01.2020;22:00;47;55
26.01.2020;23:00;47;56
27.01.2020;00:00;47;56
27.01.2020;01:00;53;64
27.01.2020;02:00;63;70
27.01.2020;03:00;80;65
27.01.2020;04:00;83;64
27.01.2020;05:00;86;73
27.01.2020;06:00;99;88
27.01.2020;07:00;116;115
27.01.2020;08:00;124;123
27.01.2020;09:00;125;123
27.01.2020;10:00;125;124
27.01.2020;11:00;125;124
27.01.2020;12:00;124;124
27.01.2020;13:00;126;126
27.01.2020;14:00;118;121
27.01.2020;15:00;124;124
27.01.2020;16:00;113;123
27.01.2020;17:00;112;124
27.01.2020;18:00;105;107
27.01.2020;19:00;113;108
27.01.2020;20:00;112;108
27.01.2020;21:00;114;106
27.01.2020;22:00;105;105
27.01.2020;23:00;110;107
28.01.2020;00:00;107;107
28.01.2020;01:00;106;107
28.01.2020;02:00;105;100
28.01.2020;03:00;109;106
28.01.2020;04:00;106;103
28.01.2020;05:00;105;102
28.01.2020;06:00;112;109
28.01.2020;07:00;121;122
28.01.2020;08:00;124;125
28.01.2020;09:00;124;125
28.01.2020;10:00;123;124
28.01.2020;11:00;125;125
28.01.2020;12:00;126;125
28.01.2020;13:00;124;123
28.01.2020;14:00;110;116
28.01.2020;15:00;118;119
28.01.2020;16:00;122;121
28.01.2020;17:00;120;116
28.01.2020;18:00;121;116
28.01.2020;19:00;120;116
28.01.2020;20:00;116;117
28.01.2020;21:00;118;116
28.01.2020;22:00;106;105
28.01.2020;23:00;109;106
29.01.2020;00:00;107;107
29.01.2020;01:00;108;111
29.01.2020;02:00;102;99
29.01.2020;03:00;110;103
29.01.2020;04:00;111;109
29.01.2020;05:00;110;111
29.01.2020;06:00;114;114
29.01.2020;07:00;123;120
29.01.2020;08:00;124;122
29.01.2020;09:00;125;124
29.01.2020;10:00;120;120
29.01.2020;11:00;111;119
29.01.2020;12:00;109;107
29.01.2020;13:00;117;107
29.01.2020;14:00;98;101
29.01.2020;15:00;113;108
29.01.2020;16:00;110;110
29.01.2020;17:00;109;113
29.01.2020;18:00;108;116
29.01.2020;19:00;106;106
29.01.2020;20:00;106;104
29.01.2020;21:00;104;105
29.01.2020;22:00;92;95
29.01.2020;23:00;90;103
30.01.2020;00:00;88;102
30.01.2020;01:00;92;102
30.01.2020;02:00;88;97
30.01.2020;03:00;94;98
30.01.2020;04:00;95;96
30.01.2020;05:00;100;98
30.01.2020;06:00;102;102
30.01.2020;07:00;117;114
30.01.2020;08:00;114;116
30.01.2020;09:00;120;114
30.01.2020;10:00;114;112
30.01.2020;11:00;116;116
30.01.2020;12:00;115;116
30.01.2020;13:00;117;116
30.01.2020;14:00;121;116
30.01.2020;15:00;120;117
30.01.2020;16:00;115;115
30.01.2020;17:00;112;116
30.01.2020;18:00;107;108
30.01.2020;19:00;116;109
30.01.2020;20:00;109;111
30.01.2020;21:00;110;111
30.01.2020;22:00;99;98
30.01.2020;23:00;86;89
31.01.2020;00:00;82;85
31.01.2020;01:00;89;88
31.01.2020;02:00;80;80
31.01.2020;03:00;80;80
31.01.2020;04:00;78;77
31.01.2020;05:00;96;94
31.01.2020;06:00;114;110
31.01.2020;07:00;125;124
31.01.2020;08:00;122;125
31.01.2020;09:00;122;126
31.01.2020;10:00;119;121
31.01.2020;11:00;126;121
31.01.2020;12:00;126;121
31.01.2020;13:00;124;120
31.01.2020;14:00;112;113
31.01.2020;15:00;111;112
31.01.2020;16:00;109;107
31.01.2020;17:00;107;104
31.01.2020;18:00;103;104
31.01.2020;19:00;105;103
31.01.2020;20:00;108;107
31.01.2020;21:00;103;107
31.01.2020;22:00;92;92
31.01.2020;23:00;94;98
01.02.2020;00:00;90;94
01.02.2020;01:00;90;93
01.02.2020;02:00;86;88
01.02.2020;03:00;89;90
01.02.2020;04:00;83;83
01.02.2020;05:00;79;74
01.02.2020;06:00;56;59
01.02.2020;07:00;52;57
01.02.2020;08:00;53;58
01.02.2020;09:00;52;47
01.02.2020;10:00;52;41
01.02.2020;11:00;56;41
01.02.2020;12:00;55;42
01.02.2020;13:00;57;42
01.02.2020;14:00;67;42
01.02.2020;15:00;61;42
01.02.2020;16:00;61;42
01.02.2020;17:00;61;42
01.02.2020;18:00;61;42
01.02.2020;19:00;62;41
01.02.2020;20:00;59;41
01.02.2020;21:00;57;39
01.02.2020;22:00;65;37
01.02.2020;23:00;67;39
02.02.2020;00:00;68;40
02.02.2020;01:00;65;43
02.02.2020;02:00;66;44
02.02.2020;03:00;66;43
02.02.2020;04:00;64;43
02.02.2020;05:00;61;43
02.02.2020;06:00;48;41
02.02.2020;07:00;47;40
02.02.2020;08:00;47;40
02.02.2020;09:00;47;36
02.02.2020;10:00;41;38
02.02.2020;11:00;41;38
02.02.2020;12:00;40;38
02.02.2020;13:00;39;38
02.02.2020;14:00;39;39
02.02.2020;15:00;38;39
02.02.2020;16:00;37;38
02.02.2020;17:00;36;38
02.02.2020;18:00;36;38
02.02.2020;19:00;36;38
02.02.2020;20:00;38;38
02.02.2020;21:00;46;41
02.02.2020;22:00;56;50
02.02.2020;23:00;66;49
03.02.2020;00:00;73;54
03.02.2020;01:00;81;62
03.02.2020;02:00;67;61
03.02.2020;03:00;65;60
03.02.2020;04:00;56;60
03.02.2020;05:00;60;64
03.02.2020;06:00;74;99
03.02.2020;07:00;86;126
03.02.2020;08:00;90;126
03.02.2020;09:00;91;127
03.02.2020;10:00;93;128
03.02.2020;11:00;93;129
03.02.2020;12:00;101;129
03.02.2020;13:00;118;127
03.02.2020;14:00;124;127
03.02.2020;15:00;125;126
03.02.2020;16:00;120;126
03.02.2020;17:00;116;116
03.02.2020;18:00;106;109
03.02.2020;19:00;115;113
03.02.2020;20:00;115;115
03.02.2020;21:00;118;116
03.02.2020;22:00;110;107
03.02.2020;23:00;108;103
04.02.2020;00:00;103;99
04.02.2020;01:00;103;98
04.02.2020;02:00;96;92
04.02.2020;03:00;107;93
04.02.2020;04:00;107;94
04.02.2020;05:00;107;97
04.02.2020;06:00;110;104
04.02.2020;07:00;116;116
04.02.2020;08:00;119;119
04.02.2020;09:00;118;115
04.02.2020;10:00;110;108
04.02.2020;11:00;116;111
04.02.2020;12:00;116;108
04.02.2020;13:00;121;115
04.02.2020;14:00;113;116
04.02.2020;15:00;116;114
04.02.2020;16:00;107;112
04.02.2020;17:00;115;111
04.02.2020;18:00;112;104
04.02.2020;19:00;114;116
04.02.2020;20:00;111;113
04.02.2020;21:00;108;110
04.02.2020;22:00;96;98
04.02.2020;23:00;84;84
05.02.2020;00:00;99;98
05.02.2020;01:00;99;100
05.02.2020;02:00;95;90
05.02.2020;03:00;103;97
05.02.2020;04:00;103;99
05.02.2020;05:00;102;103
05.02.2020;06:00;104;108
05.02.2020;07:00;117;119
05.02.2020;08:00;117;117
05.02.2020;09:00;118;115
05.02.2020;10:00;115;115
05.02.2020;11:00;119;119
05.02.2020;12:00;119;121
05.02.2020;13:00;124;123
05.02.2020;14:00;122;120
05.02.2020;15:00;125;123
05.02.2020;16:00;124;123
05.02.2020;17:00;118;117
05.02.2020;18:00;110;108
05.02.2020;19:00;112;106
05.02.2020;20:00;109;105
05.02.2020;21:00;108;106
05.02.2020;22:00;103;98
05.02.2020;23:00;102;98
06.02.2020;00:00;95;97
06.02.2020;01:00;96;97
06.02.2020;02:00;94;92
06.02.2020;03:00;99;101
06.02.2020;04:00;100;97
06.02.2020;05:00;103;97
06.02.2020;06:00;104;103
06.02.2020;07:00;117;114
06.02.2020;08:00;118;116
06.02.2020;09:00;120;119
06.02.2020;10:00;116;115
06.02.2020;11:00;123;122
06.02.2020;12:00;122;124
06.02.2020;13:00;126;122
06.02.2020;14:00;118;114
06.02.2020;15:00;119;118
06.02.2020;16:00;112;114
06.02.2020;17:00;107;108
06.02.2020;18:00;107;103
06.02.2020;19:00;109;111
06.02.2020;20:00;108;104
06.02.2020;21:00;107;107
06.02.2020;22:00;95;90
06.02.2020;23:00;93;99
07.02.2020;00:00;94;96
07.02.2020;01:00;99;97
07.02.2020;02:00;87;101
07.02.2020;03:00;85;113
07.02.2020;04:00;92;103
07.02.2020;05:00;99;101
07.02.2020;06:00;101;110
07.02.2020;07:00;116;118
07.02.2020;08:00;120;118
07.02.2020;09:00;120;119
07.02.2020;10:00;113;116
07.02.2020;11:00;121;119
07.02.2020;12:00;121;116
07.02.2020;13:00;124;121
07.02.2020;14:00;111;110
07.02.2020;15:00;110;109
07.02.2020;16:00;110;111
07.02.2020;17:00;106;108
07.02.2020;18:00;95;99
07.02.2020;19:00;102;103
07.02.2020;20:00;100;98
07.02.2020;21:00;94;94
07.02.2020;22:00;82;88
07.02.2020;23:00;80;85
08.02.2020;00:00;80;78
08.02.2020;01:00;81;77
08.02.2020;02:00;84;64
08.02.2020;03:00;85;67
08.02.2020;04:00;84;65
08.02.2020;05:00;71;65
08.02.2020;06:00;59;59
08.02.2020;07:00;56;58
08.02.2020;08:00;54;56
08.02.2020;09:00;52;57
08.02.2020;10:00;55;45
08.02.2020;11:00;55;33
08.02.2020;12:00;52;33
08.02.2020;13:00;53;33
08.02.2020;14:00;55;34
08.02.2020;15:00;55;34
08.02.2020;16:00;52;33
08.02.2020;17:00;53;34
08.02.2020;18:00;53;33
08.02.2020;19:00;48;33
08.02.2020;20:00;48;34
08.02.2020;21:00;53;34
08.02.2020;22:00;54;34
08.02.2020;23:00;60;33
09.02.2020;00:00;61;34
09.02.2020;01:00;68;34
09.02.2020;02:00;65;34
09.02.2020;03:00;66;33
09.02.2020;04:00;64;34
09.02.2020;05:00;62;33
09.02.2020;06:00;55;33
09.02.2020;07:00;54;34
09.02.2020;08:00;51;34
09.02.2020;09:00;52;33
09.02.2020;10:00;41;34
09.02.2020;11:00;38;34
09.02.2020;12:00;39;36
09.02.2020;13:00;40;35
09.02.2020;14:00;36;34
09.02.2020;15:00;35;34
09.02.2020;16:00;34;35
09.02.2020;17:00;38;38
09.02.2020;18:00;39;39
09.02.2020;19:00;40;40
09.02.2020;20:00;43;43
09.02.2020;21:00;50;50
09.02.2020;22:00;62;62
09.02.2020;23:00;73;73
10.02.2020;00:00;54;54
10.02.2020;01:00;61;61
10.02.2020;02:00;49;49
10.02.2020;03:00;58;58
10.02.2020;04:00;55;55
10.02.2020;05:00;75;75
10.02.2020;06:00;111;109
10.02.2020;07:00;124;117
10.02.2020;08:00;123;124
10.02.2020;09:00;115;121
10.02.2020;10:00;112;118
10.02.2020;11:00;120;123
10.02.2020;12:00;116;124
10.02.2020;13:00;116;122
10.02.2020;14:00;110;112
10.02.2020;15:00;119;113
10.02.2020;16:00;113;110
10.02.2020;17:00;114;114
10.02.2020;18:00;106;107
10.02.2020;19:00;109;106
10.02.2020;20:00;101;98
10.02.2020;21:00;103;102
10.02.2020;22:00;94;93
10.02.2020;23:00;96;96
11.02.2020;00:00;95;94
11.02.2020;01:00;99;98
11.02.2020;02:00;94;98
11.02.2020;03:00;103;97
11.02.2020;04:00;96;98
11.02.2020;05:00;102;101
11.02.2020;06:00;105;108
11.02.2020;07:00;116;116
11.02.2020;08:00;119;117
11.02.2020;09:00;115;114
11.02.2020;10:00;108;111
11.02.2020;11:00;116;117
11.02.2020;12:00;114;117
11.02.2020;13:00;117;116
11.02.2020;14:00;106;112
11.02.2020;15:00;112;111
11.02.2020;16:00;107;110
11.02.2020;17:00;109;106
11.02.2020;18:00;102;97
11.02.2020;19:00;106;100
11.02.2020;20:00;101;99
11.02.2020;21:00;85;111
11.02.2020;22:00;72;112
11.02.2020;23:00;92;92
12.02.2020;00:00;94;92
12.02.2020;01:00;92;103
12.02.2020;02:00;96;95
12.02.2020;03:00;101;99
12.02.2020;04:00;101;99
12.02.2020;05:00;104;97
12.02.2020;06:00;107;101
12.02.2020;07:00;117;119
12.02.2020;08:00;111;111
12.02.2020;09:00;111;111
12.02.2020;10:00;114;112
12.02.2020;11:00;119;118
12.02.2020;12:00;115;116
12.02.2020;13:00;114;115
12.02.2020;14:00;109;108
12.02.2020;15:00;112;107
12.02.2020;16:00;106;103
12.02.2020;17:00;106;108
12.02.2020;18:00;107;102
12.02.2020;19:00;110;105
12.02.2020;20:00;98;101
12.02.2020;21:00;100;102
12.02.2020;22:00;93;94
12.02.2020;23:00;98;93
13.02.2020;00:00;92;92
13.02.2020;01:00;96;93
13.02.2020;02:00;88;93
13.02.2020;03:00;93;97
13.02.2020;04:00;94;97
13.02.2020;05:00;98;97
13.02.2020;06:00;100;97
13.02.2020;07:00;113;118
13.02.2020;08:00;111;118
13.02.2020;09:00;119;99
13.02.2020;10:00;124;77
13.02.2020;11:00;125;86
13.02.2020;12:00;116;111
13.02.2020;13:00;121;121
13.02.2020;14:00;115;111
13.02.2020;15:00;115;111
13.02.2020;16:00;110;110
13.02.2020;17:00;104;108
13.02.2020;18:00;101;102
13.02.2020;19:00;107;106
13.02.2020;20:00;102;102
13.02.2020;21:00;105;106
13.02.2020;22:00;97;100
13.02.2020;23:00;100;105
14.02.2020;00:00;96;96
14.02.2020;01:00;98;97
14.02.2020;02:00;90;94
14.02.2020;03:00;97;98
14.02.2020;04:00;96;96
14.02.2020;05:00;99;102
14.02.2020;06:00;100;105
14.02.2020;07:00;113;107
14.02.2020;08:00;119;118
14.02.2020;09:00;120;120
14.02.2020;10:00;117;118
14.02.2020;11:00;120;119
14.02.2020;12:00;121;121
14.02.2020;13:00;119;123
14.02.2020;14:00;114;112
14.02.2020;15:00;110;112
14.02.2020;16:00;106;110
14.02.2020;17:00;103;109
14.02.2020;18:00;107;115
14.02.2020;19:00;101;106
14.02.2020;20:00;96;98
14.02.2020;21:00;96;102
14.02.2020;22:00;89;68
14.02.2020;23:00;92;64
15.02.2020;00:00;93;62
15.02.2020;01:00;97;61
15.02.2020;02:00;91;59
15.02.2020;03:00;96;56
15.02.2020;04:00;88;56
15.02.2020;05:00;79;56
15.02.2020;06:00;56;56
15.02.2020;07:00;57;56
15.02.2020;08:00;56;56
15.02.2020;09:00;39;53
15.02.2020;10:00;34;55
15.02.2020;11:00;36;55
15.02.2020;12:00;36;55
15.02.2020;13:00;36;57
15.02.2020;14:00;36;59
15.02.2020;15:00;36;53
15.02.2020;16:00;36;52
15.02.2020;17:00;36;53
15.02.2020;18:00;35;51
15.02.2020;19:00;36;48
15.02.2020;20:00;36;48
15.02.2020;21:00;35;48
15.02.2020;22:00;36;52
15.02.2020;23:00;36;62
16.02.2020;00:00;36;63
16.02.2020;01:00;36;63
16.02.2020;02:00;36;60
16.02.2020;03:00;36;62
16.02.2020;04:00;36;61
16.02.2020;05:00;36;58
16.02.2020;06:00;36;41
16.02.2020;07:00;36;39
16.02.2020;08:00;39;39
16.02.2020;09:00;39;39
16.02.2020;10:00;39;39
16.02.2020;11:00;39;39
16.02.2020;12:00;39;40
16.02.2020;13:00;35;41
16.02.2020;14:00;36;39
16.02.2020;15:00;36;39
16.02.2020;16:00;36;40
16.02.2020;17:00;38;39
16.02.2020;18:00;41;39
16.02.2020;19:00;44;40
16.02.2020;20:00;55;38
16.02.2020;21:00;67;38
16.02.2020;22:00;64;54
16.02.2020;23:00;73;81
17.02.2020;00:00;-;-
17.02.2020;01:00;-;-
17.02.2020;02:00;-;-
17.02.2020;03:00;-;-
17.02.2020;04:00;-;-
17.02.2020;05:00;-;-
17.02.2020;06:00;-;-
17.02.2020;07:00;-;-
17.02.2020;08:00;-;-
17.02.2020;09:00;-;-
17.02.2020;10:00;-;-
17.02.2020;11:00;-;-
17.02.2020;12:00;-;-
17.02.2020;13:00;-;-
17.02.2020;14:00;-;-
17.02.2020;15:00;-;-
17.02.2020;16:00;-;-
17.02.2020;17:00;-;-
17.02.2020;18:00;-;-
17.02.2020;19:00;-;-
17.02.2020;20:00;-;-
17.02.2020;21:00;-;-
17.02.2020;22:00;-;-
17.02.2020;23:00;-;-
18.02.2020;00:00;93;93
18.02.2020;01:00;95;98
18.02.2020;02:00;93;87
18.02.2020;03:00;98;95
18.02.2020;04:00;93;91
18.02.2020;05:00;97;97
18.02.2020;06:00;104;110
18.02.2020;07:00;119;120
18.02.2020;08:00;119;122
18.02.2020;09:00;123;124
18.02.2020;10:00;121;125
18.02.2020;11:00;127;126
18.02.2020;12:00;127;127
18.02.2020;13:00;127;126
18.02.2020;14:00;122;121
18.02.2020;15:00;120;121
18.02.2020;16:00;114;119
18.02.2020;17:00;113;115
18.02.2020;18:00;103;110
18.02.2020;19:00;112;112
18.02.2020;20:00;105;105
18.02.2020;21:00;106;107
18.02.2020;22:00;97;101
18.02.2020;23:00;100;102
19.02.2020;00:00;98;99
19.02.2020;01:00;105;103
19.02.2020;02:00;99;96
19.02.2020;03:00;102;99
19.02.2020;04:00;97;97
19.02.2020;05:00;101;98
19.02.2020;06:00;106;101
19.02.2020;07:00;120;119
19.02.2020;08:00;121;120
19.02.2020;09:00;121;120
19.02.2020;10:00;121;121
19.02.2020;11:00;122;125
19.02.2020;12:00;123;126
19.02.2020;13:00;126;125
19.02.2020;14:00;120;122
19.02.2020;15:00;122;123
19.02.2020;16:00;112;119
19.02.2020;17:00;84;92
19.02.2020;18:00;84;111
19.02.2020;19:00;105;112
19.02.2020;20:00;125;125
19.02.2020;21:00;127;125
19.02.2020;22:00;118;118
19.02.2020;23:00;122;123
20.02.2020;00:00;124;123
20.02.2020;01:00;125;126
20.02.2020;02:00;122;120
20.02.2020;03:00;125;126
20.02.2020;04:00;121;121
20.02.2020;05:00;121;120
20.02.2020;06:00;124;123
20.02.2020;07:00;127;126
20.02.2020;08:00;128;128
20.02.2020;09:00;129;128
20.02.2020;10:00;129;128
20.02.2020;11:00;129;128
20.02.2020;12:00;129;129
20.02.2020;13:00;126;126
20.02.2020;14:00;117;117
20.02.2020;15:00;118;123
20.02.2020;16:00;115;120
20.02.2020;17:00;110;112
20.02.2020;18:00;102;108
20.02.2020;19:00;109;114
20.02.2020;20:00;112;102
20.02.2020;21:00;114;107
20.02.2020;22:00;100;99
20.02.2020;23:00;102;102
21.02.2020;00:00;99;100
21.02.2020;01:00;98;102
21.02.2020;02:00;96;94
21.02.2020;03:00;101;98
21.02.2020;04:00;98;94
21.02.2020;05:00;113;81
21.02.2020;06:00;117;80
21.02.2020;07:00;125;89
21.02.2020;08:00;115;100
21.02.2020;09:00;109;106
21.02.2020;10:00;100;105
21.02.2020;11:00;111;113
21.02.2020;12:00;96;114
21.02.2020;13:00;90;121
21.02.2020;14:00;89;103
21.02.2020;15:00;95;102
21.02.2020;16:00;113;84
21.02.2020;17:00;97;87
21.02.2020;18:00;89;94
21.02.2020;19:00;94;97
21.02.2020;20:00;94;87
21.02.2020;21:00;91;86
21.02.2020;22:00;80;79
21.02.2020;23:00;87;75
22.02.2020;00:00;74;78
22.02.2020;01:00;74;80
22.02.2020;02:00;70;77
22.02.2020;03:00;76;77
22.02.2020;04:00;64;74
22.02.2020;05:00;65;70
22.02.2020;06:00;53;55
22.02.2020;07:00;51;50
22.02.2020;08:00;50;51
22.02.2020;09:00;49;49
22.02.2020;10:00;49;49
22.02.2020;11:00;50;49
22.02.2020;12:00;53;50
22.02.2020;13:00;53;54
22.02.2020;14:00;53;69
22.02.2020;15:00;50;53
22.02.2020;16:00;36;60
22.02.2020;17:00;37;58
22.02.2020;18:00;37;58
22.02.2020;19:00;38;60
22.02.2020;20:00;38;58
22.02.2020;21:00;37;58
22.02.2020;22:00;37;57
22.02.2020;23:00;37;62
23.02.2020;00:00;38;63
23.02.2020;01:00;38;62
23.02.2020;02:00;37;62
23.02.2020;03:00;38;64
23.02.2020;04:00;38;64
23.02.2020;05:00;38;56
23.02.2020;06:00;38;41
23.02.2020;07:00;40;38
23.02.2020;08:00;39;39
23.02.2020;09:00;40;37
23.02.2020;10:00;40;36
23.02.2020;11:00;40;38
23.02.2020;12:00;46;37
23.02.2020;13:00;45;35
23.02.2020;14:00;43;36
23.02.2020;15:00;40;38
23.02.2020;16:00;42;37
23.02.2020;17:00;44;37
23.02.2020;18:00;45;39
23.02.2020;19:00;55;34
23.02.2020;20:00;58;36
23.02.2020;21:00;57;48
23.02.2020;22:00;57;66
23.02.2020;23:00;74;72
24.02.2020;00:00;67;70
24.02.2020;01:00;62;73
24.02.2020;02:00;67;74
24.02.2020;03:00;70;74
24.02.2020;04:00;70;75
24.02.2020;05:00;74;74
24.02.2020;06:00;84;93
24.02.2020;07:00;104;107
24.02.2020;08:00;103;109
24.02.2020;09:00;110;116
24.02.2020;10:00;110;111
24.02.2020;11:00;114;124
24.02.2020;12:00;116;118
24.02.2020;13:00;112;124
24.02.2020;14:00;110;123
24.02.2020;15:00;110;117
24.02.2020;16:00;107;111
24.02.2020;17:00;105;111
24.02.2020;18:00;101;104
24.02.2020;19:00;107;117
24.02.2020;20:00;108;125
24.02.2020;21:00;112;124
24.02.2020;22:00;106;111
24.02.2020;23:00;103;113
25.02.2020;00:00;104;114
25.02.2020;01:00;108;113
25.02.2020;02:00;105;107
25.02.2020;03:00;107;112
25.02.2020;04:00;108;109
25.02.2020;05:00;108;108
25.02.2020;06:00;109;112
25.02.2020;07:00;119;122
25.02.2020;08:00;121;118
25.02.2020;09:00;120;118
25.02.2020;10:00;113;118
25.02.2020;11:00;121;122
25.02.2020;12:00;121;121
25.02.2020;13:00;123;126
25.02.2020;14:00;118;125
25.02.2020;15:00;115;125
25.02.2020;16:00;117;118
25.02.2020;17:00;114;120
25.02.2020;18:00;102;116
25.02.2020;19:00;107;121
25.02.2020;20:00;107;117
25.02.2020;21:00;106;116
25.02.2020;22:00;95;101
25.02.2020;23:00;99;102
26.02.2020;00:00;-;-
26.02.2020;01:00;-;-
26.02.2020;02:00;-;-
26.02.2020;03:00;-;-
26.02.2020;04:00;-;-
26.02.2020;05:00;-;-
26.02.2020;06:00;-;-
26.02.2020;07:00;-;-
26.02.2020;08:00;-;-
26.02.2020;09:00;-;-
26.02.2020;10:00;-;-
26.02.2020;11:00;-;-
26.02.2020;12:00;-;-
26.02.2020;13:00;-;-
26.02.2020;14:00;-;-
26.02.2020;15:00;-;-
26.02.2020;16:00;-;-
26.02.2020;17:00;-;-
26.02.2020;18:00;-;-
26.02.2020;19:00;-;-
26.02.2020;20:00;-;-
26.02.2020;21:00;-;-
26.02.2020;22:00;-;-
26.02.2020;23:00;-;-
27.02.2020;00:00;102;100
27.02.2020;01:00;106;82
27.02.2020;02:00;106;75
27.02.2020;03:00;110;71
27.02.2020;04:00;115;68
27.02.2020;05:00;120;70
27.02.2020;06:00;121;73
27.02.2020;07:00;119;93
27.02.2020;08:00;114;116
27.02.2020;09:00;117;122
27.02.2020;10:00;117;123
27.02.2020;11:00;117;124
27.02.2020;12:00;119;124
27.02.2020;13:00;119;125
27.02.2020;14:00;119;124
27.02.2020;15:00;118;125
27.02.2020;16:00;117;123
27.02.2020;17:00;117;124
27.02.2020;18:00;116;123
27.02.2020;19:00;118;123
27.02.2020;20:00;102;109
27.02.2020;21:00;101;106
27.02.2020;22:00;90;92
27.02.2020;23:00;99;102
28.02.2020;00:00;96;96
28.02.2020;01:00;92;100
28.02.2020;02:00;92;97
28.02.2020;03:00;100;98
28.02.2020;04:00;95;94
28.02.2020;05:00;99;92
28.02.2020;06:00;99;103
28.02.2020;07:00;105;112
28.02.2020;08:00;106;115
28.02.2020;09:00;112;119
28.02.2020;10:00;112;115
28.02.2020;11:00;114;124
28.02.2020;12:00;112;124
28.02.2020;13:00;115;124
28.02.2020;14:00;104;116
28.02.2020;15:00;113;110
28.02.2020;16:00;115;110
28.02.2020;17:00;97;112
28.02.2020;18:00;86;110
28.02.2020;19:00;90;116
28.02.2020;20:00;95;95
28.02.2020;21:00;96;98
28.02.2020;22:00;68;101
28.02.2020;23:00;75;106
29.02.2020;00:00;67;101
29.02.2020;01:00;64;97
29.02.2020;02:00;72;78
29.02.2020;03:00;82;82
29.02.2020;04:00;81;74
29.02.2020;05:00;71;74
29.02.2020;06:00;56;66
29.02.2020;07:00;57;60
29.02.2020;08:00;57;58
29.02.2020;09:00;55;55
29.02.2020;10:00;51;52
29.02.2020;11:00;51;51
29.02.2020;12:00;52;51
29.02.2020;13:00;53;52
29.02.2020;14:00;57;55
29.02.2020;15:00;55;51
29.02.2020;16:00;53;51
29.02.2020;17:00;52;50
29.02.2020;18:00;52;50
29.02.2020;19:00;51;50
29.02.2020;20:00;49;52
29.02.2020;21:00;39;56
29.02.2020;22:00;41;56
29.02.2020;23:00;41;62
01.03.2020;00:00;41;63
01.03.2020;01:00;41;65
01.03.2020;02:00;41;64
01.03.2020;03:00;41;63
01.03.2020;04:00;39;61
01.03.2020;05:00;40;59
01.03.2020;06:00;37;57
01.03.2020;07:00;36;56
01.03.2020;08:00;36;56
01.03.2020;09:00;35;56
01.03.2020;10:00;34;52
01.03.2020;11:00;40;53
01.03.2020;12:00;39;51
01.03.2020;13:00;36;50
01.03.2020;14:00;38;50
01.03.2020;15:00;38;50
01.03.2020;16:00;37;50
01.03.2020;17:00;48;46
01.03.2020;18:00;39;40
01.03.2020;19:00;41;40
01.03.2020;20:00;47;45
01.03.2020;21:00;54;43
01.03.2020;22:00;64;56
01.03.2020;23:00;73;67
02.03.2020;00:00;79;72
02.03.2020;01:00;81;76
02.03.2020;02:00;68;71
02.03.2020;03:00;67;70
02.03.2020;04:00;71;69
02.03.2020;05:00;74;73
02.03.2020;06:00;97;86
02.03.2020;07:00;105;110
02.03.2020;08:00;111;118
02.03.2020;09:00;114;122
02.03.2020;10:00;115;109
02.03.2020;11:00;118;89
02.03.2020;12:00;117;88
02.03.2020;13:00;105;107
02.03.2020;14:00;90;126
02.03.2020;15:00;84;128
02.03.2020;16:00;86;127
02.03.2020;17:00;108;116
02.03.2020;18:00;106;109
02.03.2020;19:00;112;116
02.03.2020;20:00;108;115
02.03.2020;21:00;107;119
02.03.2020;22:00;103;105
02.03.2020;23:00;107;107
03.03.2020;00:00;102;107
03.03.2020;01:00;106;107
03.03.2020;02:00;98;100
03.03.2020;03:00;106;105
03.03.2020;04:00;101;107
03.03.2020;05:00;102;106
03.03.2020;06:00;106;110
03.03.2020;07:00;116;123
03.03.2020;08:00;117;124
03.03.2020;09:00;116;124
03.03.2020;10:00;117;123
03.03.2020;11:00;116;124
03.03.2020;12:00;117;125
03.03.2020;13:00;116;127
03.03.2020;14:00;115;125
03.03.2020;15:00;116;125
03.03.2020;16:00;117;125
03.03.2020;17:00;116;125
03.03.2020;18:00;114;125
03.03.2020;19:00;114;124
03.03.2020;20:00;108;110
03.03.2020;21:00;112;109
03.03.2020;22:00;103;103
03.03.2020;23:00;103;108
04.03.2020;00:00;104;104
04.03.2020;01:00;107;105
04.03.2020;02:00;84;119
04.03.2020;03:00;106;106
04.03.2020;04:00;98;102
04.03.2020;05:00;102;105
04.03.2020;06:00;103;106
04.03.2020;07:00;107;117
04.03.2020;08:00;107;123
04.03.2020;09:00;107;122
04.03.2020;10:00;109;117
04.03.2020;11:00;112;121
04.03.2020;12:00;112;124
04.03.2020;13:00;112;127
04.03.2020;14:00;115;125
04.03.2020;15:00;116;125
04.03.2020;16:00;112;124
04.03.2020;17:00;112;123
04.03.2020;18:00;108;120
04.03.2020;19:00;111;114
04.03.2020;20:00;110;103
04.03.2020;21:00;112;107
04.03.2020;22:00;100;100
04.03.2020;23:00;101;102
05.03.2020;00:00;97;97
05.03.2020;01:00;95;102
05.03.2020;02:00;93;92
05.03.2020;03:00;103;96
05.03.2020;04:00;100;97
05.03.2020;05:00;100;100
05.03.2020;06:00;98;104
05.03.2020;07:00;102;115
05.03.2020;08:00;102;117
05.03.2020;09:00;116;125
05.03.2020;10:00;115;125
05.03.2020;11:00;117;129
05.03.2020;12:00;112;128
05.03.2020;13:00;117;127
05.03.2020;14:00;120;127
05.03.2020;15:00;119;127
05.03.2020;16:00;117;121
05.03.2020;17:00;119;116
05.03.2020;18:00;112;112
05.03.2020;19:00;117;118
05.03.2020;20:00;111;114
05.03.2020;21:00;111;117
05.03.2020;22:00;102;104
05.03.2020;23:00;106;112
06.03.2020;00:00;103;107
06.03.2020;01:00;103;106
06.03.2020;02:00;103;100
06.03.2020;03:00;103;106
06.03.2020;04:00;103;101
06.03.2020;05:00;98;101
06.03.2020;06:00;105;103
06.03.2020;07:00;112;117
06.03.2020;08:00;113;121
06.03.2020;09:00;111;123
06.03.2020;10:00;89;124
06.03.2020;11:00;90;125
06.03.2020;12:00;111;124
06.03.2020;13:00;113;124
06.03.2020;14:00;113;101
06.03.2020;15:00;116;98
06.03.2020;16:00;111;98
06.03.2020;17:00;105;98
06.03.2020;18:00;100;94
06.03.2020;19:00;102;95
06.03.2020;20:00;99;92
06.03.2020;21:00;100;91
06.03.2020;22:00;85;87
06.03.2020;23:00;92;88
07.03.2020;00:00;89;89
07.03.2020;01:00;105;73
07.03.2020;02:00;102;66
07.03.2020;03:00;107;65
07.03.2020;04:00;96;68
07.03.2020;05:00;74;69
07.03.2020;06:00;58;60
07.03.2020;07:00;58;58
07.03.2020;08:00;49;58
07.03.2020;09:00;36;61
07.03.2020;10:00;33;57
07.03.2020;11:00;33;58
07.03.2020;12:00;34;67
07.03.2020;13:00;34;72
07.03.2020;14:00;35;73
07.03.2020;15:00;42;62
07.03.2020;16:00;39;55
07.03.2020;17:00;38;53
07.03.2020;18:00;36;57
07.03.2020;19:00;36;55
07.03.2020;20:00;36;51
07.03.2020;21:00;36;52
07.03.2020;22:00;36;53
07.03.2020;23:00;36;59
08.03.2020;00:00;37;61
08.03.2020;01:00;37;61
08.03.2020;02:00;36;60
08.03.2020;03:00;36;64
08.03.2020;04:00;36;65
08.03.2020;05:00;36;62
08.03.2020;06:00;37;54
08.03.2020;07:00;36;55
08.03.2020;08:00;36;54
08.03.2020;09:00;36;52
08.03.2020;10:00;36;54
08.03.2020;11:00;37;57
08.03.2020;12:00;37;55
08.03.2020;13:00;37;53
08.03.2020;14:00;36;52
08.03.2020;15:00;35;52
08.03.2020;16:00;36;51
08.03.2020;17:00;35;51
08.03.2020;18:00;35;55
08.03.2020;19:00;36;58
08.03.2020;20:00;38;61
08.03.2020;21:00;61;51
08.03.2020;22:00;63;62
08.03.2020;23:00;70;76
09.03.2020;00:00;75;79
09.03.2020;01:00;77;80
09.03.2020;02:00;74;74
09.03.2020;03:00;75;72
09.03.2020;04:00;75;72
09.03.2020;05:00;81;80
09.03.2020;06:00;97;99
09.03.2020;07:00;116;122
09.03.2020;08:00;116;124
09.03.2020;09:00;119;123
09.03.2020;10:00;118;123
09.03.2020;11:00;120;129
09.03.2020;12:00;122;129
09.03.2020;13:00;120;128
09.03.2020;14:00;116;130
09.03.2020;15:00;122;127
09.03.2020;16:00;120;124
09.03.2020;17:00;119;123
09.03.2020;18:00;119;123
09.03.2020;19:00;116;122
09.03.2020;20:00;113;123
09.03.2020;21:00;108;122
09.03.2020;22:00;97;109
09.03.2020;23:00;90;121
10.03.2020;00:00;89;117
10.03.2020;01:00;102;111
10.03.2020;02:00;103;102
10.03.2020;03:00;102;113
10.03.2020;04:00;90;119
10.03.2020;05:00;89;120
10.03.2020;06:00;103;115
10.03.2020;07:00;115;124
10.03.2020;08:00;115;123
10.03.2020;09:00;115;123
10.03.2020;10:00;115;124
10.03.2020;11:00;116;126
10.03.2020;12:00;119;126
10.03.2020;13:00;119;126
10.03.2020;14:00;118;121
10.03.2020;15:00;114;119
10.03.2020;16:00;111;112
10.03.2020;17:00;112;121
10.03.2020;18:00;96;124
10.03.2020;19:00;95;123
10.03.2020;20:00;90;125
10.03.2020;21:00;102;120
10.03.2020;22:00;111;110
10.03.2020;23:00;112;116
11.03.2020;00:00;105;104
11.03.2020;01:00;105;98
11.03.2020;02:00;103;98
11.03.2020;03:00;108;102
11.03.2020;04:00;104;103
11.03.2020;05:00;107;107
11.03.2020;06:00;112;116
11.03.2020;07:00;117;125
11.03.2020;08:00;118;123
11.03.2020;09:00;119;125
11.03.2020;10:00;120;125
11.03.2020;11:00;121;125
11.03.2020;12:00;122;126
11.03.2020;13:00;121;129
11.03.2020;14:00;120;129
11.03.2020;15:00;120;130
11.03.2020;16:00;120;129
11.03.2020;17:00;121;128
11.03.2020;18:00;119;124
11.03.2020;19:00;122;126
11.03.2020;20:00;121;124
11.03.2020;21:00;121;125
11.03.2020;22:00;105;128
11.03.2020;23:00;109;129
12.03.2020;00:00;90;130
12.03.2020;01:00;91;130
12.03.2020;02:00;97;129
12.03.2020;03:00;107;124
12.03.2020;04:00;108;117
12.03.2020;05:00;114;121
12.03.2020;06:00;118;125
12.03.2020;07:00;117;127
12.03.2020;08:00;96;127
12.03.2020;09:00;111;127
12.03.2020;10:00;113;121
12.03.2020;11:00;118;122
12.03.2020;12:00;119;112
12.03.2020;13:00;119;90
12.03.2020;14:00;120;89
12.03.2020;15:00;119;89
12.03.2020;16:00;120;90
12.03.2020;17:00;111;98
12.03.2020;18:00;107;108
12.03.2020;19:00;111;115
12.03.2020;20:00;110;109
12.03.2020;21:00;112;107
12.03.2020;22:00;100;107
12.03.2020;23:00;97;109
13.03.2020;00:00;-;-
13.03.2020;01:00;-;-
13.03.2020;02:00;-;-
13.03.2020;03:00;-;-
13.03.2020;04:00;-;-
13.03.2020;05:00;-;-
13.03.2020;06:00;-;-
13.03.2020;07:00;-;-
13.03.2020;08:00;-;-
13.03.2020;09:00;-;-
13.03.2020;10:00;-;-
13.03.2020;11:00;-;-
13.03.2020;12:00;-;-
13.03.2020;13:00;-;-
13.03.2020;14:00;-;-
13.03.2020;15:00;-;-
13.03.2020;16:00;-;-
13.03.2020;17:00;-;-
13.03.2020;18:00;-;-
13.03.2020;19:00;-;-
13.03.2020;20:00;-;-
13.03.2020;21:00;-;-
13.03.2020;22:00;-;-
13.03.2020;23:00;-;-
14.03.2020;00:00;80;93
14.03.2020;01:00;78;98
14.03.2020;02:00;75;87
14.03.2020;03:00;88;77
14.03.2020;04:00;78;79
14.03.2020;05:00;80;79
14.03.2020;06:00;70;89
14.03.2020;07:00;66;87
14.03.2020;08:00;66;92
14.03.2020;09:00;72;85
14.03.2020;10:00;62;84
14.03.2020;11:00;61;83
14.03.2020;12:00;68;69
14.03.2020;13:00;95;42
14.03.2020;14:00;53;53
14.03.2020;15:00;51;51
14.03.2020;16:00;70;33
14.03.2020;17:00;51;51
14.03.2020;18:00;50;52
14.03.2020;19:00;52;45
14.03.2020;20:00;56;35
14.03.2020;21:00;57;38
14.03.2020;22:00;56;38
14.03.2020;23:00;34;70
15.03.2020;00:00;58;53
15.03.2020;01:00;49;52
15.03.2020;02:00;45;52
15.03.2020;03:00;48;51
15.03.2020;04:00;51;50
15.03.2020;05:00;50;50
15.03.2020;06:00;41;47
15.03.2020;07:00;34;59
15.03.2020;08:00;40;51
15.03.2020;09:00;33;54
15.03.2020;10:00;40;38
15.03.2020;11:00;42;43
15.03.2020;12:00;37;37
15.03.2020;13:00;34;33
15.03.2020;14:00;33;33
15.03.2020;15:00;41;44
15.03.2020;16:00;37;43
15.03.2020;17:00;44;40
15.03.2020;18:00;41;41
15.03.2020;19:00;43;43
15.03.2020;20:00;43;53
15.03.2020;21:00;58;49
15.03.2020;22:00;64;46
15.03.2020;23:00;68;57
16.03.2020;00:00;-;-
16.03.2020;01:00;-;-
16.03.2020;02:00;-;-
16.03.2020;03:00;-;-
16.03.2020;04:00;-;-
16.03.2020;05:00;-;-
16.03.2020;06:00;-;-
16.03.2020;07:00;-;-
16.03.2020;08:00;-;-
16.03.2020;09:00;-;-
16.03.2020;10:00;-;-
16.03.2020;11:00;-;-
16.03.2020;12:00;-;-
16.03.2020;13:00;-;-
16.03.2020;14:00;-;-
16.03.2020;15:00;-;-
16.03.2020;16:00;-;-
16.03.2020;17:00;-;-
16.03.2020;18:00;-;-
16.03.2020;19:00;-;-
16.03.2020;20:00;-;-
16.03.2020;21:00;-;-
16.03.2020;22:00;-;-
16.03.2020;23:00;-;-
17.03.2020;00:00;119;84
17.03.2020;01:00;119;90
17.03.2020;02:00;105;90
17.03.2020;03:00;125;86
17.03.2020;04:00;125;71
17.03.2020;05:00;122;71
17.03.2020;06:00;128;74
17.03.2020;07:00;122;98
17.03.2020;08:00;107;106
17.03.2020;09:00;116;114
17.03.2020;10:00;104;91
17.03.2020;11:00;134;126
17.03.2020;12:00;60;107
17.03.2020;13:00;66;62
17.03.2020;14:00;91;56
17.03.2020;15:00;96;55
17.03.2020;16:00;94;71
17.03.2020;17:00;95;90
17.03.2020;18:00;94;100
17.03.2020;19:00;97;111
17.03.2020;20:00;97;99
17.03.2020;21:00;96;99
17.03.2020;22:00;94;93
17.03.2020;23:00;93;104
18.03.2020;00:00;77;105
18.03.2020;01:00;78;103
18.03.2020;02:00;91;86
18.03.2020;03:00;100;74
18.03.2020;04:00;78;80
18.03.2020;05:00;56;93
18.03.2020;06:00;55;94
18.03.2020;07:00;58;108
18.03.2020;08:00;72;112
18.03.2020;09:00;90;94
18.03.2020;10:00;98;85
18.03.2020;11:00;99;85
18.03.2020;12:00;99;96
18.03.2020;13:00;95;96
18.03.2020;14:00;82;115
18.03.2020;15:00;84;120
18.03.2020;16:00;87;93
18.03.2020;17:00;105;86
18.03.2020;18:00;116;86
18.03.2020;19:00;112;85
18.03.2020;20:00;106;123
18.03.2020;21:00;86;109
18.03.2020;22:00;81;100
18.03.2020;23:00;80;96
19.03.2020;00:00;73;91
19.03.2020;01:00;81;83
19.03.2020;02:00;80;82
19.03.2020;03:00;84;88
19.03.2020;04:00;77;91
19.03.2020;05:00;78;94
19.03.2020;06:00;84;88
19.03.2020;07:00;87;85
19.03.2020;08:00;87;85
19.03.2020;09:00;90;111
19.03.2020;10:00;99;100
19.03.2020;11:00;99;99
19.03.2020;12:00;126;86
19.03.2020;13:00;95;98
19.03.2020;14:00;90;85
19.03.2020;15:00;89;76
19.03.2020;16:00;90;73
19.03.2020;17:00;89;71
19.03.2020;18:00;94;58
19.03.2020;19:00;98;46
19.03.2020;20:00;69;59
19.03.2020;21:00;57;57
19.03.2020;22:00;56;58
19.03.2020;23:00;57;58
20.03.2020;00:00;54;54
20.03.2020;01:00;53;54
20.03.2020;02:00;53;52
20.03.2020;03:00;52;52
20.03.2020;04:00;49;50
20.03.2020;05:00;51;50
20.03.2020;06:00;61;62
20.03.2020;07:00;34;64
20.03.2020;08:00;69;69
20.03.2020;09:00;76;61
20.03.2020;10:00;72;70
20.03.2020;11:00;73;65
20.03.2020;12:00;75;59
20.03.2020;13:00;78;57
20.03.2020;14:00;54;51
20.03.2020;15:00;50;42
20.03.2020;16:00;51;38
20.03.2020;17:00;52;35
20.03.2020;18:00;39;39
20.03.2020;19:00;41;40
20.03.2020;20:00;39;38
20.03.2020;21:00;40;38
20.03.2020;22:00;35;39
20.03.2020;23:00;35;38
21.03.2020;00:00;35;38
21.03.2020;01:00;35;38
21.03.2020;02:00;40;39
21.03.2020;03:00;38;38
21.03.2020;04:00;38;38
21.03.2020;05:00;38;38
21.03.2020;06:00;34;37
21.03.2020;07:00;32;37
21.03.2020;08:00;30;38
21.03.2020;09:00;31;38
21.03.2020;10:00;61;2
21.03.2020;11:00;76;0
21.03.2020;12:00;71;0
21.03.2020;13:00;60;0
21.03.2020;14:00;53;0
21.03.2020;15:00;52;0
21.03.2020;16:00;48;0
21.03.2020;17:00;52;0
21.03.2020;18:00;63;0
21.03.2020;19:00;90;0
21.03.2020;20:00;68;0
21.03.2020;21:00;64;0
21.03.2020;22:00;65;0
21.03.2020;23:00;64;0
22.03.2020;00:00;-;-
22.03.2020;01:00;-;-
22.03.2020;02:00;-;-
22.03.2020;03:00;-;-
22.03.2020;04:00;-;-
22.03.2020;05:00;-;-
22.03.2020;06:00;-;-
22.03.2020;07:00;-;-
22.03.2020;08:00;-;-
22.03.2020;09:00;-;-
22.03.2020;10:00;-;-
22.03.2020;11:00;-;-
22.03.2020;12:00;-;-
22.03.2020;13:00;-;-
22.03.2020;14:00;-;-
22.03.2020;15:00;-;-
22.03.2020;16:00;-;-
22.03.2020;17:00;-;-
22.03.2020;18:00;-;-
22.03.2020;19:00;-;-
22.03.2020;20:00;-;-
22.03.2020;21:00;-;-
22.03.2020;22:00;-;-
22.03.2020;23:00;-;-
23.03.2020;00:00;102;0
23.03.2020;01:00;91;0
23.03.2020;02:00;94;0
23.03.2020;03:00;89;0
23.03.2020;04:00;88;0
23.03.2020;05:00;88;0
23.03.2020;06:00;87;0
23.03.2020;07:00;76;0
23.03.2020;08:00;73;1
23.03.2020;09:00;61;35
23.03.2020;10:00;61;40
23.03.2020;11:00;62;44
23.03.2020;12:00;58;43
23.03.2020;13:00;57;41
23.03.2020;14:00;52;41
23.03.2020;15:00;54;39
23.03.2020;16:00;36;39
23.03.2020;17:00;37;37
23.03.2020;18:00;36;38
23.03.2020;19:00;38;38
23.03.2020;20:00;38;38
23.03.2020;21:00;38;38
23.03.2020;22:00;38;38
23.03.2020;23:00;38;38
24.03.2020;00:00;52;38
24.03.2020;01:00;70;37
24.03.2020;02:00;75;39
24.03.2020;03:00;70;58
24.03.2020;04:00;72;63
24.03.2020;05:00;73;60
24.03.2020;06:00;68;61
24.03.2020;07:00;66;59
24.03.2020;08:00;60;61
24.03.2020;09:00;58;57
24.03.2020;10:00;42;56
24.03.2020;11:00;39;58
24.03.2020;12:00;40;53
24.03.2020;13:00;40;53
24.03.2020;14:00;41;54
24.03.2020;15:00;40;53
24.03.2020;16:00;40;53
24.03.2020;17:00;40;53
24.03.2020;18:00;40;54
24.03.2020;19:00;40;53
24.03.2020;20:00;39;56
24.03.2020;21:00;40;53
24.03.2020;22:00;40;51
24.03.2020;23:00;40;72
25.03.2020;00:00;40;71
25.03.2020;01:00;40;70
25.03.2020;02:00;39;67
25.03.2020;03:00;40;59
25.03.2020;04:00;40;60
25.03.2020;05:00;39;66
25.03.2020;06:00;41;67
25.03.2020;07:00;40;64
25.03.2020;08:00;46;52
25.03.2020;09:00;60;35
25.03.2020;10:00;46;39
25.03.2020;11:00;34;39
25.03.2020;12:00;35;39
25.03.2020;13:00;36;39
25.03.2020;14:00;35;39
25.03.2020;15:00;34;37
25.03.2020;16:00;39;25
25.03.2020;17:00;55;0
25.03.2020;18:00;60;0
25.03.2020;19:00;62;0
25.03.2020;20:00;60;0
25.03.2020;21:00;64;0
25.03.2020;22:00;67;0
25.03.2020;23:00;71;0
26.03.2020;00:00;63;0
26.03.2020;01:00;63;0
26.03.2020;02:00;65;0
26.03.2020;03:00;64;0
26.03.2020;04:00;63;0
26.03.2020;05:00;60;0
26.03.2020;06:00;61;0
26.03.2020;07:00;62;0
26.03.2020;08:00;61;0
26.03.2020;09:00;52;0
26.03.2020;10:00;53;0
26.03.2020;11:00;52;0
26.03.2020;12:00;52;0
26.03.2020;13:00;53;0
26.03.2020;14:00;52;0
26.03.2020;15:00;53;0
26.03.2020;16:00;52;0
26.03.2020;17:00;51;0
26.03.2020;18:00;52;0
26.03.2020;19:00;52;0
26.03.2020;20:00;51;0
26.03.2020;21:00;50;0
26.03.2020;22:00;49;0
26.03.2020;23:00;48;0
27.03.2020;00:00;58;0
27.03.2020;01:00;57;0
27.03.2020;02:00;55;0
27.03.2020;03:00;56;0
27.03.2020;04:00;57;0
27.03.2020;05:00;61;0
27.03.2020;06:00;69;0
27.03.2020;07:00;69;0
27.03.2020;08:00;54;0
27.03.2020;09:00;51;0
27.03.2020;10:00;49;0
27.03.2020;11:00;50;0
27.03.2020;12:00;39;0
27.03.2020;13:00;41;0
27.03.2020;14:00;40;0
27.03.2020;15:00;42;0
27.03.2020;16:00;39;0
27.03.2020;17:00;38;0
27.03.2020;18:00;43;0
27.03.2020;19:00;47;0
27.03.2020;20:00;46;0
27.03.2020;21:00;46;0
27.03.2020;22:00;46;0
27.03.2020;23:00;46;0
28.03.2020;00:00;46;0
28.03.2020;01:00;46;0
28.03.2020;02:00;45;0
28.03.2020;03:00;42;0
28.03.2020;04:00;40;0
28.03.2020;05:00;43;0
28.03.2020;06:00;34;0
28.03.2020;07:00;35;0
28.03.2020;08:00;34;0
28.03.2020;09:00;32;0
28.03.2020;10:00;32;0
28.03.2020;11:00;31;0
28.03.2020;12:00;31;0
28.03.2020;13:00;32;0
28.03.2020;14:00;32;0
28.03.2020;15:00;32;0
28.03.2020;16:00;32;0
28.03.2020;17:00;45;0
28.03.2020;18:00;52;0
28.03.2020;19:00;49;0
28.03.2020;20:00;50;0
28.03.2020;21:00;47;0
28.03.2020;22:00;47;0
28.03.2020;23:00;48;0
29.03.2020;00:00;38;0
29.03.2020;01:00;30;0
29.03.2020;03:00;38;0
29.03.2020;04:00;37;0
29.03.2020;05:00;38;0
29.03.2020;06:00;42;0
29.03.2020;07:00;43;0
29.03.2020;08:00;42;0
29.03.2020;09:00;42;0
29.03.2020;10:00;42;0
29.03.2020;11:00;43;0
29.03.2020;12:00;31;0
29.03.2020;13:00;33;0
29.03.2020;14:00;33;0
29.03.2020;15:00;33;0
29.03.2020;16:00;35;0
29.03.2020;17:00;39;0
29.03.2020;18:00;44;0
29.03.2020;19:00;51;0
29.03.2020;20:00;49;0
29.03.2020;21:00;58;0
29.03.2020;22:00;54;0
29.03.2020;23:00;53;0
30.03.2020;00:00;53;0
30.03.2020;01:00;56;0
30.03.2020;02:00;61;0
30.03.2020;03:00;56;0
30.03.2020;04:00;59;0
30.03.2020;05:00;59;0
30.03.2020;06:00;61;0
30.03.2020;07:00;66;0
30.03.2020;08:00;60;0
30.03.2020;09:00;65;14
30.03.2020;10:00;64;38
30.03.2020;11:00;55;40
30.03.2020;12:00;40;40
30.03.2020;13:00;38;39
30.03.2020;14:00;40;40
30.03.2020;15:00;45;39
30.03.2020;16:00;45;40
30.03.2020;17:00;44;40
30.03.2020;18:00;46;40
30.03.2020;19:00;63;39
30.03.2020;20:00;65;37
30.03.2020;21:00;66;38
30.03.2020;22:00;58;42
30.03.2020;23:00;52;51
31.03.2020;00:00;-;-
31.03.2020;01:00;-;-
31.03.2020;02:00;-;-
31.03.2020;03:00;-;-
31.03.2020;04:00;-;-
31.03.2020;05:00;-;-
31.03.2020;06:00;-;-
31.03.2020;07:00;-;-
31.03.2020;08:00;-;-
31.03.2020;09:00;-;-
31.03.2020;10:00;-;-
31.03.2020;11:00;-;-
31.03.2020;12:00;-;-
31.03.2020;13:00;-;-
31.03.2020;14:00;-;-
31.03.2020;15:00;-;-
31.03.2020;16:00;-;-
31.03.2020;17:00;-;-
31.03.2020;18:00;-;-
31.03.2020;19:00;-;-
31.03.2020;20:00;-;-
31.03.2020;21:00;-;-
31.03.2020;22:00;-;-
31.03.2020;23:00;-;-
01.04.2020;00:00;55;34
01.04.2020;01:00;57;34
01.04.2020;02:00;58;33
01.04.2020;03:00;60;34
01.04.2020;04:00;60;34
01.04.2020;05:00;64;35
01.04.2020;06:00;59;58
01.04.2020;07:00;59;60
01.04.2020;08:00;57;60
01.04.2020;09:00;34;60
01.04.2020;10:00;34;57
01.04.2020;11:00;33;57
01.04.2020;12:00;33;55
01.04.2020;13:00;34;54
01.04.2020;14:00;37;49
01.04.2020;15:00;42;42
01.04.2020;16:00;44;38
01.04.2020;17:00;42;37
01.04.2020;18:00;42;36
01.04.2020;19:00;44;35
01.04.2020;20:00;43;34
01.04.2020;21:00;40;37
01.04.2020;22:00;37;38
01.04.2020;23:00;36;38
02.04.2020;00:00;41;35
02.04.2020;01:00;40;35
02.04.2020;02:00;40;35
02.04.2020;03:00;41;35
02.04.2020;04:00;38;34
02.04.2020;05:00;52;34
02.04.2020;06:00;61;34
02.04.2020;07:00;64;34
02.04.2020;08:00;62;34
02.04.2020;09:00;57;34
02.04.2020;10:00;54;36
02.04.2020;11:00;54;34
02.04.2020;12:00;52;34
02.04.2020;13:00;50;36
02.04.2020;14:00;46;39
02.04.2020;15:00;42;40
02.04.2020;16:00;38;42
02.04.2020;17:00;37;40
02.04.2020;18:00;38;38
02.04.2020;19:00;39;37
02.04.2020;20:00;40;36
02.04.2020;21:00;41;35
02.04.2020;22:00;39;35
02.04.2020;23:00;39;35
03.04.2020;00:00;37;38
03.04.2020;01:00;36;38
03.04.2020;02:00;37;38
03.04.2020;03:00;38;37
03.04.2020;04:00;38;36
03.04.2020;05:00;35;41
03.04.2020;06:00;34;49
03.04.2020;07:00;34;59
03.04.2020;08:00;34;59
03.04.2020;09:00;34;55
03.04.2020;10:00;34;53
03.04.2020;11:00;34;52
03.04.2020;12:00;34;49
03.04.2020;13:00;34;49
03.04.2020;14:00;34;48
03.04.2020;15:00;34;45
03.04.2020;16:00;37;41
03.04.2020;17:00;40;35
03.04.2020;18:00;40;34
03.04.2020;19:00;55;33
03.04.2020;20:00;58;33
03.04.2020;21:00;60;33
03.04.2020;22:00;59;34
03.04.2020;23:00;58;33
04.04.2020;00:00;62;34
04.04.2020;01:00;65;34
04.04.2020;02:00;60;51
04.04.2020;03:00;63;34
04.04.2020;04:00;63;34
04.04.2020;05:00;63;34
04.04.2020;06:00;62;55
04.04.2020;07:00;62;55
04.04.2020;08:00;62;54
04.04.2020;09:00;61;34
04.04.2020;10:00;35;34
04.04.2020;11:00;33;33
04.04.2020;12:00;34;34
04.04.2020;13:00;36;33
04.04.2020;14:00;38;33
04.04.2020;15:00;38;34
04.04.2020;16:00;39;33
04.04.2020;17:00;39;34
04.04.2020;18:00;39;34
04.04.2020;19:00;38;33
04.04.2020;20:00;37;33
04.04.2020;21:00;36;33
04.04.2020;22:00;36;33
04.04.2020;23:00;36;34
05.04.2020;00:00;34;35
05.04.2020;01:00;33;35
05.04.2020;02:00;33;35
05.04.2020;03:00;33;34
05.04.2020;04:00;33;34
05.04.2020;05:00;33;33
05.04.2020;06:00;34;34
05.04.2020;07:00;34;35
05.04.2020;08:00;35;35
05.04.2020;09:00;35;36
05.04.2020;10:00;40;40
05.04.2020;11:00;40;40
05.04.2020;12:00;40;41
05.04.2020;13:00;40;41
05.04.2020;14:00;40;40
05.04.2020;15:00;40;40
05.04.2020;16:00;40;40
05.04.2020;17:00;40;40
05.04.2020;18:00;40;40
05.04.2020;19:00;40;40
05.04.2020;20:00;40;40
05.04.2020;21:00;40;40
05.04.2020;22:00;40;40
05.04.2020;23:00;40;40
06.04.2020;00:00;40;40
06.04.2020;01:00;40;40
06.04.2020;02:00;39;34
06.04.2020;03:00;38;34
06.04.2020;04:00;36;34
06.04.2020;05:00;39;35
06.04.2020;06:00;36;46
06.04.2020;07:00;37;52
06.04.2020;08:00;38;52
06.04.2020;09:00;40;42
06.04.2020;10:00;40;50
06.04.2020;11:00;40;53
06.04.2020;12:00;40;51
06.04.2020;13:00;49;41
06.04.2020;14:00;44;42
06.04.2020;15:00;40;42
06.04.2020;16:00;40;40
06.04.2020;17:00;40;40
06.04.2020;18:00;40;40
06.04.2020;19:00;40;40
06.04.2020;20:00;40;40
06.04.2020;21:00;40;40
06.04.2020;22:00;40;40
06.04.2020;23:00;40;40
07.04.2020;00:00;40;40
07.04.2020;01:00;40;40
07.04.2020;02:00;40;40
07.04.2020;03:00;40;40
07.04.2020;04:00;40;40
07.04.2020;05:00;38;39
07.04.2020;06:00;38;47
07.04.2020;07:00;38;54
07.04.2020;08:00;40;54
07.04.2020;09:00;40;42
07.04.2020;10:00;40;42
07.04.2020;11:00;40;42
07.04.2020;12:00;40;42
07.04.2020;13:00;40;43
07.04.2020;14:00;40;42
07.04.2020;15:00;40;41
07.04.2020;16:00;36;40
07.04.2020;17:00;44;43
07.04.2020;18:00;44;42
07.04.2020;19:00;43;44
07.04.2020;20:00;45;46
07.04.2020;21:00;42;45
07.04.2020;22:00;32;41
07.04.2020;23:00;38;42
08.04.2020;00:00;42;41
08.04.2020;01:00;41;39
08.04.2020;02:00;40;41
08.04.2020;03:00;40;41
08.04.2020;04:00;39;41
08.04.2020;05:00;44;43
08.04.2020;06:00;48;42
08.04.2020;07:00;57;41
08.04.2020;08:00;63;38
08.04.2020;09:00;61;39
08.04.2020;10:00;39;39
08.04.2020;11:00;34;40
08.04.2020;12:00;34;41
08.04.2020;13:00;35;41
08.04.2020;14:00;35;39
08.04.2020;15:00;35;39
08.04.2020;16:00;37;39
08.04.2020;17:00;59;42
08.04.2020;18:00;79;74
08.04.2020;19:00;108;123
08.04.2020;20:00;102;124
08.04.2020;21:00;55;56
08.04.2020;22:00;55;42
08.04.2020;23:00;56;43
09.04.2020;00:00;41;40
09.04.2020;01:00;40;39
09.04.2020;02:00;42;40
09.04.2020;03:00;41;40
09.04.2020;04:00;41;41
09.04.2020;05:00;42;43
09.04.2020;06:00;39;42
09.04.2020;07:00;38;36
09.04.2020;08:00;39;40
09.04.2020;09:00;44;43
09.04.2020;10:00;43;43
09.04.2020;11:00;40;44
09.04.2020;12:00;39;43
09.04.2020;13:00;39;43
09.04.2020;14:00;38;44
09.04.2020;15:00;38;43
09.04.2020;16:00;37;41
09.04.2020;17:00;37;41
09.04.2020;18:00;37;41
09.04.2020;19:00;36;40
09.04.2020;20:00;35;39
09.04.2020;21:00;42;43
09.04.2020;22:00;44;46
09.04.2020;23:00;37;40
10.04.2020;00:00;44;43
10.04.2020;01:00;34;38
10.04.2020;02:00;32;39
10.04.2020;03:00;33;39
10.04.2020;04:00;33;36
10.04.2020;05:00;36;35
10.04.2020;06:00;35;36
10.04.2020;07:00;35;35
10.04.2020;08:00;36;34
10.04.2020;09:00;34;34
10.04.2020;10:00;37;36
10.04.2020;11:00;41;43
10.04.2020;12:00;42;43
10.04.2020;13:00;42;45
10.04.2020;14:00;41;45
10.04.2020;15:00;41;45
10.04.2020;16:00;41;45
10.04.2020;17:00;41;45
10.04.2020;18:00;41;45
10.04.2020;19:00;41;45
10.04.2020;20:00;40;45
10.04.2020;21:00;42;43
10.04.2020;22:00;39;39
10.04.2020;23:00;39;39
11.04.2020;00:00;38;39
11.04.2020;01:00;36;38
11.04.2020;02:00;36;36
11.04.2020;03:00;36;36
11.04.2020;04:00;35;35
11.04.2020;05:00;34;34
11.04.2020;06:00;35;34
11.04.2020;07:00;35;34
11.04.2020;08:00;35;34
11.04.2020;09:00;35;39
11.04.2020;10:00;42;44
11.04.2020;11:00;42;44
11.04.2020;12:00;42;43
11.04.2020;13:00;42;44
11.04.2020;14:00;39;39
11.04.2020;15:00;38;38
11.04.2020;16:00;38;38
11.04.2020;17:00;38;39
11.04.2020;18:00;37;41
11.04.2020;19:00;37;41
11.04.2020;20:00;38;41
11.04.2020;21:00;44;43
11.04.2020;22:00;44;43
11.04.2020;23:00;42;41
12.04.2020;00:00;41;41
12.04.2020;01:00;41;41
12.04.2020;02:00;41;42
12.04.2020;03:00;41;41
12.04.2020;04:00;40;41
12.04.2020;05:00;35;35
12.04.2020;06:00;37;37
12.04.2020;07:00;37;39
12.04.2020;08:00;39;42
12.04.2020;09:00;39;38
12.04.2020;10:00;38;37
12.04.2020;11:00;39;37
12.04.2020;12:00;39;39
12.04.2020;13:00;38;41
12.04.2020;14:00;39;43
12.04.2020;15:00;39;43
12.04.2020;16:00;38;42
12.04.2020;17:00;39;41
12.04.2020;18:00;38;41
12.04.2020;19:00;38;41
12.04.2020;20:00;39;43
12.04.2020;21:00;39;42
12.04.2020;22:00;38;40
12.04.2020;23:00;39;40
13.04.2020;00:00;38;43
13.04.2020;01:00;37;42
13.04.2020;02:00;39;41
13.04.2020;03:00;42;46
13.04.2020;04:00;33;42
13.04.2020;05:00;37;40
13.04.2020;06:00;36;35
13.04.2020;07:00;36;35
13.04.2020;08:00;37;36
13.04.2020;09:00;36;35
13.04.2020;10:00;36;35
13.04.2020;11:00;37;36
13.04.2020;12:00;37;35
13.04.2020;13:00;38;36
13.04.2020;14:00;40;38
13.04.2020;15:00;46;21
13.04.2020;16:00;64;0
13.04.2020;17:00;66;0
13.04.2020;18:00;66;0
13.04.2020;19:00;75;0
13.04.2020;20:00;68;4
13.04.2020;21:00;75;0
13.04.2020;22:00;75;0
13.04.2020;23:00;75;0
14.04.2020;00:00;62;0
14.04.2020;01:00;58;0
14.04.2020;02:00;57;0
14.04.2020;03:00;57;0
14.04.2020;04:00;55;0
14.04.2020;05:00;58;0
14.04.2020;06:00;67;0
14.04.2020;07:00;71;0
14.04.2020;08:00;92;0
14.04.2020;09:00;87;0
14.04.2020;10:00;78;0
14.04.2020;11:00;80;0
14.04.2020;12:00;79;0
14.04.2020;13:00;79;0
14.04.2020;14:00;78;0
14.04.2020;15:00;75;0
14.04.2020;16:00;74;0
14.04.2020;17:00;75;0
14.04.2020;18:00;72;2
14.04.2020;19:00;32;27
14.04.2020;20:00;38;40
14.04.2020;21:00;38;39
14.04.2020;22:00;38;38
14.04.2020;23:00;36;35
15.04.2020;00:00;38;36
15.04.2020;01:00;36;35
15.04.2020;02:00;38;35
15.04.2020;03:00;37;35
15.04.2020;04:00;37;35
15.04.2020;05:00;44;40
15.04.2020;06:00;54;38
15.04.2020;07:00;54;39
15.04.2020;08:00;54;38
15.04.2020;09:00;56;39
15.04.2020;10:00;53;39
15.04.2020;11:00;55;39
15.04.2020;12:00;52;39
15.04.2020;13:00;54;39
15.04.2020;14:00;53;39
15.04.2020;15:00;44;39
15.04.2020;16:00;45;39
15.04.2020;17:00;45;39
15.04.2020;18:00;45;45
15.04.2020;19:00;47;47
15.04.2020;20:00;41;40
15.04.2020;21:00;40;39
15.04.2020;22:00;40;39
15.04.2020;23:00;36;36
16.04.2020;00:00;37;36
16.04.2020;01:00;36;36
16.04.2020;02:00;37;37
16.04.2020;03:00;36;36
16.04.2020;04:00;36;36
16.04.2020;05:00;36;35
16.04.2020;06:00;44;37
16.04.2020;07:00;55;36
16.04.2020;08:00;57;38
16.04.2020;09:00;55;41
16.04.2020;10:00;53;43
16.04.2020;11:00;53;42
16.04.2020;12:00;53;41
16.04.2020;13:00;54;42
16.04.2020;14:00;53;41
16.04.2020;15:00;53;42
16.04.2020;16:00;55;41
16.04.2020;17:00;55;41
16.04.2020;18:00;61;46
16.04.2020;19:00;124;77
16.04.2020;20:00;123;88
16.04.2020;21:00;65;52
16.04.2020;22:00;56;40
16.04.2020;23:00;54;41
17.04.2020;00:00;43;42
17.04.2020;01:00;35;44
17.04.2020;02:00;36;43
17.04.2020;03:00;37;37
17.04.2020;04:00;36;36
17.04.2020;05:00;37;36
17.04.2020;06:00;49;46
17.04.2020;07:00;100;88
17.04.2020;08:00;57;53
17.04.2020;09:00;56;42
17.04.2020;10:00;58;42
17.04.2020;11:00;57;42
17.04.2020;12:00;54;42
17.04.2020;13:00;52;41
17.04.2020;14:00;51;39
17.04.2020;15:00;51;38
17.04.2020;16:00;52;38
17.04.2020;17:00;52;37
17.04.2020;18:00;59;43
17.04.2020;19:00;113;85
17.04.2020;20:00;66;47
17.04.2020;21:00;49;38
17.04.2020;22:00;35;33
17.04.2020;23:00;38;34
18.04.2020;00:00;37;36
18.04.2020;01:00;36;35
18.04.2020;02:00;36;35
18.04.2020;03:00;35;35
18.04.2020;04:00;35;35
18.04.2020;05:00;35;34
18.04.2020;06:00;34;34
18.04.2020;07:00;38;38
18.04.2020;08:00;38;35
18.04.2020;09:00;44;43
18.04.2020;10:00;46;44
18.04.2020;11:00;45;43
18.04.2020;12:00;41;43
18.04.2020;13:00;41;42
18.04.2020;14:00;41;44
18.04.2020;15:00;40;43
18.04.2020;16:00;39;42
18.04.2020;17:00;40;42
18.04.2020;18:00;39;42
18.04.2020;19:00;40;42
18.04.2020;20:00;43;44
18.04.2020;21:00;42;46
18.04.2020;22:00;43;45
18.04.2020;23:00;43;46
19.04.2020;00:00;48;43
19.04.2020;01:00;47;40
19.04.2020;02:00;47;41
19.04.2020;03:00;38;39
19.04.2020;04:00;37;38
19.04.2020;05:00;35;36
19.04.2020;06:00;35;36
19.04.2020;07:00;35;37
19.04.2020;08:00;36;37
19.04.2020;09:00;38;37
19.04.2020;10:00;43;38
19.04.2020;11:00;41;39
19.04.2020;12:00;40;41
19.04.2020;13:00;39;43
19.04.2020;14:00;41;43
19.04.2020;15:00;44;43
19.04.2020;16:00;42;44
19.04.2020;17:00;43;44
19.04.2020;18:00;41;42
19.04.2020;19:00;40;41
19.04.2020;20:00;37;41
19.04.2020;21:00;37;36
19.04.2020;22:00;34;36
19.04.2020;23:00;34;35
20.04.2020;00:00;34;35
20.04.2020;01:00;33;35
20.04.2020;02:00;34;36
20.04.2020;03:00;33;35
20.04.2020;04:00;33;35
20.04.2020;05:00;35;36
20.04.2020;06:00;42;37
20.04.2020;07:00;58;39
20.04.2020;08:00;63;39
20.04.2020;09:00;60;38
20.04.2020;10:00;62;42
20.04.2020;11:00;61;44
20.04.2020;12:00;60;43
20.04.2020;13:00;59;42
20.04.2020;14:00;47;41
20.04.2020;15:00;42;42
20.04.2020;16:00;43;41
20.04.2020;17:00;43;42
20.04.2020;18:00;43;41
20.04.2020;19:00;43;42
20.04.2020;20:00;40;41
20.04.2020;21:00;38;40
20.04.2020;22:00;38;38
20.04.2020;23:00;36;40
21.04.2020;00:00;45;42
21.04.2020;01:00;45;46
21.04.2020;02:00;43;45
21.04.2020;03:00;36;37
21.04.2020;04:00;41;46
21.04.2020;05:00;38;49
21.04.2020;06:00;35;55
21.04.2020;07:00;35;63
21.04.2020;08:00;36;65
21.04.2020;09:00;36;67
21.04.2020;10:00;36;69
21.04.2020;11:00;36;59
21.04.2020;12:00;36;54
21.04.2020;13:00;36;42
21.04.2020;14:00;35;41
21.04.2020;15:00;37;42
21.04.2020;16:00;37;42
21.04.2020;17:00;42;42
21.04.2020;18:00;41;44
21.04.2020;19:00;38;39
21.04.2020;20:00;42;43
21.04.2020;21:00;45;45
21.04.2020;22:00;44;50
21.04.2020;23:00;41;51
22.04.2020;00:00;35;48
22.04.2020;01:00;34;49
22.04.2020;02:00;34;45
22.04.2020;03:00;36;45
22.04.2020;04:00;34;39
22.04.2020;05:00;37;37
22.04.2020;06:00;38;53
22.04.2020;07:00;38;67
22.04.2020;08:00;39;69
22.04.2020;09:00;39;72
22.04.2020;10:00;39;68
22.04.2020;11:00;39;65
22.04.2020;12:00;39;58
22.04.2020;13:00;39;53
22.04.2020;14:00;39;54
22.04.2020;15:00;39;53
22.04.2020;16:00;38;54
22.04.2020;17:00;38;53
22.04.2020;18:00;40;45
22.04.2020;19:00;41;43
22.04.2020;20:00;40;42
22.04.2020;21:00;43;44
22.04.2020;22:00;42;43
22.04.2020;23:00;44;43
23.04.2020;00:00;40;40
23.04.2020;01:00;40;40
23.04.2020;02:00;42;40
23.04.2020;03:00;42;43
23.04.2020;04:00;42;41
23.04.2020;05:00;42;43
23.04.2020;06:00;55;41
23.04.2020;07:00;66;42
23.04.2020;08:00;69;41
23.04.2020;09:00;69;42
23.04.2020;10:00;69;43
23.04.2020;11:00;59;39
23.04.2020;12:00;58;39
23.04.2020;13:00;57;39
23.04.2020;14:00;57;39
23.04.2020;15:00;51;41
23.04.2020;16:00;42;46
23.04.2020;17:00;44;44
23.04.2020;18:00;52;51
23.04.2020;19:00;71;73
23.04.2020;20:00;73;75
23.04.2020;21:00;62;50
23.04.2020;22:00;51;40
23.04.2020;23:00;51;41
24.04.2020;00:00;49;41
24.04.2020;01:00;50;41
24.04.2020;02:00;51;41
24.04.2020;03:00;50;41
24.04.2020;04:00;50;40
24.04.2020;05:00;50;41
24.04.2020;06:00;52;57
24.04.2020;07:00;55;68
24.04.2020;08:00;56;73
24.04.2020;09:00;61;72
24.04.2020;10:00;62;73
24.04.2020;11:00;61;73
24.04.2020;12:00;62;61
24.04.2020;13:00;61;57
24.04.2020;14:00;47;60
24.04.2020;15:00;43;62
24.04.2020;16:00;43;58
24.04.2020;17:00;42;57
24.04.2020;18:00;46;45
24.04.2020;19:00;47;47
24.04.2020;20:00;45;47
24.04.2020;21:00;43;46
24.04.2020;22:00;42;45
24.04.2020;23:00;42;45
25.04.2020;00:00;41;37
25.04.2020;01:00;41;38
25.04.2020;02:00;41;38
25.04.2020;03:00;41;38
25.04.2020;04:00;42;38
25.04.2020;05:00;41;38
25.04.2020;06:00;42;38
25.04.2020;07:00;36;37
25.04.2020;08:00;35;35
25.04.2020;09:00;37;36
25.04.2020;10:00;39;40
25.04.2020;11:00;39;40
25.04.2020;12:00;39;40
25.04.2020;13:00;39;40
25.04.2020;14:00;42;44
25.04.2020;15:00;42;44
25.04.2020;16:00;40;43
25.04.2020;17:00;39;45
25.04.2020;18:00;41;43
25.04.2020;19:00;42;46
25.04.2020;20:00;43;45
25.04.2020;21:00;43;47
25.04.2020;22:00;45;50
25.04.2020;23:00;44;50
26.04.2020;00:00;47;46
26.04.2020;01:00;48;46
26.04.2020;02:00;47;45
26.04.2020;03:00;48;46
26.04.2020;04:00;40;40
26.04.2020;05:00;39;40
26.04.2020;06:00;38;39
26.04.2020;07:00;37;38
26.04.2020;08:00;37;38
26.04.2020;09:00;33;39
26.04.2020;10:00;33;39
26.04.2020;11:00;38;40
26.04.2020;12:00;41;39
26.04.2020;13:00;41;38
26.04.2020;14:00;41;42
26.04.2020;15:00;40;41
26.04.2020;16:00;41;41
26.04.2020;17:00;41;42
26.04.2020;18:00;41;41
26.04.2020;19:00;42;42
26.04.2020;20:00;43;41
26.04.2020;21:00;42;42
26.04.2020;22:00;42;41
26.04.2020;23:00;43;42
27.04.2020;00:00;39;42
27.04.2020;01:00;39;40
27.04.2020;02:00;37;39
27.04.2020;03:00;36;38
27.04.2020;04:00;37;38
27.04.2020;05:00;39;37
27.04.2020;06:00;56;43
27.04.2020;07:00;61;57
27.04.2020;08:00;66;66
27.04.2020;09:00;79;68
27.04.2020;10:00;79;69
27.04.2020;11:00;78;78
27.04.2020;12:00;79;79
27.04.2020;13:00;79;78
27.04.2020;14:00;74;61
27.04.2020;15:00;62;62
27.04.2020;16:00;61;62
27.04.2020;17:00;63;62
27.04.2020;18:00;59;66
27.04.2020;19:00;62;62
27.04.2020;20:00;65;59
27.04.2020;21:00;66;57
27.04.2020;22:00;59;55
27.04.2020;23:00;57;43
28.04.2020;00:00;66;43
28.04.2020;01:00;66;44
28.04.2020;02:00;66;44
28.04.2020;03:00;64;44
28.04.2020;04:00;67;44
28.04.2020;05:00;71;48
28.04.2020;06:00;73;77
28.04.2020;07:00;88;107
28.04.2020;08:00;94;114
28.04.2020;09:00;94;109
28.04.2020;10:00;95;100
28.04.2020;11:00;95;103
28.04.2020;12:00;94;100
28.04.2020;13:00;90;97
28.04.2020;14:00;78;84
28.04.2020;15:00;74;76
28.04.2020;16:00;71;70
28.04.2020;17:00;72;71
28.04.2020;18:00;72;71
28.04.2020;19:00;71;71
28.04.2020;20:00;71;68
28.04.2020;21:00;61;76
28.04.2020;22:00;56;72
28.04.2020;23:00;51;73
29.04.2020;00:00;-;-
29.04.2020;01:00;-;-
29.04.2020;02:00;-;-
29.04.2020;03:00;-;-
29.04.2020;04:00;-;-
29.04.2020;05:00;-;-
29.04.2020;06:00;-;-
29.04.2020;07:00;-;-
29.04.2020;08:00;-;-
29.04.2020;09:00;-;-
29.04.2020;10:00;-;-
29.04.2020;11:00;-;-
29.04.2020;12:00;-;-
29.04.2020;13:00;-;-
29.04.2020;14:00;-;-
29.04.2020;15:00;-;-
29.04.2020;16:00;-;-
29.04.2020;17:00;-;-
29.04.2020;18:00;-;-
29.04.2020;19:00;-;-
29.04.2020;20:00;-;-
29.04.2020;21:00;-;-
29.04.2020;22:00;-;-
29.04.2020;23:00;-;-
30.04.2020;00:00;64;65
30.04.2020;01:00;62;62
30.04.2020;02:00;62;62
30.04.2020;03:00;65;65
30.04.2020;04:00;67;65
30.04.2020;05:00;69;70
30.04.2020;06:00;86;88
30.04.2020;07:00;99;101
30.04.2020;08:00;99;104
30.04.2020;09:00;103;103
30.04.2020;10:00;100;100
30.04.2020;11:00;99;103
30.04.2020;12:00;91;83
30.04.2020;13:00;99;84
30.04.2020;14:00;86;65
30.04.2020;15:00;74;66
30.04.2020;16:00;71;67
30.04.2020;17:00;65;63
30.04.2020;18:00;59;57
30.04.2020;19:00;61;58
30.04.2020;20:00;60;46
30.04.2020;21:00;58;43
30.04.2020;22:00;42;40
30.04.2020;23:00;39;41
