Datum;Uhrzeit;Generation_DE A[MW];Generation_DE B[MW]
01.01.2020;00:00;0;726
01.01.2020;01:00;0;723
01.01.2020;02:00;0;728
01.01.2020;03:00;0;730
01.01.2020;04:00;0;733
01.01.2020;05:00;0;729
01.01.2020;06:00;0;730
01.01.2020;07:00;47;725
01.01.2020;08:00;281;710
01.01.2020;09:00;335;708
01.01.2020;10:00;390;721
01.01.2020;11:00;530;726
01.01.2020;12:00;620;721
01.01.2020;13:00;624;722
01.01.2020;14:00;729;738
01.01.2020;15:00;747;736
01.01.2020;16:00;745;738
01.01.2020;17:00;739;733
01.01.2020;18:00;716;722
01.01.2020;19:00;623;634
01.01.2020;20:00;713;713
01.01.2020;21:00;745;736
01.01.2020;22:00;747;740
01.01.2020;23:00;752;733
02.01.2020;00:00;743;733
02.01.2020;01:00;750;736
02.01.2020;02:00;752;736
02.01.2020;03:00;720;721
02.01.2020;04:00;589;594
02.01.2020;05:00;606;630
02.01.2020;06:00;647;710
02.01.2020;07:00;619;722
02.01.2020;08:00;697;735
02.01.2020;09:00;683;733
02.01.2020;10:00;681;727
02.01.2020;11:00;685;728
02.01.2020;12:00;697;732
02.01.2020;13:00;695;732
02.01.2020;14:00;665;169
02.01.2020;15:00;652;0
02.01.2020;16:00;652;0
02.01.2020;17:00;658;17
02.01.2020;18:00;653;304
02.01.2020;19:00;657;571
02.01.2020;20:00;674;731
02.01.2020;21:00;674;726
02.01.2020;22:00;674;731
02.01.2020;23:00;515;578
03.01.2020;00:00;476;593
03.01.2020;01:00;333;541
03.01.2020;02:00;333;416
03.01.2020;03:00;318;318
03.01.2020;04:00;307;313
03.01.2020;05:00;316;310
03.01.2020;06:00;332;299
03.01.2020;07:00;358;368
03.01.2020;08:00;378;439
03.01.2020;09:00;417;485
03.01.2020;10:00;547;623
03.01.2020;11:00;665;721
03.01.2020;12:00;686;721
03.01.2020;13:00;635;683
03.01.2020;14:00;645;682
03.01.2020;15:00;566;612
03.01.2020;16:00;609;654
03.01.2020;17:00;533;543
03.01.2020;18:00;388;394
03.01.2020;19:00;364;410
03.01.2020;20:00;334;308
03.01.2020;21:00;326;294
03.01.2020;22:00;326;291
03.01.2020;23:00;347;303
04.01.2020;00:00;312;278
04.01.2020;01:00;333;276
04.01.2020;02:00;345;283
04.01.2020;03:00;342;384
04.01.2020;04:00;333;285
04.01.2020;05:00;358;380
04.01.2020;06:00;362;371
04.01.2020;07:00;348;285
04.01.2020;08:00;323;291
04.01.2020;09:00;316;286
04.01.2020;10:00;313;291
04.01.2020;11:00;352;291
04.01.2020;12:00;434;358
04.01.2020;13:00;361;284
04.01.2020;14:00;370;300
04.01.2020;15:00;398;412
04.01.2020;16:00;486;340
04.01.2020;17:00;667;685
04.01.2020;18:00;706;723
04.01.2020;19:00;711;724
04.01.2020;20:00;711;733
04.01.2020;21:00;722;737
04.01.2020;22:00;719;738
04.01.2020;23:00;716;735
05.01.2020;00:00;702;725
05.01.2020;01:00;702;724
05.01.2020;02:00;715;734
05.01.2020;03:00;715;737
05.01.2020;04:00;730;739
05.01.2020;05:00;740;746
05.01.2020;06:00;748;748
05.01.2020;07:00;746;745
05.01.2020;08:00;746;747
05.01.2020;09:00;725;732
05.01.2020;10:00;731;735
05.01.2020;11:00;732;736
05.01.2020;12:00;727;734
05.01.2020;13:00;738;739
05.01.2020;14:00;725;733
05.01.2020;15:00;727;735
05.01.2020;16:00;737;742
05.01.2020;17:00;736;741
05.01.2020;18:00;741;747
05.01.2020;19:00;735;743
05.01.2020;20:00;737;741
05.01.2020;21:00;740;742
05.01.2020;22:00;739;747
05.01.2020;23:00;739;745
06.01.2020;00:00;734;746
06.01.2020;01:00;722;740
06.01.2020;02:00;728;735
06.01.2020;03:00;682;686
06.01.2020;04:00;715;718
06.01.2020;05:00;737;740
06.01.2020;06:00;710;732
06.01.2020;07:00;685;722
06.01.2020;08:00;692;730
06.01.2020;09:00;680;736
06.01.2020;10:00;665;722
06.01.2020;11:00;670;717
06.01.2020;12:00;670;720
06.01.2020;13:00;675;718
06.01.2020;14:00;671;719
06.01.2020;15:00;666;737
06.01.2020;16:00;663;724
06.01.2020;17:00;678;743
06.01.2020;18:00;686;740
06.01.2020;19:00;666;740
06.01.2020;20:00;651;713
06.01.2020;21:00;672;710
06.01.2020;22:00;669;720
06.01.2020;23:00;643;708
07.01.2020;00:00;628;722
07.01.2020;01:00;640;723
07.01.2020;02:00;640;720
07.01.2020;03:00;636;701
07.01.2020;04:00;659;719
07.01.2020;05:00;671;723
07.01.2020;06:00;673;720
07.01.2020;07:00;677;724
07.01.2020;08:00;697;722
07.01.2020;09:00;704;724
07.01.2020;10:00;694;722
07.01.2020;11:00;679;721
07.01.2020;12:00;656;719
07.01.2020;13:00;676;714
07.01.2020;14:00;683;722
07.01.2020;15:00;678;721
07.01.2020;16:00;680;722
07.01.2020;17:00;678;717
07.01.2020;18:00;670;719
07.01.2020;19:00;664;718
07.01.2020;20:00;665;719
07.01.2020;21:00;687;727
07.01.2020;22:00;672;719
07.01.2020;23:00;649;691
08.01.2020;00:00;380;395
08.01.2020;01:00;346;371
08.01.2020;02:00;348;381
08.01.2020;03:00;369;379
08.01.2020;04:00;376;401
08.01.2020;05:00;411;622
08.01.2020;06:00;571;607
08.01.2020;07:00;677;702
08.01.2020;08:00;681;580
08.01.2020;09:00;687;584
08.01.2020;10:00;682;623
08.01.2020;11:00;688;647
08.01.2020;12:00;691;716
08.01.2020;13:00;698;728
08.01.2020;14:00;687;708
08.01.2020;15:00;697;718
08.01.2020;16:00;689;708
08.01.2020;17:00;648;717
08.01.2020;18:00;569;719
08.01.2020;19:00;571;720
08.01.2020;20:00;551;723
08.01.2020;21:00;561;727
08.01.2020;22:00;554;723
08.01.2020;23:00;553;729
09.01.2020;00:00;558;717
09.01.2020;01:00;561;714
09.01.2020;02:00;552;715
09.01.2020;03:00;556;723
09.01.2020;04:00;567;726
09.01.2020;05:00;588;715
09.01.2020;06:00;597;719
09.01.2020;07:00;596;720
09.01.2020;08:00;580;710
09.01.2020;09:00;561;645
09.01.2020;10:00;573;651
09.01.2020;11:00;580;676
09.01.2020;12:00;547;605
09.01.2020;13:00;529;533
09.01.2020;14:00;483;551
09.01.2020;15:00;580;647
09.01.2020;16:00;578;707
09.01.2020;17:00;547;649
09.01.2020;18:00;583;668
09.01.2020;19:00;583;659
09.01.2020;20:00;584;639
09.01.2020;21:00;586;652
09.01.2020;22:00;543;649
09.01.2020;23:00;540;627
10.01.2020;00:00;581;717
10.01.2020;01:00;586;718
10.01.2020;02:00;595;717
10.01.2020;03:00;598;715
10.01.2020;04:00;597;721
10.01.2020;05:00;694;734
10.01.2020;06:00;699;727
10.01.2020;07:00;701;716
10.01.2020;08:00;701;720
10.01.2020;09:00;694;714
10.01.2020;10:00;708;722
10.01.2020;11:00;698;718
10.01.2020;12:00;703;721
10.01.2020;13:00;707;716
10.01.2020;14:00;692;721
10.01.2020;15:00;690;716
10.01.2020;16:00;668;716
10.01.2020;17:00;676;713
10.01.2020;18:00;672;715
10.01.2020;19:00;667;702
10.01.2020;20:00;662;718
10.01.2020;21:00;682;729
10.01.2020;22:00;674;730
10.01.2020;23:00;676;722
11.01.2020;00:00;677;729
11.01.2020;01:00;676;733
11.01.2020;02:00;678;727
11.01.2020;03:00;688;730
11.01.2020;04:00;681;713
11.01.2020;05:00;694;703
11.01.2020;06:00;688;704
11.01.2020;07:00;583;598
11.01.2020;08:00;708;720
11.01.2020;09:00;713;731
11.01.2020;10:00;711;724
11.01.2020;11:00;711;728
11.01.2020;12:00;702;729
11.01.2020;13:00;561;718
11.01.2020;14:00;569;713
11.01.2020;15:00;715;719
11.01.2020;16:00;713;722
11.01.2020;17:00;716;726
11.01.2020;18:00;707;718
11.01.2020;19:00;695;705
11.01.2020;20:00;620;680
11.01.2020;21:00;523;645
11.01.2020;22:00;495;663
11.01.2020;23:00;426;513
12.01.2020;00:00;340;411
12.01.2020;01:00;0;354
12.01.2020;02:00;0;288
12.01.2020;03:00;0;292
12.01.2020;04:00;0;266
12.01.2020;05:00;0;274
12.01.2020;06:00;0;274
12.01.2020;07:00;0;376
12.01.2020;08:00;0;373
12.01.2020;09:00;0;525
12.01.2020;10:00;0;376
12.01.2020;11:00;0;462
12.01.2020;12:00;0;429
12.01.2020;13:00;3;339
12.01.2020;14:00;181;387
12.01.2020;15:00;381;401
12.01.2020;16:00;481;512
12.01.2020;17:00;576;688
12.01.2020;18:00;568;571
12.01.2020;19:00;506;537
12.01.2020;20:00;573;564
12.01.2020;21:00;505;442
12.01.2020;22:00;416;364
12.01.2020;23:00;477;359
13.01.2020;00:00;511;393
13.01.2020;01:00;514;408
13.01.2020;02:00;589;549
13.01.2020;03:00;507;537
13.01.2020;04:00;552;619
13.01.2020;05:00;707;731
13.01.2020;06:00;720;739
13.01.2020;07:00;717;735
13.01.2020;08:00;712;732
13.01.2020;09:00;717;734
13.01.2020;10:00;702;736
13.01.2020;11:00;707;738
13.01.2020;12:00;700;729
13.01.2020;13:00;692;727
13.01.2020;14:00;691;720
13.01.2020;15:00;681;718
13.01.2020;16:00;597;716
13.01.2020;17:00;636;726
13.01.2020;18:00;602;716
13.01.2020;19:00;591;713
13.01.2020;20:00;597;706
13.01.2020;21:00;573;689
13.01.2020;22:00;587;700
13.01.2020;23:00;504;555
14.01.2020;00:00;425;385
14.01.2020;01:00;406;292
14.01.2020;02:00;404;282
14.01.2020;03:00;394;276
14.01.2020;04:00;393;278
14.01.2020;05:00;414;334
14.01.2020;06:00;392;405
14.01.2020;07:00;368;326
14.01.2020;08:00;408;436
14.01.2020;09:00;465;437
14.01.2020;10:00;596;577
14.01.2020;11:00;706;713
14.01.2020;12:00;627;644
14.01.2020;13:00;538;580
14.01.2020;14:00;680;709
14.01.2020;15:00;687;708
14.01.2020;16:00;601;712
14.01.2020;17:00;662;714
14.01.2020;18:00;667;682
14.01.2020;19:00;535;461
14.01.2020;20:00;380;306
14.01.2020;21:00;372;308
14.01.2020;22:00;341;278
14.01.2020;23:00;340;279
15.01.2020;00:00;328;261
15.01.2020;01:00;326;357
15.01.2020;02:00;309;257
15.01.2020;03:00;326;257
15.01.2020;04:00;352;322
15.01.2020;05:00;364;290
15.01.2020;06:00;392;478
15.01.2020;07:00;532;615
15.01.2020;08:00;606;672
15.01.2020;09:00;564;579
15.01.2020;10:00;501;372
15.01.2020;11:00;441;423
15.01.2020;12:00;413;434
15.01.2020;13:00;395;436
15.01.2020;14:00;535;577
15.01.2020;15:00;663;561
15.01.2020;16:00;627;584
15.01.2020;17:00;630;711
15.01.2020;18:00;621;703
15.01.2020;19:00;609;703
15.01.2020;20:00;644;688
15.01.2020;21:00;525;622
15.01.2020;22:00;587;681
15.01.2020;23:00;618;684
16.01.2020;00:00;584;721
16.01.2020;01:00;542;724
16.01.2020;02:00;589;726
16.01.2020;03:00;655;728
16.01.2020;04:00;656;729
16.01.2020;05:00;658;727
16.01.2020;06:00;663;724
16.01.2020;07:00;665;725
16.01.2020;08:00;655;726
16.01.2020;09:00;651;727
16.01.2020;10:00;652;725
16.01.2020;11:00;632;709
16.01.2020;12:00;617;682
16.01.2020;13:00;667;724
16.01.2020;14:00;689;722
16.01.2020;15:00;682;723
16.01.2020;16:00;674;721
16.01.2020;17:00;663;724
16.01.2020;18:00;661;720
16.01.2020;19:00;671;724
16.01.2020;20:00;670;723
16.01.2020;21:00;665;716
16.01.2020;22:00;670;723
16.01.2020;23:00;654;683
17.01.2020;00:00;675;719
17.01.2020;01:00;674;716
17.01.2020;02:00;679;715
17.01.2020;03:00;679;716
17.01.2020;04:00;679;719
17.01.2020;05:00;692;721
17.01.2020;06:00;703;719
17.01.2020;07:00;711;715
17.01.2020;08:00;709;716
17.01.2020;09:00;715;721
17.01.2020;10:00;710;725
17.01.2020;11:00;712;723
17.01.2020;12:00;709;724
17.01.2020;13:00;713;718
17.01.2020;14:00;707;724
17.01.2020;15:00;697;722
17.01.2020;16:00;680;723
17.01.2020;17:00;676;722
17.01.2020;18:00;677;721
17.01.2020;19:00;678;719
17.01.2020;20:00;692;722
17.01.2020;21:00;687;722
17.01.2020;22:00;659;685
17.01.2020;23:00;511;466
18.01.2020;00:00;364;291
18.01.2020;01:00;353;286
18.01.2020;02:00;356;287
18.01.2020;03:00;450;442
18.01.2020;04:00;570;580
18.01.2020;05:00;707;656
18.01.2020;06:00;706;714
18.01.2020;07:00;705;717
18.01.2020;08:00;635;646
18.01.2020;09:00;702;722
18.01.2020;10:00;702;719
18.01.2020;11:00;699;720
18.01.2020;12:00;703;722
18.01.2020;13:00;709;728
18.01.2020;14:00;707;725
18.01.2020;15:00;709;724
18.01.2020;16:00;709;726
18.01.2020;17:00;709;729
18.01.2020;18:00;709;735
18.01.2020;19:00;704;732
18.01.2020;20:00;705;726
18.01.2020;21:00;689;728
18.01.2020;22:00;710;731
18.01.2020;23:00;716;731
19.01.2020;00:00;719;735
19.01.2020;01:00;713;722
19.01.2020;02:00;706;727
19.01.2020;03:00;715;728
19.01.2020;04:00;726;730
19.01.2020;05:00;740;736
19.01.2020;06:00;734;735
19.01.2020;07:00;739;737
19.01.2020;08:00;730;731
19.01.2020;09:00;725;726
19.01.2020;10:00;718;720
19.01.2020;11:00;718;728
19.01.2020;12:00;720;727
19.01.2020;13:00;724;724
19.01.2020;14:00;719;726
19.01.2020;15:00;723;728
19.01.2020;16:00;726;728
19.01.2020;17:00;724;681
19.01.2020;18:00;702;0
19.01.2020;19:00;695;0
19.01.2020;20:00;682;0
19.01.2020;21:00;707;0
19.01.2020;22:00;703;0
19.01.2020;23:00;705;311
20.01.2020;00:00;708;470
20.01.2020;01:00;706;640
20.01.2020;02:00;700;640
20.01.2020;03:00;706;654
20.01.2020;04:00;712;658
20.01.2020;05:00;709;654
20.01.2020;06:00;648;650
20.01.2020;07:00;627;659
20.01.2020;08:00;631;642
20.01.2020;09:00;640;644
20.01.2020;10:00;642;645
20.01.2020;11:00;640;667
20.01.2020;12:00;648;747
20.01.2020;13:00;680;663
20.01.2020;14:00;670;459
20.01.2020;15:00;674;440
20.01.2020;16:00;671;435
20.01.2020;17:00;663;440
20.01.2020;18:00;648;445
20.01.2020;19:00;628;473
20.01.2020;20:00;619;0
20.01.2020;21:00;621;0
20.01.2020;22:00;605;0
20.01.2020;23:00;619;0
21.01.2020;00:00;625;0
21.01.2020;01:00;559;0
21.01.2020;02:00;539;0
21.01.2020;03:00;547;0
21.01.2020;04:00;552;0
21.01.2020;05:00;612;0
21.01.2020;06:00;624;0
21.01.2020;07:00;619;0
21.01.2020;08:00;618;0
21.01.2020;09:00;612;0
21.01.2020;10:00;618;0
21.01.2020;11:00;624;0
21.01.2020;12:00;621;0
21.01.2020;13:00;615;0
21.01.2020;14:00;598;0
21.01.2020;15:00;608;0
21.01.2020;16:00;603;0
21.01.2020;17:00;608;2
21.01.2020;18:00;614;314
21.01.2020;19:00;602;583
21.01.2020;20:00;637;675
21.01.2020;21:00;649;725
21.01.2020;22:00;656;729
21.01.2020;23:00;661;734
22.01.2020;00:00;659;734
22.01.2020;01:00;651;735
22.01.2020;02:00;659;737
22.01.2020;03:00;669;735
22.01.2020;04:00;674;723
22.01.2020;05:00;696;723
22.01.2020;06:00;686;718
22.01.2020;07:00;687;719
22.01.2020;08:00;679;718
22.01.2020;09:00;679;721
22.01.2020;10:00;672;724
22.01.2020;11:00;680;731
22.01.2020;12:00;673;730
22.01.2020;13:00;674;732
22.01.2020;14:00;671;730
22.01.2020;15:00;663;724
22.01.2020;16:00;677;717
22.01.2020;17:00;670;710
22.01.2020;18:00;663;719
22.01.2020;19:00;678;716
22.01.2020;20:00;676;718
22.01.2020;21:00;686;715
22.01.2020;22:00;679;718
22.01.2020;23:00;669;716
23.01.2020;00:00;665;716
23.01.2020;01:00;668;719
23.01.2020;02:00;674;720
23.01.2020;03:00;675;720
23.01.2020;04:00;678;723
23.01.2020;05:00;703;715
23.01.2020;06:00;707;720
23.01.2020;07:00;701;720
23.01.2020;08:00;704;718
23.01.2020;09:00;706;720
23.01.2020;10:00;697;718
23.01.2020;11:00;699;718
23.01.2020;12:00;691;720
23.01.2020;13:00;692;725
23.01.2020;14:00;693;723
23.01.2020;15:00;685;723
23.01.2020;16:00;685;717
23.01.2020;17:00;687;716
23.01.2020;18:00;691;714
23.01.2020;19:00;677;720
23.01.2020;20:00;684;726
23.01.2020;21:00;696;723
23.01.2020;22:00;687;731
23.01.2020;23:00;688;728
24.01.2020;00:00;688;728
24.01.2020;01:00;681;729
24.01.2020;02:00;685;725
24.01.2020;03:00;683;724
24.01.2020;04:00;683;716
24.01.2020;05:00;689;720
24.01.2020;06:00;696;709
24.01.2020;07:00;695;724
24.01.2020;08:00;704;719
24.01.2020;09:00;710;725
24.01.2020;10:00;713;727
24.01.2020;11:00;710;728
24.01.2020;12:00;720;731
24.01.2020;13:00;713;732
24.01.2020;14:00;710;730
24.01.2020;15:00;699;729
24.01.2020;16:00;700;729
24.01.2020;17:00;695;730
24.01.2020;18:00;688;727
24.01.2020;19:00;688;730
24.01.2020;20:00;690;730
24.01.2020;21:00;698;732
24.01.2020;22:00;695;730
24.01.2020;23:00;707;735
25.01.2020;00:00;693;731
25.01.2020;01:00;688;731
25.01.2020;02:00;694;735
25.01.2020;03:00;700;735
25.01.2020;04:00;700;736
25.01.2020;05:00;712;729
25.01.2020;06:00;717;733
25.01.2020;07:00;716;728
25.01.2020;08:00;726;727
25.01.2020;09:00;730;727
25.01.2020;10:00;720;724
25.01.2020;11:00;728;726
25.01.2020;12:00;717;723
25.01.2020;13:00;716;720
25.01.2020;14:00;726;726
25.01.2020;15:00;731;730
25.01.2020;16:00;728;727
25.01.2020;17:00;725;728
25.01.2020;18:00;720;726
25.01.2020;19:00;718;724
25.01.2020;20:00;718;728
25.01.2020;21:00;736;728
25.01.2020;22:00;739;726
25.01.2020;23:00;739;729
26.01.2020;00:00;741;726
26.01.2020;01:00;740;727
26.01.2020;02:00;744;730
26.01.2020;03:00;741;733
26.01.2020;04:00;740;739
26.01.2020;05:00;743;742
26.01.2020;06:00;738;739
26.01.2020;07:00;742;744
26.01.2020;08:00;740;742
26.01.2020;09:00;736;744
26.01.2020;10:00;733;741
26.01.2020;11:00;739;747
26.01.2020;12:00;744;748
26.01.2020;13:00;731;750
26.01.2020;14:00;731;746
26.01.2020;15:00;724;750
26.01.2020;16:00;728;741
26.01.2020;17:00;725;738
26.01.2020;18:00;725;738
26.01.2020;19:00;720;747
26.01.2020;20:00;718;732
26.01.2020;21:00;617;634
26.01.2020;22:00;701;727
26.01.2020;23:00;638;651
27.01.2020;00:00;703;727
27.01.2020;01:00;717;738
27.01.2020;02:00;721;737
27.01.2020;03:00;608;611
27.01.2020;04:00;696;707
27.01.2020;05:00;716;740
27.01.2020;06:00;711;734
27.01.2020;07:00;667;708
27.01.2020;08:00;674;714
27.01.2020;09:00;691;719
27.01.2020;10:00;696;745
27.01.2020;11:00;647;745
27.01.2020;12:00;693;744
27.01.2020;13:00;703;744
27.01.2020;14:00;701;732
27.01.2020;15:00;691;738
27.01.2020;16:00;687;741
27.01.2020;17:00;688;740
27.01.2020;18:00;689;743
27.01.2020;19:00;689;741
27.01.2020;20:00;698;739
27.01.2020;21:00;686;740
27.01.2020;22:00;681;743
27.01.2020;23:00;664;731
28.01.2020;00:00;520;609
28.01.2020;01:00;471;554
28.01.2020;02:00;415;459
28.01.2020;03:00;417;331
28.01.2020;04:00;413;320
28.01.2020;05:00;450;443
28.01.2020;06:00;508;538
28.01.2020;07:00;604;683
28.01.2020;08:00;672;616
28.01.2020;09:00;667;617
28.01.2020;10:00;572;623
28.01.2020;11:00;594;618
28.01.2020;12:00;664;716
28.01.2020;13:00;640;695
28.01.2020;14:00;652;701
28.01.2020;15:00;557;659
28.01.2020;16:00;602;718
28.01.2020;17:00;539;706
28.01.2020;18:00;568;711
28.01.2020;19:00;550;672
28.01.2020;20:00;362;413
28.01.2020;21:00;349;395
28.01.2020;22:00;342;397
28.01.2020;23:00;334;368
29.01.2020;00:00;263;359
29.01.2020;01:00;259;381
29.01.2020;02:00;312;390
29.01.2020;03:00;285;338
29.01.2020;04:00;325;393
29.01.2020;05:00;444;420
29.01.2020;06:00;555;573
29.01.2020;07:00;528;568
29.01.2020;08:00;486;554
29.01.2020;09:00;469;554
29.01.2020;10:00;521;526
29.01.2020;11:00;555;630
29.01.2020;12:00;552;679
29.01.2020;13:00;544;637
29.01.2020;14:00;540;634
29.01.2020;15:00;529;634
29.01.2020;16:00;585;662
29.01.2020;17:00;637;700
29.01.2020;18:00;688;731
29.01.2020;19:00;695;733
29.01.2020;20:00;661;718
29.01.2020;21:00;620;728
29.01.2020;22:00;596;714
29.01.2020;23:00;539;579
30.01.2020;00:00;545;633
30.01.2020;01:00;495;623
30.01.2020;02:00;271;416
30.01.2020;03:00;258;297
30.01.2020;04:00;254;299
30.01.2020;05:00;284;351
30.01.2020;06:00;510;548
30.01.2020;07:00;484;531
30.01.2020;08:00;414;476
30.01.2020;09:00;388;449
30.01.2020;10:00;379;432
30.01.2020;11:00;362;420
30.01.2020;12:00;364;393
30.01.2020;13:00;385;417
30.01.2020;14:00;457;499
30.01.2020;15:00;500;555
30.01.2020;16:00;530;595
30.01.2020;17:00;567;617
30.01.2020;18:00;558;625
30.01.2020;19:00;528;605
30.01.2020;20:00;381;416
30.01.2020;21:00;299;338
30.01.2020;22:00;288;333
30.01.2020;23:00;259;319
31.01.2020;00:00;241;241
31.01.2020;01:00;237;276
31.01.2020;02:00;127;295
31.01.2020;03:00;128;288
31.01.2020;04:00;142;288
31.01.2020;05:00;262;288
31.01.2020;06:00;389;397
31.01.2020;07:00;670;680
31.01.2020;08:00;727;715
31.01.2020;09:00;696;689
31.01.2020;10:00;683;675
31.01.2020;11:00;684;679
31.01.2020;12:00;633;638
31.01.2020;13:00;624;617
31.01.2020;14:00;632;635
31.01.2020;15:00;709;723
31.01.2020;16:00;706;730
31.01.2020;17:00;687;728
31.01.2020;18:00;617;680
31.01.2020;19:00;582;617
31.01.2020;20:00;518;474
31.01.2020;21:00;317;227
31.01.2020;22:00;0;327
31.01.2020;23:00;0;256
01.02.2020;00:00;0;227
01.02.2020;01:00;0;224
01.02.2020;02:00;0;213
01.02.2020;03:00;0;234
01.02.2020;04:00;0;217
01.02.2020;05:00;0;228
01.02.2020;06:00;0;223
01.02.2020;07:00;0;221
01.02.2020;08:00;0;222
01.02.2020;09:00;0;226
01.02.2020;10:00;0;219
01.02.2020;11:00;0;223
01.02.2020;12:00;0;213
01.02.2020;13:00;0;215
01.02.2020;14:00;0;208
01.02.2020;15:00;0;210
01.02.2020;16:00;0;219
01.02.2020;17:00;0;221
01.02.2020;18:00;0;239
01.02.2020;19:00;0;221
01.02.2020;20:00;0;223
01.02.2020;21:00;0;224
01.02.2020;22:00;0;211
01.02.2020;23:00;0;218
02.02.2020;00:00;0;226
02.02.2020;01:00;0;241
02.02.2020;02:00;0;244
02.02.2020;03:00;0;250
02.02.2020;04:00;0;256
02.02.2020;05:00;0;255
02.02.2020;06:00;0;258
02.02.2020;07:00;0;260
02.02.2020;08:00;0;331
02.02.2020;09:00;0;667
02.02.2020;10:00;0;723
02.02.2020;11:00;0;722
02.02.2020;12:00;0;725
02.02.2020;13:00;0;727
02.02.2020;14:00;0;721
02.02.2020;15:00;0;721
02.02.2020;16:00;0;723
02.02.2020;17:00;0;723
02.02.2020;18:00;0;717
02.02.2020;19:00;0;719
02.02.2020;20:00;0;722
02.02.2020;21:00;0;728
02.02.2020;22:00;0;617
02.02.2020;23:00;0;456
03.02.2020;00:00;0;324
03.02.2020;01:00;0;414
03.02.2020;02:00;0;311
03.02.2020;03:00;0;322
03.02.2020;04:00;0;402
03.02.2020;05:00;256;379
03.02.2020;06:00;389;573
03.02.2020;07:00;460;710
03.02.2020;08:00;614;718
03.02.2020;09:00;667;720
03.02.2020;10:00;663;720
03.02.2020;11:00;656;725
03.02.2020;12:00;599;721
03.02.2020;13:00;669;718
03.02.2020;14:00;669;718
03.02.2020;15:00;685;722
03.02.2020;16:00;657;709
03.02.2020;17:00;662;703
03.02.2020;18:00;683;725
03.02.2020;19:00;702;723
03.02.2020;20:00;682;717
03.02.2020;21:00;685;721
03.02.2020;22:00;665;719
03.02.2020;23:00;656;713
04.02.2020;00:00;606;611
04.02.2020;01:00;593;593
04.02.2020;02:00;452;502
04.02.2020;03:00;252;306
04.02.2020;04:00;264;306
04.02.2020;05:00;302;400
04.02.2020;06:00;627;682
04.02.2020;07:00;691;714
04.02.2020;08:00;694;709
04.02.2020;09:00;705;716
04.02.2020;10:00;693;716
04.02.2020;11:00;679;716
04.02.2020;12:00;494;655
04.02.2020;13:00;446;464
04.02.2020;14:00;501;540
04.02.2020;15:00;647;701
04.02.2020;16:00;664;708
04.02.2020;17:00;653;692
04.02.2020;18:00;595;656
04.02.2020;19:00;640;698
04.02.2020;20:00;493;605
04.02.2020;21:00;335;561
04.02.2020;22:00;239;413
04.02.2020;23:00;226;289
05.02.2020;00:00;116;320
05.02.2020;01:00;123;322
05.02.2020;02:00;117;317
05.02.2020;03:00;146;336
05.02.2020;04:00;281;517
05.02.2020;05:00;503;655
05.02.2020;06:00;694;726
05.02.2020;07:00;695;720
05.02.2020;08:00;705;716
05.02.2020;09:00;708;719
05.02.2020;10:00;699;705
05.02.2020;11:00;700;720
05.02.2020;12:00;687;696
05.02.2020;13:00;662;676
05.02.2020;14:00;651;686
05.02.2020;15:00;651;692
05.02.2020;16:00;677;713
05.02.2020;17:00;672;705
05.02.2020;18:00;685;711
05.02.2020;19:00;686;710
05.02.2020;20:00;703;705
05.02.2020;21:00;707;705
05.02.2020;22:00;702;714
05.02.2020;23:00;695;714
06.02.2020;00:00;685;713
06.02.2020;01:00;652;673
06.02.2020;02:00;447;580
06.02.2020;03:00;474;614
06.02.2020;04:00;602;711
06.02.2020;05:00;689;719
06.02.2020;06:00;692;721
06.02.2020;07:00;694;716
06.02.2020;08:00;704;723
06.02.2020;09:00;702;723
06.02.2020;10:00;706;719
06.02.2020;11:00;700;719
06.02.2020;12:00;694;713
06.02.2020;13:00;698;718
06.02.2020;14:00;658;699
06.02.2020;15:00;667;697
06.02.2020;16:00;666;631
06.02.2020;17:00;645;691
06.02.2020;18:00;663;709
06.02.2020;19:00;666;712
06.02.2020;20:00;668;714
06.02.2020;21:00;662;698
06.02.2020;22:00;664;702
06.02.2020;23:00;676;715
07.02.2020;00:00;674;709
07.02.2020;01:00;679;711
07.02.2020;02:00;676;713
07.02.2020;03:00;682;717
07.02.2020;04:00;681;714
07.02.2020;05:00;687;712
07.02.2020;06:00;694;714
07.02.2020;07:00;691;721
07.02.2020;08:00;700;732
07.02.2020;09:00;675;719
07.02.2020;10:00;687;724
07.02.2020;11:00;670;708
07.02.2020;12:00;703;724
07.02.2020;13:00;703;636
07.02.2020;14:00;697;718
07.02.2020;15:00;652;701
07.02.2020;16:00;671;725
07.02.2020;17:00;672;722
07.02.2020;18:00;678;728
07.02.2020;19:00;679;724
07.02.2020;20:00;672;718
07.02.2020;21:00;665;703
07.02.2020;22:00;676;715
07.02.2020;23:00;668;713
08.02.2020;00:00;636;658
08.02.2020;01:00;401;453
08.02.2020;02:00;261;311
08.02.2020;03:00;268;309
08.02.2020;04:00;280;283
08.02.2020;05:00;281;272
08.02.2020;06:00;288;314
08.02.2020;07:00;455;500
08.02.2020;08:00;575;704
08.02.2020;09:00;691;723
08.02.2020;10:00;664;727
08.02.2020;11:00;686;720
08.02.2020;12:00;694;720
08.02.2020;13:00;684;727
08.02.2020;14:00;672;724
08.02.2020;15:00;677;735
08.02.2020;16:00;672;717
08.02.2020;17:00;672;730
08.02.2020;18:00;671;732
08.02.2020;19:00;660;705
08.02.2020;20:00;683;717
08.02.2020;21:00;678;629
08.02.2020;22:00;566;498
08.02.2020;23:00;404;371
09.02.2020;00:00;285;298
09.02.2020;01:00;238;0
09.02.2020;02:00;227;0
09.02.2020;03:00;217;0
09.02.2020;04:00;233;0
09.02.2020;05:00;232;0
09.02.2020;06:00;226;0
09.02.2020;07:00;233;0
09.02.2020;08:00;271;0
09.02.2020;09:00;265;0
09.02.2020;10:00;249;0
09.02.2020;11:00;245;0
09.02.2020;12:00;243;0
09.02.2020;13:00;237;0
09.02.2020;14:00;245;0
09.02.2020;15:00;242;0
09.02.2020;16:00;249;0
09.02.2020;17:00;252;0
09.02.2020;18:00;254;0
09.02.2020;19:00;254;0
09.02.2020;20:00;252;0
09.02.2020;21:00;254;0
09.02.2020;22:00;254;0
09.02.2020;23:00;252;0
10.02.2020;00:00;246;0
10.02.2020;01:00;255;0
10.02.2020;02:00;248;0
10.02.2020;03:00;256;0
10.02.2020;04:00;250;0
10.02.2020;05:00;254;0
10.02.2020;06:00;255;0
10.02.2020;07:00;425;0
10.02.2020;08:00;540;0
10.02.2020;09:00;453;0
10.02.2020;10:00;280;0
10.02.2020;11:00;245;0
10.02.2020;12:00;237;0
10.02.2020;13:00;247;0
10.02.2020;14:00;288;0
10.02.2020;15:00;346;0
10.02.2020;16:00;251;0
10.02.2020;17:00;212;0
10.02.2020;18:00;215;0
10.02.2020;19:00;232;0
10.02.2020;20:00;209;0
10.02.2020;21:00;206;0
10.02.2020;22:00;217;0
10.02.2020;23:00;198;0
11.02.2020;00:00;193;0
11.02.2020;01:00;186;0
11.02.2020;02:00;177;0
11.02.2020;03:00;195;0
11.02.2020;04:00;190;0
11.02.2020;05:00;181;0
11.02.2020;06:00;200;0
11.02.2020;07:00;335;0
11.02.2020;08:00;272;0
11.02.2020;09:00;218;0
11.02.2020;10:00;299;0
11.02.2020;11:00;356;0
11.02.2020;12:00;369;0
11.02.2020;13:00;208;0
11.02.2020;14:00;197;0
11.02.2020;15:00;191;0
11.02.2020;16:00;197;0
11.02.2020;17:00;208;0
11.02.2020;18:00;220;0
11.02.2020;19:00;218;0
11.02.2020;20:00;206;0
11.02.2020;21:00;208;0
11.02.2020;22:00;196;0
11.02.2020;23:00;199;0
12.02.2020;00:00;203;0
12.02.2020;01:00;213;0
12.02.2020;02:00;220;0
12.02.2020;03:00;208;0
12.02.2020;04:00;222;0
12.02.2020;05:00;293;0
12.02.2020;06:00;463;0
12.02.2020;07:00;665;0
12.02.2020;08:00;657;0
12.02.2020;09:00;429;0
12.02.2020;10:00;326;0
12.02.2020;11:00;246;0
12.02.2020;12:00;249;0
12.02.2020;13:00;187;0
12.02.2020;14:00;165;0
12.02.2020;15:00;253;0
12.02.2020;16:00;544;0
12.02.2020;17:00;558;0
12.02.2020;18:00;499;0
12.02.2020;19:00;518;0
12.02.2020;20:00;598;0
12.02.2020;21:00;585;0
12.02.2020;22:00;535;0
12.02.2020;23:00;435;0
13.02.2020;00:00;445;0
13.02.2020;01:00;442;0
13.02.2020;02:00;520;0
13.02.2020;03:00;431;0
13.02.2020;04:00;406;39
13.02.2020;05:00;459;278
13.02.2020;06:00;594;417
13.02.2020;07:00;633;541
13.02.2020;08:00;642;558
13.02.2020;09:00;668;708
13.02.2020;10:00;684;722
13.02.2020;11:00;689;719
13.02.2020;12:00;685;734
13.02.2020;13:00;684;740
13.02.2020;14:00;689;751
13.02.2020;15:00;687;758
13.02.2020;16:00;685;757
13.02.2020;17:00;691;747
13.02.2020;18:00;675;756
13.02.2020;19:00;657;753
13.02.2020;20:00;645;753
13.02.2020;21:00;668;749
13.02.2020;22:00;661;727
13.02.2020;23:00;660;735
14.02.2020;00:00;672;721
14.02.2020;01:00;651;699
14.02.2020;02:00;638;701
14.02.2020;03:00;523;724
14.02.2020;04:00;657;726
14.02.2020;05:00;666;719
14.02.2020;06:00;689;742
14.02.2020;07:00;703;735
14.02.2020;08:00;709;735
14.02.2020;09:00;719;733
14.02.2020;10:00;711;732
14.02.2020;11:00;702;739
14.02.2020;12:00;701;738
14.02.2020;13:00;715;732
14.02.2020;14:00;712;727
14.02.2020;15:00;704;740
14.02.2020;16:00;685;708
14.02.2020;17:00;708;726
14.02.2020;18:00;697;732
14.02.2020;19:00;658;698
14.02.2020;20:00;692;740
14.02.2020;21:00;697;739
14.02.2020;22:00;680;730
14.02.2020;23:00;683;722
15.02.2020;00:00;696;743
15.02.2020;01:00;673;715
15.02.2020;02:00;492;627
15.02.2020;03:00;406;495
15.02.2020;04:00;323;380
15.02.2020;05:00;378;413
15.02.2020;06:00;350;386
15.02.2020;07:00;390;426
15.02.2020;08:00;534;571
15.02.2020;09:00;516;570
15.02.2020;10:00;0;406
15.02.2020;11:00;0;240
15.02.2020;12:00;0;206
15.02.2020;13:00;0;231
15.02.2020;14:00;0;232
15.02.2020;15:00;0;235
15.02.2020;16:00;0;238
15.02.2020;17:00;0;309
15.02.2020;18:00;0;350
15.02.2020;19:00;0;280
15.02.2020;20:00;0;224
15.02.2020;21:00;0;227
15.02.2020;22:00;0;226
15.02.2020;23:00;0;220
16.02.2020;00:00;0;213
16.02.2020;01:00;0;224
16.02.2020;02:00;0;223
16.02.2020;03:00;0;223
16.02.2020;04:00;0;232
16.02.2020;05:00;0;257
16.02.2020;06:00;0;256
16.02.2020;07:00;0;252
16.02.2020;08:00;0;256
16.02.2020;09:00;0;254
16.02.2020;10:00;0;256
16.02.2020;11:00;0;261
16.02.2020;12:00;0;265
16.02.2020;13:00;0;270
16.02.2020;14:00;0;267
16.02.2020;15:00;0;267
16.02.2020;16:00;0;276
16.02.2020;17:00;0;275
16.02.2020;18:00;0;272
16.02.2020;19:00;0;275
16.02.2020;20:00;0;281
16.02.2020;21:00;0;281
16.02.2020;22:00;0;274
16.02.2020;23:00;0;277
17.02.2020;00:00;0;283
17.02.2020;01:00;0;280
17.02.2020;02:00;0;281
17.02.2020;03:00;0;285
17.02.2020;04:00;0;281
17.02.2020;05:00;0;279
17.02.2020;06:00;0;340
17.02.2020;07:00;0;649
17.02.2020;08:00;0;703
17.02.2020;09:00;0;697
17.02.2020;10:00;0;683
17.02.2020;11:00;0;709
17.02.2020;12:00;0;706
17.02.2020;13:00;0;709
17.02.2020;14:00;0;695
17.02.2020;15:00;0;681
17.02.2020;16:00;0;679
17.02.2020;17:00;0;659
17.02.2020;18:00;0;694
17.02.2020;19:00;0;674
17.02.2020;20:00;0;676
17.02.2020;21:00;0;587
17.02.2020;22:00;0;413
17.02.2020;23:00;0;266
18.02.2020;00:00;0;210
18.02.2020;01:00;0;266
18.02.2020;02:00;0;210
18.02.2020;03:00;0;203
18.02.2020;04:00;0;203
18.02.2020;05:00;0;256
18.02.2020;06:00;0;481
18.02.2020;07:00;0;670
18.02.2020;08:00;0;527
18.02.2020;09:00;0;286
18.02.2020;10:00;0;214
18.02.2020;11:00;0;274
18.02.2020;12:00;0;315
18.02.2020;13:00;0;230
18.02.2020;14:00;0;207
18.02.2020;15:00;0;273
18.02.2020;16:00;0;637
18.02.2020;17:00;0;645
18.02.2020;18:00;0;644
18.02.2020;19:00;0;643
18.02.2020;20:00;0;611
18.02.2020;21:00;0;438
18.02.2020;22:00;0;390
18.02.2020;23:00;0;352
19.02.2020;00:00;0;208
19.02.2020;01:00;0;226
19.02.2020;02:00;0;233
19.02.2020;03:00;0;250
19.02.2020;04:00;0;247
19.02.2020;05:00;0;339
19.02.2020;06:00;0;655
19.02.2020;07:00;0;672
19.02.2020;08:00;0;679
19.02.2020;09:00;0;676
19.02.2020;10:00;0;682
19.02.2020;11:00;0;666
19.02.2020;12:00;0;630
19.02.2020;13:00;0;671
19.02.2020;14:00;0;535
19.02.2020;15:00;0;574
19.02.2020;16:00;0;683
19.02.2020;17:00;0;664
19.02.2020;18:00;0;639
19.02.2020;19:00;0;653
19.02.2020;20:00;0;667
19.02.2020;21:00;0;668
19.02.2020;22:00;0;636
19.02.2020;23:00;0;649
20.02.2020;00:00;0;595
20.02.2020;01:00;0;278
20.02.2020;02:00;0;306
20.02.2020;03:00;0;378
20.02.2020;04:00;0;572
20.02.2020;05:00;0;626
20.02.2020;06:00;0;678
20.02.2020;07:00;0;674
20.02.2020;08:00;0;676
20.02.2020;09:00;0;667
20.02.2020;10:00;0;685
20.02.2020;11:00;0;684
20.02.2020;12:00;0;617
20.02.2020;13:00;0;681
20.02.2020;14:00;0;657
20.02.2020;15:00;0;636
20.02.2020;16:00;0;535
20.02.2020;17:00;0;583
20.02.2020;18:00;0;616
20.02.2020;19:00;0;537
20.02.2020;20:00;0;386
20.02.2020;21:00;0;250
20.02.2020;22:00;0;401
20.02.2020;23:00;0;382
21.02.2020;00:00;0;308
21.02.2020;01:00;0;216
21.02.2020;02:00;0;198
21.02.2020;03:00;0;205
21.02.2020;04:00;0;318
21.02.2020;05:00;0;429
21.02.2020;06:00;0;640
21.02.2020;07:00;0;487
21.02.2020;08:00;0;454
21.02.2020;09:00;0;593
21.02.2020;10:00;0;504
21.02.2020;11:00;0;366
21.02.2020;12:00;0;253
21.02.2020;13:00;0;250
21.02.2020;14:00;0;245
21.02.2020;15:00;0;268
21.02.2020;16:00;0;513
21.02.2020;17:00;0;687
21.02.2020;18:00;0;673
21.02.2020;19:00;0;661
21.02.2020;20:00;0;559
21.02.2020;21:00;0;386
21.02.2020;22:00;0;303
21.02.2020;23:00;0;245
22.02.2020;00:00;0;245
22.02.2020;01:00;0;228
22.02.2020;02:00;0;219
22.02.2020;03:00;0;232
22.02.2020;04:00;0;270
22.02.2020;05:00;0;262
22.02.2020;06:00;0;260
22.02.2020;07:00;0;257
22.02.2020;08:00;0;252
22.02.2020;09:00;0;263
22.02.2020;10:00;0;269
22.02.2020;11:00;0;253
22.02.2020;12:00;0;258
22.02.2020;13:00;0;262
22.02.2020;14:00;0;253
22.02.2020;15:00;0;261
22.02.2020;16:00;0;266
22.02.2020;17:00;0;253
22.02.2020;18:00;0;261
22.02.2020;19:00;0;264
22.02.2020;20:00;0;271
22.02.2020;21:00;0;269
22.02.2020;22:00;0;267
22.02.2020;23:00;0;266
23.02.2020;00:00;0;257
23.02.2020;01:00;0;265
23.02.2020;02:00;0;258
23.02.2020;03:00;0;259
23.02.2020;04:00;0;264
23.02.2020;05:00;0;276
23.02.2020;06:00;0;268
23.02.2020;07:00;0;282
23.02.2020;08:00;0;279
23.02.2020;09:00;0;280
23.02.2020;10:00;0;432
23.02.2020;11:00;0;427
23.02.2020;12:00;0;439
23.02.2020;13:00;0;413
23.02.2020;14:00;0;273
23.02.2020;15:00;0;268
23.02.2020;16:00;0;278
23.02.2020;17:00;0;288
23.02.2020;18:00;0;280
23.02.2020;19:00;0;270
23.02.2020;20:00;0;279
23.02.2020;21:00;0;291
23.02.2020;22:00;0;291
23.02.2020;23:00;0;298
24.02.2020;00:00;0;330
24.02.2020;01:00;0;322
24.02.2020;02:00;0;325
24.02.2020;03:00;0;368
24.02.2020;04:00;255;385
24.02.2020;05:00;391;677
24.02.2020;06:00;501;714
24.02.2020;07:00;680;716
24.02.2020;08:00;710;713
24.02.2020;09:00;709;711
24.02.2020;10:00;701;710
24.02.2020;11:00;709;722
24.02.2020;12:00;710;721
24.02.2020;13:00;718;721
24.02.2020;14:00;713;721
24.02.2020;15:00;699;712
24.02.2020;16:00;610;631
24.02.2020;17:00;702;712
24.02.2020;18:00;706;716
24.02.2020;19:00;655;731
24.02.2020;20:00;343;569
24.02.2020;21:00;220;301
24.02.2020;22:00;213;277
24.02.2020;23:00;214;278
25.02.2020;00:00;213;256
25.02.2020;01:00;202;253
25.02.2020;02:00;204;255
25.02.2020;03:00;209;256
25.02.2020;04:00;202;252
25.02.2020;05:00;215;255
25.02.2020;06:00;219;251
25.02.2020;07:00;225;253
25.02.2020;08:00;228;251
25.02.2020;09:00;264;274
25.02.2020;10:00;294;270
25.02.2020;11:00;288;265
25.02.2020;12:00;248;260
25.02.2020;13:00;215;249
25.02.2020;14:00;205;252
25.02.2020;15:00;228;270
25.02.2020;16:00;366;407
25.02.2020;17:00;638;648
25.02.2020;18:00;715;733
25.02.2020;19:00;707;733
25.02.2020;20:00;706;721
25.02.2020;21:00;687;730
25.02.2020;22:00;699;745
25.02.2020;23:00;685;721
26.02.2020;00:00;562;705
26.02.2020;01:00;494;557
26.02.2020;02:00;358;365
26.02.2020;03:00;494;498
26.02.2020;04:00;507;510
26.02.2020;05:00;525;513
26.02.2020;06:00;545;693
26.02.2020;07:00;545;707
26.02.2020;08:00;569;727
26.02.2020;09:00;561;720
26.02.2020;10:00;562;717
26.02.2020;11:00;579;730
26.02.2020;12:00;537;733
26.02.2020;13:00;556;717
26.02.2020;14:00;701;719
26.02.2020;15:00;702;743
26.02.2020;16:00;690;732
26.02.2020;17:00;684;733
26.02.2020;18:00;686;731
26.02.2020;19:00;658;691
26.02.2020;20:00;671;712
26.02.2020;21:00;679;719
26.02.2020;22:00;669;718
26.02.2020;23:00;663;728
27.02.2020;00:00;663;721
27.02.2020;01:00;677;725
27.02.2020;02:00;680;725
27.02.2020;03:00;683;724
27.02.2020;04:00;686;724
27.02.2020;05:00;689;741
27.02.2020;06:00;684;743
27.02.2020;07:00;686;743
27.02.2020;08:00;682;738
27.02.2020;09:00;688;740
27.02.2020;10:00;701;739
27.02.2020;11:00;681;739
27.02.2020;12:00;681;738
27.02.2020;13:00;679;741
27.02.2020;14:00;699;728
27.02.2020;15:00;698;719
27.02.2020;16:00;683;722
27.02.2020;17:00;681;736
27.02.2020;18:00;673;738
27.02.2020;19:00;679;738
27.02.2020;20:00;679;734
27.02.2020;21:00;670;742
27.02.2020;22:00;662;742
27.02.2020;23:00;659;727
28.02.2020;00:00;658;729
28.02.2020;01:00;674;720
28.02.2020;02:00;618;696
28.02.2020;03:00;367;516
28.02.2020;04:00;412;525
28.02.2020;05:00;641;697
28.02.2020;06:00;669;737
28.02.2020;07:00;674;740
28.02.2020;08:00;686;739
28.02.2020;09:00;696;742
28.02.2020;10:00;697;726
28.02.2020;11:00;623;616
28.02.2020;12:00;579;555
28.02.2020;13:00;563;566
28.02.2020;14:00;628;635
28.02.2020;15:00;666;682
28.02.2020;16:00;702;724
28.02.2020;17:00;698;722
28.02.2020;18:00;685;737
28.02.2020;19:00;680;715
28.02.2020;20:00;683;719
28.02.2020;21:00;568;613
28.02.2020;22:00;569;607
28.02.2020;23:00;362;295
29.02.2020;00:00;0;380
29.02.2020;01:00;0;257
29.02.2020;02:00;0;203
29.02.2020;03:00;0;212
29.02.2020;04:00;0;206
29.02.2020;05:00;0;213
29.02.2020;06:00;0;209
29.02.2020;07:00;0;215
29.02.2020;08:00;0;218
29.02.2020;09:00;0;218
29.02.2020;10:00;0;217
29.02.2020;11:00;0;226
29.02.2020;12:00;0;223
29.02.2020;13:00;0;236
29.02.2020;14:00;0;375
29.02.2020;15:00;0;336
29.02.2020;16:00;0;248
29.02.2020;17:00;0;244
29.02.2020;18:00;0;241
29.02.2020;19:00;0;210
29.02.2020;20:00;0;237
29.02.2020;21:00;0;239
29.02.2020;22:00;0;334
29.02.2020;23:00;0;245
01.03.2020;00:00;0;226
01.03.2020;01:00;0;228
01.03.2020;02:00;0;227
01.03.2020;03:00;0;234
01.03.2020;04:00;0;248
01.03.2020;05:00;0;267
01.03.2020;06:00;0;265
01.03.2020;07:00;0;262
01.03.2020;08:00;0;263
01.03.2020;09:00;0;262
01.03.2020;10:00;0;262
01.03.2020;11:00;0;264
01.03.2020;12:00;0;265
01.03.2020;13:00;0;263
01.03.2020;14:00;0;276
01.03.2020;15:00;0;293
01.03.2020;16:00;0;440
01.03.2020;17:00;0;679
01.03.2020;18:00;0;719
01.03.2020;19:00;0;744
01.03.2020;20:00;0;748
01.03.2020;21:00;0;761
01.03.2020;22:00;0;734
01.03.2020;23:00;0;707
02.03.2020;00:00;0;586
02.03.2020;01:00;0;432
02.03.2020;02:00;16;334
02.03.2020;03:00;278;318
02.03.2020;04:00;367;359
02.03.2020;05:00;511;446
02.03.2020;06:00;618;680
02.03.2020;07:00;700;727
02.03.2020;08:00;694;726
02.03.2020;09:00;694;723
02.03.2020;10:00;688;729
02.03.2020;11:00;688;727
02.03.2020;12:00;698;737
02.03.2020;13:00;696;736
02.03.2020;14:00;687;742
02.03.2020;15:00;682;751
02.03.2020;16:00;675;731
02.03.2020;17:00;673;726
02.03.2020;18:00;678;724
02.03.2020;19:00;678;727
02.03.2020;20:00;684;722
02.03.2020;21:00;686;724
02.03.2020;22:00;675;721
02.03.2020;23:00;671;714
03.03.2020;00:00;672;719
03.03.2020;01:00;670;715
03.03.2020;02:00;537;715
03.03.2020;03:00;557;688
03.03.2020;04:00;673;717
03.03.2020;05:00;678;711
03.03.2020;06:00;686;720
03.03.2020;07:00;678;719
03.03.2020;08:00;690;721
03.03.2020;09:00;690;714
03.03.2020;10:00;692;716
03.03.2020;11:00;692;713
03.03.2020;12:00;677;729
03.03.2020;13:00;695;720
03.03.2020;14:00;692;725
03.03.2020;15:00;688;719
03.03.2020;16:00;695;723
03.03.2020;17:00;677;722
03.03.2020;18:00;670;737
03.03.2020;19:00;676;735
03.03.2020;20:00;677;740
03.03.2020;21:00;657;730
03.03.2020;22:00;655;770
03.03.2020;23:00;648;772
04.03.2020;00:00;654;775
04.03.2020;01:00;656;767
04.03.2020;02:00;639;766
04.03.2020;03:00;627;765
04.03.2020;04:00;650;771
04.03.2020;05:00;664;767
04.03.2020;06:00;667;767
04.03.2020;07:00;683;711
04.03.2020;08:00;699;713
04.03.2020;09:00;690;712
04.03.2020;10:00;694;714
04.03.2020;11:00;714;719
04.03.2020;12:00;705;715
04.03.2020;13:00;706;716
04.03.2020;14:00;704;722
04.03.2020;15:00;695;714
04.03.2020;16:00;693;720
04.03.2020;17:00;681;716
04.03.2020;18:00;688;720
04.03.2020;19:00;682;737
04.03.2020;20:00;679;740
04.03.2020;21:00;678;737
04.03.2020;22:00;669;725
04.03.2020;23:00;676;733
05.03.2020;00:00;673;738
05.03.2020;01:00;676;743
05.03.2020;02:00;678;739
05.03.2020;03:00;678;739
05.03.2020;04:00;672;736
05.03.2020;05:00;671;724
05.03.2020;06:00;665;738
05.03.2020;07:00;668;723
05.03.2020;08:00;656;735
05.03.2020;09:00;657;732
05.03.2020;10:00;661;736
05.03.2020;11:00;664;742
05.03.2020;12:00;666;736
05.03.2020;13:00;684;725
05.03.2020;14:00;675;718
05.03.2020;15:00;665;708
05.03.2020;16:00;679;724
05.03.2020;17:00;665;740
05.03.2020;18:00;647;739
05.03.2020;19:00;633;741
05.03.2020;20:00;641;741
05.03.2020;21:00;566;720
05.03.2020;22:00;417;637
05.03.2020;23:00;328;513
06.03.2020;00:00;360;467
06.03.2020;01:00;359;423
06.03.2020;02:00;246;295
06.03.2020;03:00;308;354
06.03.2020;04:00;297;356
06.03.2020;05:00;442;467
06.03.2020;06:00;659;687
06.03.2020;07:00;701;729
06.03.2020;08:00;711;728
06.03.2020;09:00;707;731
06.03.2020;10:00;706;740
06.03.2020;11:00;706;739
06.03.2020;12:00;706;732
06.03.2020;13:00;701;735
06.03.2020;14:00;699;734
06.03.2020;15:00;695;725
06.03.2020;16:00;690;716
06.03.2020;17:00;675;738
06.03.2020;18:00;681;740
06.03.2020;19:00;680;739
06.03.2020;20:00;690;736
06.03.2020;21:00;693;720
06.03.2020;22:00;690;719
06.03.2020;23:00;673;724
07.03.2020;00:00;658;712
07.03.2020;01:00;663;699
07.03.2020;02:00;615;691
07.03.2020;03:00;549;630
07.03.2020;04:00;624;722
07.03.2020;05:00;698;730
07.03.2020;06:00;702;741
07.03.2020;07:00;706;749
07.03.2020;08:00;706;750
07.03.2020;09:00;706;718
07.03.2020;10:00;703;541
07.03.2020;11:00;698;326
07.03.2020;12:00;668;621
07.03.2020;13:00;569;721
07.03.2020;14:00;689;725
07.03.2020;15:00;678;731
07.03.2020;16:00;681;743
07.03.2020;17:00;704;742
07.03.2020;18:00;710;721
07.03.2020;19:00;636;688
07.03.2020;20:00;516;693
07.03.2020;21:00;453;595
07.03.2020;22:00;368;590
07.03.2020;23:00;294;507
08.03.2020;00:00;251;504
08.03.2020;01:00;252;460
08.03.2020;02:00;283;394
08.03.2020;03:00;303;324
08.03.2020;04:00;303;333
08.03.2020;05:00;253;324
08.03.2020;06:00;253;281
08.03.2020;07:00;260;0
08.03.2020;08:00;293;0
08.03.2020;09:00;297;0
08.03.2020;10:00;285;0
08.03.2020;11:00;285;0
08.03.2020;12:00;306;0
08.03.2020;13:00;308;0
08.03.2020;14:00;307;0
08.03.2020;15:00;304;0
08.03.2020;16:00;337;0
08.03.2020;17:00;478;0
08.03.2020;18:00;632;0
08.03.2020;19:00;731;0
08.03.2020;20:00;718;0
08.03.2020;21:00;722;0
08.03.2020;22:00;714;0
08.03.2020;23:00;625;0
09.03.2020;00:00;605;0
09.03.2020;01:00;678;0
09.03.2020;02:00;556;0
09.03.2020;03:00;687;0
09.03.2020;04:00;730;0
09.03.2020;05:00;739;0
09.03.2020;06:00;709;0
09.03.2020;07:00;687;0
09.03.2020;08:00;695;0
09.03.2020;09:00;687;0
09.03.2020;10:00;687;0
09.03.2020;11:00;689;0
09.03.2020;12:00;690;0
09.03.2020;13:00;689;0
09.03.2020;14:00;685;0
09.03.2020;15:00;677;0
09.03.2020;16:00;669;0
09.03.2020;17:00;662;0
09.03.2020;18:00;656;0
09.03.2020;19:00;656;0
09.03.2020;20:00;653;0
09.03.2020;21:00;659;0
09.03.2020;22:00;667;0
09.03.2020;23:00;566;0
10.03.2020;00:00;269;0
10.03.2020;01:00;202;0
10.03.2020;02:00;216;0
10.03.2020;03:00;222;0
10.03.2020;04:00;222;0
10.03.2020;05:00;223;0
10.03.2020;06:00;341;0
10.03.2020;07:00;499;0
10.03.2020;08:00;663;0
10.03.2020;09:00;643;0
10.03.2020;10:00;625;0
10.03.2020;11:00;593;0
10.03.2020;12:00;442;0
10.03.2020;13:00;428;0
10.03.2020;14:00;416;0
10.03.2020;15:00;420;0
10.03.2020;16:00;384;0
10.03.2020;17:00;214;0
10.03.2020;18:00;404;0
10.03.2020;19:00;540;0
10.03.2020;20:00;415;0
10.03.2020;21:00;263;0
10.03.2020;22:00;221;0
10.03.2020;23:00;206;0
11.03.2020;00:00;246;0
11.03.2020;01:00;233;0
11.03.2020;02:00;261;0
11.03.2020;03:00;342;0
11.03.2020;04:00;530;0
11.03.2020;05:00;565;0
11.03.2020;06:00;654;0
11.03.2020;07:00;659;0
11.03.2020;08:00;650;0
11.03.2020;09:00;649;0
11.03.2020;10:00;659;0
11.03.2020;11:00;666;0
11.03.2020;12:00;657;0
11.03.2020;13:00;653;0
11.03.2020;14:00;648;0
11.03.2020;15:00;648;0
11.03.2020;16:00;661;0
11.03.2020;17:00;649;0
11.03.2020;18:00;646;0
11.03.2020;19:00;645;0
11.03.2020;20:00;637;0
11.03.2020;21:00;491;0
11.03.2020;22:00;349;0
11.03.2020;23:00;345;0
12.03.2020;00:00;318;0
12.03.2020;01:00;319;0
12.03.2020;02:00;312;0
12.03.2020;03:00;314;0
12.03.2020;04:00;321;0
12.03.2020;05:00;353;0
12.03.2020;06:00;499;0
12.03.2020;07:00;500;0
12.03.2020;08:00;653;0
12.03.2020;09:00;654;0
12.03.2020;10:00;638;0
12.03.2020;11:00;639;0
12.03.2020;12:00;635;0
12.03.2020;13:00;626;0
12.03.2020;14:00;625;0
12.03.2020;15:00;612;0
12.03.2020;16:00;591;0
12.03.2020;17:00;645;0
12.03.2020;18:00;642;0
12.03.2020;19:00;624;0
12.03.2020;20:00;582;0
12.03.2020;21:00;248;0
12.03.2020;22:00;200;0
12.03.2020;23:00;211;0
13.03.2020;00:00;209;0
13.03.2020;01:00;200;0
13.03.2020;02:00;291;0
13.03.2020;03:00;199;0
13.03.2020;04:00;212;0
13.03.2020;05:00;327;0
13.03.2020;06:00;385;0
13.03.2020;07:00;437;0
13.03.2020;08:00;338;0
13.03.2020;09:00;237;0
13.03.2020;10:00;233;0
13.03.2020;11:00;341;0
13.03.2020;12:00;295;0
13.03.2020;13:00;233;0
13.03.2020;14:00;220;0
13.03.2020;15:00;215;0
13.03.2020;16:00;397;0
13.03.2020;17:00;592;0
13.03.2020;18:00;572;0
13.03.2020;19:00;576;0
13.03.2020;20:00;569;0
13.03.2020;21:00;561;0
13.03.2020;22:00;586;0
13.03.2020;23:00;586;0
14.03.2020;00:00;580;0
14.03.2020;01:00;589;0
14.03.2020;02:00;595;0
14.03.2020;03:00;576;0
14.03.2020;04:00;586;0
14.03.2020;05:00;604;0
14.03.2020;06:00;625;0
14.03.2020;07:00;597;0
14.03.2020;08:00;593;0
14.03.2020;09:00;615;0
14.03.2020;10:00;576;0
14.03.2020;11:00;488;0
14.03.2020;12:00;478;0
14.03.2020;13:00;457;0
14.03.2020;14:00;444;0
14.03.2020;15:00;444;0
14.03.2020;16:00;511;0
14.03.2020;17:00;606;0
14.03.2020;18:00;595;0
14.03.2020;19:00;595;0
14.03.2020;20:00;600;0
14.03.2020;21:00;591;0
14.03.2020;22:00;578;0
14.03.2020;23:00;405;0
15.03.2020;00:00;281;0
15.03.2020;01:00;234;0
15.03.2020;02:00;224;0
15.03.2020;03:00;228;0
15.03.2020;04:00;235;0
15.03.2020;05:00;249;0
15.03.2020;06:00;249;0
15.03.2020;07:00;248;0
15.03.2020;08:00;271;0
15.03.2020;09:00;270;0
15.03.2020;10:00;271;0
15.03.2020;11:00;287;0
15.03.2020;12:00;301;0
15.03.2020;13:00;269;0
15.03.2020;14:00;264;0
15.03.2020;15:00;269;0
15.03.2020;16:00;275;0
15.03.2020;17:00;355;0
15.03.2020;18:00;637;0
15.03.2020;19:00;649;0
15.03.2020;20:00;653;0
15.03.2020;21:00;657;0
15.03.2020;22:00;657;0
15.03.2020;23:00;643;0
16.03.2020;00:00;457;0
16.03.2020;01:00;423;0
16.03.2020;02:00;461;48
16.03.2020;03:00;327;258
16.03.2020;04:00;321;374
16.03.2020;05:00;445;411
16.03.2020;06:00;596;436
16.03.2020;07:00;594;448
16.03.2020;08:00;617;527
16.03.2020;09:00;618;540
16.03.2020;10:00;617;541
16.03.2020;11:00;624;564
16.03.2020;12:00;608;714
16.03.2020;13:00;615;721
16.03.2020;14:00;597;722
16.03.2020;15:00;589;726
16.03.2020;16:00;594;725
16.03.2020;17:00;642;724
16.03.2020;18:00;643;725
16.03.2020;19:00;651;720
16.03.2020;20:00;643;727
16.03.2020;21:00;654;728
16.03.2020;22:00;654;729
16.03.2020;23:00;649;727
17.03.2020;00:00;649;724
17.03.2020;01:00;589;662
17.03.2020;02:00;484;543
17.03.2020;03:00;490;541
17.03.2020;04:00;449;548
17.03.2020;05:00;648;704
17.03.2020;06:00;657;692
17.03.2020;07:00;657;732
17.03.2020;08:00;664;730
17.03.2020;09:00;662;733
17.03.2020;10:00;657;728
17.03.2020;11:00;638;698
17.03.2020;12:00;459;715
17.03.2020;13:00;466;669
17.03.2020;14:00;462;692
17.03.2020;15:00;478;657
17.03.2020;16:00;535;718
17.03.2020;17:00;662;709
17.03.2020;18:00;669;708
17.03.2020;19:00;661;708
17.03.2020;20:00;670;710
17.03.2020;21:00;683;709
17.03.2020;22:00;691;709
17.03.2020;23:00;679;706
18.03.2020;00:00;598;648
18.03.2020;01:00;639;684
18.03.2020;02:00;590;631
18.03.2020;03:00;667;700
18.03.2020;04:00;590;649
18.03.2020;05:00;698;710
18.03.2020;06:00;691;720
18.03.2020;07:00;678;722
18.03.2020;08:00;667;717
18.03.2020;09:00;674;698
18.03.2020;10:00;675;577
18.03.2020;11:00;667;566
18.03.2020;12:00;671;500
18.03.2020;13:00;661;610
18.03.2020;14:00;664;718
18.03.2020;15:00;678;731
18.03.2020;16:00;669;713
18.03.2020;17:00;692;722
18.03.2020;18:00;693;721
18.03.2020;19:00;684;719
18.03.2020;20:00;685;718
18.03.2020;21:00;686;719
18.03.2020;22:00;693;723
18.03.2020;23:00;693;721
19.03.2020;00:00;694;720
19.03.2020;01:00;686;721
19.03.2020;02:00;699;721
19.03.2020;03:00;705;715
19.03.2020;04:00;698;719
19.03.2020;05:00;698;722
19.03.2020;06:00;699;726
19.03.2020;07:00;694;731
19.03.2020;08:00;722;737
19.03.2020;09:00;719;741
19.03.2020;10:00;725;743
19.03.2020;11:00;715;742
19.03.2020;12:00;705;720
19.03.2020;13:00;706;719
19.03.2020;14:00;691;723
19.03.2020;15:00;691;725
19.03.2020;16:00;691;721
19.03.2020;17:00;687;721
19.03.2020;18:00;686;724
19.03.2020;19:00;688;725
19.03.2020;20:00;684;720
19.03.2020;21:00;689;718
19.03.2020;22:00;694;718
19.03.2020;23:00;693;723
20.03.2020;00:00;697;720
20.03.2020;01:00;710;725
20.03.2020;02:00;709;723
20.03.2020;03:00;713;722
20.03.2020;04:00;708;719
20.03.2020;05:00;703;722
20.03.2020;06:00;718;728
20.03.2020;07:00;724;729
20.03.2020;08:00;724;728
20.03.2020;09:00;725;730
20.03.2020;10:00;724;727
20.03.2020;11:00;726;730
20.03.2020;12:00;725;731
20.03.2020;13:00;728;733
20.03.2020;14:00;715;732
20.03.2020;15:00;698;727
20.03.2020;16:00;682;727
20.03.2020;17:00;675;722
20.03.2020;18:00;690;724
20.03.2020;19:00;687;729
20.03.2020;20:00;677;746
20.03.2020;21:00;664;712
20.03.2020;22:00;672;520
20.03.2020;23:00;650;447
21.03.2020;00:00;489;0
21.03.2020;01:00;266;0
21.03.2020;02:00;291;0
21.03.2020;03:00;285;0
21.03.2020;04:00;232;0
21.03.2020;05:00;263;0
21.03.2020;06:00;275;0
21.03.2020;07:00;291;0
21.03.2020;08:00;305;0
21.03.2020;09:00;292;0
21.03.2020;10:00;273;0
21.03.2020;11:00;273;0
21.03.2020;12:00;272;0
21.03.2020;13:00;267;0
21.03.2020;14:00;259;0
21.03.2020;15:00;256;0
21.03.2020;16:00;261;0
21.03.2020;17:00;307;0
21.03.2020;18:00;478;0
21.03.2020;19:00;613;0
21.03.2020;20:00;518;0
21.03.2020;21:00;385;0
21.03.2020;22:00;250;0
21.03.2020;23:00;271;0
22.03.2020;00:00;213;0
22.03.2020;01:00;236;0
22.03.2020;02:00;248;0
22.03.2020;03:00;265;0
22.03.2020;04:00;283;0
22.03.2020;05:00;287;0
22.03.2020;06:00;293;0
22.03.2020;07:00;269;0
22.03.2020;08:00;270;0
22.03.2020;09:00;260;0
22.03.2020;10:00;253;0
22.03.2020;11:00;259;0
22.03.2020;12:00;288;0
22.03.2020;13:00;280;0
22.03.2020;14:00;285;0
22.03.2020;15:00;287;0
22.03.2020;16:00;272;0
22.03.2020;17:00;324;0
22.03.2020;18:00;685;0
22.03.2020;19:00;736;0
22.03.2020;20:00;600;0
22.03.2020;21:00;322;0
22.03.2020;22:00;275;0
22.03.2020;23:00;285;0
23.03.2020;00:00;442;0
23.03.2020;01:00;458;0
23.03.2020;02:00;507;0
23.03.2020;03:00;444;0
23.03.2020;04:00;472;0
23.03.2020;05:00;583;0
23.03.2020;06:00;672;0
23.03.2020;07:00;582;7
23.03.2020;08:00;504;162
23.03.2020;09:00;285;377
23.03.2020;10:00;271;418
23.03.2020;11:00;281;450
23.03.2020;12:00;380;443
23.03.2020;13:00;305;418
23.03.2020;14:00;420;391
23.03.2020;15:00;499;541
23.03.2020;16:00;664;708
23.03.2020;17:00;675;706
23.03.2020;18:00;681;716
23.03.2020;19:00;679;710
23.03.2020;20:00;672;714
23.03.2020;21:00;681;712
23.03.2020;22:00;677;712
23.03.2020;23:00;671;684
24.03.2020;00:00;674;662
24.03.2020;01:00;675;723
24.03.2020;02:00;673;721
24.03.2020;03:00;650;717
24.03.2020;04:00;662;716
24.03.2020;05:00;660;711
24.03.2020;06:00;662;712
24.03.2020;07:00;672;710
24.03.2020;08:00;676;710
24.03.2020;09:00;467;713
24.03.2020;10:00;295;711
24.03.2020;11:00;342;676
24.03.2020;12:00;339;479
24.03.2020;13:00;342;477
24.03.2020;14:00;303;478
24.03.2020;15:00;425;491
24.03.2020;16:00;641;649
24.03.2020;17:00;686;708
24.03.2020;18:00;672;716
24.03.2020;19:00;667;713
24.03.2020;20:00;681;716
24.03.2020;21:00;688;714
24.03.2020;22:00;677;713
24.03.2020;23:00;673;714
25.03.2020;00:00;651;679
25.03.2020;01:00;683;706
25.03.2020;02:00;653;688
25.03.2020;03:00;670;700
25.03.2020;04:00;691;714
25.03.2020;05:00;704;715
25.03.2020;06:00;695;712
25.03.2020;07:00;688;715
25.03.2020;08:00;693;733
25.03.2020;09:00;593;722
25.03.2020;10:00;507;716
25.03.2020;11:00;431;691
25.03.2020;12:00;383;679
25.03.2020;13:00;265;693
25.03.2020;14:00;271;703
25.03.2020;15:00;444;721
25.03.2020;16:00;657;732
25.03.2020;17:00;676;739
25.03.2020;18:00;683;730
25.03.2020;19:00;668;732
25.03.2020;20:00;673;722
25.03.2020;21:00;675;722
25.03.2020;22:00;668;722
25.03.2020;23:00;651;717
26.03.2020;00:00;566;632
26.03.2020;01:00;669;716
26.03.2020;02:00;667;707
26.03.2020;03:00;611;663
26.03.2020;04:00;670;707
26.03.2020;05:00;665;706
26.03.2020;06:00;688;715
26.03.2020;07:00;687;715
26.03.2020;08:00;684;718
26.03.2020;09:00;546;719
26.03.2020;10:00;328;712
26.03.2020;11:00;322;704
26.03.2020;12:00;287;685
26.03.2020;13:00;270;687
26.03.2020;14:00;267;709
26.03.2020;15:00;325;711
26.03.2020;16:00;459;720
26.03.2020;17:00;627;728
26.03.2020;18:00;677;730
26.03.2020;19:00;674;733
26.03.2020;20:00;679;726
26.03.2020;21:00;694;720
26.03.2020;22:00;695;729
26.03.2020;23:00;689;732
27.03.2020;00:00;689;734
27.03.2020;01:00;689;715
27.03.2020;02:00;535;577
27.03.2020;03:00;408;446
27.03.2020;04:00;374;407
27.03.2020;05:00;689;690
27.03.2020;06:00;713;692
27.03.2020;07:00;728;701
27.03.2020;08:00;733;718
27.03.2020;09:00;706;717
27.03.2020;10:00;610;714
27.03.2020;11:00;297;587
27.03.2020;12:00;284;310
27.03.2020;13:00;277;297
27.03.2020;14:00;269;286
27.03.2020;15:00;274;297
27.03.2020;16:00;355;372
27.03.2020;17:00;638;664
27.03.2020;18:00;702;737
27.03.2020;19:00;697;725
27.03.2020;20:00;704;728
27.03.2020;21:00;703;724
27.03.2020;22:00;704;729
27.03.2020;23:00;685;715
28.03.2020;00:00;704;729
28.03.2020;01:00;703;729
28.03.2020;02:00;701;727
28.03.2020;03:00;697;721
28.03.2020;04:00;609;636
28.03.2020;05:00;584;601
28.03.2020;06:00;719;677
28.03.2020;07:00;713;654
28.03.2020;08:00;506;420
28.03.2020;09:00;322;263
28.03.2020;10:00;0;284
28.03.2020;11:00;0;291
28.03.2020;12:00;0;291
28.03.2020;13:00;0;291
28.03.2020;14:00;0;284
28.03.2020;15:00;0;280
28.03.2020;16:00;0;290
28.03.2020;17:00;0;317
28.03.2020;18:00;0;475
28.03.2020;19:00;0;483
28.03.2020;20:00;0;344
28.03.2020;21:00;0;310
28.03.2020;22:00;0;361
28.03.2020;23:00;0;323
29.03.2020;00:00;0;267
29.03.2020;01:00;0;133
29.03.2020;03:00;0;321
29.03.2020;04:00;0;326
29.03.2020;05:00;0;315
29.03.2020;06:00;0;322
29.03.2020;07:00;0;280
29.03.2020;08:00;0;287
29.03.2020;09:00;0;286
29.03.2020;10:00;0;307
29.03.2020;11:00;0;320
29.03.2020;12:00;0;294
29.03.2020;13:00;0;365
29.03.2020;14:00;0;318
29.03.2020;15:00;0;407
29.03.2020;16:00;0;318
29.03.2020;17:00;0;394
29.03.2020;18:00;0;484
29.03.2020;19:00;0;486
29.03.2020;20:00;0;586
29.03.2020;21:00;0;635
29.03.2020;22:00;0;741
29.03.2020;23:00;0;739
30.03.2020;00:00;0;739
30.03.2020;01:00;0;733
30.03.2020;02:00;0;736
30.03.2020;03:00;0;731
30.03.2020;04:00;0;652
30.03.2020;05:00;262;725
30.03.2020;06:00;388;699
30.03.2020;07:00;550;737
30.03.2020;08:00;637;730
30.03.2020;09:00;694;737
30.03.2020;10:00;685;727
30.03.2020;11:00;697;733
30.03.2020;12:00;695;722
30.03.2020;13:00;688;724
30.03.2020;14:00;614;725
30.03.2020;15:00;510;718
30.03.2020;16:00;517;718
30.03.2020;17:00;668;716
30.03.2020;18:00;682;715
30.03.2020;19:00;694;719
30.03.2020;20:00;693;717
30.03.2020;21:00;696;715
30.03.2020;22:00;683;713
30.03.2020;23:00;684;711
31.03.2020;00:00;672;701
31.03.2020;01:00;680;707
31.03.2020;02:00;683;706
31.03.2020;03:00;685;709
31.03.2020;04:00;685;710
31.03.2020;05:00;683;703
31.03.2020;06:00;681;712
31.03.2020;07:00;707;713
31.03.2020;08:00;699;711
31.03.2020;09:00;700;706
31.03.2020;10:00;697;706
31.03.2020;11:00;641;679
31.03.2020;12:00;649;509
31.03.2020;13:00;511;491
31.03.2020;14:00;363;501
31.03.2020;15:00;367;510
31.03.2020;16:00;541;566
31.03.2020;17:00;697;727
31.03.2020;18:00;701;727
31.03.2020;19:00;692;726
31.03.2020;20:00;694;728
31.03.2020;21:00;695;721
31.03.2020;22:00;683;721
31.03.2020;23:00;679;723
01.04.2020;00:00;686;717
01.04.2020;01:00;681;719
01.04.2020;02:00;678;718
01.04.2020;03:00;688;721
01.04.2020;04:00;691;716
01.04.2020;05:00;709;718
01.04.2020;06:00;719;718
01.04.2020;07:00;717;719
01.04.2020;08:00;717;716
01.04.2020;09:00;716;716
01.04.2020;10:00;699;714
01.04.2020;11:00;424;721
01.04.2020;12:00;289;713
01.04.2020;13:00;303;710
01.04.2020;14:00;294;709
01.04.2020;15:00;288;711
01.04.2020;16:00;492;723
01.04.2020;17:00;669;723
01.04.2020;18:00;702;729
01.04.2020;19:00;695;727
01.04.2020;20:00;704;724
01.04.2020;21:00;709;723
01.04.2020;22:00;700;724
01.04.2020;23:00;693;721
02.04.2020;00:00;686;725
02.04.2020;01:00;688;724
02.04.2020;02:00;689;717
02.04.2020;03:00;685;717
02.04.2020;04:00;690;721
02.04.2020;05:00;698;713
02.04.2020;06:00;692;712
02.04.2020;07:00;691;713
02.04.2020;08:00;706;711
02.04.2020;09:00;685;712
02.04.2020;10:00;484;713
02.04.2020;11:00;279;714
02.04.2020;12:00;283;698
02.04.2020;13:00;279;672
02.04.2020;14:00;273;690
02.04.2020;15:00;269;693
02.04.2020;16:00;442;501
02.04.2020;17:00;505;508
02.04.2020;18:00;628;615
02.04.2020;19:00;554;548
02.04.2020;20:00;556;559
02.04.2020;21:00;479;528
02.04.2020;22:00;268;312
02.04.2020;23:00;290;304
03.04.2020;00:00;443;451
03.04.2020;01:00;452;524
03.04.2020;02:00;431;500
03.04.2020;03:00;562;599
03.04.2020;04:00;609;660
03.04.2020;05:00;584;640
03.04.2020;06:00;692;735
03.04.2020;07:00;698;730
03.04.2020;08:00;703;742
03.04.2020;09:00;699;746
03.04.2020;10:00;694;747
03.04.2020;11:00;692;745
03.04.2020;12:00;669;740
03.04.2020;13:00;548;728
03.04.2020;14:00;466;724
03.04.2020;15:00;622;738
03.04.2020;16:00;679;742
03.04.2020;17:00;696;734
03.04.2020;18:00;695;729
03.04.2020;19:00;697;727
03.04.2020;20:00;685;735
03.04.2020;21:00;701;732
03.04.2020;22:00;700;737
03.04.2020;23:00;675;731
04.04.2020;00:00;691;734
04.04.2020;01:00;695;733
04.04.2020;02:00;700;731
04.04.2020;03:00;705;733
04.04.2020;04:00;695;725
04.04.2020;05:00;703;719
04.04.2020;06:00;706;732
04.04.2020;07:00;703;730
04.04.2020;08:00;620;618
04.04.2020;09:00;476;459
04.04.2020;10:00;308;318
04.04.2020;11:00;301;315
04.04.2020;12:00;293;315
04.04.2020;13:00;293;320
04.04.2020;14:00;289;322
04.04.2020;15:00;290;320
04.04.2020;16:00;302;339
04.04.2020;17:00;520;538
04.04.2020;18:00;689;720
04.04.2020;19:00;712;744
04.04.2020;20:00;715;746
04.04.2020;21:00;706;736
04.04.2020;22:00;628;672
04.04.2020;23:00;494;537
05.04.2020;00:00;587;320
05.04.2020;01:00;520;396
05.04.2020;02:00;270;269
05.04.2020;03:00;0;267
05.04.2020;04:00;0;255
05.04.2020;05:00;0;258
05.04.2020;06:00;0;262
05.04.2020;07:00;0;267
05.04.2020;08:00;0;256
05.04.2020;09:00;0;286
05.04.2020;10:00;0;289
05.04.2020;11:00;0;252
05.04.2020;12:00;0;280
05.04.2020;13:00;0;280
05.04.2020;14:00;0;285
05.04.2020;15:00;0;296
05.04.2020;16:00;0;273
05.04.2020;17:00;0;267
05.04.2020;18:00;0;269
05.04.2020;19:00;0;307
05.04.2020;20:00;0;288
05.04.2020;21:00;0;286
05.04.2020;22:00;0;307
05.04.2020;23:00;0;318
06.04.2020;00:00;0;321
06.04.2020;01:00;0;269
06.04.2020;02:00;0;258
06.04.2020;03:00;0;254
06.04.2020;04:00;0;256
06.04.2020;05:00;0;292
06.04.2020;06:00;0;479
06.04.2020;07:00;0;684
06.04.2020;08:00;0;639
06.04.2020;09:00;0;260
06.04.2020;10:00;0;227
06.04.2020;11:00;0;233
06.04.2020;12:00;0;248
06.04.2020;13:00;0;230
06.04.2020;14:00;0;252
06.04.2020;15:00;0;351
06.04.2020;16:00;0;367
06.04.2020;17:00;0;616
06.04.2020;18:00;0;629
06.04.2020;19:00;212;640
06.04.2020;20:00;355;624
06.04.2020;21:00;430;648
06.04.2020;22:00;627;722
06.04.2020;23:00;657;709
07.04.2020;00:00;680;728
07.04.2020;01:00;675;737
07.04.2020;02:00;626;683
07.04.2020;03:00;622;679
07.04.2020;04:00;641;701
07.04.2020;05:00;663;725
07.04.2020;06:00;657;709
07.04.2020;07:00;658;707
07.04.2020;08:00;689;724
07.04.2020;09:00;660;692
07.04.2020;10:00;432;503
07.04.2020;11:00;272;365
07.04.2020;12:00;256;315
07.04.2020;13:00;259;319
07.04.2020;14:00;265;319
07.04.2020;15:00;273;356
07.04.2020;16:00;382;399
07.04.2020;17:00;640;683
07.04.2020;18:00;677;715
07.04.2020;19:00;683;728
07.04.2020;20:00;681;724
07.04.2020;21:00;680;720
07.04.2020;22:00;668;703
07.04.2020;23:00;451;480
08.04.2020;00:00;263;289
08.04.2020;01:00;254;283
08.04.2020;02:00;258;285
08.04.2020;03:00;255;285
08.04.2020;04:00;275;308
08.04.2020;05:00;478;487
08.04.2020;06:00;684;692
08.04.2020;07:00;698;721
08.04.2020;08:00;695;723
08.04.2020;09:00;690;727
08.04.2020;10:00;667;705
08.04.2020;11:00;509;516
08.04.2020;12:00;429;324
08.04.2020;13:00;400;296
08.04.2020;14:00;392;299
08.04.2020;15:00;405;350
08.04.2020;16:00;493;631
08.04.2020;17:00;662;725
08.04.2020;18:00;688;728
08.04.2020;19:00;686;727
08.04.2020;20:00;685;724
08.04.2020;21:00;681;720
08.04.2020;22:00;679;717
08.04.2020;23:00;665;717
09.04.2020;00:00;675;700
09.04.2020;01:00;571;469
09.04.2020;02:00;566;447
09.04.2020;03:00;527;429
09.04.2020;04:00;446;409
09.04.2020;05:00;673;690
09.04.2020;06:00;693;732
09.04.2020;07:00;707;733
09.04.2020;08:00;702;725
09.04.2020;09:00;701;730
09.04.2020;10:00;666;690
09.04.2020;11:00;559;584
09.04.2020;12:00;497;500
09.04.2020;13:00;490;508
09.04.2020;14:00;477;504
09.04.2020;15:00;475;505
09.04.2020;16:00;467;499
09.04.2020;17:00;636;652
09.04.2020;18:00;672;700
09.04.2020;19:00;615;650
09.04.2020;20:00;564;590
09.04.2020;21:00;526;575
09.04.2020;22:00;537;594
09.04.2020;23:00;573;580
10.04.2020;00:00;399;426
10.04.2020;01:00;0;455
10.04.2020;02:00;0;417
10.04.2020;03:00;0;374
10.04.2020;04:00;0;425
10.04.2020;05:00;0;473
10.04.2020;06:00;0;461
10.04.2020;07:00;0;458
10.04.2020;08:00;0;449
10.04.2020;09:00;0;404
10.04.2020;10:00;0;292
10.04.2020;11:00;0;283
10.04.2020;12:00;0;294
10.04.2020;13:00;0;300
10.04.2020;14:00;0;296
10.04.2020;15:00;0;295
10.04.2020;16:00;0;310
10.04.2020;17:00;0;428
10.04.2020;18:00;0;449
10.04.2020;19:00;0;487
10.04.2020;20:00;0;510
10.04.2020;21:00;0;525
10.04.2020;22:00;0;528
10.04.2020;23:00;0;469
11.04.2020;00:00;0;339
11.04.2020;01:00;0;303
11.04.2020;02:00;0;299
11.04.2020;03:00;0;303
11.04.2020;04:00;0;303
11.04.2020;05:00;0;332
11.04.2020;06:00;0;307
11.04.2020;07:00;0;332
11.04.2020;08:00;0;309
11.04.2020;09:00;0;319
11.04.2020;10:00;0;299
11.04.2020;11:00;0;300
11.04.2020;12:00;0;301
11.04.2020;13:00;0;298
11.04.2020;14:00;0;298
11.04.2020;15:00;0;303
11.04.2020;16:00;0;307
11.04.2020;17:00;0;316
11.04.2020;18:00;0;314
11.04.2020;19:00;0;317
11.04.2020;20:00;0;333
11.04.2020;21:00;0;331
11.04.2020;22:00;0;336
11.04.2020;23:00;0;335
12.04.2020;00:00;0;310
12.04.2020;01:00;0;309
12.04.2020;02:00;0;308
12.04.2020;03:00;0;310
12.04.2020;04:00;0;309
12.04.2020;05:00;0;310
12.04.2020;06:00;0;307
12.04.2020;07:00;0;306
12.04.2020;08:00;0;304
12.04.2020;09:00;0;311
12.04.2020;10:00;0;311
12.04.2020;11:00;0;312
12.04.2020;12:00;0;311
12.04.2020;13:00;0;308
12.04.2020;14:00;0;312
12.04.2020;15:00;0;312
12.04.2020;16:00;0;309
12.04.2020;17:00;0;314
12.04.2020;18:00;0;310
12.04.2020;19:00;0;329
12.04.2020;20:00;0;328
12.04.2020;21:00;0;329
12.04.2020;22:00;0;315
12.04.2020;23:00;0;309
13.04.2020;00:00;0;284
13.04.2020;01:00;0;278
13.04.2020;02:00;0;278
13.04.2020;03:00;0;279
13.04.2020;04:00;0;280
13.04.2020;05:00;0;277
13.04.2020;06:00;0;277
13.04.2020;07:00;0;278
13.04.2020;08:00;0;277
13.04.2020;09:00;0;278
13.04.2020;10:00;0;278
13.04.2020;11:00;0;278
13.04.2020;12:00;0;278
13.04.2020;13:00;0;278
13.04.2020;14:00;0;278
13.04.2020;15:00;0;279
13.04.2020;16:00;0;278
13.04.2020;17:00;0;281
13.04.2020;18:00;0;293
13.04.2020;19:00;0;439
13.04.2020;20:00;0;338
13.04.2020;21:00;0;439
13.04.2020;22:00;0;362
13.04.2020;23:00;0;264
14.04.2020;00:00;0;295
14.04.2020;01:00;0;296
14.04.2020;02:00;0;299
14.04.2020;03:00;0;301
14.04.2020;04:00;0;294
14.04.2020;05:00;0;342
14.04.2020;06:00;0;670
14.04.2020;07:00;0;696
14.04.2020;08:00;0;674
14.04.2020;09:00;0;661
14.04.2020;10:00;0;570
14.04.2020;11:00;0;603
14.04.2020;12:00;0;643
14.04.2020;13:00;0;493
14.04.2020;14:00;0;368
14.04.2020;15:00;0;378
14.04.2020;16:00;0;405
14.04.2020;17:00;0;606
14.04.2020;18:00;0;669
14.04.2020;19:00;0;678
14.04.2020;20:00;0;674
14.04.2020;21:00;0;668
14.04.2020;22:00;0;661
14.04.2020;23:00;0;655
15.04.2020;00:00;0;464
15.04.2020;01:00;0;368
15.04.2020;02:00;0;378
15.04.2020;03:00;0;375
15.04.2020;04:00;0;516
15.04.2020;05:00;0;576
15.04.2020;06:00;0;657
15.04.2020;07:00;0;674
15.04.2020;08:00;0;664
15.04.2020;09:00;0;541
15.04.2020;10:00;0;397
15.04.2020;11:00;0;456
15.04.2020;12:00;0;436
15.04.2020;13:00;0;377
15.04.2020;14:00;0;374
15.04.2020;15:00;0;464
15.04.2020;16:00;0;381
15.04.2020;17:00;0;571
15.04.2020;18:00;0;665
15.04.2020;19:00;0;664
15.04.2020;20:00;0;665
15.04.2020;21:00;0;669
15.04.2020;22:00;0;658
15.04.2020;23:00;0;641
16.04.2020;00:00;0;672
16.04.2020;01:00;0;642
16.04.2020;02:00;0;644
16.04.2020;03:00;0;649
16.04.2020;04:00;0;663
16.04.2020;05:00;0;664
16.04.2020;06:00;0;679
16.04.2020;07:00;0;682
16.04.2020;08:00;0;679
16.04.2020;09:00;0;683
16.04.2020;10:00;0;626
16.04.2020;11:00;0;506
16.04.2020;12:00;0;370
16.04.2020;13:00;0;367
16.04.2020;14:00;0;365
16.04.2020;15:00;0;386
16.04.2020;16:00;0;422
16.04.2020;17:00;0;631
16.04.2020;18:00;0;651
16.04.2020;19:00;0;662
16.04.2020;20:00;0;663
16.04.2020;21:00;0;660
16.04.2020;22:00;0;665
16.04.2020;23:00;0;675
17.04.2020;00:00;0;688
17.04.2020;01:00;0;682
17.04.2020;02:00;0;695
17.04.2020;03:00;0;688
17.04.2020;04:00;0;693
17.04.2020;05:00;0;708
17.04.2020;06:00;0;710
17.04.2020;07:00;0;713
17.04.2020;08:00;0;713
17.04.2020;09:00;0;708
17.04.2020;10:00;0;695
17.04.2020;11:00;0;690
17.04.2020;12:00;0;651
17.04.2020;13:00;0;512
17.04.2020;14:00;0;515
17.04.2020;15:00;0;647
17.04.2020;16:00;0;676
17.04.2020;17:00;0;646
17.04.2020;18:00;0;689
17.04.2020;19:00;0;709
17.04.2020;20:00;0;707
17.04.2020;21:00;0;720
17.04.2020;22:00;0;694
17.04.2020;23:00;0;650
18.04.2020;00:00;0;453
18.04.2020;01:00;0;459
18.04.2020;02:00;0;433
18.04.2020;03:00;0;373
18.04.2020;04:00;0;330
18.04.2020;05:00;0;372
18.04.2020;06:00;0;391
18.04.2020;07:00;0;434
18.04.2020;08:00;0;438
18.04.2020;09:00;0;545
18.04.2020;10:00;0;433
18.04.2020;11:00;0;374
18.04.2020;12:00;0;381
18.04.2020;13:00;0;377
18.04.2020;14:00;0;371
18.04.2020;15:00;0;370
18.04.2020;16:00;0;422
18.04.2020;17:00;0;574
18.04.2020;18:00;0;690
18.04.2020;19:00;0;686
18.04.2020;20:00;0;682
18.04.2020;21:00;0;534
18.04.2020;22:00;0;478
18.04.2020;23:00;0;457
19.04.2020;00:00;0;380
19.04.2020;01:00;0;394
19.04.2020;02:00;0;395
19.04.2020;03:00;0;391
19.04.2020;04:00;0;389
19.04.2020;05:00;0;393
19.04.2020;06:00;0;395
19.04.2020;07:00;0;410
19.04.2020;08:00;0;404
19.04.2020;09:00;0;395
19.04.2020;10:00;0;414
19.04.2020;11:00;0;373
19.04.2020;12:00;0;386
19.04.2020;13:00;0;396
19.04.2020;14:00;0;398
19.04.2020;15:00;0;412
19.04.2020;16:00;0;398
19.04.2020;17:00;0;407
19.04.2020;18:00;0;422
19.04.2020;19:00;0;429
19.04.2020;20:00;0;400
19.04.2020;21:00;0;391
19.04.2020;22:00;0;400
19.04.2020;23:00;0;417
20.04.2020;00:00;0;384
20.04.2020;01:00;0;432
20.04.2020;02:00;0;386
20.04.2020;03:00;0;377
20.04.2020;04:00;0;383
20.04.2020;05:00;0;393
20.04.2020;06:00;0;359
20.04.2020;07:00;0;422
20.04.2020;08:00;0;584
20.04.2020;09:00;0;423
20.04.2020;10:00;0;354
20.04.2020;11:00;0;371
20.04.2020;12:00;0;361
20.04.2020;13:00;0;367
20.04.2020;14:00;0;389
20.04.2020;15:00;0;415
20.04.2020;16:00;0;370
20.04.2020;17:00;0;393
20.04.2020;18:00;0;391
20.04.2020;19:00;0;388
20.04.2020;20:00;0;380
20.04.2020;21:00;0;395
20.04.2020;22:00;0;385
20.04.2020;23:00;0;387
21.04.2020;00:00;0;379
21.04.2020;01:00;0;373
21.04.2020;02:00;0;372
21.04.2020;03:00;0;370
21.04.2020;04:00;0;376
21.04.2020;05:00;0;381
21.04.2020;06:00;0;396
21.04.2020;07:00;0;395
21.04.2020;08:00;0;394
21.04.2020;09:00;0;399
21.04.2020;10:00;0;398
21.04.2020;11:00;0;317
21.04.2020;12:00;0;380
21.04.2020;13:00;0;380
21.04.2020;14:00;0;368
21.04.2020;15:00;0;360
21.04.2020;16:00;0;268
21.04.2020;17:00;0;386
21.04.2020;18:00;0;399
21.04.2020;19:00;0;412
21.04.2020;20:00;0;470
21.04.2020;21:00;0;384
21.04.2020;22:00;0;381
21.04.2020;23:00;0;380
22.04.2020;00:00;0;380
22.04.2020;01:00;0;383
22.04.2020;02:00;0;380
22.04.2020;03:00;0;383
22.04.2020;04:00;0;379
22.04.2020;05:00;0;370
22.04.2020;06:00;0;372
22.04.2020;07:00;0;433
22.04.2020;08:00;0;422
22.04.2020;09:00;0;377
22.04.2020;10:00;0;285
22.04.2020;11:00;0;273
22.04.2020;12:00;0;313
22.04.2020;13:00;0;280
22.04.2020;14:00;0;289
22.04.2020;15:00;0;271
22.04.2020;16:00;0;265
22.04.2020;17:00;0;301
22.04.2020;18:00;0;490
22.04.2020;19:00;0;682
22.04.2020;20:00;0;687
22.04.2020;21:00;0;678
22.04.2020;22:00;0;583
22.04.2020;23:00;0;428
23.04.2020;00:00;0;440
23.04.2020;01:00;0;440
23.04.2020;02:00;0;440
23.04.2020;03:00;0;437
23.04.2020;04:00;0;451
23.04.2020;05:00;0;653
23.04.2020;06:00;0;680
23.04.2020;07:00;0;681
23.04.2020;08:00;0;683
23.04.2020;09:00;0;659
23.04.2020;10:00;0;508
23.04.2020;11:00;0;406
23.04.2020;12:00;0;436
23.04.2020;13:00;0;521
23.04.2020;14:00;0;508
23.04.2020;15:00;0;419
23.04.2020;16:00;0;535
23.04.2020;17:00;0;671
23.04.2020;18:00;0;664
23.04.2020;19:00;0;670
23.04.2020;20:00;0;687
23.04.2020;21:00;0;681
23.04.2020;22:00;0;677
23.04.2020;23:00;0;668
24.04.2020;00:00;0;684
24.04.2020;01:00;0;668
24.04.2020;02:00;0;543
24.04.2020;03:00;0;507
24.04.2020;04:00;0;503
24.04.2020;05:00;0;688
24.04.2020;06:00;0;689
24.04.2020;07:00;0;691
24.04.2020;08:00;0;687
24.04.2020;09:00;0;654
24.04.2020;10:00;0;407
24.04.2020;11:00;0;399
24.04.2020;12:00;0;411
24.04.2020;13:00;0;391
24.04.2020;14:00;0;392
24.04.2020;15:00;0;361
24.04.2020;16:00;0;359
24.04.2020;17:00;0;361
24.04.2020;18:00;0;398
24.04.2020;19:00;0;666
24.04.2020;20:00;0;679
24.04.2020;21:00;0;653
24.04.2020;22:00;0;600
24.04.2020;23:00;0;437
25.04.2020;00:00;0;400
25.04.2020;01:00;0;344
25.04.2020;02:00;0;322
25.04.2020;03:00;0;299
25.04.2020;04:00;0;295
25.04.2020;05:00;0;337
25.04.2020;06:00;0;310
25.04.2020;07:00;0;308
25.04.2020;08:00;0;309
25.04.2020;09:00;0;303
25.04.2020;10:00;0;305
25.04.2020;11:00;0;308
25.04.2020;12:00;0;303
25.04.2020;13:00;0;303
25.04.2020;14:00;0;307
25.04.2020;15:00;0;304
25.04.2020;16:00;0;303
25.04.2020;17:00;0;355
25.04.2020;18:00;0;587
25.04.2020;19:00;0;734
25.04.2020;20:00;0;749
25.04.2020;21:00;0;732
25.04.2020;22:00;0;728
25.04.2020;23:00;0;724
26.04.2020;00:00;0;595
26.04.2020;01:00;0;383
26.04.2020;02:00;0;307
26.04.2020;03:00;0;325
26.04.2020;04:00;0;495
26.04.2020;05:00;0;414
26.04.2020;06:00;0;341
26.04.2020;07:00;0;324
26.04.2020;08:00;0;331
26.04.2020;09:00;0;332
26.04.2020;10:00;0;330
26.04.2020;11:00;0;333
26.04.2020;12:00;0;378
26.04.2020;13:00;0;383
26.04.2020;14:00;0;402
26.04.2020;15:00;0;405
26.04.2020;16:00;0;410
26.04.2020;17:00;88;424
26.04.2020;18:00;287;682
26.04.2020;19:00;288;719
26.04.2020;20:00;350;749
26.04.2020;21:00;439;751
26.04.2020;22:00;445;757
26.04.2020;23:00;364;699
27.04.2020;00:00;332;369
27.04.2020;01:00;292;335
27.04.2020;02:00;299;311
27.04.2020;03:00;303;312
27.04.2020;04:00;349;353
27.04.2020;05:00;393;414
27.04.2020;06:00;660;681
27.04.2020;07:00;737;736
27.04.2020;08:00;734;730
27.04.2020;09:00;729;724
27.04.2020;10:00;634;634
27.04.2020;11:00;557;573
27.04.2020;12:00;511;531
27.04.2020;13:00;414;429
27.04.2020;14:00;361;367
27.04.2020;15:00;355;381
27.04.2020;16:00;368;377
27.04.2020;17:00;647;684
27.04.2020;18:00;699;711
27.04.2020;19:00;701;724
27.04.2020;20:00;694;716
27.04.2020;21:00;704;722
27.04.2020;22:00;703;715
27.04.2020;23:00;701;712
28.04.2020;00:00;708;717
28.04.2020;01:00;633;672
28.04.2020;02:00;517;641
28.04.2020;03:00;464;647
28.04.2020;04:00;449;632
28.04.2020;05:00;587;660
28.04.2020;06:00;663;704
28.04.2020;07:00;676;718
28.04.2020;08:00;693;715
28.04.2020;09:00;682;721
28.04.2020;10:00;684;719
28.04.2020;11:00;700;718
28.04.2020;12:00;680;714
28.04.2020;13:00;696;704
28.04.2020;14:00;683;711
28.04.2020;15:00;682;714
28.04.2020;16:00;673;715
28.04.2020;17:00;668;711
28.04.2020;18:00;692;714
28.04.2020;19:00;691;715
28.04.2020;20:00;706;712
28.04.2020;21:00;688;716
28.04.2020;22:00;666;674
28.04.2020;23:00;475;441
29.04.2020;00:00;344;377
29.04.2020;01:00;342;301
29.04.2020;02:00;341;306
29.04.2020;03:00;349;349
29.04.2020;04:00;436;369
29.04.2020;05:00;396;445
29.04.2020;06:00;639;685
29.04.2020;07:00;692;714
29.04.2020;08:00;697;713
29.04.2020;09:00;703;716
29.04.2020;10:00;693;721
29.04.2020;11:00;694;714
29.04.2020;12:00;654;683
29.04.2020;13:00;483;475
29.04.2020;14:00;404;479
29.04.2020;15:00;365;375
29.04.2020;16:00;554;534
29.04.2020;17:00;671;712
29.04.2020;18:00;682;710
29.04.2020;19:00;691;709
29.04.2020;20:00;687;713
29.04.2020;21:00;681;710
29.04.2020;22:00;572;605
29.04.2020;23:00;349;336
30.04.2020;00:00;330;298
30.04.2020;01:00;317;296
30.04.2020;02:00;296;296
30.04.2020;03:00;329;298
30.04.2020;04:00;332;298
30.04.2020;05:00;353;338
30.04.2020;06:00;402;559
30.04.2020;07:00;621;710
30.04.2020;08:00;704;714
30.04.2020;09:00;586;611
30.04.2020;10:00;398;357
30.04.2020;11:00;366;295
30.04.2020;12:00;352;291
30.04.2020;13:00;342;284
30.04.2020;14:00;344;284
30.04.2020;15:00;340;291
30.04.2020;16:00;379;348
30.04.2020;17:00;650;689
30.04.2020;18:00;707;730
30.04.2020;19:00;707;738
30.04.2020;20:00;703;745
30.04.2020;21:00;726;744
30.04.2020;22:00;613;585
30.04.2020;23:00;366;345
