Datum;Uhrzeit;Generation_DE M6[MW];Generation_DE M5[MW]
01.01.2020;00:00;0;0
01.01.2020;01:00;0;0
01.01.2020;02:00;0;0
01.01.2020;03:00;0;0
01.01.2020;04:00;0;0
01.01.2020;05:00;0;0
01.01.2020;06:00;0;0
01.01.2020;07:00;0;0
01.01.2020;08:00;0;0
01.01.2020;09:00;0;0
01.01.2020;10:00;0;0
01.01.2020;11:00;0;0
01.01.2020;12:00;0;0
01.01.2020;13:00;0;0
01.01.2020;14:00;0;0
01.01.2020;15:00;54;85
01.01.2020;16:00;92;94
01.01.2020;17:00;205;207
01.01.2020;18:00;225;226
01.01.2020;19:00;139;141
01.01.2020;20:00;179;180
01.01.2020;21:00;147;149
01.01.2020;22:00;126;129
01.01.2020;23:00;86;23
02.01.2020;00:00;1;0
02.01.2020;01:00;0;0
02.01.2020;02:00;0;0
02.01.2020;03:00;0;0
02.01.2020;04:00;0;0
02.01.2020;05:00;0;0
02.01.2020;06:00;0;0
02.01.2020;07:00;92;93
02.01.2020;08:00;199;201
02.01.2020;09:00;189;190
02.01.2020;10:00;181;183
02.01.2020;11:00;61;2
02.01.2020;12:00;0;0
02.01.2020;13:00;18;0
02.01.2020;14:00;55;0
02.01.2020;15:00;56;0
02.01.2020;16:00;3;66
02.01.2020;17:00;198;208
02.01.2020;18:00;125;127
02.01.2020;19:00;33;33
02.01.2020;20:00;0;0
02.01.2020;21:00;0;0
02.01.2020;22:00;0;0
02.01.2020;23:00;0;0
03.01.2020;00:00;0;0
03.01.2020;01:00;0;0
03.01.2020;02:00;0;0
03.01.2020;03:00;0;0
03.01.2020;04:00;0;0
03.01.2020;05:00;0;0
03.01.2020;06:00;0;0
03.01.2020;07:00;0;0
03.01.2020;08:00;0;0
03.01.2020;09:00;0;0
03.01.2020;10:00;0;0
03.01.2020;11:00;0;0
03.01.2020;12:00;0;0
03.01.2020;13:00;0;0
03.01.2020;14:00;0;0
03.01.2020;15:00;156;145
03.01.2020;16:00;54;51
03.01.2020;17:00;55;22
03.01.2020;18:00;19;22
03.01.2020;19:00;149;151
03.01.2020;20:00;148;150
03.01.2020;21:00;132;135
03.01.2020;22:00;208;209
03.01.2020;23:00;151;153
04.01.2020;00:00;18;1
04.01.2020;01:00;0;0
04.01.2020;02:00;0;0
04.01.2020;03:00;0;0
04.01.2020;04:00;0;0
04.01.2020;05:00;0;0
04.01.2020;06:00;0;0
04.01.2020;07:00;0;0
04.01.2020;08:00;0;0
04.01.2020;09:00;0;0
04.01.2020;10:00;0;0
04.01.2020;11:00;0;0
04.01.2020;12:00;29;0
04.01.2020;13:00;45;0
04.01.2020;14:00;1;0
04.01.2020;15:00;55;0
04.01.2020;16:00;172;147
04.01.2020;17:00;178;180
04.01.2020;18:00;216;217
04.01.2020;19:00;199;200
04.01.2020;20:00;97;100
04.01.2020;21:00;165;167
04.01.2020;22:00;176;177
04.01.2020;23:00;23;1
05.01.2020;00:00;27;0
05.01.2020;01:00;0;0
05.01.2020;02:00;0;0
05.01.2020;03:00;0;0
05.01.2020;04:00;0;0
05.01.2020;05:00;0;0
05.01.2020;06:00;0;0
05.01.2020;07:00;0;0
05.01.2020;08:00;0;0
05.01.2020;09:00;0;0
05.01.2020;10:00;0;0
05.01.2020;11:00;0;0
05.01.2020;12:00;0;0
05.01.2020;13:00;74;0
05.01.2020;14:00;45;0
05.01.2020;15:00;154;0
05.01.2020;16:00;126;142
05.01.2020;17:00;238;239
05.01.2020;18:00;235;235
05.01.2020;19:00;210;209
05.01.2020;20:00;179;174
05.01.2020;21:00;61;89
05.01.2020;22:00;0;0
05.01.2020;23:00;0;0
06.01.2020;00:00;0;0
06.01.2020;01:00;0;0
06.01.2020;02:00;0;0
06.01.2020;03:00;0;0
06.01.2020;04:00;0;0
06.01.2020;05:00;0;0
06.01.2020;06:00;0;0
06.01.2020;07:00;142;142
06.01.2020;08:00;156;158
06.01.2020;09:00;102;104
06.01.2020;10:00;0;0
06.01.2020;11:00;0;0
06.01.2020;12:00;0;17
06.01.2020;13:00;0;45
06.01.2020;14:00;0;81
06.01.2020;15:00;66;58
06.01.2020;16:00;211;139
06.01.2020;17:00;238;237
06.01.2020;18:00;196;229
06.01.2020;19:00;100;126
06.01.2020;20:00;53;47
06.01.2020;21:00;0;0
06.01.2020;22:00;0;0
06.01.2020;23:00;0;0
07.01.2020;00:00;0;0
07.01.2020;01:00;0;0
07.01.2020;02:00;0;0
07.01.2020;03:00;0;0
07.01.2020;04:00;0;0
07.01.2020;05:00;0;0
07.01.2020;06:00;0;0
07.01.2020;07:00;61;77
07.01.2020;08:00;86;169
07.01.2020;09:00;112;135
07.01.2020;10:00;51;111
07.01.2020;11:00;26;1
07.01.2020;12:00;32;0
07.01.2020;13:00;34;0
07.01.2020;14:00;63;29
07.01.2020;15:00;61;0
07.01.2020;16:00;106;50
07.01.2020;17:00;89;93
07.01.2020;18:00;21;81
07.01.2020;19:00;13;56
07.01.2020;20:00;0;4
07.01.2020;21:00;0;0
07.01.2020;22:00;0;0
07.01.2020;23:00;0;0
08.01.2020;00:00;0;0
08.01.2020;01:00;0;0
08.01.2020;02:00;0;0
08.01.2020;03:00;0;0
08.01.2020;04:00;0;0
08.01.2020;05:00;0;0
08.01.2020;06:00;0;0
08.01.2020;07:00;0;81
08.01.2020;08:00;0;175
08.01.2020;09:00;0;88
08.01.2020;10:00;0;145
08.01.2020;11:00;0;178
08.01.2020;12:00;0;5
08.01.2020;13:00;0;0
08.01.2020;14:00;6;0
08.01.2020;15:00;180;64
08.01.2020;16:00;159;161
08.01.2020;17:00;178;179
08.01.2020;18:00;170;172
08.01.2020;19:00;155;157
08.01.2020;20:00;97;99
08.01.2020;21:00;75;77
08.01.2020;22:00;0;0
08.01.2020;23:00;0;0
09.01.2020;00:00;0;0
09.01.2020;01:00;0;0
09.01.2020;02:00;0;0
09.01.2020;03:00;0;0
09.01.2020;04:00;0;0
09.01.2020;05:00;0;0
09.01.2020;06:00;74;75
09.01.2020;07:00;171;172
09.01.2020;08:00;116;118
09.01.2020;09:00;49;51
09.01.2020;10:00;0;0
09.01.2020;11:00;0;0
09.01.2020;12:00;0;0
09.01.2020;13:00;0;0
09.01.2020;14:00;0;0
09.01.2020;15:00;42;0
09.01.2020;16:00;47;0
09.01.2020;17:00;22;0
09.01.2020;18:00;22;0
09.01.2020;19:00;23;0
09.01.2020;20:00;3;0
09.01.2020;21:00;0;0
09.01.2020;22:00;0;0
09.01.2020;23:00;0;0
10.01.2020;00:00;0;0
10.01.2020;01:00;0;0
10.01.2020;02:00;0;0
10.01.2020;03:00;0;0
10.01.2020;04:00;0;0
10.01.2020;05:00;0;0
10.01.2020;06:00;0;0
10.01.2020;07:00;0;1
10.01.2020;08:00;0;22
10.01.2020;09:00;0;22
10.01.2020;10:00;0;27
10.01.2020;11:00;0;24
10.01.2020;12:00;0;4
10.01.2020;13:00;0;0
10.01.2020;14:00;0;0
10.01.2020;15:00;0;0
10.01.2020;16:00;94;88
10.01.2020;17:00;114;131
10.01.2020;18:00;230;206
10.01.2020;19:00;197;178
10.01.2020;20:00;115;109
10.01.2020;21:00;80;102
10.01.2020;22:00;0;0
10.01.2020;23:00;0;0
11.01.2020;00:00;0;0
11.01.2020;01:00;0;0
11.01.2020;02:00;0;0
11.01.2020;03:00;0;0
11.01.2020;04:00;0;0
11.01.2020;05:00;0;0
11.01.2020;06:00;0;0
11.01.2020;07:00;71;0
11.01.2020;08:00;90;0
11.01.2020;09:00;177;0
11.01.2020;10:00;116;1
11.01.2020;11:00;19;0
11.01.2020;12:00;21;0
11.01.2020;13:00;0;0
11.01.2020;14:00;0;0
11.01.2020;15:00;0;3
11.01.2020;16:00;52;25
11.01.2020;17:00;124;128
11.01.2020;18:00;134;142
11.01.2020;19:00;98;105
11.01.2020;20:00;97;16
11.01.2020;21:00;133;0
11.01.2020;22:00;131;0
11.01.2020;23:00;65;0
12.01.2020;00:00;5;0
12.01.2020;01:00;0;0
12.01.2020;02:00;0;0
12.01.2020;03:00;0;0
12.01.2020;04:00;0;0
12.01.2020;05:00;0;0
12.01.2020;06:00;0;0
12.01.2020;07:00;0;0
12.01.2020;08:00;0;0
12.01.2020;09:00;0;0
12.01.2020;10:00;0;0
12.01.2020;11:00;0;0
12.01.2020;12:00;0;0
12.01.2020;13:00;0;0
12.01.2020;14:00;0;0
12.01.2020;15:00;0;97
12.01.2020;16:00;76;43
12.01.2020;17:00;133;27
12.01.2020;18:00;148;36
12.01.2020;19:00;48;25
12.01.2020;20:00;0;1
12.01.2020;21:00;0;0
12.01.2020;22:00;0;0
12.01.2020;23:00;0;0
13.01.2020;00:00;0;0
13.01.2020;01:00;0;0
13.01.2020;02:00;0;0
13.01.2020;03:00;0;0
13.01.2020;04:00;0;0
13.01.2020;05:00;0;0
13.01.2020;06:00;18;0
13.01.2020;07:00;158;167
13.01.2020;08:00;162;176
13.01.2020;09:00;153;156
13.01.2020;10:00;71;76
13.01.2020;11:00;122;123
13.01.2020;12:00;111;111
13.01.2020;13:00;2;2
13.01.2020;14:00;0;47
13.01.2020;15:00;0;41
13.01.2020;16:00;0;85
13.01.2020;17:00;171;234
13.01.2020;18:00;78;159
13.01.2020;19:00;116;139
13.01.2020;20:00;1;25
13.01.2020;21:00;0;0
13.01.2020;22:00;0;68
13.01.2020;23:00;0;5
14.01.2020;00:00;0;0
14.01.2020;01:00;0;0
14.01.2020;02:00;0;0
14.01.2020;03:00;0;0
14.01.2020;04:00;0;0
14.01.2020;05:00;0;0
14.01.2020;06:00;0;0
14.01.2020;07:00;0;0
14.01.2020;08:00;0;0
14.01.2020;09:00;0;0
14.01.2020;10:00;0;0
14.01.2020;11:00;0;0
14.01.2020;12:00;0;0
14.01.2020;13:00;168;170
14.01.2020;14:00;98;100
14.01.2020;15:00;105;107
14.01.2020;16:00;124;127
14.01.2020;17:00;140;142
14.01.2020;18:00;63;98
14.01.2020;19:00;142;116
14.01.2020;20:00;179;170
14.01.2020;21:00;187;188
14.01.2020;22:00;1;44
14.01.2020;23:00;0;1
15.01.2020;00:00;0;0
15.01.2020;01:00;0;0
15.01.2020;02:00;0;0
15.01.2020;03:00;0;0
15.01.2020;04:00;0;0
15.01.2020;05:00;0;0
15.01.2020;06:00;0;0
15.01.2020;07:00;0;0
15.01.2020;08:00;103;0
15.01.2020;09:00;180;0
15.01.2020;10:00;0;0
15.01.2020;11:00;0;0
15.01.2020;12:00;0;0
15.01.2020;13:00;0;0
15.01.2020;14:00;0;0
15.01.2020;15:00;13;0
15.01.2020;16:00;64;0
15.01.2020;17:00;153;151
15.01.2020;18:00;170;172
15.01.2020;19:00;130;132
15.01.2020;20:00;85;87
15.01.2020;21:00;0;0
15.01.2020;22:00;0;0
15.01.2020;23:00;0;0
16.01.2020;00:00;0;0
16.01.2020;01:00;0;0
16.01.2020;02:00;0;0
16.01.2020;03:00;0;0
16.01.2020;04:00;0;0
16.01.2020;05:00;0;0
16.01.2020;06:00;8;0
16.01.2020;07:00;141;173
16.01.2020;08:00;153;239
16.01.2020;09:00;73;139
16.01.2020;10:00;53;0
16.01.2020;11:00;29;0
16.01.2020;12:00;7;0
16.01.2020;13:00;0;0
16.01.2020;14:00;0;22
16.01.2020;15:00;0;24
16.01.2020;16:00;46;25
16.01.2020;17:00;73;27
16.01.2020;18:00;84;64
16.01.2020;19:00;89;76
16.01.2020;20:00;14;34
16.01.2020;21:00;0;11
16.01.2020;22:00;0;0
16.01.2020;23:00;0;0
17.01.2020;00:00;0;0
17.01.2020;01:00;0;0
17.01.2020;02:00;0;0
17.01.2020;03:00;0;0
17.01.2020;04:00;0;0
17.01.2020;05:00;0;0
17.01.2020;06:00;35;0
17.01.2020;07:00;174;118
17.01.2020;08:00;171;149
17.01.2020;09:00;124;110
17.01.2020;10:00;58;11
17.01.2020;11:00;0;0
17.01.2020;12:00;0;0
17.01.2020;13:00;0;0
17.01.2020;14:00;6;0
17.01.2020;15:00;136;101
17.01.2020;16:00;128;57
17.01.2020;17:00;181;152
17.01.2020;18:00;143;136
17.01.2020;19:00;98;101
17.01.2020;20:00;92;87
17.01.2020;21:00;21;0
17.01.2020;22:00;0;0
17.01.2020;23:00;50;0
18.01.2020;00:00;7;0
18.01.2020;01:00;0;0
18.01.2020;02:00;0;0
18.01.2020;03:00;0;0
18.01.2020;04:00;0;0
18.01.2020;05:00;0;0
18.01.2020;06:00;0;0
18.01.2020;07:00;0;0
18.01.2020;08:00;0;0
18.01.2020;09:00;0;0
18.01.2020;10:00;0;0
18.01.2020;11:00;0;0
18.01.2020;12:00;0;0
18.01.2020;13:00;0;0
18.01.2020;14:00;38;0
18.01.2020;15:00;177;0
18.01.2020;16:00;169;132
18.01.2020;17:00;198;239
18.01.2020;18:00;212;214
18.01.2020;19:00;171;172
18.01.2020;20:00;135;106
18.01.2020;21:00;83;0
18.01.2020;22:00;189;0
18.01.2020;23:00;125;0
19.01.2020;00:00;12;0
19.01.2020;01:00;0;0
19.01.2020;02:00;0;0
19.01.2020;03:00;0;0
19.01.2020;04:00;0;0
19.01.2020;05:00;0;0
19.01.2020;06:00;0;0
19.01.2020;07:00;0;0
19.01.2020;08:00;0;0
19.01.2020;09:00;0;0
19.01.2020;10:00;0;0
19.01.2020;11:00;0;0
19.01.2020;12:00;0;0
19.01.2020;13:00;0;0
19.01.2020;14:00;0;0
19.01.2020;15:00;0;0
19.01.2020;16:00;0;0
19.01.2020;17:00;116;153
19.01.2020;18:00;228;229
19.01.2020;19:00;119;162
19.01.2020;20:00;105;0
19.01.2020;21:00;44;0
19.01.2020;22:00;49;0
19.01.2020;23:00;40;0
20.01.2020;00:00;0;0
20.01.2020;01:00;0;0
20.01.2020;02:00;0;0
20.01.2020;03:00;0;0
20.01.2020;04:00;0;0
20.01.2020;05:00;18;0
20.01.2020;06:00;153;147
20.01.2020;07:00;76;78
20.01.2020;08:00;102;106
20.01.2020;09:00;132;134
20.01.2020;10:00;37;48
20.01.2020;11:00;0;22
20.01.2020;12:00;0;7
20.01.2020;13:00;0;0
20.01.2020;14:00;0;0
20.01.2020;15:00;0;0
20.01.2020;16:00;0;0
20.01.2020;17:00;0;0
20.01.2020;18:00;0;0
20.01.2020;19:00;0;0
20.01.2020;20:00;0;0
20.01.2020;21:00;0;0
20.01.2020;22:00;0;0
20.01.2020;23:00;0;0
21.01.2020;00:00;0;0
21.01.2020;01:00;0;0
21.01.2020;02:00;0;0
21.01.2020;03:00;0;0
21.01.2020;04:00;0;0
21.01.2020;05:00;0;0
21.01.2020;06:00;24;0
21.01.2020;07:00;80;0
21.01.2020;08:00;113;0
21.01.2020;09:00;194;0
21.01.2020;10:00;44;0
21.01.2020;11:00;31;0
21.01.2020;12:00;103;0
21.01.2020;13:00;105;0
21.01.2020;14:00;48;0
21.01.2020;15:00;74;7
21.01.2020;16:00;39;77
21.01.2020;17:00;100;177
21.01.2020;18:00;97;125
21.01.2020;19:00;95;136
21.01.2020;20:00;40;40
21.01.2020;21:00;55;0
21.01.2020;22:00;15;0
21.01.2020;23:00;0;0
22.01.2020;00:00;0;0
22.01.2020;01:00;0;0
22.01.2020;02:00;0;0
22.01.2020;03:00;0;0
22.01.2020;04:00;0;0
22.01.2020;05:00;0;0
22.01.2020;06:00;0;0
22.01.2020;07:00;123;127
22.01.2020;08:00;238;239
22.01.2020;09:00;238;239
22.01.2020;10:00;238;239
22.01.2020;11:00;63;66
22.01.2020;12:00;0;0
22.01.2020;13:00;0;0
22.01.2020;14:00;0;0
22.01.2020;15:00;10;0
22.01.2020;16:00;135;147
22.01.2020;17:00;62;99
22.01.2020;18:00;65;130
22.01.2020;19:00;101;156
22.01.2020;20:00;93;109
22.01.2020;21:00;74;0
22.01.2020;22:00;91;0
22.01.2020;23:00;31;0
23.01.2020;00:00;0;0
23.01.2020;01:00;0;0
23.01.2020;02:00;0;0
23.01.2020;03:00;0;0
23.01.2020;04:00;0;0
23.01.2020;05:00;0;0
23.01.2020;06:00;2;27
23.01.2020;07:00;94;117
23.01.2020;08:00;238;168
23.01.2020;09:00;219;166
23.01.2020;10:00;149;145
23.01.2020;11:00;0;10
23.01.2020;12:00;0;0
23.01.2020;13:00;0;0
23.01.2020;14:00;0;0
23.01.2020;15:00;9;0
23.01.2020;16:00;72;201
23.01.2020;17:00;84;158
23.01.2020;18:00;57;145
23.01.2020;19:00;178;172
23.01.2020;20:00;215;0
23.01.2020;21:00;125;0
23.01.2020;22:00;33;0
23.01.2020;23:00;0;0
24.01.2020;00:00;0;0
24.01.2020;01:00;0;0
24.01.2020;02:00;0;0
24.01.2020;03:00;0;0
24.01.2020;04:00;0;0
24.01.2020;05:00;0;0
24.01.2020;06:00;0;1
24.01.2020;07:00;102;69
24.01.2020;08:00;159;159
24.01.2020;09:00;173;99
24.01.2020;10:00;70;67
24.01.2020;11:00;88;131
24.01.2020;12:00;0;2
24.01.2020;13:00;0;0
24.01.2020;14:00;0;0
24.01.2020;15:00;30;46
24.01.2020;16:00;99;133
24.01.2020;17:00;149;173
24.01.2020;18:00;98;108
24.01.2020;19:00;85;46
24.01.2020;20:00;16;61
24.01.2020;21:00;0;0
24.01.2020;22:00;0;0
24.01.2020;23:00;0;0
25.01.2020;00:00;0;0
25.01.2020;01:00;0;0
25.01.2020;02:00;0;0
25.01.2020;03:00;0;0
25.01.2020;04:00;0;0
25.01.2020;05:00;0;0
25.01.2020;06:00;0;0
25.01.2020;07:00;11;12
25.01.2020;08:00;152;154
25.01.2020;09:00;207;131
25.01.2020;10:00;218;110
25.01.2020;11:00;62;3
25.01.2020;12:00;3;0
25.01.2020;13:00;0;0
25.01.2020;14:00;0;0
25.01.2020;15:00;2;2
25.01.2020;16:00;87;89
25.01.2020;17:00;135;131
25.01.2020;18:00;89;199
25.01.2020;19:00;39;75
25.01.2020;20:00;8;20
25.01.2020;21:00;0;0
25.01.2020;22:00;0;0
25.01.2020;23:00;0;0
26.01.2020;00:00;0;0
26.01.2020;01:00;0;0
26.01.2020;02:00;0;0
26.01.2020;03:00;0;0
26.01.2020;04:00;0;0
26.01.2020;05:00;0;0
26.01.2020;06:00;0;0
26.01.2020;07:00;5;0
26.01.2020;08:00;113;0
26.01.2020;09:00;125;0
26.01.2020;10:00;30;0
26.01.2020;11:00;28;0
26.01.2020;12:00;4;0
26.01.2020;13:00;0;0
26.01.2020;14:00;0;0
26.01.2020;15:00;0;4
26.01.2020;16:00;0;93
26.01.2020;17:00;88;180
26.01.2020;18:00;113;106
26.01.2020;19:00;76;37
26.01.2020;20:00;0;37
26.01.2020;21:00;0;0
26.01.2020;22:00;0;0
26.01.2020;23:00;0;0
27.01.2020;00:00;0;0
27.01.2020;01:00;0;0
27.01.2020;02:00;0;0
27.01.2020;03:00;0;0
27.01.2020;04:00;0;0
27.01.2020;05:00;0;0
27.01.2020;06:00;0;0
27.01.2020;07:00;156;66
27.01.2020;08:00;226;110
27.01.2020;09:00;74;26
27.01.2020;10:00;211;50
27.01.2020;11:00;0;37
27.01.2020;12:00;0;0
27.01.2020;13:00;0;0
27.01.2020;14:00;0;0
27.01.2020;15:00;2;1
27.01.2020;16:00;78;165
27.01.2020;17:00;117;215
27.01.2020;18:00;96;236
27.01.2020;19:00;65;182
27.01.2020;20:00;85;93
27.01.2020;21:00;0;0
27.01.2020;22:00;0;0
27.01.2020;23:00;0;0
28.01.2020;00:00;0;0
28.01.2020;01:00;0;0
28.01.2020;02:00;0;0
28.01.2020;03:00;0;0
28.01.2020;04:00;0;0
28.01.2020;05:00;0;0
28.01.2020;06:00;0;0
28.01.2020;07:00;88;95
28.01.2020;08:00;213;234
28.01.2020;09:00;237;239
28.01.2020;10:00;229;149
28.01.2020;11:00;3;59
28.01.2020;12:00;0;1
28.01.2020;13:00;0;0
28.01.2020;14:00;0;0
28.01.2020;15:00;0;0
28.01.2020;16:00;0;0
28.01.2020;17:00;0;0
28.01.2020;18:00;0;0
28.01.2020;19:00;0;0
28.01.2020;20:00;0;0
28.01.2020;21:00;53;0
28.01.2020;22:00;183;0
28.01.2020;23:00;43;0
29.01.2020;00:00;0;0
29.01.2020;01:00;0;0
29.01.2020;02:00;0;0
29.01.2020;03:00;0;0
29.01.2020;04:00;0;0
29.01.2020;05:00;0;0
29.01.2020;06:00;0;0
29.01.2020;07:00;175;82
29.01.2020;08:00;202;204
29.01.2020;09:00;74;84
29.01.2020;10:00;0;128
29.01.2020;11:00;0;0
29.01.2020;12:00;0;0
29.01.2020;13:00;0;0
29.01.2020;14:00;0;0
29.01.2020;15:00;0;4
29.01.2020;16:00;62;49
29.01.2020;17:00;179;77
29.01.2020;18:00;189;93
29.01.2020;19:00;103;50
29.01.2020;20:00;0;2
29.01.2020;21:00;12;0
29.01.2020;22:00;0;0
29.01.2020;23:00;0;0
30.01.2020;00:00;0;0
30.01.2020;01:00;0;0
30.01.2020;02:00;0;0
30.01.2020;03:00;0;0
30.01.2020;04:00;0;0
30.01.2020;05:00;0;0
30.01.2020;06:00;0;0
30.01.2020;07:00;78;132
30.01.2020;08:00;150;152
30.01.2020;09:00;34;82
30.01.2020;10:00;0;86
30.01.2020;11:00;0;0
30.01.2020;12:00;0;0
30.01.2020;13:00;0;0
30.01.2020;14:00;0;0
30.01.2020;15:00;111;105
30.01.2020;16:00;72;130
30.01.2020;17:00;116;179
30.01.2020;18:00;104;170
30.01.2020;19:00;56;118
30.01.2020;20:00;26;67
30.01.2020;21:00;0;0
30.01.2020;22:00;0;0
30.01.2020;23:00;0;0
31.01.2020;00:00;0;0
31.01.2020;01:00;0;0
31.01.2020;02:00;0;0
31.01.2020;03:00;0;0
31.01.2020;04:00;0;0
31.01.2020;05:00;0;0
31.01.2020;06:00;0;0
31.01.2020;07:00;119;117
31.01.2020;08:00;174;176
31.01.2020;09:00;216;218
31.01.2020;10:00;93;95
31.01.2020;11:00;42;46
31.01.2020;12:00;0;0
31.01.2020;13:00;0;0
31.01.2020;14:00;0;0
31.01.2020;15:00;19;0
31.01.2020;16:00;85;50
31.01.2020;17:00;106;214
31.01.2020;18:00;43;60
31.01.2020;19:00;59;96
31.01.2020;20:00;38;66
31.01.2020;21:00;0;0
31.01.2020;22:00;0;0
31.01.2020;23:00;0;0
01.02.2020;00:00;0;0
01.02.2020;01:00;0;0
01.02.2020;02:00;0;0
01.02.2020;03:00;0;0
01.02.2020;04:00;0;0
01.02.2020;05:00;0;0
01.02.2020;06:00;0;0
01.02.2020;07:00;0;0
01.02.2020;08:00;0;0
01.02.2020;09:00;199;91
01.02.2020;10:00;215;216
01.02.2020;11:00;169;171
01.02.2020;12:00;165;167
01.02.2020;13:00;98;100
01.02.2020;14:00;0;0
01.02.2020;15:00;0;0
01.02.2020;16:00;1;0
01.02.2020;17:00;219;120
01.02.2020;18:00;226;233
01.02.2020;19:00;126;144
01.02.2020;20:00;0;6
01.02.2020;21:00;0;0
01.02.2020;22:00;0;0
01.02.2020;23:00;0;0
02.02.2020;00:00;0;0
02.02.2020;01:00;0;0
02.02.2020;02:00;0;0
02.02.2020;03:00;0;0
02.02.2020;04:00;0;0
02.02.2020;05:00;0;0
02.02.2020;06:00;0;0
02.02.2020;07:00;0;0
02.02.2020;08:00;0;0
02.02.2020;09:00;0;0
02.02.2020;10:00;86;36
02.02.2020;11:00;190;192
02.02.2020;12:00;55;73
02.02.2020;13:00;0;0
02.02.2020;14:00;0;0
02.02.2020;15:00;0;0
02.02.2020;16:00;109;134
02.02.2020;17:00;186;188
02.02.2020;18:00;238;238
02.02.2020;19:00;162;163
02.02.2020;20:00;87;88
02.02.2020;21:00;0;0
02.02.2020;22:00;0;0
02.02.2020;23:00;0;0
03.02.2020;00:00;0;0
03.02.2020;01:00;0;0
03.02.2020;02:00;0;0
03.02.2020;03:00;0;0
03.02.2020;04:00;0;0
03.02.2020;05:00;0;0
03.02.2020;06:00;0;0
03.02.2020;07:00;145;148
03.02.2020;08:00;196;206
03.02.2020;09:00;135;94
03.02.2020;10:00;104;76
03.02.2020;11:00;88;53
03.02.2020;12:00;2;0
03.02.2020;13:00;0;0
03.02.2020;14:00;36;0
03.02.2020;15:00;0;3
03.02.2020;16:00;64;34
03.02.2020;17:00;128;95
03.02.2020;18:00;204;112
03.02.2020;19:00;51;40
03.02.2020;20:00;43;21
03.02.2020;21:00;0;0
03.02.2020;22:00;0;0
03.02.2020;23:00;0;0
04.02.2020;00:00;0;0
04.02.2020;01:00;0;0
04.02.2020;02:00;0;0
04.02.2020;03:00;0;0
04.02.2020;04:00;0;0
04.02.2020;05:00;0;0
04.02.2020;06:00;0;0
04.02.2020;07:00;92;84
04.02.2020;08:00;130;96
04.02.2020;09:00;32;128
04.02.2020;10:00;1;95
04.02.2020;11:00;0;136
04.02.2020;12:00;0;42
04.02.2020;13:00;0;0
04.02.2020;14:00;0;0
04.02.2020;15:00;0;0
04.02.2020;16:00;62;45
04.02.2020;17:00;167;169
04.02.2020;18:00;187;189
04.02.2020;19:00;100;102
04.02.2020;20:00;87;98
04.02.2020;21:00;0;72
04.02.2020;22:00;0;0
04.02.2020;23:00;0;0
05.02.2020;00:00;0;0
05.02.2020;01:00;0;0
05.02.2020;02:00;0;0
05.02.2020;03:00;0;0
05.02.2020;04:00;0;0
05.02.2020;05:00;0;0
05.02.2020;06:00;0;0
05.02.2020;07:00;48;0
05.02.2020;08:00;202;78
05.02.2020;09:00;161;89
05.02.2020;10:00;98;115
05.02.2020;11:00;111;88
05.02.2020;12:00;125;139
05.02.2020;13:00;48;1
05.02.2020;14:00;20;0
05.02.2020;15:00;59;0
05.02.2020;16:00;114;35
05.02.2020;17:00;73;111
05.02.2020;18:00;159;195
05.02.2020;19:00;108;134
05.02.2020;20:00;34;38
05.02.2020;21:00;1;54
05.02.2020;22:00;0;15
05.02.2020;23:00;0;0
06.02.2020;00:00;0;0
06.02.2020;01:00;0;0
06.02.2020;02:00;0;0
06.02.2020;03:00;0;0
06.02.2020;04:00;0;0
06.02.2020;05:00;0;0
06.02.2020;06:00;0;0
06.02.2020;07:00;116;117
06.02.2020;08:00;133;136
06.02.2020;09:00;63;65
06.02.2020;10:00;0;0
06.02.2020;11:00;16;0
06.02.2020;12:00;26;0
06.02.2020;13:00;0;0
06.02.2020;14:00;0;0
06.02.2020;15:00;49;2
06.02.2020;16:00;111;199
06.02.2020;17:00;97;180
06.02.2020;18:00;133;239
06.02.2020;19:00;94;128
06.02.2020;20:00;19;6
06.02.2020;21:00;0;0
06.02.2020;22:00;0;0
06.02.2020;23:00;0;0
07.02.2020;00:00;0;0
07.02.2020;01:00;0;0
07.02.2020;02:00;0;0
07.02.2020;03:00;0;0
07.02.2020;04:00;0;0
07.02.2020;05:00;0;0
07.02.2020;06:00;73;54
07.02.2020;07:00;152;182
07.02.2020;08:00;163;173
07.02.2020;09:00;56;108
07.02.2020;10:00;85;87
07.02.2020;11:00;69;45
07.02.2020;12:00;89;0
07.02.2020;13:00;55;0
07.02.2020;14:00;33;0
07.02.2020;15:00;0;4
07.02.2020;16:00;58;38
07.02.2020;17:00;122;59
07.02.2020;18:00;72;70
07.02.2020;19:00;91;52
07.02.2020;20:00;66;7
07.02.2020;21:00;42;0
07.02.2020;22:00;0;43
07.02.2020;23:00;0;38
08.02.2020;00:00;0;12
08.02.2020;01:00;0;0
08.02.2020;02:00;0;0
08.02.2020;03:00;0;0
08.02.2020;04:00;0;0
08.02.2020;05:00;0;0
08.02.2020;06:00;0;0
08.02.2020;07:00;0;8
08.02.2020;08:00;0;100
08.02.2020;09:00;0;111
08.02.2020;10:00;0;70
08.02.2020;11:00;0;38
08.02.2020;12:00;0;30
08.02.2020;13:00;0;38
08.02.2020;14:00;0;51
08.02.2020;15:00;71;111
08.02.2020;16:00;111;99
08.02.2020;17:00;126;84
08.02.2020;18:00;144;99
08.02.2020;19:00;88;90
08.02.2020;20:00;110;61
08.02.2020;21:00;0;0
08.02.2020;22:00;0;0
08.02.2020;23:00;0;22
09.02.2020;00:00;0;4
09.02.2020;01:00;0;0
09.02.2020;02:00;0;0
09.02.2020;03:00;0;0
09.02.2020;04:00;0;0
09.02.2020;05:00;0;0
09.02.2020;06:00;0;0
09.02.2020;07:00;0;0
09.02.2020;08:00;0;0
09.02.2020;09:00;0;0
09.02.2020;10:00;0;0
09.02.2020;11:00;0;0
09.02.2020;12:00;0;0
09.02.2020;13:00;0;0
09.02.2020;14:00;0;0
09.02.2020;15:00;0;0
09.02.2020;16:00;0;0
09.02.2020;17:00;100;111
09.02.2020;18:00;140;142
09.02.2020;19:00;68;75
09.02.2020;20:00;136;89
09.02.2020;21:00;126;74
09.02.2020;22:00;129;103
09.02.2020;23:00;58;21
10.02.2020;00:00;0;0
10.02.2020;01:00;0;0
10.02.2020;02:00;0;0
10.02.2020;03:00;0;0
10.02.2020;04:00;0;0
10.02.2020;05:00;0;58
10.02.2020;06:00;0;48
10.02.2020;07:00;19;90
10.02.2020;08:00;139;208
10.02.2020;09:00;186;147
10.02.2020;10:00;85;86
10.02.2020;11:00;56;65
10.02.2020;12:00;4;33
10.02.2020;13:00;0;0
10.02.2020;14:00;0;0
10.02.2020;15:00;0;1
10.02.2020;16:00;39;102
10.02.2020;17:00;140;74
10.02.2020;18:00;211;156
10.02.2020;19:00;178;108
10.02.2020;20:00;11;11
10.02.2020;21:00;0;0
10.02.2020;22:00;0;0
10.02.2020;23:00;0;0
11.02.2020;00:00;0;0
11.02.2020;01:00;0;0
11.02.2020;02:00;0;0
11.02.2020;03:00;0;0
11.02.2020;04:00;0;0
11.02.2020;05:00;0;0
11.02.2020;06:00;0;0
11.02.2020;07:00;110;107
11.02.2020;08:00;3;50
11.02.2020;09:00;0;51
11.02.2020;10:00;0;54
11.02.2020;11:00;0;27
11.02.2020;12:00;0;2
11.02.2020;13:00;0;0
11.02.2020;14:00;0;0
11.02.2020;15:00;0;0
11.02.2020;16:00;157;0
11.02.2020;17:00;182;0
11.02.2020;18:00;238;0
11.02.2020;19:00;177;3
11.02.2020;20:00;112;125
11.02.2020;21:00;0;45
11.02.2020;22:00;0;197
11.02.2020;23:00;0;17
12.02.2020;00:00;0;0
12.02.2020;01:00;0;0
12.02.2020;02:00;0;0
12.02.2020;03:00;0;0
12.02.2020;04:00;0;0
12.02.2020;05:00;0;0
12.02.2020;06:00;16;2
12.02.2020;07:00;143;135
12.02.2020;08:00;52;38
12.02.2020;09:00;57;34
12.02.2020;10:00;82;80
12.02.2020;11:00;123;48
12.02.2020;12:00;106;54
12.02.2020;13:00;0;0
12.02.2020;14:00;0;0
12.02.2020;15:00;0;0
12.02.2020;16:00;0;17
12.02.2020;17:00;100;112
12.02.2020;18:00;199;200
12.02.2020;19:00;118;120
12.02.2020;20:00;97;98
12.02.2020;21:00;98;89
12.02.2020;22:00;0;0
12.02.2020;23:00;0;0
13.02.2020;00:00;0;0
13.02.2020;01:00;0;0
13.02.2020;02:00;0;0
13.02.2020;03:00;0;0
13.02.2020;04:00;0;0
13.02.2020;05:00;0;0
13.02.2020;06:00;0;0
13.02.2020;07:00;141;151
13.02.2020;08:00;35;90
13.02.2020;09:00;48;116
13.02.2020;10:00;42;116
13.02.2020;11:00;73;81
13.02.2020;12:00;8;0
13.02.2020;13:00;0;0
13.02.2020;14:00;0;81
13.02.2020;15:00;0;147
13.02.2020;16:00;0;98
13.02.2020;17:00;102;140
13.02.2020;18:00;184;186
13.02.2020;19:00;80;81
13.02.2020;20:00;61;80
13.02.2020;21:00;0;79
13.02.2020;22:00;0;24
13.02.2020;23:00;0;4
14.02.2020;00:00;0;0
14.02.2020;01:00;0;0
14.02.2020;02:00;0;0
14.02.2020;03:00;0;0
14.02.2020;04:00;0;0
14.02.2020;05:00;0;0
14.02.2020;06:00;109;91
14.02.2020;07:00;145;147
14.02.2020;08:00;202;181
14.02.2020;09:00;174;113
14.02.2020;10:00;66;39
14.02.2020;11:00;65;0
14.02.2020;12:00;12;0
14.02.2020;13:00;0;0
14.02.2020;14:00;0;0
14.02.2020;15:00;24;0
14.02.2020;16:00;67;71
14.02.2020;17:00;148;133
14.02.2020;18:00;154;161
14.02.2020;19:00;66;56
14.02.2020;20:00;163;0
14.02.2020;21:00;128;0
14.02.2020;22:00;20;0
14.02.2020;23:00;0;0
15.02.2020;00:00;0;0
15.02.2020;01:00;0;0
15.02.2020;02:00;0;0
15.02.2020;03:00;0;0
15.02.2020;04:00;0;0
15.02.2020;05:00;0;0
15.02.2020;06:00;0;0
15.02.2020;07:00;80;46
15.02.2020;08:00;28;5
15.02.2020;09:00;32;145
15.02.2020;10:00;49;25
15.02.2020;11:00;56;0
15.02.2020;12:00;11;0
15.02.2020;13:00;0;0
15.02.2020;14:00;0;0
15.02.2020;15:00;2;0
15.02.2020;16:00;64;106
15.02.2020;17:00;63;128
15.02.2020;18:00;67;123
15.02.2020;19:00;90;100
15.02.2020;20:00;152;107
15.02.2020;21:00;77;138
15.02.2020;22:00;30;148
15.02.2020;23:00;0;0
16.02.2020;00:00;0;0
16.02.2020;01:00;0;0
16.02.2020;02:00;0;0
16.02.2020;03:00;0;0
16.02.2020;04:00;0;0
16.02.2020;05:00;0;0
16.02.2020;06:00;0;0
16.02.2020;07:00;0;0
16.02.2020;08:00;0;0
16.02.2020;09:00;0;0
16.02.2020;10:00;0;0
16.02.2020;11:00;0;0
16.02.2020;12:00;0;0
16.02.2020;13:00;0;0
16.02.2020;14:00;0;0
16.02.2020;15:00;0;0
16.02.2020;16:00;0;0
16.02.2020;17:00;73;0
16.02.2020;18:00;224;24
16.02.2020;19:00;121;128
16.02.2020;20:00;145;153
16.02.2020;21:00;63;68
16.02.2020;22:00;35;39
16.02.2020;23:00;42;6
17.02.2020;00:00;11;0
17.02.2020;01:00;0;0
17.02.2020;02:00;0;0
17.02.2020;03:00;0;0
17.02.2020;04:00;0;0
17.02.2020;05:00;0;0
17.02.2020;06:00;0;0
17.02.2020;07:00;102;183
17.02.2020;08:00;150;168
17.02.2020;09:00;97;111
17.02.2020;10:00;29;1
17.02.2020;11:00;28;0
17.02.2020;12:00;5;0
17.02.2020;13:00;0;0
17.02.2020;14:00;0;0
17.02.2020;15:00;0;0
17.02.2020;16:00;0;0
17.02.2020;17:00;87;67
17.02.2020;18:00;210;158
17.02.2020;19:00;191;166
17.02.2020;20:00;101;107
17.02.2020;21:00;0;0
17.02.2020;22:00;0;0
17.02.2020;23:00;0;0
18.02.2020;00:00;0;0
18.02.2020;01:00;0;0
18.02.2020;02:00;0;0
18.02.2020;03:00;0;0
18.02.2020;04:00;0;0
18.02.2020;05:00;0;0
18.02.2020;06:00;0;0
18.02.2020;07:00;0;0
18.02.2020;08:00;0;175
18.02.2020;09:00;132;19
18.02.2020;10:00;1;0
18.02.2020;11:00;124;0
18.02.2020;12:00;27;0
18.02.2020;13:00;4;0
18.02.2020;14:00;0;0
18.02.2020;15:00;0;0
18.02.2020;16:00;17;0
18.02.2020;17:00;27;57
18.02.2020;18:00;85;148
18.02.2020;19:00;61;71
18.02.2020;20:00;43;48
18.02.2020;21:00;0;0
18.02.2020;22:00;0;0
18.02.2020;23:00;0;0
19.02.2020;00:00;0;0
19.02.2020;01:00;0;0
19.02.2020;02:00;0;0
19.02.2020;03:00;0;0
19.02.2020;04:00;0;0
19.02.2020;05:00;0;0
19.02.2020;06:00;55;43
19.02.2020;07:00;20;23
19.02.2020;08:00;62;68
19.02.2020;09:00;76;67
19.02.2020;10:00;0;0
19.02.2020;11:00;0;0
19.02.2020;12:00;0;0
19.02.2020;13:00;0;0
19.02.2020;14:00;0;0
19.02.2020;15:00;0;0
19.02.2020;16:00;44;46
19.02.2020;17:00;73;44
19.02.2020;18:00;229;185
19.02.2020;19:00;102;118
19.02.2020;20:00;0;0
19.02.2020;21:00;0;0
19.02.2020;22:00;0;0
19.02.2020;23:00;0;0
20.02.2020;00:00;0;0
20.02.2020;01:00;0;0
20.02.2020;02:00;0;0
20.02.2020;03:00;0;0
20.02.2020;04:00;0;0
20.02.2020;05:00;0;0
20.02.2020;06:00;98;99
20.02.2020;07:00;174;172
20.02.2020;08:00;129;82
20.02.2020;09:00;176;69
20.02.2020;10:00;120;74
20.02.2020;11:00;0;28
20.02.2020;12:00;0;2
20.02.2020;13:00;0;0
20.02.2020;14:00;0;0
20.02.2020;15:00;0;0
20.02.2020;16:00;0;0
20.02.2020;17:00;30;70
20.02.2020;18:00;76;79
20.02.2020;19:00;105;120
20.02.2020;20:00;0;145
20.02.2020;21:00;9;21
20.02.2020;22:00;185;0
20.02.2020;23:00;16;0
21.02.2020;00:00;0;0
21.02.2020;01:00;0;0
21.02.2020;02:00;0;0
21.02.2020;03:00;0;0
21.02.2020;04:00;27;0
21.02.2020;05:00;173;0
21.02.2020;06:00;144;116
21.02.2020;07:00;185;187
21.02.2020;08:00;177;179
21.02.2020;09:00;104;111
21.02.2020;10:00;0;34
21.02.2020;11:00;0;64
21.02.2020;12:00;19;0
21.02.2020;13:00;32;0
21.02.2020;14:00;35;0
21.02.2020;15:00;31;0
21.02.2020;16:00;147;142
21.02.2020;17:00;195;180
21.02.2020;18:00;101;93
21.02.2020;19:00;0;29
21.02.2020;20:00;0;1
21.02.2020;21:00;0;0
21.02.2020;22:00;0;0
21.02.2020;23:00;0;0
22.02.2020;00:00;0;0
22.02.2020;01:00;0;0
22.02.2020;02:00;0;0
22.02.2020;03:00;0;0
22.02.2020;04:00;0;0
22.02.2020;05:00;0;0
22.02.2020;06:00;0;0
22.02.2020;07:00;0;0
22.02.2020;08:00;0;0
22.02.2020;09:00;0;0
22.02.2020;10:00;0;0
22.02.2020;11:00;0;0
22.02.2020;12:00;0;0
22.02.2020;13:00;0;0
22.02.2020;14:00;0;0
22.02.2020;15:00;0;0
22.02.2020;16:00;0;0
22.02.2020;17:00;97;14
22.02.2020;18:00;84;87
22.02.2020;19:00;66;69
22.02.2020;20:00;95;98
22.02.2020;21:00;104;107
22.02.2020;22:00;38;39
22.02.2020;23:00;6;0
23.02.2020;00:00;0;0
23.02.2020;01:00;0;0
23.02.2020;02:00;0;0
23.02.2020;03:00;0;0
23.02.2020;04:00;0;0
23.02.2020;05:00;0;0
23.02.2020;06:00;0;0
23.02.2020;07:00;63;0
23.02.2020;08:00;107;18
23.02.2020;09:00;143;145
23.02.2020;10:00;138;141
23.02.2020;11:00;157;159
23.02.2020;12:00;84;82
23.02.2020;13:00;20;0
23.02.2020;14:00;2;0
23.02.2020;15:00;0;0
23.02.2020;16:00;0;4
23.02.2020;17:00;95;167
23.02.2020;18:00;75;78
23.02.2020;19:00;19;17
23.02.2020;20:00;0;0
23.02.2020;21:00;0;0
23.02.2020;22:00;0;185
23.02.2020;23:00;0;56
24.02.2020;00:00;0;0
24.02.2020;01:00;0;0
24.02.2020;02:00;0;0
24.02.2020;03:00;0;0
24.02.2020;04:00;0;0
24.02.2020;05:00;17;0
24.02.2020;06:00;202;97
24.02.2020;07:00;85;131
24.02.2020;08:00;111;114
24.02.2020;09:00;112;116
24.02.2020;10:00;124;66
24.02.2020;11:00;116;50
24.02.2020;12:00;159;160
24.02.2020;13:00;92;89
24.02.2020;14:00;9;0
24.02.2020;15:00;12;0
24.02.2020;16:00;20;0
24.02.2020;17:00;59;50
24.02.2020;18:00;135;137
24.02.2020;19:00;50;40
24.02.2020;20:00;0;0
24.02.2020;21:00;0;0
24.02.2020;22:00;0;0
24.02.2020;23:00;0;0
25.02.2020;00:00;0;0
25.02.2020;01:00;0;0
25.02.2020;02:00;0;0
25.02.2020;03:00;0;0
25.02.2020;04:00;0;0
25.02.2020;05:00;0;0
25.02.2020;06:00;71;0
25.02.2020;07:00;148;128
25.02.2020;08:00;121;123
25.02.2020;09:00;0;0
25.02.2020;10:00;0;0
25.02.2020;11:00;0;0
25.02.2020;12:00;0;0
25.02.2020;13:00;0;0
25.02.2020;14:00;0;0
25.02.2020;15:00;0;0
25.02.2020;16:00;0;0
25.02.2020;17:00;105;106
25.02.2020;18:00;211;212
25.02.2020;19:00;225;226
25.02.2020;20:00;157;154
25.02.2020;21:00;23;0
25.02.2020;22:00;0;0
25.02.2020;23:00;0;0
26.02.2020;00:00;0;0
26.02.2020;01:00;0;0
26.02.2020;02:00;0;0
26.02.2020;03:00;0;0
26.02.2020;04:00;0;0
26.02.2020;05:00;0;0
26.02.2020;06:00;0;0
26.02.2020;07:00;88;91
26.02.2020;08:00;197;199
26.02.2020;09:00;163;165
26.02.2020;10:00;45;48
26.02.2020;11:00;28;10
26.02.2020;12:00;2;0
26.02.2020;13:00;0;7
26.02.2020;14:00;0;14
26.02.2020;15:00;0;66
26.02.2020;16:00;0;59
26.02.2020;17:00;105;118
26.02.2020;18:00;236;234
26.02.2020;19:00;212;169
26.02.2020;20:00;130;119
26.02.2020;21:00;0;49
26.02.2020;22:00;0;0
26.02.2020;23:00;0;0
27.02.2020;00:00;0;0
27.02.2020;01:00;0;0
27.02.2020;02:00;0;0
27.02.2020;03:00;0;0
27.02.2020;04:00;0;0
27.02.2020;05:00;0;0
27.02.2020;06:00;0;44
27.02.2020;07:00;185;203
27.02.2020;08:00;138;139
27.02.2020;09:00;6;0
27.02.2020;10:00;216;0
27.02.2020;11:00;67;0
27.02.2020;12:00;0;0
27.02.2020;13:00;0;14
27.02.2020;14:00;0;34
27.02.2020;15:00;0;57
27.02.2020;16:00;9;231
27.02.2020;17:00;192;166
27.02.2020;18:00;235;215
27.02.2020;19:00;118;118
27.02.2020;20:00;79;65
27.02.2020;21:00;0;0
27.02.2020;22:00;0;0
27.02.2020;23:00;0;0
28.02.2020;00:00;0;0
28.02.2020;01:00;0;0
28.02.2020;02:00;0;0
28.02.2020;03:00;0;0
28.02.2020;04:00;0;0
28.02.2020;05:00;0;0
28.02.2020;06:00;1;2
28.02.2020;07:00;184;206
28.02.2020;08:00;98;198
28.02.2020;09:00;76;156
28.02.2020;10:00;76;131
28.02.2020;11:00;67;0
28.02.2020;12:00;2;0
28.02.2020;13:00;0;0
28.02.2020;14:00;0;0
28.02.2020;15:00;0;50
28.02.2020;16:00;114;80
28.02.2020;17:00;164;86
28.02.2020;18:00;75;135
28.02.2020;19:00;69;46
28.02.2020;20:00;0;57
28.02.2020;21:00;0;0
28.02.2020;22:00;0;123
28.02.2020;23:00;0;175
29.02.2020;00:00;0;23
29.02.2020;01:00;0;0
29.02.2020;02:00;0;0
29.02.2020;03:00;0;0
29.02.2020;04:00;0;0
29.02.2020;05:00;0;0
29.02.2020;06:00;0;0
29.02.2020;07:00;0;37
29.02.2020;08:00;89;107
29.02.2020;09:00;146;154
29.02.2020;10:00;45;46
29.02.2020;11:00;0;0
29.02.2020;12:00;0;0
29.02.2020;13:00;0;0
29.02.2020;14:00;0;0
29.02.2020;15:00;0;0
29.02.2020;16:00;0;0
29.02.2020;17:00;122;122
29.02.2020;18:00;72;168
29.02.2020;19:00;105;91
29.02.2020;20:00;9;41
29.02.2020;21:00;0;111
29.02.2020;22:00;0;112
29.02.2020;23:00;0;107
01.03.2020;00:00;0;61
01.03.2020;01:00;0;1
01.03.2020;02:00;0;0
01.03.2020;03:00;0;0
01.03.2020;04:00;0;0
01.03.2020;05:00;0;0
01.03.2020;06:00;0;0
01.03.2020;07:00;0;0
01.03.2020;08:00;0;0
01.03.2020;09:00;0;0
01.03.2020;10:00;0;0
01.03.2020;11:00;0;0
01.03.2020;12:00;0;0
01.03.2020;13:00;0;0
01.03.2020;14:00;0;0
01.03.2020;15:00;0;0
01.03.2020;16:00;4;83
01.03.2020;17:00;161;162
01.03.2020;18:00;227;183
01.03.2020;19:00;195;177
01.03.2020;20:00;173;130
01.03.2020;21:00;37;37
01.03.2020;22:00;35;83
01.03.2020;23:00;26;75
02.03.2020;00:00;0;33
02.03.2020;01:00;0;0
02.03.2020;02:00;0;0
02.03.2020;03:00;0;0
02.03.2020;04:00;0;0
02.03.2020;05:00;0;0
02.03.2020;06:00;38;96
02.03.2020;07:00;54;100
02.03.2020;08:00;94;79
02.03.2020;09:00;0;40
02.03.2020;10:00;0;46
02.03.2020;11:00;0;32
02.03.2020;12:00;0;34
02.03.2020;13:00;0;47
02.03.2020;14:00;0;5
02.03.2020;15:00;0;0
02.03.2020;16:00;61;125
02.03.2020;17:00;80;95
02.03.2020;18:00;184;230
02.03.2020;19:00;174;149
02.03.2020;20:00;139;55
02.03.2020;21:00;85;0
02.03.2020;22:00;140;0
02.03.2020;23:00;6;0
03.03.2020;00:00;0;0
03.03.2020;01:00;0;0
03.03.2020;02:00;0;0
03.03.2020;03:00;0;0
03.03.2020;04:00;0;0
03.03.2020;05:00;0;0
03.03.2020;06:00;45;165
03.03.2020;07:00;226;228
03.03.2020;08:00;215;239
03.03.2020;09:00;105;106
03.03.2020;10:00;88;87
03.03.2020;11:00;78;22
03.03.2020;12:00;6;1
03.03.2020;13:00;0;0
03.03.2020;14:00;0;0
03.03.2020;15:00;2;0
03.03.2020;16:00;29;33
03.03.2020;17:00;103;142
03.03.2020;18:00;116;133
03.03.2020;19:00;143;142
03.03.2020;20:00;97;72
03.03.2020;21:00;0;0
03.03.2020;22:00;0;0
03.03.2020;23:00;0;0
04.03.2020;00:00;0;0
04.03.2020;01:00;0;0
04.03.2020;02:00;0;0
04.03.2020;03:00;0;0
04.03.2020;04:00;0;0
04.03.2020;05:00;0;0
04.03.2020;06:00;21;42
04.03.2020;07:00;150;152
04.03.2020;08:00;161;163
04.03.2020;09:00;51;55
04.03.2020;10:00;59;62
04.03.2020;11:00;40;36
04.03.2020;12:00;6;0
04.03.2020;13:00;0;0
04.03.2020;14:00;0;0
04.03.2020;15:00;1;19
04.03.2020;16:00;118;68
04.03.2020;17:00;123;125
04.03.2020;18:00;217;233
04.03.2020;19:00;136;131
04.03.2020;20:00;73;57
04.03.2020;21:00;19;0
04.03.2020;22:00;19;0
04.03.2020;23:00;2;0
05.03.2020;00:00;0;0
05.03.2020;01:00;0;0
05.03.2020;02:00;0;0
05.03.2020;03:00;0;0
05.03.2020;04:00;0;0
05.03.2020;05:00;0;0
05.03.2020;06:00;109;110
05.03.2020;07:00;124;138
05.03.2020;08:00;104;163
05.03.2020;09:00;102;162
05.03.2020;10:00;66;129
05.03.2020;11:00;107;92
05.03.2020;12:00;5;3
05.03.2020;13:00;0;0
05.03.2020;14:00;0;0
05.03.2020;15:00;0;0
05.03.2020;16:00;0;0
05.03.2020;17:00;72;0
05.03.2020;18:00;31;0
05.03.2020;19:00;31;0
05.03.2020;20:00;17;0
05.03.2020;21:00;0;0
05.03.2020;22:00;0;0
05.03.2020;23:00;0;0
06.03.2020;00:00;0;0
06.03.2020;01:00;0;0
06.03.2020;02:00;0;0
06.03.2020;03:00;0;0
06.03.2020;04:00;0;0
06.03.2020;05:00;0;0
06.03.2020;06:00;0;0
06.03.2020;07:00;147;104
06.03.2020;08:00;137;237
06.03.2020;09:00;119;196
06.03.2020;10:00;46;93
06.03.2020;11:00;197;221
06.03.2020;12:00;64;86
06.03.2020;13:00;119;0
06.03.2020;14:00;0;0
06.03.2020;15:00;3;0
06.03.2020;16:00;31;0
06.03.2020;17:00;35;83
06.03.2020;18:00;162;104
06.03.2020;19:00;80;69
06.03.2020;20:00;67;77
06.03.2020;21:00;40;0
06.03.2020;22:00;5;0
06.03.2020;23:00;0;0
07.03.2020;00:00;0;0
07.03.2020;01:00;0;0
07.03.2020;02:00;0;0
07.03.2020;03:00;0;0
07.03.2020;04:00;0;0
07.03.2020;05:00;0;0
07.03.2020;06:00;0;0
07.03.2020;07:00;0;0
07.03.2020;08:00;0;0
07.03.2020;09:00;0;0
07.03.2020;10:00;0;0
07.03.2020;11:00;0;0
07.03.2020;12:00;0;0
07.03.2020;13:00;0;0
07.03.2020;14:00;0;0
07.03.2020;15:00;0;0
07.03.2020;16:00;102;97
07.03.2020;17:00;133;135
07.03.2020;18:00;174;176
07.03.2020;19:00;160;161
07.03.2020;20:00;58;60
07.03.2020;21:00;0;0
07.03.2020;22:00;0;0
07.03.2020;23:00;0;0
08.03.2020;00:00;0;0
08.03.2020;01:00;0;0
08.03.2020;02:00;0;0
08.03.2020;03:00;0;0
08.03.2020;04:00;0;0
08.03.2020;05:00;0;0
08.03.2020;06:00;0;0
08.03.2020;07:00;0;0
08.03.2020;08:00;0;0
08.03.2020;09:00;0;0
08.03.2020;10:00;0;0
08.03.2020;11:00;0;0
08.03.2020;12:00;0;0
08.03.2020;13:00;0;0
08.03.2020;14:00;0;0
08.03.2020;15:00;0;0
08.03.2020;16:00;0;0
08.03.2020;17:00;0;48
08.03.2020;18:00;0;4
08.03.2020;19:00;36;0
08.03.2020;20:00;0;0
08.03.2020;21:00;0;0
08.03.2020;22:00;0;0
08.03.2020;23:00;0;0
09.03.2020;00:00;0;0
09.03.2020;01:00;0;0
09.03.2020;02:00;0;0
09.03.2020;03:00;0;0
09.03.2020;04:00;1;0
09.03.2020;05:00;62;0
09.03.2020;06:00;166;65
09.03.2020;07:00;133;163
09.03.2020;08:00;136;192
09.03.2020;09:00;130;137
09.03.2020;10:00;49;61
09.03.2020;11:00;0;22
09.03.2020;12:00;0;15
09.03.2020;13:00;0;0
09.03.2020;14:00;0;0
09.03.2020;15:00;0;0
09.03.2020;16:00;0;0
09.03.2020;17:00;129;117
09.03.2020;18:00;235;236
09.03.2020;19:00;171;173
09.03.2020;20:00;61;65
09.03.2020;21:00;0;0
09.03.2020;22:00;0;0
09.03.2020;23:00;0;0
10.03.2020;00:00;0;0
10.03.2020;01:00;0;0
10.03.2020;02:00;0;0
10.03.2020;03:00;0;0
10.03.2020;04:00;0;0
10.03.2020;05:00;0;0
10.03.2020;06:00;0;0
10.03.2020;07:00;121;226
10.03.2020;08:00;227;174
10.03.2020;09:00;87;113
10.03.2020;10:00;69;72
10.03.2020;11:00;194;55
10.03.2020;12:00;19;0
10.03.2020;13:00;11;0
10.03.2020;14:00;0;0
10.03.2020;15:00;0;0
10.03.2020;16:00;0;0
10.03.2020;17:00;0;0
10.03.2020;18:00;137;56
10.03.2020;19:00;121;121
10.03.2020;20:00;9;1
10.03.2020;21:00;0;52
10.03.2020;22:00;0;50
10.03.2020;23:00;0;0
11.03.2020;00:00;0;0
11.03.2020;01:00;0;0
11.03.2020;02:00;0;0
11.03.2020;03:00;0;0
11.03.2020;04:00;0;0
11.03.2020;05:00;0;0
11.03.2020;06:00;82;153
11.03.2020;07:00;144;159
11.03.2020;08:00;19;104
11.03.2020;09:00;43;81
11.03.2020;10:00;98;88
11.03.2020;11:00;0;0
11.03.2020;12:00;0;0
11.03.2020;13:00;0;0
11.03.2020;14:00;0;0
11.03.2020;15:00;0;1
11.03.2020;16:00;109;115
11.03.2020;17:00;136;143
11.03.2020;18:00;37;44
11.03.2020;19:00;84;39
11.03.2020;20:00;52;47
11.03.2020;21:00;0;47
11.03.2020;22:00;0;6
11.03.2020;23:00;0;0
12.03.2020;00:00;0;0
12.03.2020;01:00;0;0
12.03.2020;02:00;0;0
12.03.2020;03:00;0;0
12.03.2020;04:00;0;0
12.03.2020;05:00;0;0
12.03.2020;06:00;0;40
12.03.2020;07:00;185;237
12.03.2020;08:00;81;149
12.03.2020;09:00;92;86
12.03.2020;10:00;68;38
12.03.2020;11:00;0;0
12.03.2020;12:00;0;0
12.03.2020;13:00;0;0
12.03.2020;14:00;2;0
12.03.2020;15:00;66;0
12.03.2020;16:00;105;83
12.03.2020;17:00;112;114
12.03.2020;18:00;153;155
12.03.2020;19:00;160;163
12.03.2020;20:00;106;109
12.03.2020;21:00;92;94
12.03.2020;22:00;66;73
12.03.2020;23:00;0;0
13.03.2020;00:00;0;0
13.03.2020;01:00;0;0
13.03.2020;02:00;0;0
13.03.2020;03:00;0;0
13.03.2020;04:00;0;0
13.03.2020;05:00;0;0
13.03.2020;06:00;0;0
13.03.2020;07:00;53;0
13.03.2020;08:00;0;0
13.03.2020;09:00;0;0
13.03.2020;10:00;0;0
13.03.2020;11:00;0;0
13.03.2020;12:00;0;0
13.03.2020;13:00;0;0
13.03.2020;14:00;0;0
13.03.2020;15:00;0;0
13.03.2020;16:00;0;0
13.03.2020;17:00;0;0
13.03.2020;18:00;37;38
13.03.2020;19:00;163;165
13.03.2020;20:00;199;201
13.03.2020;21:00;182;183
13.03.2020;22:00;168;170
13.03.2020;23:00;178;180
14.03.2020;00:00;40;8
14.03.2020;01:00;1;0
14.03.2020;02:00;0;0
14.03.2020;03:00;0;0
14.03.2020;04:00;0;0
14.03.2020;05:00;0;0
14.03.2020;06:00;0;66
14.03.2020;07:00;0;86
14.03.2020;08:00;0;0
14.03.2020;09:00;31;44
14.03.2020;10:00;0;0
14.03.2020;11:00;0;0
14.03.2020;12:00;0;0
14.03.2020;13:00;0;0
14.03.2020;14:00;0;0
14.03.2020;15:00;0;0
14.03.2020;16:00;0;0
14.03.2020;17:00;94;97
14.03.2020;18:00;219;219
14.03.2020;19:00;131;132
14.03.2020;20:00;78;117
14.03.2020;21:00;19;0
14.03.2020;22:00;9;0
14.03.2020;23:00;0;0
15.03.2020;00:00;0;0
15.03.2020;01:00;0;0
15.03.2020;02:00;0;0
15.03.2020;03:00;0;0
15.03.2020;04:00;0;0
15.03.2020;05:00;0;0
15.03.2020;06:00;0;0
15.03.2020;07:00;0;0
15.03.2020;08:00;0;0
15.03.2020;09:00;0;0
15.03.2020;10:00;0;0
15.03.2020;11:00;0;0
15.03.2020;12:00;0;0
15.03.2020;13:00;0;0
15.03.2020;14:00;0;0
15.03.2020;15:00;0;0
15.03.2020;16:00;0;0
15.03.2020;17:00;90;0
15.03.2020;18:00;157;105
15.03.2020;19:00;71;74
15.03.2020;20:00;3;27
15.03.2020;21:00;0;113
15.03.2020;22:00;0;141
15.03.2020;23:00;0;119
16.03.2020;00:00;0;47
16.03.2020;01:00;0;24
16.03.2020;02:00;0;27
16.03.2020;03:00;0;0
16.03.2020;04:00;0;0
16.03.2020;05:00;0;0
16.03.2020;06:00;105;0
16.03.2020;07:00;60;0
16.03.2020;08:00;71;79
16.03.2020;09:00;0;56
16.03.2020;10:00;0;0
16.03.2020;11:00;0;0
16.03.2020;12:00;0;0
16.03.2020;13:00;0;0
16.03.2020;14:00;0;0
16.03.2020;15:00;3;0
16.03.2020;16:00;74;0
16.03.2020;17:00;19;50
16.03.2020;18:00;40;92
16.03.2020;19:00;81;124
16.03.2020;20:00;93;112
16.03.2020;21:00;124;127
16.03.2020;22:00;105;107
16.03.2020;23:00;15;20
17.03.2020;00:00;0;0
17.03.2020;01:00;0;0
17.03.2020;02:00;0;0
17.03.2020;03:00;0;0
17.03.2020;04:00;0;0
17.03.2020;05:00;0;0
17.03.2020;06:00;56;57
17.03.2020;07:00;56;59
17.03.2020;08:00;73;109
17.03.2020;09:00;25;72
17.03.2020;10:00;0;0
17.03.2020;11:00;0;0
17.03.2020;12:00;0;0
17.03.2020;13:00;0;0
17.03.2020;14:00;0;0
17.03.2020;15:00;2;0
17.03.2020;16:00;41;0
17.03.2020;17:00;75;110
17.03.2020;18:00;160;148
17.03.2020;19:00;160;134
17.03.2020;20:00;120;129
17.03.2020;21:00;110;112
17.03.2020;22:00;18;22
17.03.2020;23:00;18;16
18.03.2020;00:00;32;0
18.03.2020;01:00;0;0
18.03.2020;02:00;0;0
18.03.2020;03:00;0;0
18.03.2020;04:00;0;0
18.03.2020;05:00;0;0
18.03.2020;06:00;0;39
18.03.2020;07:00;2;163
18.03.2020;08:00;73;74
18.03.2020;09:00;0;7
18.03.2020;10:00;7;0
18.03.2020;11:00;38;0
18.03.2020;12:00;50;0
18.03.2020;13:00;25;0
18.03.2020;14:00;29;0
18.03.2020;15:00;0;0
18.03.2020;16:00;93;56
18.03.2020;17:00;140;142
18.03.2020;18:00;137;139
18.03.2020;19:00;196;193
18.03.2020;20:00;101;135
18.03.2020;21:00;60;129
18.03.2020;22:00;42;155
18.03.2020;23:00;60;99
19.03.2020;00:00;8;16
19.03.2020;01:00;0;0
19.03.2020;02:00;0;0
19.03.2020;03:00;0;0
19.03.2020;04:00;0;0
19.03.2020;05:00;0;0
19.03.2020;06:00;77;62
19.03.2020;07:00;36;39
19.03.2020;08:00;86;97
19.03.2020;09:00;54;62
19.03.2020;10:00;34;0
19.03.2020;11:00;44;0
19.03.2020;12:00;40;0
19.03.2020;13:00;25;0
19.03.2020;14:00;23;0
19.03.2020;15:00;30;0
19.03.2020;16:00;23;0
19.03.2020;17:00;98;80
19.03.2020;18:00;135;82
19.03.2020;19:00;125;105
19.03.2020;20:00;101;93
19.03.2020;21:00;17;6
19.03.2020;22:00;0;18
19.03.2020;23:00;0;0
20.03.2020;00:00;0;0
20.03.2020;01:00;0;0
20.03.2020;02:00;0;0
20.03.2020;03:00;0;0
20.03.2020;04:00;0;0
20.03.2020;05:00;0;0
20.03.2020;06:00;70;71
20.03.2020;07:00;79;81
20.03.2020;08:00;101;104
20.03.2020;09:00;133;136
20.03.2020;10:00;6;237
20.03.2020;11:00;0;21
20.03.2020;12:00;0;73
20.03.2020;13:00;0;14
20.03.2020;14:00;0;6
20.03.2020;15:00;0;2
20.03.2020;16:00;0;33
20.03.2020;17:00;44;72
20.03.2020;18:00;61;63
20.03.2020;19:00;87;90
20.03.2020;20:00;39;40
20.03.2020;21:00;0;0
20.03.2020;22:00;0;0
20.03.2020;23:00;0;0
21.03.2020;00:00;0;0
21.03.2020;01:00;0;0
21.03.2020;02:00;0;0
21.03.2020;03:00;0;0
21.03.2020;04:00;0;0
21.03.2020;05:00;0;0
21.03.2020;06:00;0;0
21.03.2020;07:00;0;0
21.03.2020;08:00;0;0
21.03.2020;09:00;0;0
21.03.2020;10:00;0;0
21.03.2020;11:00;0;0
21.03.2020;12:00;0;0
21.03.2020;13:00;0;0
21.03.2020;14:00;0;0
21.03.2020;15:00;0;0
21.03.2020;16:00;0;0
21.03.2020;17:00;107;109
21.03.2020;18:00;167;168
21.03.2020;19:00;214;215
21.03.2020;20:00;86;89
21.03.2020;21:00;76;79
21.03.2020;22:00;150;155
21.03.2020;23:00;99;112
22.03.2020;00:00;1;1
22.03.2020;01:00;0;0
22.03.2020;02:00;0;0
22.03.2020;03:00;0;0
22.03.2020;04:00;0;0
22.03.2020;05:00;0;0
22.03.2020;06:00;0;0
22.03.2020;07:00;0;0
22.03.2020;08:00;0;0
22.03.2020;09:00;0;0
22.03.2020;10:00;0;0
22.03.2020;11:00;0;0
22.03.2020;12:00;0;0
22.03.2020;13:00;0;0
22.03.2020;14:00;0;0
22.03.2020;15:00;0;0
22.03.2020;16:00;0;0
22.03.2020;17:00;0;104
22.03.2020;18:00;101;125
22.03.2020;19:00;189;183
22.03.2020;20:00;143;143
22.03.2020;21:00;95;96
22.03.2020;22:00;147;152
22.03.2020;23:00;19;44
23.03.2020;00:00;0;0
23.03.2020;01:00;0;0
23.03.2020;02:00;0;0
23.03.2020;03:00;0;0
23.03.2020;04:00;0;0
23.03.2020;05:00;0;80
23.03.2020;06:00;76;132
23.03.2020;07:00;94;118
23.03.2020;08:00;163;166
23.03.2020;09:00;75;163
23.03.2020;10:00;0;0
23.03.2020;11:00;0;0
23.03.2020;12:00;0;0
23.03.2020;13:00;0;0
23.03.2020;14:00;0;0
23.03.2020;15:00;39;0
23.03.2020;16:00;57;73
23.03.2020;17:00;132;127
23.03.2020;18:00;187;194
23.03.2020;19:00;118;133
23.03.2020;20:00;135;101
23.03.2020;21:00;144;95
23.03.2020;22:00;193;158
23.03.2020;23:00;114;115
24.03.2020;00:00;79;83
24.03.2020;01:00;0;0
24.03.2020;02:00;0;0
24.03.2020;03:00;0;0
24.03.2020;04:00;0;55
24.03.2020;05:00;87;119
24.03.2020;06:00;105;107
24.03.2020;07:00;123;125
24.03.2020;08:00;207;207
24.03.2020;09:00;52;52
24.03.2020;10:00;0;0
24.03.2020;11:00;0;0
24.03.2020;12:00;0;0
24.03.2020;13:00;0;0
24.03.2020;14:00;0;0
24.03.2020;15:00;81;56
24.03.2020;16:00;111;66
24.03.2020;17:00;156;116
24.03.2020;18:00;176;195
24.03.2020;19:00;132;113
24.03.2020;20:00;113;84
24.03.2020;21:00;111;95
24.03.2020;22:00;0;79
24.03.2020;23:00;0;0
25.03.2020;00:00;0;0
25.03.2020;01:00;0;0
25.03.2020;02:00;0;0
25.03.2020;03:00;0;0
25.03.2020;04:00;0;0
25.03.2020;05:00;22;0
25.03.2020;06:00;97;100
25.03.2020;07:00;115;134
25.03.2020;08:00;47;55
25.03.2020;09:00;0;0
25.03.2020;10:00;0;0
25.03.2020;11:00;0;0
25.03.2020;12:00;0;0
25.03.2020;13:00;0;0
25.03.2020;14:00;0;0
25.03.2020;15:00;0;0
25.03.2020;16:00;24;0
25.03.2020;17:00;47;12
25.03.2020;18:00;30;3
25.03.2020;19:00;40;0
25.03.2020;20:00;8;46
25.03.2020;21:00;0;45
25.03.2020;22:00;0;21
25.03.2020;23:00;0;0
26.03.2020;00:00;0;0
26.03.2020;01:00;0;0
26.03.2020;02:00;0;0
26.03.2020;03:00;0;0
26.03.2020;04:00;0;0
26.03.2020;05:00;0;0
26.03.2020;06:00;0;0
26.03.2020;07:00;52;158
26.03.2020;08:00;172;200
26.03.2020;09:00;156;161
26.03.2020;10:00;0;0
26.03.2020;11:00;0;0
26.03.2020;12:00;0;96
26.03.2020;13:00;0;0
26.03.2020;14:00;0;0
26.03.2020;15:00;0;0
26.03.2020;16:00;0;15
26.03.2020;17:00;3;133
26.03.2020;18:00;120;170
26.03.2020;19:00;82;120
26.03.2020;20:00;125;103
26.03.2020;21:00;52;130
26.03.2020;22:00;0;94
26.03.2020;23:00;0;78
27.03.2020;00:00;0;157
27.03.2020;01:00;0;20
27.03.2020;02:00;0;0
27.03.2020;03:00;0;0
27.03.2020;04:00;0;0
27.03.2020;05:00;21;0
27.03.2020;06:00;125;108
27.03.2020;07:00;145;147
27.03.2020;08:00;132;134
27.03.2020;09:00;53;75
27.03.2020;10:00;0;0
27.03.2020;11:00;0;0
27.03.2020;12:00;0;0
27.03.2020;13:00;0;0
27.03.2020;14:00;0;0
27.03.2020;15:00;0;2
27.03.2020;16:00;45;23
27.03.2020;17:00;151;44
27.03.2020;18:00;119;78
27.03.2020;19:00;177;110
27.03.2020;20:00;96;126
27.03.2020;21:00;145;141
27.03.2020;22:00;166;165
27.03.2020;23:00;105;103
28.03.2020;00:00;0;0
28.03.2020;01:00;0;0
28.03.2020;02:00;0;0
28.03.2020;03:00;0;0
28.03.2020;04:00;0;0
28.03.2020;05:00;0;0
28.03.2020;06:00;0;0
28.03.2020;07:00;0;0
28.03.2020;08:00;0;0
28.03.2020;09:00;0;0
28.03.2020;10:00;0;0
28.03.2020;11:00;0;0
28.03.2020;12:00;0;0
28.03.2020;13:00;0;0
28.03.2020;14:00;0;0
28.03.2020;15:00;0;4
28.03.2020;16:00;0;76
28.03.2020;17:00;128;92
28.03.2020;18:00;107;96
28.03.2020;19:00;117;98
28.03.2020;20:00;142;123
28.03.2020;21:00;136;138
28.03.2020;22:00;119;85
28.03.2020;23:00;3;0
29.03.2020;00:00;0;0
29.03.2020;01:00;55;0
29.03.2020;03:00;108;0
29.03.2020;04:00;28;0
29.03.2020;05:00;0;0
29.03.2020;06:00;0;0
29.03.2020;07:00;0;0
29.03.2020;08:00;0;0
29.03.2020;09:00;0;0
29.03.2020;10:00;0;0
29.03.2020;11:00;0;0
29.03.2020;12:00;0;0
29.03.2020;13:00;0;0
29.03.2020;14:00;0;0
29.03.2020;15:00;0;0
29.03.2020;16:00;0;0
29.03.2020;17:00;0;0
29.03.2020;18:00;65;53
29.03.2020;19:00;105;135
29.03.2020;20:00;104;180
29.03.2020;21:00;144;147
29.03.2020;22:00;190;192
29.03.2020;23:00;130;132
30.03.2020;00:00;36;6
30.03.2020;01:00;0;0
30.03.2020;02:00;0;0
30.03.2020;03:00;0;0
30.03.2020;04:00;0;0
30.03.2020;05:00;0;0
30.03.2020;06:00;127;93
30.03.2020;07:00;113;136
30.03.2020;08:00;167;200
30.03.2020;09:00;115;123
30.03.2020;10:00;40;0
30.03.2020;11:00;35;0
30.03.2020;12:00;103;0
30.03.2020;13:00;0;0
30.03.2020;14:00;0;0
30.03.2020;15:00;3;0
30.03.2020;16:00;24;0
30.03.2020;17:00;42;105
30.03.2020;18:00;61;101
30.03.2020;19:00;149;180
30.03.2020;20:00;160;210
30.03.2020;21:00;121;159
30.03.2020;22:00;112;189
30.03.2020;23:00;93;68
31.03.2020;00:00;2;0
31.03.2020;01:00;0;0
31.03.2020;02:00;0;0
31.03.2020;03:00;0;0
31.03.2020;04:00;0;0
31.03.2020;05:00;0;0
31.03.2020;06:00;94;95
31.03.2020;07:00;142;145
31.03.2020;08:00;151;153
31.03.2020;09:00;51;69
31.03.2020;10:00;0;0
31.03.2020;11:00;0;62
31.03.2020;12:00;0;213
31.03.2020;13:00;0;73
31.03.2020;14:00;0;0
31.03.2020;15:00;3;0
31.03.2020;16:00;24;0
31.03.2020;17:00;42;88
31.03.2020;18:00;46;69
31.03.2020;19:00;60;114
31.03.2020;20:00;194;232
31.03.2020;21:00;35;17
31.03.2020;22:00;88;0
31.03.2020;23:00;185;0
01.04.2020;00:00;2;0
01.04.2020;01:00;0;0
01.04.2020;02:00;0;0
01.04.2020;03:00;0;0
01.04.2020;04:00;0;0
01.04.2020;05:00;13;0
01.04.2020;06:00;118;97
01.04.2020;07:00;95;97
01.04.2020;08:00;173;175
01.04.2020;09:00;106;65
01.04.2020;10:00;0;0
01.04.2020;11:00;0;0
01.04.2020;12:00;0;0
01.04.2020;13:00;0;0
01.04.2020;14:00;0;0
01.04.2020;15:00;2;0
01.04.2020;16:00;23;10
01.04.2020;17:00;74;99
01.04.2020;18:00;111;134
01.04.2020;19:00;145;205
01.04.2020;20:00;123;168
01.04.2020;21:00;111;123
01.04.2020;22:00;76;88
01.04.2020;23:00;105;123
02.04.2020;00:00;119;0
02.04.2020;01:00;31;0
02.04.2020;02:00;0;0
02.04.2020;03:00;0;0
02.04.2020;04:00;0;0
02.04.2020;05:00;0;0
02.04.2020;06:00;110;112
02.04.2020;07:00;128;130
02.04.2020;08:00;119;121
02.04.2020;09:00;84;60
02.04.2020;10:00;64;0
02.04.2020;11:00;11;0
02.04.2020;12:00;0;0
02.04.2020;13:00;0;0
02.04.2020;14:00;0;0
02.04.2020;15:00;0;0
02.04.2020;16:00;0;0
02.04.2020;17:00;6;0
02.04.2020;18:00;84;25
02.04.2020;19:00;199;79
02.04.2020;20:00;86;2
02.04.2020;21:00;99;0
02.04.2020;22:00;57;0
02.04.2020;23:00;58;0
03.04.2020;00:00;0;0
03.04.2020;01:00;0;0
03.04.2020;02:00;0;0
03.04.2020;03:00;0;0
03.04.2020;04:00;0;0
03.04.2020;05:00;0;0
03.04.2020;06:00;80;75
03.04.2020;07:00;135;137
03.04.2020;08:00;128;130
03.04.2020;09:00;88;64
03.04.2020;10:00;5;0
03.04.2020;11:00;0;0
03.04.2020;12:00;0;0
03.04.2020;13:00;0;0
03.04.2020;14:00;0;0
03.04.2020;15:00;0;0
03.04.2020;16:00;0;0
03.04.2020;17:00;33;0
03.04.2020;18:00;132;56
03.04.2020;19:00;164;119
03.04.2020;20:00;90;158
03.04.2020;21:00;93;93
03.04.2020;22:00;92;140
03.04.2020;23:00;70;110
04.04.2020;00:00;112;0
04.04.2020;01:00;3;0
04.04.2020;02:00;0;0
04.04.2020;03:00;0;0
04.04.2020;04:00;0;0
04.04.2020;05:00;0;0
04.04.2020;06:00;11;0
04.04.2020;07:00;170;4
04.04.2020;08:00;151;153
04.04.2020;09:00;110;89
04.04.2020;10:00;1;0
04.04.2020;11:00;0;0
04.04.2020;12:00;0;0
04.04.2020;13:00;0;0
04.04.2020;14:00;0;0
04.04.2020;15:00;0;0
04.04.2020;16:00;0;0
04.04.2020;17:00;113;118
04.04.2020;18:00;148;150
04.04.2020;19:00;234;239
04.04.2020;20:00;186;188
04.04.2020;21:00;99;148
04.04.2020;22:00;105;141
04.04.2020;23:00;48;137
05.04.2020;00:00;3;1
05.04.2020;01:00;0;0
05.04.2020;02:00;0;0
05.04.2020;03:00;0;0
05.04.2020;04:00;0;0
05.04.2020;05:00;0;0
05.04.2020;06:00;0;10
05.04.2020;07:00;0;0
05.04.2020;08:00;0;0
05.04.2020;09:00;0;0
05.04.2020;10:00;0;0
05.04.2020;11:00;0;0
05.04.2020;12:00;0;0
05.04.2020;13:00;0;0
05.04.2020;14:00;0;0
05.04.2020;15:00;0;0
05.04.2020;16:00;0;0
05.04.2020;17:00;0;0
05.04.2020;18:00;51;110
05.04.2020;19:00;231;232
05.04.2020;20:00;164;165
05.04.2020;21:00;109;111
05.04.2020;22:00;85;87
05.04.2020;23:00;76;78
06.04.2020;00:00;0;0
06.04.2020;01:00;0;0
06.04.2020;02:00;0;0
06.04.2020;03:00;0;0
06.04.2020;04:00;0;0
06.04.2020;05:00;38;42
06.04.2020;06:00;89;92
06.04.2020;07:00;129;127
06.04.2020;08:00;143;129
06.04.2020;09:00;189;176
06.04.2020;10:00;129;103
06.04.2020;11:00;93;86
06.04.2020;12:00;0;37
06.04.2020;13:00;0;0
06.04.2020;14:00;0;0
06.04.2020;15:00;0;0
06.04.2020;16:00;0;0
06.04.2020;17:00;133;105
06.04.2020;18:00;169;170
06.04.2020;19:00;227;231
06.04.2020;20:00;192;223
06.04.2020;21:00;169;222
06.04.2020;22:00;210;180
06.04.2020;23:00;2;17
07.04.2020;00:00;0;0
07.04.2020;01:00;0;0
07.04.2020;02:00;0;0
07.04.2020;03:00;0;0
07.04.2020;04:00;0;0
07.04.2020;05:00;0;0
07.04.2020;06:00;40;69
07.04.2020;07:00;127;129
07.04.2020;08:00;162;153
07.04.2020;09:00;109;0
07.04.2020;10:00;0;0
07.04.2020;11:00;0;0
07.04.2020;12:00;0;0
07.04.2020;13:00;0;0
07.04.2020;14:00;0;0
07.04.2020;15:00;0;0
07.04.2020;16:00;0;0
07.04.2020;17:00;0;87
07.04.2020;18:00;15;135
07.04.2020;19:00;97;186
07.04.2020;20:00;155;41
07.04.2020;21:00;83;65
07.04.2020;22:00;100;64
07.04.2020;23:00;0;39
08.04.2020;00:00;0;6
08.04.2020;01:00;0;0
08.04.2020;02:00;0;0
08.04.2020;03:00;0;0
08.04.2020;04:00;0;0
08.04.2020;05:00;0;0
08.04.2020;06:00;85;85
08.04.2020;07:00;192;201
08.04.2020;08:00;130;143
08.04.2020;09:00;162;136
08.04.2020;10:00;103;91
08.04.2020;11:00;105;85
08.04.2020;12:00;0;3
08.04.2020;13:00;0;0
08.04.2020;14:00;0;0
08.04.2020;15:00;0;0
08.04.2020;16:00;0;0
08.04.2020;17:00;79;98
08.04.2020;18:00;121;124
08.04.2020;19:00;199;201
08.04.2020;20:00;224;225
08.04.2020;21:00;178;179
08.04.2020;22:00;160;162
08.04.2020;23:00;82;81
09.04.2020;00:00;0;0
09.04.2020;01:00;0;0
09.04.2020;02:00;0;0
09.04.2020;03:00;0;0
09.04.2020;04:00;0;0
09.04.2020;05:00;0;0
09.04.2020;06:00;64;76
09.04.2020;07:00;51;51
09.04.2020;08:00;85;65
09.04.2020;09:00;48;48
09.04.2020;10:00;0;26
09.04.2020;11:00;0;31
09.04.2020;12:00;0;2
09.04.2020;13:00;0;0
09.04.2020;14:00;0;0
09.04.2020;15:00;0;0
09.04.2020;16:00;0;25
09.04.2020;17:00;66;42
09.04.2020;18:00;61;56
09.04.2020;19:00;105;99
09.04.2020;20:00;131;96
09.04.2020;21:00;79;54
09.04.2020;22:00;54;34
09.04.2020;23:00;0;43
10.04.2020;00:00;0;33
10.04.2020;01:00;0;0
10.04.2020;02:00;0;0
10.04.2020;03:00;0;0
10.04.2020;04:00;0;0
10.04.2020;05:00;0;0
10.04.2020;06:00;12;122
10.04.2020;07:00;101;161
10.04.2020;08:00;119;121
10.04.2020;09:00;8;9
10.04.2020;10:00;0;0
10.04.2020;11:00;0;0
10.04.2020;12:00;0;0
10.04.2020;13:00;0;0
10.04.2020;14:00;0;0
10.04.2020;15:00;0;0
10.04.2020;16:00;24;11
10.04.2020;17:00;137;139
10.04.2020;18:00;126;128
10.04.2020;19:00;230;231
10.04.2020;20:00;181;183
10.04.2020;21:00;99;101
10.04.2020;22:00;99;101
10.04.2020;23:00;104;97
11.04.2020;00:00;7;0
11.04.2020;01:00;0;0
11.04.2020;02:00;0;0
11.04.2020;03:00;0;0
11.04.2020;04:00;0;0
11.04.2020;05:00;0;0
11.04.2020;06:00;0;78
11.04.2020;07:00;92;114
11.04.2020;08:00;104;105
11.04.2020;09:00;0;0
11.04.2020;10:00;14;0
11.04.2020;11:00;0;0
11.04.2020;12:00;0;0
11.04.2020;13:00;0;0
11.04.2020;14:00;0;0
11.04.2020;15:00;0;0
11.04.2020;16:00;0;0
11.04.2020;17:00;120;121
11.04.2020;18:00;199;200
11.04.2020;19:00;214;215
11.04.2020;20:00;139;141
11.04.2020;21:00;127;128
11.04.2020;22:00;52;55
11.04.2020;23:00;20;34
12.04.2020;00:00;0;22
12.04.2020;01:00;0;24
12.04.2020;02:00;0;0
12.04.2020;03:00;0;0
12.04.2020;04:00;0;0
12.04.2020;05:00;0;0
12.04.2020;06:00;0;0
12.04.2020;07:00;0;8
12.04.2020;08:00;61;117
12.04.2020;09:00;158;159
12.04.2020;10:00;0;78
12.04.2020;11:00;0;0
12.04.2020;12:00;0;0
12.04.2020;13:00;0;0
12.04.2020;14:00;0;0
12.04.2020;15:00;0;0
12.04.2020;16:00;0;0
12.04.2020;17:00;0;0
12.04.2020;18:00;24;57
12.04.2020;19:00;205;207
12.04.2020;20:00;200;201
12.04.2020;21:00;147;149
12.04.2020;22:00;162;163
12.04.2020;23:00;98;100
13.04.2020;00:00;19;4
13.04.2020;01:00;27;0
13.04.2020;02:00;19;0
13.04.2020;03:00;1;0
13.04.2020;04:00;0;0
13.04.2020;05:00;0;0
13.04.2020;06:00;0;0
13.04.2020;07:00;0;0
13.04.2020;08:00;0;0
13.04.2020;09:00;0;0
13.04.2020;10:00;0;25
13.04.2020;11:00;0;0
13.04.2020;12:00;0;0
13.04.2020;13:00;0;0
13.04.2020;14:00;0;0
13.04.2020;15:00;0;0
13.04.2020;16:00;0;0
13.04.2020;17:00;0;0
13.04.2020;18:00;64;150
13.04.2020;19:00;202;225
13.04.2020;20:00;229;213
13.04.2020;21:00;68;79
13.04.2020;22:00;110;0
13.04.2020;23:00;0;0
14.04.2020;00:00;0;0
14.04.2020;01:00;0;0
14.04.2020;02:00;0;0
14.04.2020;03:00;0;0
14.04.2020;04:00;0;0
14.04.2020;05:00;0;85
14.04.2020;06:00;102;115
14.04.2020;07:00;226;227
14.04.2020;08:00;212;213
14.04.2020;09:00;87;91
14.04.2020;10:00;0;0
14.04.2020;11:00;0;139
14.04.2020;12:00;0;110
14.04.2020;13:00;0;25
14.04.2020;14:00;0;0
14.04.2020;15:00;0;0
14.04.2020;16:00;0;0
14.04.2020;17:00;0;0
14.04.2020;18:00;104;104
14.04.2020;19:00;178;179
14.04.2020;20:00;238;239
14.04.2020;21:00;165;167
14.04.2020;22:00;121;119
14.04.2020;23:00;63;0
15.04.2020;00:00;26;0
15.04.2020;01:00;0;0
15.04.2020;02:00;0;0
15.04.2020;03:00;0;0
15.04.2020;04:00;0;0
15.04.2020;05:00;92;93
15.04.2020;06:00;143;145
15.04.2020;07:00;199;200
15.04.2020;08:00;148;149
15.04.2020;09:00;61;75
15.04.2020;10:00;0;24
15.04.2020;11:00;0;0
15.04.2020;12:00;0;0
15.04.2020;13:00;0;0
15.04.2020;14:00;0;0
15.04.2020;15:00;0;0
15.04.2020;16:00;0;0
15.04.2020;17:00;37;0
15.04.2020;18:00;131;119
15.04.2020;19:00;195;196
15.04.2020;20:00;215;216
15.04.2020;21:00;114;118
15.04.2020;22:00;117;126
15.04.2020;23:00;157;111
16.04.2020;00:00;2;0
16.04.2020;01:00;0;0
16.04.2020;02:00;0;0
16.04.2020;03:00;0;0
16.04.2020;04:00;0;0
16.04.2020;05:00;47;0
16.04.2020;06:00;80;65
16.04.2020;07:00;65;68
16.04.2020;08:00;71;48
16.04.2020;09:00;71;50
16.04.2020;10:00;0;7
16.04.2020;11:00;0;0
16.04.2020;12:00;0;0
16.04.2020;13:00;0;0
16.04.2020;14:00;0;0
16.04.2020;15:00;13;0
16.04.2020;16:00;49;0
16.04.2020;17:00;112;0
16.04.2020;18:00;107;0
16.04.2020;19:00;129;109
16.04.2020;20:00;145;186
16.04.2020;21:00;120;129
16.04.2020;22:00;39;124
16.04.2020;23:00;21;101
17.04.2020;00:00;2;16
17.04.2020;01:00;0;0
17.04.2020;02:00;0;0
17.04.2020;03:00;0;0
17.04.2020;04:00;2;0
17.04.2020;05:00;23;0
17.04.2020;06:00;137;0
17.04.2020;07:00;206;0
17.04.2020;08:00;174;0
17.04.2020;09:00;111;11
17.04.2020;10:00;0;0
17.04.2020;11:00;0;0
17.04.2020;12:00;0;0
17.04.2020;13:00;0;0
17.04.2020;14:00;0;0
17.04.2020;15:00;10;0
17.04.2020;16:00;51;0
17.04.2020;17:00;116;0
17.04.2020;18:00;140;0
17.04.2020;19:00;119;41
17.04.2020;20:00;107;133
17.04.2020;21:00;89;96
17.04.2020;22:00;27;16
17.04.2020;23:00;57;0
18.04.2020;00:00;37;0
18.04.2020;01:00;0;0
18.04.2020;02:00;0;0
18.04.2020;03:00;0;0
18.04.2020;04:00;0;0
18.04.2020;05:00;0;0
18.04.2020;06:00;0;0
18.04.2020;07:00;0;0
18.04.2020;08:00;0;0
18.04.2020;09:00;0;0
18.04.2020;10:00;0;0
18.04.2020;11:00;0;0
18.04.2020;12:00;0;0
18.04.2020;13:00;0;0
18.04.2020;14:00;0;0
18.04.2020;15:00;0;0
18.04.2020;16:00;0;0
18.04.2020;17:00;110;113
18.04.2020;18:00;193;194
18.04.2020;19:00;234;211
18.04.2020;20:00;225;161
18.04.2020;21:00;196;154
18.04.2020;22:00;155;115
18.04.2020;23:00;27;0
19.04.2020;00:00;0;0
19.04.2020;01:00;0;0
19.04.2020;02:00;0;0
19.04.2020;03:00;0;0
19.04.2020;04:00;0;0
19.04.2020;05:00;0;0
19.04.2020;06:00;0;0
19.04.2020;07:00;0;0
19.04.2020;08:00;0;0
19.04.2020;09:00;0;0
19.04.2020;10:00;0;0
19.04.2020;11:00;0;0
19.04.2020;12:00;0;0
19.04.2020;13:00;0;0
19.04.2020;14:00;0;0
19.04.2020;15:00;0;0
19.04.2020;16:00;0;0
19.04.2020;17:00;0;0
19.04.2020;18:00;107;109
19.04.2020;19:00;181;183
19.04.2020;20:00;137;143
19.04.2020;21:00;62;61
19.04.2020;22:00;0;0
19.04.2020;23:00;0;0
20.04.2020;00:00;0;0
20.04.2020;01:00;0;0
20.04.2020;02:00;0;0
20.04.2020;03:00;0;0
20.04.2020;04:00;0;0
20.04.2020;05:00;0;115
20.04.2020;06:00;68;88
20.04.2020;07:00;187;189
20.04.2020;08:00;220;222
20.04.2020;09:00;147;113
20.04.2020;10:00;0;0
20.04.2020;11:00;0;0
20.04.2020;12:00;0;0
20.04.2020;13:00;0;0
20.04.2020;14:00;0;0
20.04.2020;15:00;0;0
20.04.2020;16:00;0;0
20.04.2020;17:00;44;0
20.04.2020;18:00;123;42
20.04.2020;19:00;139;141
20.04.2020;20:00;102;105
20.04.2020;21:00;124;126
20.04.2020;22:00;90;91
20.04.2020;23:00;0;0
21.04.2020;00:00;0;0
21.04.2020;01:00;0;0
21.04.2020;02:00;0;0
21.04.2020;03:00;0;0
21.04.2020;04:00;0;0
21.04.2020;05:00;134;134
21.04.2020;06:00;172;174
21.04.2020;07:00;207;208
21.04.2020;08:00;134;137
21.04.2020;09:00;124;131
21.04.2020;10:00;0;55
21.04.2020;11:00;0;0
21.04.2020;12:00;0;0
21.04.2020;13:00;0;0
21.04.2020;14:00;0;0
21.04.2020;15:00;0;0
21.04.2020;16:00;0;0
21.04.2020;17:00;0;0
21.04.2020;18:00;79;0
21.04.2020;19:00;163;0
21.04.2020;20:00;176;0
21.04.2020;21:00;159;0
21.04.2020;22:00;149;0
21.04.2020;23:00;76;51
22.04.2020;00:00;82;85
22.04.2020;01:00;0;39
22.04.2020;02:00;0;40
22.04.2020;03:00;0;80
22.04.2020;04:00;93;177
22.04.2020;05:00;237;239
22.04.2020;06:00;118;121
22.04.2020;07:00;208;201
22.04.2020;08:00;183;183
22.04.2020;09:00;95;85
22.04.2020;10:00;122;76
22.04.2020;11:00;0;12
22.04.2020;12:00;0;0
22.04.2020;13:00;0;0
22.04.2020;14:00;0;0
22.04.2020;15:00;0;0
22.04.2020;16:00;0;0
22.04.2020;17:00;0;0
22.04.2020;18:00;113;115
22.04.2020;19:00;173;174
22.04.2020;20:00;159;161
22.04.2020;21:00;165;167
22.04.2020;22:00;96;96
22.04.2020;23:00;3;0
23.04.2020;00:00;0;0
23.04.2020;01:00;0;0
23.04.2020;02:00;0;0
23.04.2020;03:00;0;0
23.04.2020;04:00;0;0
23.04.2020;05:00;0;0
23.04.2020;06:00;54;90
23.04.2020;07:00;123;125
23.04.2020;08:00;112;115
23.04.2020;09:00;0;0
23.04.2020;10:00;0;0
23.04.2020;11:00;0;0
23.04.2020;12:00;0;0
23.04.2020;13:00;0;0
23.04.2020;14:00;0;0
23.04.2020;15:00;0;0
23.04.2020;16:00;0;0
23.04.2020;17:00;69;59
23.04.2020;18:00;111;114
23.04.2020;19:00;178;180
23.04.2020;20:00;234;235
23.04.2020;21:00;167;168
23.04.2020;22:00;106;109
23.04.2020;23:00;25;26
24.04.2020;00:00;0;0
24.04.2020;01:00;0;0
24.04.2020;02:00;0;0
24.04.2020;03:00;0;0
24.04.2020;04:00;0;0
24.04.2020;05:00;43;49
24.04.2020;06:00;142;144
24.04.2020;07:00;109;6
24.04.2020;08:00;83;0
24.04.2020;09:00;62;0
24.04.2020;10:00;41;0
24.04.2020;11:00;0;0
24.04.2020;12:00;0;0
24.04.2020;13:00;0;0
24.04.2020;14:00;0;0
24.04.2020;15:00;0;0
24.04.2020;16:00;0;0
24.04.2020;17:00;0;0
24.04.2020;18:00;0;0
24.04.2020;19:00;102;0
24.04.2020;20:00;130;0
24.04.2020;21:00;48;3
24.04.2020;22:00;35;45
24.04.2020;23:00;27;35
25.04.2020;00:00;1;0
25.04.2020;01:00;0;0
25.04.2020;02:00;0;0
25.04.2020;03:00;0;0
25.04.2020;04:00;0;0
25.04.2020;05:00;0;0
25.04.2020;06:00;0;0
25.04.2020;07:00;0;0
25.04.2020;08:00;0;0
25.04.2020;09:00;0;0
25.04.2020;10:00;0;0
25.04.2020;11:00;0;0
25.04.2020;12:00;0;0
25.04.2020;13:00;0;0
25.04.2020;14:00;0;0
25.04.2020;15:00;23;0
25.04.2020;16:00;27;0
25.04.2020;17:00;71;116
25.04.2020;18:00;68;97
25.04.2020;19:00;128;184
25.04.2020;20:00;201;203
25.04.2020;21:00;125;128
25.04.2020;22:00;153;155
25.04.2020;23:00;157;158
26.04.2020;00:00;0;0
26.04.2020;01:00;0;0
26.04.2020;02:00;0;0
26.04.2020;03:00;0;0
26.04.2020;04:00;0;0
26.04.2020;05:00;0;0
26.04.2020;06:00;0;0
26.04.2020;07:00;0;0
26.04.2020;08:00;0;0
26.04.2020;09:00;0;0
26.04.2020;10:00;0;0
26.04.2020;11:00;0;0
26.04.2020;12:00;0;0
26.04.2020;13:00;0;0
26.04.2020;14:00;0;0
26.04.2020;15:00;0;0
26.04.2020;16:00;0;0
26.04.2020;17:00;0;9
26.04.2020;18:00;132;163
26.04.2020;19:00;167;169
26.04.2020;20:00;232;234
26.04.2020;21:00;202;203
26.04.2020;22:00;190;191
26.04.2020;23:00;136;114
27.04.2020;00:00;40;0
27.04.2020;01:00;0;0
27.04.2020;02:00;0;0
27.04.2020;03:00;0;0
27.04.2020;04:00;0;0
27.04.2020;05:00;0;0
27.04.2020;06:00;136;0
27.04.2020;07:00;228;0
27.04.2020;08:00;163;0
27.04.2020;09:00;89;0
27.04.2020;10:00;0;0
27.04.2020;11:00;0;0
27.04.2020;12:00;0;0
27.04.2020;13:00;0;0
27.04.2020;14:00;0;0
27.04.2020;15:00;0;0
27.04.2020;16:00;0;0
27.04.2020;17:00;88;90
27.04.2020;18:00;150;152
27.04.2020;19:00;221;222
27.04.2020;20:00;217;239
27.04.2020;21:00;156;179
27.04.2020;22:00;76;146
27.04.2020;23:00;81;115
28.04.2020;00:00;14;0
28.04.2020;01:00;0;0
28.04.2020;02:00;0;0
28.04.2020;03:00;0;0
28.04.2020;04:00;0;0
28.04.2020;05:00;0;0
28.04.2020;06:00;110;114
28.04.2020;07:00;199;199
28.04.2020;08:00;134;137
28.04.2020;09:00;88;82
28.04.2020;10:00;0;0
28.04.2020;11:00;0;0
28.04.2020;12:00;0;0
28.04.2020;13:00;0;0
28.04.2020;14:00;0;0
28.04.2020;15:00;0;0
28.04.2020;16:00;0;76
28.04.2020;17:00;100;192
28.04.2020;18:00;186;188
28.04.2020;19:00;219;238
28.04.2020;20:00;132;103
28.04.2020;21:00;103;113
28.04.2020;22:00;111;61
28.04.2020;23:00;43;0
29.04.2020;00:00;42;0
29.04.2020;01:00;0;0
29.04.2020;02:00;0;0
29.04.2020;03:00;0;0
29.04.2020;04:00;0;0
29.04.2020;05:00;0;0
29.04.2020;06:00;93;91
29.04.2020;07:00;151;153
29.04.2020;08:00;154;151
29.04.2020;09:00;81;97
29.04.2020;10:00;0;0
29.04.2020;11:00;0;0
29.04.2020;12:00;0;0
29.04.2020;13:00;0;0
29.04.2020;14:00;0;0
29.04.2020;15:00;0;0
29.04.2020;16:00;0;0
29.04.2020;17:00;0;0
29.04.2020;18:00;36;60
29.04.2020;19:00;141;145
29.04.2020;20:00;177;178
29.04.2020;21:00;91;93
29.04.2020;22:00;0;0
29.04.2020;23:00;0;0
30.04.2020;00:00;0;0
30.04.2020;01:00;0;0
30.04.2020;02:00;0;0
30.04.2020;03:00;0;0
30.04.2020;04:00;0;0
30.04.2020;05:00;0;0
30.04.2020;06:00;49;51
30.04.2020;07:00;133;135
30.04.2020;08:00;140;143
30.04.2020;09:00;51;54
30.04.2020;10:00;46;30
30.04.2020;11:00;0;0
30.04.2020;12:00;0;0
30.04.2020;13:00;0;0
30.04.2020;14:00;0;0
30.04.2020;15:00;0;0
30.04.2020;16:00;19;56
30.04.2020;17:00;78;125
30.04.2020;18:00;84;124
30.04.2020;19:00;72;118
30.04.2020;20:00;141;131
30.04.2020;21:00;0;61
30.04.2020;22:00;0;49
30.04.2020;23:00;0;104
