Datum;Uhrzeit;Generation_DE Wehr[MW]
01.01.2020;00:00;95
01.01.2020;01:00;0
01.01.2020;02:00;28
01.01.2020;03:00;0
01.01.2020;04:00;0
01.01.2020;05:00;0
01.01.2020;06:00;0
01.01.2020;07:00;0
01.01.2020;08:00;0
01.01.2020;09:00;0
01.01.2020;10:00;0
01.01.2020;11:00;0
01.01.2020;12:00;0
01.01.2020;13:00;0
01.01.2020;14:00;0
01.01.2020;15:00;159
01.01.2020;16:00;169
01.01.2020;17:00;4
01.01.2020;18:00;0
01.01.2020;19:00;0
01.01.2020;20:00;0
01.01.2020;21:00;6
01.01.2020;22:00;56
01.01.2020;23:00;15
02.01.2020;00:00;0
02.01.2020;01:00;0
02.01.2020;02:00;0
02.01.2020;03:00;0
02.01.2020;04:00;0
02.01.2020;05:00;0
02.01.2020;06:00;0
02.01.2020;07:00;6
02.01.2020;08:00;217
02.01.2020;09:00;200
02.01.2020;10:00;209
02.01.2020;11:00;215
02.01.2020;12:00;200
02.01.2020;13:00;200
02.01.2020;14:00;6
02.01.2020;15:00;0
02.01.2020;16:00;15
02.01.2020;17:00;21
02.01.2020;18:00;167
02.01.2020;19:00;81
02.01.2020;20:00;56
02.01.2020;21:00;0
02.01.2020;22:00;0
02.01.2020;23:00;0
03.01.2020;00:00;0
03.01.2020;01:00;0
03.01.2020;02:00;0
03.01.2020;03:00;0
03.01.2020;04:00;0
03.01.2020;05:00;0
03.01.2020;06:00;0
03.01.2020;07:00;0
03.01.2020;08:00;0
03.01.2020;09:00;0
03.01.2020;10:00;0
03.01.2020;11:00;0
03.01.2020;12:00;0
03.01.2020;13:00;0
03.01.2020;14:00;0
03.01.2020;15:00;14
03.01.2020;16:00;175
03.01.2020;17:00;206
03.01.2020;18:00;194
03.01.2020;19:00;218
03.01.2020;20:00;220
03.01.2020;21:00;220
03.01.2020;22:00;56
03.01.2020;23:00;0
04.01.2020;00:00;0
04.01.2020;01:00;0
04.01.2020;02:00;0
04.01.2020;03:00;0
04.01.2020;04:00;0
04.01.2020;05:00;0
04.01.2020;06:00;0
04.01.2020;07:00;0
04.01.2020;08:00;0
04.01.2020;09:00;0
04.01.2020;10:00;0
04.01.2020;11:00;0
04.01.2020;12:00;0
04.01.2020;13:00;0
04.01.2020;14:00;0
04.01.2020;15:00;0
04.01.2020;16:00;0
04.01.2020;17:00;0
04.01.2020;18:00;53
04.01.2020;19:00;60
04.01.2020;20:00;95
04.01.2020;21:00;143
04.01.2020;22:00;159
04.01.2020;23:00;198
05.01.2020;00:00;0
05.01.2020;01:00;0
05.01.2020;02:00;34
05.01.2020;03:00;0
05.01.2020;04:00;0
05.01.2020;05:00;0
05.01.2020;06:00;0
05.01.2020;07:00;0
05.01.2020;08:00;0
05.01.2020;09:00;0
05.01.2020;10:00;0
05.01.2020;11:00;0
05.01.2020;12:00;0
05.01.2020;13:00;0
05.01.2020;14:00;0
05.01.2020;15:00;0
05.01.2020;16:00;0
05.01.2020;17:00;0
05.01.2020;18:00;60
05.01.2020;19:00;30
05.01.2020;20:00;0
05.01.2020;21:00;0
05.01.2020;22:00;0
05.01.2020;23:00;0
06.01.2020;00:00;0
06.01.2020;01:00;0
06.01.2020;02:00;0
06.01.2020;03:00;0
06.01.2020;04:00;0
06.01.2020;05:00;0
06.01.2020;06:00;63
06.01.2020;07:00;147
06.01.2020;08:00;128
06.01.2020;09:00;142
06.01.2020;10:00;11
06.01.2020;11:00;7
06.01.2020;12:00;69
06.01.2020;13:00;21
06.01.2020;14:00;0
06.01.2020;15:00;0
06.01.2020;16:00;1
06.01.2020;17:00;83
06.01.2020;18:00;86
06.01.2020;19:00;89
06.01.2020;20:00;31
06.01.2020;21:00;1
06.01.2020;22:00;0
06.01.2020;23:00;0
07.01.2020;00:00;0
07.01.2020;01:00;59
07.01.2020;02:00;0
07.01.2020;03:00;0
07.01.2020;04:00;0
07.01.2020;05:00;16
07.01.2020;06:00;83
07.01.2020;07:00;178
07.01.2020;08:00;100
07.01.2020;09:00;205
07.01.2020;10:00;233
07.01.2020;11:00;130
07.01.2020;12:00;48
07.01.2020;13:00;0
07.01.2020;14:00;0
07.01.2020;15:00;1
07.01.2020;16:00;0
07.01.2020;17:00;56
07.01.2020;18:00;2
07.01.2020;19:00;5
07.01.2020;20:00;1
07.01.2020;21:00;0
07.01.2020;22:00;0
07.01.2020;23:00;0
08.01.2020;00:00;0
08.01.2020;01:00;0
08.01.2020;02:00;0
08.01.2020;03:00;0
08.01.2020;04:00;0
08.01.2020;05:00;0
08.01.2020;06:00;0
08.01.2020;07:00;6
08.01.2020;08:00;2
08.01.2020;09:00;6
08.01.2020;10:00;1
08.01.2020;11:00;1
08.01.2020;12:00;0
08.01.2020;13:00;0
08.01.2020;14:00;0
08.01.2020;15:00;0
08.01.2020;16:00;0
08.01.2020;17:00;33
08.01.2020;18:00;154
08.01.2020;19:00;9
08.01.2020;20:00;0
08.01.2020;21:00;37
08.01.2020;22:00;0
08.01.2020;23:00;2
09.01.2020;00:00;1
09.01.2020;01:00;2
09.01.2020;02:00;0
09.01.2020;03:00;0
09.01.2020;04:00;0
09.01.2020;05:00;1
09.01.2020;06:00;129
09.01.2020;07:00;210
09.01.2020;08:00;174
09.01.2020;09:00;1
09.01.2020;10:00;0
09.01.2020;11:00;0
09.01.2020;12:00;0
09.01.2020;13:00;0
09.01.2020;14:00;0
09.01.2020;15:00;0
09.01.2020;16:00;13
09.01.2020;17:00;101
09.01.2020;18:00;27
09.01.2020;19:00;69
09.01.2020;20:00;46
09.01.2020;21:00;0
09.01.2020;22:00;88
09.01.2020;23:00;2
10.01.2020;00:00;0
10.01.2020;01:00;0
10.01.2020;02:00;0
10.01.2020;03:00;0
10.01.2020;04:00;0
10.01.2020;05:00;2
10.01.2020;06:00;26
10.01.2020;07:00;59
10.01.2020;08:00;76
10.01.2020;09:00;5
10.01.2020;10:00;21
10.01.2020;11:00;54
10.01.2020;12:00;51
10.01.2020;13:00;41
10.01.2020;14:00;7
10.01.2020;15:00;43
10.01.2020;16:00;30
10.01.2020;17:00;1
10.01.2020;18:00;64
10.01.2020;19:00;57
10.01.2020;20:00;96
10.01.2020;21:00;0
10.01.2020;22:00;92
10.01.2020;23:00;152
11.01.2020;00:00;141
11.01.2020;01:00;53
11.01.2020;02:00;0
11.01.2020;03:00;0
11.01.2020;04:00;0
11.01.2020;05:00;0
11.01.2020;06:00;0
11.01.2020;07:00;98
11.01.2020;08:00;84
11.01.2020;09:00;52
11.01.2020;10:00;96
11.01.2020;11:00;39
11.01.2020;12:00;103
11.01.2020;13:00;60
11.01.2020;14:00;96
11.01.2020;15:00;107
11.01.2020;16:00;95
11.01.2020;17:00;11
11.01.2020;18:00;195
11.01.2020;19:00;93
11.01.2020;20:00;100
11.01.2020;21:00;70
11.01.2020;22:00;78
11.01.2020;23:00;36
12.01.2020;00:00;0
12.01.2020;01:00;0
12.01.2020;02:00;0
12.01.2020;03:00;0
12.01.2020;04:00;0
12.01.2020;05:00;0
12.01.2020;06:00;0
12.01.2020;07:00;0
12.01.2020;08:00;0
12.01.2020;09:00;0
12.01.2020;10:00;0
12.01.2020;11:00;70
12.01.2020;12:00;0
12.01.2020;13:00;0
12.01.2020;14:00;0
12.01.2020;15:00;0
12.01.2020;16:00;94
12.01.2020;17:00;73
12.01.2020;18:00;46
12.01.2020;19:00;84
12.01.2020;20:00;52
12.01.2020;21:00;6
12.01.2020;22:00;78
12.01.2020;23:00;174
13.01.2020;00:00;3
13.01.2020;01:00;34
13.01.2020;02:00;1
13.01.2020;03:00;0
13.01.2020;04:00;0
13.01.2020;05:00;0
13.01.2020;06:00;70
13.01.2020;07:00;88
13.01.2020;08:00;173
13.01.2020;09:00;200
13.01.2020;10:00;175
13.01.2020;11:00;2
13.01.2020;12:00;66
13.01.2020;13:00;61
13.01.2020;14:00;100
13.01.2020;15:00;201
13.01.2020;16:00;220
13.01.2020;17:00;101
13.01.2020;18:00;20
13.01.2020;19:00;29
13.01.2020;20:00;0
13.01.2020;21:00;75
13.01.2020;22:00;81
13.01.2020;23:00;38
14.01.2020;00:00;0
14.01.2020;01:00;0
14.01.2020;02:00;0
14.01.2020;03:00;0
14.01.2020;04:00;0
14.01.2020;05:00;0
14.01.2020;06:00;64
14.01.2020;07:00;65
14.01.2020;08:00;175
14.01.2020;09:00;101
14.01.2020;10:00;77
14.01.2020;11:00;41
14.01.2020;12:00;0
14.01.2020;13:00;0
14.01.2020;14:00;145
14.01.2020;15:00;104
14.01.2020;16:00;14
14.01.2020;17:00;77
14.01.2020;18:00;150
14.01.2020;19:00;148
14.01.2020;20:00;31
14.01.2020;21:00;0
14.01.2020;22:00;0
14.01.2020;23:00;0
15.01.2020;00:00;0
15.01.2020;01:00;0
15.01.2020;02:00;0
15.01.2020;03:00;0
15.01.2020;04:00;0
15.01.2020;05:00;0
15.01.2020;06:00;0
15.01.2020;07:00;59
15.01.2020;08:00;200
15.01.2020;09:00;187
15.01.2020;10:00;15
15.01.2020;11:00;87
15.01.2020;12:00;0
15.01.2020;13:00;0
15.01.2020;14:00;0
15.01.2020;15:00;74
15.01.2020;16:00;93
15.01.2020;17:00;16
15.01.2020;18:00;50
15.01.2020;19:00;0
15.01.2020;20:00;0
15.01.2020;21:00;0
15.01.2020;22:00;0
15.01.2020;23:00;0
16.01.2020;00:00;0
16.01.2020;01:00;0
16.01.2020;02:00;0
16.01.2020;03:00;0
16.01.2020;04:00;0
16.01.2020;05:00;0
16.01.2020;06:00;116
16.01.2020;07:00;43
16.01.2020;08:00;204
16.01.2020;09:00;220
16.01.2020;10:00;109
16.01.2020;11:00;0
16.01.2020;12:00;0
16.01.2020;13:00;38
16.01.2020;14:00;93
16.01.2020;15:00;107
16.01.2020;16:00;100
16.01.2020;17:00;73
16.01.2020;18:00;64
16.01.2020;19:00;24
16.01.2020;20:00;5
16.01.2020;21:00;102
16.01.2020;22:00;59
16.01.2020;23:00;47
17.01.2020;00:00;0
17.01.2020;01:00;0
17.01.2020;02:00;0
17.01.2020;03:00;0
17.01.2020;04:00;0
17.01.2020;05:00;0
17.01.2020;06:00;0
17.01.2020;07:00;0
17.01.2020;08:00;97
17.01.2020;09:00;70
17.01.2020;10:00;151
17.01.2020;11:00;91
17.01.2020;12:00;124
17.01.2020;13:00;166
17.01.2020;14:00;220
17.01.2020;15:00;194
17.01.2020;16:00;220
17.01.2020;17:00;220
17.01.2020;18:00;220
17.01.2020;19:00;97
17.01.2020;20:00;0
17.01.2020;21:00;0
17.01.2020;22:00;39
17.01.2020;23:00;34
18.01.2020;00:00;0
18.01.2020;01:00;47
18.01.2020;02:00;0
18.01.2020;03:00;0
18.01.2020;04:00;0
18.01.2020;05:00;0
18.01.2020;06:00;0
18.01.2020;07:00;43
18.01.2020;08:00;38
18.01.2020;09:00;198
18.01.2020;10:00;218
18.01.2020;11:00;97
18.01.2020;12:00;34
18.01.2020;13:00;0
18.01.2020;14:00;70
18.01.2020;15:00;42
18.01.2020;16:00;12
18.01.2020;17:00;6
18.01.2020;18:00;204
18.01.2020;19:00;6
18.01.2020;20:00;92
18.01.2020;21:00;82
18.01.2020;22:00;56
18.01.2020;23:00;0
19.01.2020;00:00;0
19.01.2020;01:00;0
19.01.2020;02:00;0
19.01.2020;03:00;0
19.01.2020;04:00;0
19.01.2020;05:00;0
19.01.2020;06:00;0
19.01.2020;07:00;0
19.01.2020;08:00;0
19.01.2020;09:00;38
19.01.2020;10:00;144
19.01.2020;11:00;10
19.01.2020;12:00;0
19.01.2020;13:00;0
19.01.2020;14:00;0
19.01.2020;15:00;62
19.01.2020;16:00;65
19.01.2020;17:00;41
19.01.2020;18:00;68
19.01.2020;19:00;5
19.01.2020;20:00;0
19.01.2020;21:00;0
19.01.2020;22:00;0
19.01.2020;23:00;0
20.01.2020;00:00;0
20.01.2020;01:00;0
20.01.2020;02:00;0
20.01.2020;03:00;0
20.01.2020;04:00;0
20.01.2020;05:00;0
20.01.2020;06:00;17
20.01.2020;07:00;208
20.01.2020;08:00;58
20.01.2020;09:00;164
20.01.2020;10:00;128
20.01.2020;11:00;51
20.01.2020;12:00;101
20.01.2020;13:00;1
20.01.2020;14:00;8
20.01.2020;15:00;45
20.01.2020;16:00;1
20.01.2020;17:00;64
20.01.2020;18:00;52
20.01.2020;19:00;119
20.01.2020;20:00;128
20.01.2020;21:00;136
20.01.2020;22:00;156
20.01.2020;23:00;117
21.01.2020;00:00;69
21.01.2020;01:00;0
21.01.2020;02:00;0
21.01.2020;03:00;0
21.01.2020;04:00;0
21.01.2020;05:00;0
21.01.2020;06:00;56
21.01.2020;07:00;70
21.01.2020;08:00;41
21.01.2020;09:00;105
21.01.2020;10:00;103
21.01.2020;11:00;81
21.01.2020;12:00;72
21.01.2020;13:00;36
21.01.2020;14:00;59
21.01.2020;15:00;175
21.01.2020;16:00;96
21.01.2020;17:00;78
21.01.2020;18:00;30
21.01.2020;19:00;65
21.01.2020;20:00;87
21.01.2020;21:00;30
21.01.2020;22:00;102
21.01.2020;23:00;51
22.01.2020;00:00;0
22.01.2020;01:00;0
22.01.2020;02:00;0
22.01.2020;03:00;0
22.01.2020;04:00;0
22.01.2020;05:00;0
22.01.2020;06:00;75
22.01.2020;07:00;161
22.01.2020;08:00;64
22.01.2020;09:00;165
22.01.2020;10:00;152
22.01.2020;11:00;146
22.01.2020;12:00;39
22.01.2020;13:00;17
22.01.2020;14:00;0
22.01.2020;15:00;147
22.01.2020;16:00;18
22.01.2020;17:00;31
22.01.2020;18:00;18
22.01.2020;19:00;1
22.01.2020;20:00;0
22.01.2020;21:00;0
22.01.2020;22:00;0
22.01.2020;23:00;0
23.01.2020;00:00;0
23.01.2020;01:00;0
23.01.2020;02:00;0
23.01.2020;03:00;0
23.01.2020;04:00;0
23.01.2020;05:00;0
23.01.2020;06:00;75
23.01.2020;07:00;50
23.01.2020;08:00;87
23.01.2020;09:00;54
23.01.2020;10:00;146
23.01.2020;11:00;169
23.01.2020;12:00;47
23.01.2020;13:00;32
23.01.2020;14:00;52
23.01.2020;15:00;63
23.01.2020;16:00;76
23.01.2020;17:00;97
23.01.2020;18:00;88
23.01.2020;19:00;41
23.01.2020;20:00;164
23.01.2020;21:00;134
23.01.2020;22:00;20
23.01.2020;23:00;0
24.01.2020;00:00;0
24.01.2020;01:00;0
24.01.2020;02:00;0
24.01.2020;03:00;0
24.01.2020;04:00;0
24.01.2020;05:00;0
24.01.2020;06:00;2
24.01.2020;07:00;6
24.01.2020;08:00;9
24.01.2020;09:00;130
24.01.2020;10:00;25
24.01.2020;11:00;184
24.01.2020;12:00;92
24.01.2020;13:00;0
24.01.2020;14:00;0
24.01.2020;15:00;81
24.01.2020;16:00;155
24.01.2020;17:00;110
24.01.2020;18:00;34
24.01.2020;19:00;109
24.01.2020;20:00;94
24.01.2020;21:00;65
24.01.2020;22:00;0
24.01.2020;23:00;0
25.01.2020;00:00;0
25.01.2020;01:00;0
25.01.2020;02:00;0
25.01.2020;03:00;0
25.01.2020;04:00;0
25.01.2020;05:00;0
25.01.2020;06:00;0
25.01.2020;07:00;2
25.01.2020;08:00;4
25.01.2020;09:00;93
25.01.2020;10:00;128
25.01.2020;11:00;43
25.01.2020;12:00;0
25.01.2020;13:00;0
25.01.2020;14:00;0
25.01.2020;15:00;0
25.01.2020;16:00;15
25.01.2020;17:00;105
25.01.2020;18:00;89
25.01.2020;19:00;95
25.01.2020;20:00;59
25.01.2020;21:00;0
25.01.2020;22:00;0
25.01.2020;23:00;0
26.01.2020;00:00;2
26.01.2020;01:00;1
26.01.2020;02:00;0
26.01.2020;03:00;0
26.01.2020;04:00;0
26.01.2020;05:00;0
26.01.2020;06:00;0
26.01.2020;07:00;0
26.01.2020;08:00;0
26.01.2020;09:00;5
26.01.2020;10:00;0
26.01.2020;11:00;0
26.01.2020;12:00;0
26.01.2020;13:00;0
26.01.2020;14:00;0
26.01.2020;15:00;0
26.01.2020;16:00;0
26.01.2020;17:00;2
26.01.2020;18:00;2
26.01.2020;19:00;0
26.01.2020;20:00;18
26.01.2020;21:00;49
26.01.2020;22:00;47
26.01.2020;23:00;0
27.01.2020;00:00;0
27.01.2020;01:00;0
27.01.2020;02:00;0
27.01.2020;03:00;0
27.01.2020;04:00;0
27.01.2020;05:00;0
27.01.2020;06:00;43
27.01.2020;07:00;80
27.01.2020;08:00;116
27.01.2020;09:00;26
27.01.2020;10:00;72
27.01.2020;11:00;113
27.01.2020;12:00;98
27.01.2020;13:00;89
27.01.2020;14:00;131
27.01.2020;15:00;21
27.01.2020;16:00;22
27.01.2020;17:00;192
27.01.2020;18:00;220
27.01.2020;19:00;86
27.01.2020;20:00;88
27.01.2020;21:00;71
27.01.2020;22:00;0
27.01.2020;23:00;0
28.01.2020;00:00;0
28.01.2020;01:00;0
28.01.2020;02:00;0
28.01.2020;03:00;0
28.01.2020;04:00;0
28.01.2020;05:00;0
28.01.2020;06:00;53
28.01.2020;07:00;57
28.01.2020;08:00;22
28.01.2020;09:00;203
28.01.2020;10:00;220
28.01.2020;11:00;112
28.01.2020;12:00;87
28.01.2020;13:00;57
28.01.2020;14:00;0
28.01.2020;15:00;0
28.01.2020;16:00;0
28.01.2020;17:00;0
28.01.2020;18:00;67
28.01.2020;19:00;0
28.01.2020;20:00;86
28.01.2020;21:00;57
28.01.2020;22:00;115
28.01.2020;23:00;77
29.01.2020;00:00;0
29.01.2020;01:00;0
29.01.2020;02:00;0
29.01.2020;03:00;0
29.01.2020;04:00;0
29.01.2020;05:00;78
29.01.2020;06:00;67
29.01.2020;07:00;31
29.01.2020;08:00;162
29.01.2020;09:00;44
29.01.2020;10:00;0
29.01.2020;11:00;0
29.01.2020;12:00;151
29.01.2020;13:00;21
29.01.2020;14:00;9
29.01.2020;15:00;0
29.01.2020;16:00;0
29.01.2020;17:00;25
29.01.2020;18:00;120
29.01.2020;19:00;61
29.01.2020;20:00;20
29.01.2020;21:00;11
29.01.2020;22:00;0
29.01.2020;23:00;58
30.01.2020;00:00;24
30.01.2020;01:00;0
30.01.2020;02:00;0
30.01.2020;03:00;0
30.01.2020;04:00;0
30.01.2020;05:00;0
30.01.2020;06:00;38
30.01.2020;07:00;65
30.01.2020;08:00;180
30.01.2020;09:00;7
30.01.2020;10:00;0
30.01.2020;11:00;0
30.01.2020;12:00;0
30.01.2020;13:00;0
30.01.2020;14:00;86
30.01.2020;15:00;38
30.01.2020;16:00;99
30.01.2020;17:00;154
30.01.2020;18:00;220
30.01.2020;19:00;115
30.01.2020;20:00;62
30.01.2020;21:00;0
30.01.2020;22:00;59
30.01.2020;23:00;40
31.01.2020;00:00;0
31.01.2020;01:00;0
31.01.2020;02:00;0
31.01.2020;03:00;0
31.01.2020;04:00;0
31.01.2020;05:00;47
31.01.2020;06:00;111
31.01.2020;07:00;105
31.01.2020;08:00;174
31.01.2020;09:00;97
31.01.2020;10:00;20
31.01.2020;11:00;19
31.01.2020;12:00;109
31.01.2020;13:00;0
31.01.2020;14:00;52
31.01.2020;15:00;146
31.01.2020;16:00;132
31.01.2020;17:00;204
31.01.2020;18:00;58
31.01.2020;19:00;83
31.01.2020;20:00;59
31.01.2020;21:00;109
31.01.2020;22:00;53
31.01.2020;23:00;35
01.02.2020;00:00;0
01.02.2020;01:00;0
01.02.2020;02:00;0
01.02.2020;03:00;0
01.02.2020;04:00;0
01.02.2020;05:00;0
01.02.2020;06:00;0
01.02.2020;07:00;66
01.02.2020;08:00;88
01.02.2020;09:00;121
01.02.2020;10:00;102
01.02.2020;11:00;176
01.02.2020;12:00;158
01.02.2020;13:00;102
01.02.2020;14:00;0
01.02.2020;15:00;38
01.02.2020;16:00;24
01.02.2020;17:00;80
01.02.2020;18:00;95
01.02.2020;19:00;36
01.02.2020;20:00;0
01.02.2020;21:00;58
01.02.2020;22:00;83
01.02.2020;23:00;48
02.02.2020;00:00;49
02.02.2020;01:00;0
02.02.2020;02:00;0
02.02.2020;03:00;0
02.02.2020;04:00;0
02.02.2020;05:00;0
02.02.2020;06:00;0
02.02.2020;07:00;0
02.02.2020;08:00;38
02.02.2020;09:00;1
02.02.2020;10:00;130
02.02.2020;11:00;191
02.02.2020;12:00;157
02.02.2020;13:00;121
02.02.2020;14:00;165
02.02.2020;15:00;90
02.02.2020;16:00;0
02.02.2020;17:00;112
02.02.2020;18:00;128
02.02.2020;19:00;0
02.02.2020;20:00;0
02.02.2020;21:00;0
02.02.2020;22:00;0
02.02.2020;23:00;54
03.02.2020;00:00;0
03.02.2020;01:00;0
03.02.2020;02:00;0
03.02.2020;03:00;0
03.02.2020;04:00;0
03.02.2020;05:00;0
03.02.2020;06:00;38
03.02.2020;07:00;9
03.02.2020;08:00;226
03.02.2020;09:00;187
03.02.2020;10:00;0
03.02.2020;11:00;0
03.02.2020;12:00;101
03.02.2020;13:00;80
03.02.2020;14:00;70
03.02.2020;15:00;37
03.02.2020;16:00;56
03.02.2020;17:00;232
03.02.2020;18:00;284
03.02.2020;19:00;110
03.02.2020;20:00;189
03.02.2020;21:00;110
03.02.2020;22:00;146
03.02.2020;23:00;100
04.02.2020;00:00;29
04.02.2020;01:00;0
04.02.2020;02:00;0
04.02.2020;03:00;0
04.02.2020;04:00;0
04.02.2020;05:00;0
04.02.2020;06:00;0
04.02.2020;07:00;57
04.02.2020;08:00;105
04.02.2020;09:00;89
04.02.2020;10:00;87
04.02.2020;11:00;150
04.02.2020;12:00;45
04.02.2020;13:00;0
04.02.2020;14:00;0
04.02.2020;15:00;0
04.02.2020;16:00;29
04.02.2020;17:00;263
04.02.2020;18:00;316
04.02.2020;19:00;197
04.02.2020;20:00;98
04.02.2020;21:00;12
04.02.2020;22:00;32
04.02.2020;23:00;84
05.02.2020;00:00;88
05.02.2020;01:00;0
05.02.2020;02:00;0
05.02.2020;03:00;0
05.02.2020;04:00;0
05.02.2020;05:00;0
05.02.2020;06:00;45
05.02.2020;07:00;143
05.02.2020;08:00;406
05.02.2020;09:00;145
05.02.2020;10:00;24
05.02.2020;11:00;0
05.02.2020;12:00;0
05.02.2020;13:00;0
05.02.2020;14:00;0
05.02.2020;15:00;0
05.02.2020;16:00;66
05.02.2020;17:00;340
05.02.2020;18:00;261
05.02.2020;19:00;124
05.02.2020;20:00;108
05.02.2020;21:00;64
05.02.2020;22:00;65
05.02.2020;23:00;86
06.02.2020;00:00;18
06.02.2020;01:00;0
06.02.2020;02:00;0
06.02.2020;03:00;0
06.02.2020;04:00;0
06.02.2020;05:00;0
06.02.2020;06:00;53
06.02.2020;07:00;100
06.02.2020;08:00;278
06.02.2020;09:00;185
06.02.2020;10:00;44
06.02.2020;11:00;94
06.02.2020;12:00;2
06.02.2020;13:00;0
06.02.2020;14:00;0
06.02.2020;15:00;0
06.02.2020;16:00;163
06.02.2020;17:00;281
06.02.2020;18:00;126
06.02.2020;19:00;198
06.02.2020;20:00;135
06.02.2020;21:00;60
06.02.2020;22:00;87
06.02.2020;23:00;146
07.02.2020;00:00;60
07.02.2020;01:00;94
07.02.2020;02:00;1
07.02.2020;03:00;0
07.02.2020;04:00;0
07.02.2020;05:00;0
07.02.2020;06:00;67
07.02.2020;07:00;212
07.02.2020;08:00;265
07.02.2020;09:00;107
07.02.2020;10:00;42
07.02.2020;11:00;0
07.02.2020;12:00;25
07.02.2020;13:00;2
07.02.2020;14:00;0
07.02.2020;15:00;0
07.02.2020;16:00;0
07.02.2020;17:00;83
07.02.2020;18:00;37
07.02.2020;19:00;41
07.02.2020;20:00;0
07.02.2020;21:00;0
07.02.2020;22:00;24
07.02.2020;23:00;0
08.02.2020;00:00;0
08.02.2020;01:00;0
08.02.2020;02:00;0
08.02.2020;03:00;0
08.02.2020;04:00;0
08.02.2020;05:00;0
08.02.2020;06:00;0
08.02.2020;07:00;38
08.02.2020;08:00;70
08.02.2020;09:00;184
08.02.2020;10:00;124
08.02.2020;11:00;0
08.02.2020;12:00;0
08.02.2020;13:00;0
08.02.2020;14:00;0
08.02.2020;15:00;106
08.02.2020;16:00;171
08.02.2020;17:00;339
08.02.2020;18:00;252
08.02.2020;19:00;222
08.02.2020;20:00;42
08.02.2020;21:00;70
08.02.2020;22:00;110
08.02.2020;23:00;117
09.02.2020;00:00;39
09.02.2020;01:00;0
09.02.2020;02:00;0
09.02.2020;03:00;0
09.02.2020;04:00;0
09.02.2020;05:00;0
09.02.2020;06:00;0
09.02.2020;07:00;0
09.02.2020;08:00;0
09.02.2020;09:00;89
09.02.2020;10:00;30
09.02.2020;11:00;9
09.02.2020;12:00;0
09.02.2020;13:00;0
09.02.2020;14:00;0
09.02.2020;15:00;138
09.02.2020;16:00;59
09.02.2020;17:00;177
09.02.2020;18:00;36
09.02.2020;19:00;67
09.02.2020;20:00;166
09.02.2020;21:00;75
09.02.2020;22:00;341
09.02.2020;23:00;92
10.02.2020;00:00;0
10.02.2020;01:00;0
10.02.2020;02:00;0
10.02.2020;03:00;0
10.02.2020;04:00;0
10.02.2020;05:00;54
10.02.2020;06:00;155
10.02.2020;07:00;147
10.02.2020;08:00;139
10.02.2020;09:00;190
10.02.2020;10:00;94
10.02.2020;11:00;2
10.02.2020;12:00;0
10.02.2020;13:00;52
10.02.2020;14:00;0
10.02.2020;15:00;0
10.02.2020;16:00;91
10.02.2020;17:00;143
10.02.2020;18:00;127
10.02.2020;19:00;87
10.02.2020;20:00;3
10.02.2020;21:00;15
10.02.2020;22:00;94
10.02.2020;23:00;98
11.02.2020;00:00;75
11.02.2020;01:00;64
11.02.2020;02:00;0
11.02.2020;03:00;0
11.02.2020;04:00;0
11.02.2020;05:00;0
11.02.2020;06:00;0
11.02.2020;07:00;0
11.02.2020;08:00;0
11.02.2020;09:00;0
11.02.2020;10:00;0
11.02.2020;11:00;0
11.02.2020;12:00;0
11.02.2020;13:00;0
11.02.2020;14:00;0
11.02.2020;15:00;0
11.02.2020;16:00;0
11.02.2020;17:00;0
11.02.2020;18:00;42
11.02.2020;19:00;75
11.02.2020;20:00;14
11.02.2020;21:00;40
11.02.2020;22:00;96
11.02.2020;23:00;27
12.02.2020;00:00;0
12.02.2020;01:00;0
12.02.2020;02:00;0
12.02.2020;03:00;0
12.02.2020;04:00;0
12.02.2020;05:00;19
12.02.2020;06:00;89
12.02.2020;07:00;140
12.02.2020;08:00;15
12.02.2020;09:00;0
12.02.2020;10:00;64
12.02.2020;11:00;114
12.02.2020;12:00;94
12.02.2020;13:00;86
12.02.2020;14:00;3
12.02.2020;15:00;27
12.02.2020;16:00;0
12.02.2020;17:00;77
12.02.2020;18:00;150
12.02.2020;19:00;21
12.02.2020;20:00;0
12.02.2020;21:00;15
12.02.2020;22:00;58
12.02.2020;23:00;70
13.02.2020;00:00;0
13.02.2020;01:00;0
13.02.2020;02:00;0
13.02.2020;03:00;0
13.02.2020;04:00;0
13.02.2020;05:00;0
13.02.2020;06:00;72
13.02.2020;07:00;110
13.02.2020;08:00;4
13.02.2020;09:00;38
13.02.2020;10:00;34
13.02.2020;11:00;0
13.02.2020;12:00;42
13.02.2020;13:00;27
13.02.2020;14:00;0
13.02.2020;15:00;0
13.02.2020;16:00;0
13.02.2020;17:00;0
13.02.2020;18:00;0
13.02.2020;19:00;0
13.02.2020;20:00;0
13.02.2020;21:00;133
13.02.2020;22:00;130
13.02.2020;23:00;79
14.02.2020;00:00;0
14.02.2020;01:00;0
14.02.2020;02:00;0
14.02.2020;03:00;0
14.02.2020;04:00;0
14.02.2020;05:00;0
14.02.2020;06:00;0
14.02.2020;07:00;96
14.02.2020;08:00;158
14.02.2020;09:00;205
14.02.2020;10:00;108
14.02.2020;11:00;73
14.02.2020;12:00;66
14.02.2020;13:00;0
14.02.2020;14:00;26
14.02.2020;15:00;6
14.02.2020;16:00;178
14.02.2020;17:00;54
14.02.2020;18:00;184
14.02.2020;19:00;53
14.02.2020;20:00;1
14.02.2020;21:00;164
14.02.2020;22:00;122
14.02.2020;23:00;79
15.02.2020;00:00;104
15.02.2020;01:00;133
15.02.2020;02:00;3
15.02.2020;03:00;19
15.02.2020;04:00;0
15.02.2020;05:00;0
15.02.2020;06:00;1
15.02.2020;07:00;77
15.02.2020;08:00;20
15.02.2020;09:00;0
15.02.2020;10:00;0
15.02.2020;11:00;0
15.02.2020;12:00;0
15.02.2020;13:00;0
15.02.2020;14:00;0
15.02.2020;15:00;57
15.02.2020;16:00;131
15.02.2020;17:00;98
15.02.2020;18:00;145
15.02.2020;19:00;56
15.02.2020;20:00;0
15.02.2020;21:00;0
15.02.2020;22:00;47
15.02.2020;23:00;0
16.02.2020;00:00;31
16.02.2020;01:00;0
16.02.2020;02:00;0
16.02.2020;03:00;0
16.02.2020;04:00;0
16.02.2020;05:00;0
16.02.2020;06:00;0
16.02.2020;07:00;0
16.02.2020;08:00;0
16.02.2020;09:00;0
16.02.2020;10:00;0
16.02.2020;11:00;0
16.02.2020;12:00;0
16.02.2020;13:00;0
16.02.2020;14:00;0
16.02.2020;15:00;0
16.02.2020;16:00;45
16.02.2020;17:00;69
16.02.2020;18:00;56
16.02.2020;19:00;59
16.02.2020;20:00;51
16.02.2020;21:00;0
16.02.2020;22:00;96
16.02.2020;23:00;109
17.02.2020;00:00;0
17.02.2020;01:00;0
17.02.2020;02:00;0
17.02.2020;03:00;0
17.02.2020;04:00;0
17.02.2020;05:00;40
17.02.2020;06:00;150
17.02.2020;07:00;139
17.02.2020;08:00;153
17.02.2020;09:00;30
17.02.2020;10:00;50
17.02.2020;11:00;22
17.02.2020;12:00;168
17.02.2020;13:00;220
17.02.2020;14:00;38
17.02.2020;15:00;66
17.02.2020;16:00;95
17.02.2020;17:00;1
17.02.2020;18:00;0
17.02.2020;19:00;0
17.02.2020;20:00;39
17.02.2020;21:00;122
17.02.2020;22:00;101
17.02.2020;23:00;97
18.02.2020;00:00;5
18.02.2020;01:00;0
18.02.2020;02:00;0
18.02.2020;03:00;0
18.02.2020;04:00;0
18.02.2020;05:00;0
18.02.2020;06:00;92
18.02.2020;07:00;210
18.02.2020;08:00;239
18.02.2020;09:00;110
18.02.2020;10:00;151
18.02.2020;11:00;213
18.02.2020;12:00;48
18.02.2020;13:00;0
18.02.2020;14:00;66
18.02.2020;15:00;100
18.02.2020;16:00;72
18.02.2020;17:00;159
18.02.2020;18:00;120
18.02.2020;19:00;29
18.02.2020;20:00;0
18.02.2020;21:00;0
18.02.2020;22:00;0
18.02.2020;23:00;0
19.02.2020;00:00;0
19.02.2020;01:00;58
19.02.2020;02:00;65
19.02.2020;03:00;9
19.02.2020;04:00;0
19.02.2020;05:00;0
19.02.2020;06:00;98
19.02.2020;07:00;93
19.02.2020;08:00;104
19.02.2020;09:00;93
19.02.2020;10:00;138
19.02.2020;11:00;88
19.02.2020;12:00;43
19.02.2020;13:00;46
19.02.2020;14:00;0
19.02.2020;15:00;28
19.02.2020;16:00;208
19.02.2020;17:00;70
19.02.2020;18:00;267
19.02.2020;19:00;350
19.02.2020;20:00;8
19.02.2020;21:00;186
19.02.2020;22:00;119
19.02.2020;23:00;83
20.02.2020;00:00;1
20.02.2020;01:00;0
20.02.2020;02:00;0
20.02.2020;03:00;0
20.02.2020;04:00;0
20.02.2020;05:00;0
20.02.2020;06:00;103
20.02.2020;07:00;317
20.02.2020;08:00;372
20.02.2020;09:00;235
20.02.2020;10:00;159
20.02.2020;11:00;46
20.02.2020;12:00;62
20.02.2020;13:00;72
20.02.2020;14:00;0
20.02.2020;15:00;0
20.02.2020;16:00;0
20.02.2020;17:00;0
20.02.2020;18:00;0
20.02.2020;19:00;0
20.02.2020;20:00;227
20.02.2020;21:00;98
20.02.2020;22:00;109
20.02.2020;23:00;50
21.02.2020;00:00;40
21.02.2020;01:00;8
21.02.2020;02:00;0
21.02.2020;03:00;0
21.02.2020;04:00;0
21.02.2020;05:00;0
21.02.2020;06:00;33
21.02.2020;07:00;115
21.02.2020;08:00;83
21.02.2020;09:00;162
21.02.2020;10:00;30
21.02.2020;11:00;35
21.02.2020;12:00;0
21.02.2020;13:00;0
21.02.2020;14:00;81
21.02.2020;15:00;163
21.02.2020;16:00;32
21.02.2020;17:00;182
21.02.2020;18:00;356
21.02.2020;19:00;181
21.02.2020;20:00;12
21.02.2020;21:00;87
21.02.2020;22:00;11
21.02.2020;23:00;57
22.02.2020;00:00;70
22.02.2020;01:00;41
22.02.2020;02:00;131
22.02.2020;03:00;46
22.02.2020;04:00;182
22.02.2020;05:00;124
22.02.2020;06:00;4
22.02.2020;07:00;0
22.02.2020;08:00;29
22.02.2020;09:00;104
22.02.2020;10:00;0
22.02.2020;11:00;0
22.02.2020;12:00;0
22.02.2020;13:00;0
22.02.2020;14:00;0
22.02.2020;15:00;0
22.02.2020;16:00;0
22.02.2020;17:00;82
22.02.2020;18:00;89
22.02.2020;19:00;190
22.02.2020;20:00;121
22.02.2020;21:00;0
22.02.2020;22:00;46
22.02.2020;23:00;51
23.02.2020;00:00;0
23.02.2020;01:00;103
23.02.2020;02:00;0
23.02.2020;03:00;0
23.02.2020;04:00;0
23.02.2020;05:00;0
23.02.2020;06:00;0
23.02.2020;07:00;44
23.02.2020;08:00;170
23.02.2020;09:00;156
23.02.2020;10:00;276
23.02.2020;11:00;297
23.02.2020;12:00;348
23.02.2020;13:00;82
23.02.2020;14:00;0
23.02.2020;15:00;0
23.02.2020;16:00;0
23.02.2020;17:00;41
23.02.2020;18:00;21
23.02.2020;19:00;0
23.02.2020;20:00;77
23.02.2020;21:00;0
23.02.2020;22:00;70
23.02.2020;23:00;142
24.02.2020;00:00;0
24.02.2020;01:00;0
24.02.2020;02:00;0
24.02.2020;03:00;0
24.02.2020;04:00;0
24.02.2020;05:00;32
24.02.2020;06:00;53
24.02.2020;07:00;55
24.02.2020;08:00;160
24.02.2020;09:00;142
24.02.2020;10:00;105
24.02.2020;11:00;68
24.02.2020;12:00;45
24.02.2020;13:00;73
24.02.2020;14:00;27
24.02.2020;15:00;29
24.02.2020;16:00;94
24.02.2020;17:00;67
24.02.2020;18:00;45
24.02.2020;19:00;0
24.02.2020;20:00;31
24.02.2020;21:00;0
24.02.2020;22:00;47
24.02.2020;23:00;0
25.02.2020;00:00;0
25.02.2020;01:00;0
25.02.2020;02:00;0
25.02.2020;03:00;0
25.02.2020;04:00;0
25.02.2020;05:00;0
25.02.2020;06:00;82
25.02.2020;07:00;153
25.02.2020;08:00;164
25.02.2020;09:00;57
25.02.2020;10:00;45
25.02.2020;11:00;0
25.02.2020;12:00;0
25.02.2020;13:00;26
25.02.2020;14:00;27
25.02.2020;15:00;83
25.02.2020;16:00;88
25.02.2020;17:00;86
25.02.2020;18:00;75
25.02.2020;19:00;84
25.02.2020;20:00;91
25.02.2020;21:00;8
25.02.2020;22:00;13
25.02.2020;23:00;57
26.02.2020;00:00;0
26.02.2020;01:00;0
26.02.2020;02:00;0
26.02.2020;03:00;0
26.02.2020;04:00;0
26.02.2020;05:00;23
26.02.2020;06:00;40
26.02.2020;07:00;107
26.02.2020;08:00;3
26.02.2020;09:00;121
26.02.2020;10:00;39
26.02.2020;11:00;0
26.02.2020;12:00;0
26.02.2020;13:00;0
26.02.2020;14:00;0
26.02.2020;15:00;2
26.02.2020;16:00;93
26.02.2020;17:00;62
26.02.2020;18:00;134
26.02.2020;19:00;11
26.02.2020;20:00;41
26.02.2020;21:00;0
26.02.2020;22:00;66
26.02.2020;23:00;28
27.02.2020;00:00;0
27.02.2020;01:00;0
27.02.2020;02:00;0
27.02.2020;03:00;0
27.02.2020;04:00;0
27.02.2020;05:00;0
27.02.2020;06:00;49
27.02.2020;07:00;97
27.02.2020;08:00;165
27.02.2020;09:00;62
27.02.2020;10:00;0
27.02.2020;11:00;0
27.02.2020;12:00;0
27.02.2020;13:00;117
27.02.2020;14:00;163
27.02.2020;15:00;161
27.02.2020;16:00;209
27.02.2020;17:00;111
27.02.2020;18:00;178
27.02.2020;19:00;97
27.02.2020;20:00;42
27.02.2020;21:00;0
27.02.2020;22:00;24
27.02.2020;23:00;0
28.02.2020;00:00;0
28.02.2020;01:00;0
28.02.2020;02:00;0
28.02.2020;03:00;0
28.02.2020;04:00;0
28.02.2020;05:00;0
28.02.2020;06:00;0
28.02.2020;07:00;165
28.02.2020;08:00;224
28.02.2020;09:00;179
28.02.2020;10:00;102
28.02.2020;11:00;224
28.02.2020;12:00;24
28.02.2020;13:00;1
28.02.2020;14:00;0
28.02.2020;15:00;0
28.02.2020;16:00;54
28.02.2020;17:00;122
28.02.2020;18:00;53
28.02.2020;19:00;0
28.02.2020;20:00;105
28.02.2020;21:00;50
28.02.2020;22:00;40
28.02.2020;23:00;55
29.02.2020;00:00;0
29.02.2020;01:00;0
29.02.2020;02:00;0
29.02.2020;03:00;0
29.02.2020;04:00;0
29.02.2020;05:00;0
29.02.2020;06:00;29
29.02.2020;07:00;30
29.02.2020;08:00;146
29.02.2020;09:00;106
29.02.2020;10:00;0
29.02.2020;11:00;0
29.02.2020;12:00;0
29.02.2020;13:00;133
29.02.2020;14:00;102
29.02.2020;15:00;1
29.02.2020;16:00;0
29.02.2020;17:00;0
29.02.2020;18:00;41
29.02.2020;19:00;69
29.02.2020;20:00;70
29.02.2020;21:00;82
29.02.2020;22:00;71
29.02.2020;23:00;57
01.03.2020;00:00;0
01.03.2020;01:00;0
01.03.2020;02:00;0
01.03.2020;03:00;0
01.03.2020;04:00;0
01.03.2020;05:00;0
01.03.2020;06:00;0
01.03.2020;07:00;0
01.03.2020;08:00;0
01.03.2020;09:00;0
01.03.2020;10:00;0
01.03.2020;11:00;0
01.03.2020;12:00;0
01.03.2020;13:00;0
01.03.2020;14:00;0
01.03.2020;15:00;51
01.03.2020;16:00;0
01.03.2020;17:00;55
01.03.2020;18:00;80
01.03.2020;19:00;72
01.03.2020;20:00;37
01.03.2020;21:00;95
01.03.2020;22:00;107
01.03.2020;23:00;116
02.03.2020;00:00;155
02.03.2020;01:00;19
02.03.2020;02:00;0
02.03.2020;03:00;0
02.03.2020;04:00;0
02.03.2020;05:00;0
02.03.2020;06:00;69
02.03.2020;07:00;41
02.03.2020;08:00;70
02.03.2020;09:00;15
02.03.2020;10:00;2
02.03.2020;11:00;2
02.03.2020;12:00;2
02.03.2020;13:00;4
02.03.2020;14:00;1
02.03.2020;15:00;1
02.03.2020;16:00;3
02.03.2020;17:00;62
02.03.2020;18:00;193
02.03.2020;19:00;173
02.03.2020;20:00;125
02.03.2020;21:00;91
02.03.2020;22:00;58
02.03.2020;23:00;29
03.03.2020;00:00;2
03.03.2020;01:00;0
03.03.2020;02:00;0
03.03.2020;03:00;0
03.03.2020;04:00;0
03.03.2020;05:00;0
03.03.2020;06:00;38
03.03.2020;07:00;191
03.03.2020;08:00;231
03.03.2020;09:00;146
03.03.2020;10:00;43
03.03.2020;11:00;53
03.03.2020;12:00;9
03.03.2020;13:00;64
03.03.2020;14:00;45
03.03.2020;15:00;91
03.03.2020;16:00;56
03.03.2020;17:00;87
03.03.2020;18:00;113
03.03.2020;19:00;162
03.03.2020;20:00;29
03.03.2020;21:00;118
03.03.2020;22:00;142
03.03.2020;23:00;21
04.03.2020;00:00;0
04.03.2020;01:00;0
04.03.2020;02:00;0
04.03.2020;03:00;0
04.03.2020;04:00;0
04.03.2020;05:00;0
04.03.2020;06:00;0
04.03.2020;07:00;1
04.03.2020;08:00;6
04.03.2020;09:00;81
04.03.2020;10:00;0
04.03.2020;11:00;0
04.03.2020;12:00;0
04.03.2020;13:00;0
04.03.2020;14:00;0
04.03.2020;15:00;0
04.03.2020;16:00;0
04.03.2020;17:00;57
04.03.2020;18:00;237
04.03.2020;19:00;188
04.03.2020;20:00;163
04.03.2020;21:00;90
04.03.2020;22:00;23
04.03.2020;23:00;0
05.03.2020;00:00;0
05.03.2020;01:00;0
05.03.2020;02:00;0
05.03.2020;03:00;0
05.03.2020;04:00;0
05.03.2020;05:00;0
05.03.2020;06:00;41
05.03.2020;07:00;149
05.03.2020;08:00;139
05.03.2020;09:00;145
05.03.2020;10:00;84
05.03.2020;11:00;40
05.03.2020;12:00;142
05.03.2020;13:00;51
05.03.2020;14:00;0
05.03.2020;15:00;0
05.03.2020;16:00;70
05.03.2020;17:00;122
05.03.2020;18:00;118
05.03.2020;19:00;41
05.03.2020;20:00;0
05.03.2020;21:00;0
05.03.2020;22:00;88
05.03.2020;23:00;5
06.03.2020;00:00;0
06.03.2020;01:00;0
06.03.2020;02:00;0
06.03.2020;03:00;0
06.03.2020;04:00;0
06.03.2020;05:00;0
06.03.2020;06:00;61
06.03.2020;07:00;165
06.03.2020;08:00;149
06.03.2020;09:00;162
06.03.2020;10:00;131
06.03.2020;11:00;205
06.03.2020;12:00;191
06.03.2020;13:00;62
06.03.2020;14:00;66
06.03.2020;15:00;45
06.03.2020;16:00;39
06.03.2020;17:00;128
06.03.2020;18:00;181
06.03.2020;19:00;110
06.03.2020;20:00;112
06.03.2020;21:00;115
06.03.2020;22:00;74
06.03.2020;23:00;0
07.03.2020;00:00;42
07.03.2020;01:00;0
07.03.2020;02:00;0
07.03.2020;03:00;0
07.03.2020;04:00;0
07.03.2020;05:00;0
07.03.2020;06:00;57
07.03.2020;07:00;74
07.03.2020;08:00;97
07.03.2020;09:00;167
07.03.2020;10:00;100
07.03.2020;11:00;114
07.03.2020;12:00;49
07.03.2020;13:00;7
07.03.2020;14:00;0
07.03.2020;15:00;98
07.03.2020;16:00;183
07.03.2020;17:00;238
07.03.2020;18:00;366
07.03.2020;19:00;257
07.03.2020;20:00;93
07.03.2020;21:00;42
07.03.2020;22:00;51
07.03.2020;23:00;48
08.03.2020;00:00;34
08.03.2020;01:00;0
08.03.2020;02:00;0
08.03.2020;03:00;0
08.03.2020;04:00;0
08.03.2020;05:00;0
08.03.2020;06:00;0
08.03.2020;07:00;106
08.03.2020;08:00;124
08.03.2020;09:00;53
08.03.2020;10:00;0
08.03.2020;11:00;0
08.03.2020;12:00;33
08.03.2020;13:00;0
08.03.2020;14:00;45
08.03.2020;15:00;204
08.03.2020;16:00;116
08.03.2020;17:00;137
08.03.2020;18:00;123
08.03.2020;19:00;291
08.03.2020;20:00;211
08.03.2020;21:00;26
08.03.2020;22:00;16
08.03.2020;23:00;0
09.03.2020;00:00;0
09.03.2020;01:00;0
09.03.2020;02:00;0
09.03.2020;03:00;0
09.03.2020;04:00;0
09.03.2020;05:00;2
09.03.2020;06:00;78
09.03.2020;07:00;140
09.03.2020;08:00;207
09.03.2020;09:00;182
09.03.2020;10:00;32
09.03.2020;11:00;0
09.03.2020;12:00;0
09.03.2020;13:00;0
09.03.2020;14:00;0
09.03.2020;15:00;0
09.03.2020;16:00;3
09.03.2020;17:00;73
09.03.2020;18:00;193
09.03.2020;19:00;60
09.03.2020;20:00;0
09.03.2020;21:00;59
09.03.2020;22:00;47
09.03.2020;23:00;100
10.03.2020;00:00;24
10.03.2020;01:00;0
10.03.2020;02:00;0
10.03.2020;03:00;0
10.03.2020;04:00;0
10.03.2020;05:00;0
10.03.2020;06:00;0
10.03.2020;07:00;0
10.03.2020;08:00;27
10.03.2020;09:00;124
10.03.2020;10:00;86
10.03.2020;11:00;139
10.03.2020;12:00;128
10.03.2020;13:00;178
10.03.2020;14:00;150
10.03.2020;15:00;74
10.03.2020;16:00;45
10.03.2020;17:00;12
10.03.2020;18:00;12
10.03.2020;19:00;26
10.03.2020;20:00;52
10.03.2020;21:00;61
10.03.2020;22:00;31
10.03.2020;23:00;0
11.03.2020;00:00;0
11.03.2020;01:00;0
11.03.2020;02:00;0
11.03.2020;03:00;0
11.03.2020;04:00;0
11.03.2020;05:00;0
11.03.2020;06:00;139
11.03.2020;07:00;101
11.03.2020;08:00;37
11.03.2020;09:00;37
11.03.2020;10:00;38
11.03.2020;11:00;29
11.03.2020;12:00;23
11.03.2020;13:00;150
11.03.2020;14:00;128
11.03.2020;15:00;229
11.03.2020;16:00;229
11.03.2020;17:00;352
11.03.2020;18:00;445
11.03.2020;19:00;398
11.03.2020;20:00;53
11.03.2020;21:00;0
11.03.2020;22:00;0
11.03.2020;23:00;0
12.03.2020;00:00;0
12.03.2020;01:00;0
12.03.2020;02:00;0
12.03.2020;03:00;0
12.03.2020;04:00;0
12.03.2020;05:00;0
12.03.2020;06:00;50
12.03.2020;07:00;115
12.03.2020;08:00;18
12.03.2020;09:00;0
12.03.2020;10:00;0
12.03.2020;11:00;0
12.03.2020;12:00;0
12.03.2020;13:00;0
12.03.2020;14:00;0
12.03.2020;15:00;0
12.03.2020;16:00;0
12.03.2020;17:00;80
12.03.2020;18:00;135
12.03.2020;19:00;103
12.03.2020;20:00;6
12.03.2020;21:00;18
12.03.2020;22:00;0
12.03.2020;23:00;0
13.03.2020;00:00;44
13.03.2020;01:00;34
13.03.2020;02:00;4
13.03.2020;03:00;0
13.03.2020;04:00;0
13.03.2020;05:00;32
13.03.2020;06:00;120
13.03.2020;07:00;7
13.03.2020;08:00;44
13.03.2020;09:00;0
13.03.2020;10:00;0
13.03.2020;11:00;50
13.03.2020;12:00;0
13.03.2020;13:00;0
13.03.2020;14:00;0
13.03.2020;15:00;0
13.03.2020;16:00;0
13.03.2020;17:00;0
13.03.2020;18:00;0
13.03.2020;19:00;157
13.03.2020;20:00;199
13.03.2020;21:00;23
13.03.2020;22:00;24
13.03.2020;23:00;12
14.03.2020;00:00;25
14.03.2020;01:00;0
14.03.2020;02:00;0
14.03.2020;03:00;0
14.03.2020;04:00;0
14.03.2020;05:00;0
14.03.2020;06:00;0
14.03.2020;07:00;45
14.03.2020;08:00;0
14.03.2020;09:00;60
14.03.2020;10:00;0
14.03.2020;11:00;0
14.03.2020;12:00;0
14.03.2020;13:00;0
14.03.2020;14:00;0
14.03.2020;15:00;88
14.03.2020;16:00;57
14.03.2020;17:00;123
14.03.2020;18:00;128
14.03.2020;19:00;109
14.03.2020;20:00;52
14.03.2020;21:00;83
14.03.2020;22:00;58
14.03.2020;23:00;60
15.03.2020;00:00;0
15.03.2020;01:00;1
15.03.2020;02:00;130
15.03.2020;03:00;1
15.03.2020;04:00;0
15.03.2020;05:00;0
15.03.2020;06:00;0
15.03.2020;07:00;0
15.03.2020;08:00;0
15.03.2020;09:00;0
15.03.2020;10:00;0
15.03.2020;11:00;0
15.03.2020;12:00;0
15.03.2020;13:00;0
15.03.2020;14:00;0
15.03.2020;15:00;0
15.03.2020;16:00;0
15.03.2020;17:00;0
15.03.2020;18:00;128
15.03.2020;19:00;4
15.03.2020;20:00;67
15.03.2020;21:00;0
15.03.2020;22:00;0
15.03.2020;23:00;61
16.03.2020;00:00;2
16.03.2020;01:00;0
16.03.2020;02:00;0
16.03.2020;03:00;0
16.03.2020;04:00;0
16.03.2020;05:00;0
16.03.2020;06:00;100
16.03.2020;07:00;129
16.03.2020;08:00;74
16.03.2020;09:00;121
16.03.2020;10:00;83
16.03.2020;11:00;155
16.03.2020;12:00;23
16.03.2020;13:00;72
16.03.2020;14:00;40
16.03.2020;15:00;120
16.03.2020;16:00;109
16.03.2020;17:00;56
16.03.2020;18:00;184
16.03.2020;19:00;310
16.03.2020;20:00;190
16.03.2020;21:00;18
16.03.2020;22:00;0
16.03.2020;23:00;0
17.03.2020;00:00;28
17.03.2020;01:00;0
17.03.2020;02:00;0
17.03.2020;03:00;0
17.03.2020;04:00;0
17.03.2020;05:00;0
17.03.2020;06:00;53
17.03.2020;07:00;170
17.03.2020;08:00;131
17.03.2020;09:00;68
17.03.2020;10:00;85
17.03.2020;11:00;39
17.03.2020;12:00;0
17.03.2020;13:00;0
17.03.2020;14:00;0
17.03.2020;15:00;40
17.03.2020;16:00;0
17.03.2020;17:00;61
17.03.2020;18:00;153
17.03.2020;19:00;151
17.03.2020;20:00;88
17.03.2020;21:00;101
17.03.2020;22:00;76
17.03.2020;23:00;116
18.03.2020;00:00;19
18.03.2020;01:00;0
18.03.2020;02:00;0
18.03.2020;03:00;0
18.03.2020;04:00;0
18.03.2020;05:00;0
18.03.2020;06:00;0
18.03.2020;07:00;0
18.03.2020;08:00;0
18.03.2020;09:00;0
18.03.2020;10:00;0
18.03.2020;11:00;0
18.03.2020;12:00;0
18.03.2020;13:00;0
18.03.2020;14:00;0
18.03.2020;15:00;0
18.03.2020;16:00;0
18.03.2020;17:00;0
18.03.2020;18:00;91
18.03.2020;19:00;206
18.03.2020;20:00;138
18.03.2020;21:00;80
18.03.2020;22:00;75
18.03.2020;23:00;37
19.03.2020;00:00;24
19.03.2020;01:00;0
19.03.2020;02:00;0
19.03.2020;03:00;0
19.03.2020;04:00;0
19.03.2020;05:00;0
19.03.2020;06:00;0
19.03.2020;07:00;0
19.03.2020;08:00;0
19.03.2020;09:00;0
19.03.2020;10:00;0
19.03.2020;11:00;0
19.03.2020;12:00;0
19.03.2020;13:00;0
19.03.2020;14:00;0
19.03.2020;15:00;0
19.03.2020;16:00;0
19.03.2020;17:00;0
19.03.2020;18:00;55
19.03.2020;19:00;208
19.03.2020;20:00;90
19.03.2020;21:00;64
19.03.2020;22:00;44
19.03.2020;23:00;0
20.03.2020;00:00;11
20.03.2020;01:00;0
20.03.2020;02:00;0
20.03.2020;03:00;0
20.03.2020;04:00;0
20.03.2020;05:00;93
20.03.2020;06:00;135
20.03.2020;07:00;207
20.03.2020;08:00;156
20.03.2020;09:00;56
20.03.2020;10:00;0
20.03.2020;11:00;1
20.03.2020;12:00;91
20.03.2020;13:00;18
20.03.2020;14:00;0
20.03.2020;15:00;0
20.03.2020;16:00;0
20.03.2020;17:00;0
20.03.2020;18:00;0
20.03.2020;19:00;0
20.03.2020;20:00;47
20.03.2020;21:00;61
20.03.2020;22:00;0
20.03.2020;23:00;0
21.03.2020;00:00;17
21.03.2020;01:00;0
21.03.2020;02:00;0
21.03.2020;03:00;0
21.03.2020;04:00;0
21.03.2020;05:00;0
21.03.2020;06:00;0
21.03.2020;07:00;0
21.03.2020;08:00;0
21.03.2020;09:00;0
21.03.2020;10:00;0
21.03.2020;11:00;16
21.03.2020;12:00;29
21.03.2020;13:00;0
21.03.2020;14:00;45
21.03.2020;15:00;0
21.03.2020;16:00;0
21.03.2020;17:00;109
21.03.2020;18:00;201
21.03.2020;19:00;400
21.03.2020;20:00;138
21.03.2020;21:00;180
21.03.2020;22:00;64
21.03.2020;23:00;98
22.03.2020;00:00;56
22.03.2020;01:00;59
22.03.2020;02:00;0
22.03.2020;03:00;0
22.03.2020;04:00;0
22.03.2020;05:00;0
22.03.2020;06:00;0
22.03.2020;07:00;0
22.03.2020;08:00;14
22.03.2020;09:00;66
22.03.2020;10:00;0
22.03.2020;11:00;0
22.03.2020;12:00;0
22.03.2020;13:00;0
22.03.2020;14:00;0
22.03.2020;15:00;0
22.03.2020;16:00;0
22.03.2020;17:00;80
22.03.2020;18:00;147
22.03.2020;19:00;85
22.03.2020;20:00;73
22.03.2020;21:00;0
22.03.2020;22:00;86
22.03.2020;23:00;0
23.03.2020;00:00;0
23.03.2020;01:00;0
23.03.2020;02:00;0
23.03.2020;03:00;0
23.03.2020;04:00;0
23.03.2020;05:00;0
23.03.2020;06:00;21
23.03.2020;07:00;108
23.03.2020;08:00;120
23.03.2020;09:00;61
23.03.2020;10:00;0
23.03.2020;11:00;40
23.03.2020;12:00;105
23.03.2020;13:00;2
23.03.2020;14:00;110
23.03.2020;15:00;91
23.03.2020;16:00;1
23.03.2020;17:00;62
23.03.2020;18:00;121
23.03.2020;19:00;136
23.03.2020;20:00;32
23.03.2020;21:00;0
23.03.2020;22:00;127
23.03.2020;23:00;30
24.03.2020;00:00;0
24.03.2020;01:00;0
24.03.2020;02:00;1
24.03.2020;03:00;140
24.03.2020;04:00;25
24.03.2020;05:00;0
24.03.2020;06:00;0
24.03.2020;07:00;0
24.03.2020;08:00;90
24.03.2020;09:00;16
24.03.2020;10:00;0
24.03.2020;11:00;0
24.03.2020;12:00;0
24.03.2020;13:00;0
24.03.2020;14:00;0
24.03.2020;15:00;4
24.03.2020;16:00;0
24.03.2020;17:00;31
24.03.2020;18:00;193
24.03.2020;19:00;57
24.03.2020;20:00;78
24.03.2020;21:00;0
24.03.2020;22:00;0
24.03.2020;23:00;0
25.03.2020;00:00;0
25.03.2020;01:00;0
25.03.2020;02:00;0
25.03.2020;03:00;0
25.03.2020;04:00;0
25.03.2020;05:00;0
25.03.2020;06:00;0
25.03.2020;07:00;0
25.03.2020;08:00;0
25.03.2020;09:00;0
25.03.2020;10:00;0
25.03.2020;11:00;0
25.03.2020;12:00;0
25.03.2020;13:00;0
25.03.2020;14:00;0
25.03.2020;15:00;0
25.03.2020;16:00;0
25.03.2020;17:00;0
25.03.2020;18:00;58
25.03.2020;19:00;59
25.03.2020;20:00;0
25.03.2020;21:00;12
25.03.2020;22:00;0
25.03.2020;23:00;0
26.03.2020;00:00;0
26.03.2020;01:00;0
26.03.2020;02:00;0
26.03.2020;03:00;0
26.03.2020;04:00;0
26.03.2020;05:00;0
26.03.2020;06:00;0
26.03.2020;07:00;0
26.03.2020;08:00;57
26.03.2020;09:00;0
26.03.2020;10:00;0
26.03.2020;11:00;0
26.03.2020;12:00;0
26.03.2020;13:00;0
26.03.2020;14:00;0
26.03.2020;15:00;0
26.03.2020;16:00;0
26.03.2020;17:00;77
26.03.2020;18:00;178
26.03.2020;19:00;178
26.03.2020;20:00;75
26.03.2020;21:00;0
26.03.2020;22:00;0
26.03.2020;23:00;0
27.03.2020;00:00;0
27.03.2020;01:00;0
27.03.2020;02:00;0
27.03.2020;03:00;0
27.03.2020;04:00;0
27.03.2020;05:00;0
27.03.2020;06:00;16
27.03.2020;07:00;100
27.03.2020;08:00;187
27.03.2020;09:00;182
27.03.2020;10:00;3
27.03.2020;11:00;0
27.03.2020;12:00;0
27.03.2020;13:00;0
27.03.2020;14:00;0
27.03.2020;15:00;0
27.03.2020;16:00;0
27.03.2020;17:00;0
27.03.2020;18:00;104
27.03.2020;19:00;132
27.03.2020;20:00;86
27.03.2020;21:00;0
27.03.2020;22:00;121
27.03.2020;23:00;64
28.03.2020;00:00;97
28.03.2020;01:00;117
28.03.2020;02:00;211
28.03.2020;03:00;210
28.03.2020;04:00;113
28.03.2020;05:00;83
28.03.2020;06:00;43
28.03.2020;07:00;25
28.03.2020;08:00;0
28.03.2020;09:00;79
28.03.2020;10:00;15
28.03.2020;11:00;0
28.03.2020;12:00;0
28.03.2020;13:00;0
28.03.2020;14:00;0
28.03.2020;15:00;0
28.03.2020;16:00;0
28.03.2020;17:00;167
28.03.2020;18:00;63
28.03.2020;19:00;176
28.03.2020;20:00;118
28.03.2020;21:00;13
28.03.2020;22:00;147
28.03.2020;23:00;107
29.03.2020;00:00;54
29.03.2020;01:00;0
29.03.2020;03:00;0
29.03.2020;04:00;0
29.03.2020;05:00;0
29.03.2020;06:00;0
29.03.2020;07:00;0
29.03.2020;08:00;0
29.03.2020;09:00;22
29.03.2020;10:00;27
29.03.2020;11:00;0
29.03.2020;12:00;94
29.03.2020;13:00;22
29.03.2020;14:00;55
29.03.2020;15:00;160
29.03.2020;16:00;0
29.03.2020;17:00;91
29.03.2020;18:00;1
29.03.2020;19:00;0
29.03.2020;20:00;0
29.03.2020;21:00;0
29.03.2020;22:00;125
29.03.2020;23:00;5
30.03.2020;00:00;0
30.03.2020;01:00;0
30.03.2020;02:00;0
30.03.2020;03:00;0
30.03.2020;04:00;0
30.03.2020;05:00;0
30.03.2020;06:00;0
30.03.2020;07:00;0
30.03.2020;08:00;0
30.03.2020;09:00;0
30.03.2020;10:00;0
30.03.2020;11:00;0
30.03.2020;12:00;5
30.03.2020;13:00;2
30.03.2020;14:00;0
30.03.2020;15:00;0
30.03.2020;16:00;0
30.03.2020;17:00;0
30.03.2020;18:00;2
30.03.2020;19:00;76
30.03.2020;20:00;50
30.03.2020;21:00;44
30.03.2020;22:00;146
30.03.2020;23:00;35
31.03.2020;00:00;0
31.03.2020;01:00;0
31.03.2020;02:00;0
31.03.2020;03:00;0
31.03.2020;04:00;0
31.03.2020;05:00;0
31.03.2020;06:00;0
31.03.2020;07:00;3
31.03.2020;08:00;0
31.03.2020;09:00;0
31.03.2020;10:00;0
31.03.2020;11:00;0
31.03.2020;12:00;84
31.03.2020;13:00;0
31.03.2020;14:00;6
31.03.2020;15:00;8
31.03.2020;16:00;20
31.03.2020;17:00;11
31.03.2020;18:00;57
31.03.2020;19:00;212
31.03.2020;20:00;151
31.03.2020;21:00;91
31.03.2020;22:00;51
31.03.2020;23:00;171
01.04.2020;00:00;88
01.04.2020;01:00;63
01.04.2020;02:00;28
01.04.2020;03:00;0
01.04.2020;04:00;0
01.04.2020;05:00;63
01.04.2020;06:00;100
01.04.2020;07:00;79
01.04.2020;08:00;165
01.04.2020;09:00;5
01.04.2020;10:00;0
01.04.2020;11:00;0
01.04.2020;12:00;0
01.04.2020;13:00;0
01.04.2020;14:00;2
01.04.2020;15:00;1
01.04.2020;16:00;1
01.04.2020;17:00;1
01.04.2020;18:00;61
01.04.2020;19:00;181
01.04.2020;20:00;78
01.04.2020;21:00;111
01.04.2020;22:00;74
01.04.2020;23:00;0
02.04.2020;00:00;39
02.04.2020;01:00;37
02.04.2020;02:00;51
02.04.2020;03:00;73
02.04.2020;04:00;77
02.04.2020;05:00;10
02.04.2020;06:00;70
02.04.2020;07:00;180
02.04.2020;08:00;133
02.04.2020;09:00;4
02.04.2020;10:00;6
02.04.2020;11:00;0
02.04.2020;12:00;0
02.04.2020;13:00;0
02.04.2020;14:00;0
02.04.2020;15:00;0
02.04.2020;16:00;0
02.04.2020;17:00;34
02.04.2020;18:00;103
02.04.2020;19:00;97
02.04.2020;20:00;70
02.04.2020;21:00;53
02.04.2020;22:00;32
02.04.2020;23:00;11
03.04.2020;00:00;44
03.04.2020;01:00;0
03.04.2020;02:00;0
03.04.2020;03:00;0
03.04.2020;04:00;0
03.04.2020;05:00;0
03.04.2020;06:00;1
03.04.2020;07:00;170
03.04.2020;08:00;83
03.04.2020;09:00;93
03.04.2020;10:00;79
03.04.2020;11:00;130
03.04.2020;12:00;34
03.04.2020;13:00;51
03.04.2020;14:00;110
03.04.2020;15:00;125
03.04.2020;16:00;17
03.04.2020;17:00;187
03.04.2020;18:00;64
03.04.2020;19:00;127
03.04.2020;20:00;338
03.04.2020;21:00;83
03.04.2020;22:00;129
03.04.2020;23:00;21
04.04.2020;00:00;142
04.04.2020;01:00;96
04.04.2020;02:00;0
04.04.2020;03:00;0
04.04.2020;04:00;0
04.04.2020;05:00;0
04.04.2020;06:00;0
04.04.2020;07:00;104
04.04.2020;08:00;60
04.04.2020;09:00;0
04.04.2020;10:00;0
04.04.2020;11:00;0
04.04.2020;12:00;0
04.04.2020;13:00;0
04.04.2020;14:00;0
04.04.2020;15:00;0
04.04.2020;16:00;35
04.04.2020;17:00;86
04.04.2020;18:00;191
04.04.2020;19:00;428
04.04.2020;20:00;425
04.04.2020;21:00;165
04.04.2020;22:00;115
04.04.2020;23:00;51
05.04.2020;00:00;30
05.04.2020;01:00;0
05.04.2020;02:00;0
05.04.2020;03:00;0
05.04.2020;04:00;0
05.04.2020;05:00;0
05.04.2020;06:00;0
05.04.2020;07:00;0
05.04.2020;08:00;0
05.04.2020;09:00;11
05.04.2020;10:00;0
05.04.2020;11:00;0
05.04.2020;12:00;0
05.04.2020;13:00;0
05.04.2020;14:00;0
05.04.2020;15:00;0
05.04.2020;16:00;0
05.04.2020;17:00;0
05.04.2020;18:00;24
05.04.2020;19:00;229
05.04.2020;20:00;180
05.04.2020;21:00;62
05.04.2020;22:00;33
05.04.2020;23:00;0
06.04.2020;00:00;0
06.04.2020;01:00;0
06.04.2020;02:00;0
06.04.2020;03:00;2
06.04.2020;04:00;2
06.04.2020;05:00;0
06.04.2020;06:00;0
06.04.2020;07:00;29
06.04.2020;08:00;159
06.04.2020;09:00;99
06.04.2020;10:00;26
06.04.2020;11:00;0
06.04.2020;12:00;94
06.04.2020;13:00;0
06.04.2020;14:00;0
06.04.2020;15:00;0
06.04.2020;16:00;0
06.04.2020;17:00;0
06.04.2020;18:00;104
06.04.2020;19:00;131
06.04.2020;20:00;30
06.04.2020;21:00;0
06.04.2020;22:00;0
06.04.2020;23:00;43
07.04.2020;00:00;25
07.04.2020;01:00;0
07.04.2020;02:00;0
07.04.2020;03:00;0
07.04.2020;04:00;32
07.04.2020;05:00;63
07.04.2020;06:00;134
07.04.2020;07:00;81
07.04.2020;08:00;53
07.04.2020;09:00;78
07.04.2020;10:00;0
07.04.2020;11:00;0
07.04.2020;12:00;1
07.04.2020;13:00;0
07.04.2020;14:00;0
07.04.2020;15:00;0
07.04.2020;16:00;0
07.04.2020;17:00;66
07.04.2020;18:00;113
07.04.2020;19:00;202
07.04.2020;20:00;62
07.04.2020;21:00;31
07.04.2020;22:00;0
07.04.2020;23:00;47
08.04.2020;00:00;28
08.04.2020;01:00;0
08.04.2020;02:00;0
08.04.2020;03:00;0
08.04.2020;04:00;0
08.04.2020;05:00;52
08.04.2020;06:00;125
08.04.2020;07:00;106
08.04.2020;08:00;51
08.04.2020;09:00;103
08.04.2020;10:00;108
08.04.2020;11:00;117
08.04.2020;12:00;114
08.04.2020;13:00;23
08.04.2020;14:00;0
08.04.2020;15:00;49
08.04.2020;16:00;0
08.04.2020;17:00;0
08.04.2020;18:00;113
08.04.2020;19:00;120
08.04.2020;20:00;101
08.04.2020;21:00;43
08.04.2020;22:00;27
08.04.2020;23:00;0
09.04.2020;00:00;0
09.04.2020;01:00;0
09.04.2020;02:00;0
09.04.2020;03:00;0
09.04.2020;04:00;0
09.04.2020;05:00;0
09.04.2020;06:00;102
09.04.2020;07:00;139
09.04.2020;08:00;19
09.04.2020;09:00;74
09.04.2020;10:00;44
09.04.2020;11:00;0
09.04.2020;12:00;0
09.04.2020;13:00;0
09.04.2020;14:00;0
09.04.2020;15:00;0
09.04.2020;16:00;0
09.04.2020;17:00;85
09.04.2020;18:00;71
09.04.2020;19:00;197
09.04.2020;20:00;194
09.04.2020;21:00;89
09.04.2020;22:00;132
09.04.2020;23:00;92
10.04.2020;00:00;0
10.04.2020;01:00;0
10.04.2020;02:00;0
10.04.2020;03:00;0
10.04.2020;04:00;0
10.04.2020;05:00;0
10.04.2020;06:00;141
10.04.2020;07:00;146
10.04.2020;08:00;138
10.04.2020;09:00;78
10.04.2020;10:00;0
10.04.2020;11:00;0
10.04.2020;12:00;0
10.04.2020;13:00;0
10.04.2020;14:00;0
10.04.2020;15:00;0
10.04.2020;16:00;0
10.04.2020;17:00;0
10.04.2020;18:00;69
10.04.2020;19:00;141
10.04.2020;20:00;76
10.04.2020;21:00;55
10.04.2020;22:00;77
10.04.2020;23:00;51
11.04.2020;00:00;0
11.04.2020;01:00;0
11.04.2020;02:00;0
11.04.2020;03:00;0
11.04.2020;04:00;0
11.04.2020;05:00;72
11.04.2020;06:00;185
11.04.2020;07:00;134
11.04.2020;08:00;6
11.04.2020;09:00;0
11.04.2020;10:00;0
11.04.2020;11:00;0
11.04.2020;12:00;0
11.04.2020;13:00;0
11.04.2020;14:00;0
11.04.2020;15:00;0
11.04.2020;16:00;0
11.04.2020;17:00;77
11.04.2020;18:00;146
11.04.2020;19:00;230
11.04.2020;20:00;39
11.04.2020;21:00;0
11.04.2020;22:00;68
11.04.2020;23:00;90
12.04.2020;00:00;66
12.04.2020;01:00;68
12.04.2020;02:00;21
12.04.2020;03:00;0
12.04.2020;04:00;0
12.04.2020;05:00;0
12.04.2020;06:00;0
12.04.2020;07:00;0
12.04.2020;08:00;0
12.04.2020;09:00;0
12.04.2020;10:00;62
12.04.2020;11:00;83
12.04.2020;12:00;54
12.04.2020;13:00;0
12.04.2020;14:00;57
12.04.2020;15:00;0
12.04.2020;16:00;0
12.04.2020;17:00;0
12.04.2020;18:00;45
12.04.2020;19:00;16
12.04.2020;20:00;23
12.04.2020;21:00;19
12.04.2020;22:00;64
12.04.2020;23:00;66
13.04.2020;00:00;26
13.04.2020;01:00;0
13.04.2020;02:00;0
13.04.2020;03:00;0
13.04.2020;04:00;0
13.04.2020;05:00;0
13.04.2020;06:00;0
13.04.2020;07:00;0
13.04.2020;08:00;0
13.04.2020;09:00;0
13.04.2020;10:00;0
13.04.2020;11:00;0
13.04.2020;12:00;0
13.04.2020;13:00;0
13.04.2020;14:00;0
13.04.2020;15:00;0
13.04.2020;16:00;0
13.04.2020;17:00;0
13.04.2020;18:00;59
13.04.2020;19:00;139
13.04.2020;20:00;63
13.04.2020;21:00;60
13.04.2020;22:00;26
13.04.2020;23:00;0
14.04.2020;00:00;0
14.04.2020;01:00;0
14.04.2020;02:00;0
14.04.2020;03:00;0
14.04.2020;04:00;0
14.04.2020;05:00;48
14.04.2020;06:00;208
14.04.2020;07:00;320
14.04.2020;08:00;336
14.04.2020;09:00;134
14.04.2020;10:00;0
14.04.2020;11:00;168
14.04.2020;12:00;3
14.04.2020;13:00;0
14.04.2020;14:00;0
14.04.2020;15:00;0
14.04.2020;16:00;0
14.04.2020;17:00;41
14.04.2020;18:00;116
14.04.2020;19:00;119
14.04.2020;20:00;210
14.04.2020;21:00;78
14.04.2020;22:00;92
14.04.2020;23:00;29
15.04.2020;00:00;0
15.04.2020;01:00;0
15.04.2020;02:00;0
15.04.2020;03:00;0
15.04.2020;04:00;0
15.04.2020;05:00;30
15.04.2020;06:00;104
15.04.2020;07:00;152
15.04.2020;08:00;372
15.04.2020;09:00;171
15.04.2020;10:00;38
15.04.2020;11:00;67
15.04.2020;12:00;79
15.04.2020;13:00;34
15.04.2020;14:00;0
15.04.2020;15:00;0
15.04.2020;16:00;0
15.04.2020;17:00;29
15.04.2020;18:00;132
15.04.2020;19:00;298
15.04.2020;20:00;269
15.04.2020;21:00;110
15.04.2020;22:00;27
15.04.2020;23:00;0
16.04.2020;00:00;0
16.04.2020;01:00;0
16.04.2020;02:00;0
16.04.2020;03:00;0
16.04.2020;04:00;0
16.04.2020;05:00;52
16.04.2020;06:00;51
16.04.2020;07:00;52
16.04.2020;08:00;132
16.04.2020;09:00;145
16.04.2020;10:00;87
16.04.2020;11:00;104
16.04.2020;12:00;33
16.04.2020;13:00;0
16.04.2020;14:00;0
16.04.2020;15:00;0
16.04.2020;16:00;0
16.04.2020;17:00;25
16.04.2020;18:00;106
16.04.2020;19:00;293
16.04.2020;20:00;316
16.04.2020;21:00;166
16.04.2020;22:00;134
16.04.2020;23:00;63
17.04.2020;00:00;0
17.04.2020;01:00;0
17.04.2020;02:00;0
17.04.2020;03:00;0
17.04.2020;04:00;0
17.04.2020;05:00;31
17.04.2020;06:00;74
17.04.2020;07:00;332
17.04.2020;08:00;293
17.04.2020;09:00;141
17.04.2020;10:00;0
17.04.2020;11:00;0
17.04.2020;12:00;0
17.04.2020;13:00;0
17.04.2020;14:00;0
17.04.2020;15:00;0
17.04.2020;16:00;0
17.04.2020;17:00;0
17.04.2020;18:00;64
17.04.2020;19:00;152
17.04.2020;20:00;275
17.04.2020;21:00;282
17.04.2020;22:00;280
17.04.2020;23:00;65
18.04.2020;00:00;82
18.04.2020;01:00;11
18.04.2020;02:00;0
18.04.2020;03:00;42
18.04.2020;04:00;81
18.04.2020;05:00;40
18.04.2020;06:00;0
18.04.2020;07:00;0
18.04.2020;08:00;0
18.04.2020;09:00;0
18.04.2020;10:00;0
18.04.2020;11:00;0
18.04.2020;12:00;0
18.04.2020;13:00;0
18.04.2020;14:00;0
18.04.2020;15:00;0
18.04.2020;16:00;0
18.04.2020;17:00;0
18.04.2020;18:00;108
18.04.2020;19:00;304
18.04.2020;20:00;229
18.04.2020;21:00;117
18.04.2020;22:00;140
18.04.2020;23:00;72
19.04.2020;00:00;47
19.04.2020;01:00;0
19.04.2020;02:00;0
19.04.2020;03:00;0
19.04.2020;04:00;0
19.04.2020;05:00;88
19.04.2020;06:00;128
19.04.2020;07:00;0
19.04.2020;08:00;0
19.04.2020;09:00;0
19.04.2020;10:00;49
19.04.2020;11:00;88
19.04.2020;12:00;0
19.04.2020;13:00;0
19.04.2020;14:00;0
19.04.2020;15:00;0
19.04.2020;16:00;0
19.04.2020;17:00;0
19.04.2020;18:00;26
19.04.2020;19:00;93
19.04.2020;20:00;81
19.04.2020;21:00;37
19.04.2020;22:00;0
19.04.2020;23:00;0
20.04.2020;00:00;2
20.04.2020;01:00;197
20.04.2020;02:00;66
20.04.2020;03:00;116
20.04.2020;04:00;95
20.04.2020;05:00;15
20.04.2020;06:00;176
20.04.2020;07:00;156
20.04.2020;08:00;224
20.04.2020;09:00;78
20.04.2020;10:00;0
20.04.2020;11:00;0
20.04.2020;12:00;0
20.04.2020;13:00;0
20.04.2020;14:00;0
20.04.2020;15:00;0
20.04.2020;16:00;0
20.04.2020;17:00;0
20.04.2020;18:00;124
20.04.2020;19:00;167
20.04.2020;20:00;140
20.04.2020;21:00;21
20.04.2020;22:00;65
20.04.2020;23:00;70
21.04.2020;00:00;106
21.04.2020;01:00;144
21.04.2020;02:00;13
21.04.2020;03:00;0
21.04.2020;04:00;13
21.04.2020;05:00;72
21.04.2020;06:00;64
21.04.2020;07:00;225
21.04.2020;08:00;131
21.04.2020;09:00;110
21.04.2020;10:00;19
21.04.2020;11:00;0
21.04.2020;12:00;0
21.04.2020;13:00;0
21.04.2020;14:00;0
21.04.2020;15:00;0
21.04.2020;16:00;0
21.04.2020;17:00;0
21.04.2020;18:00;54
21.04.2020;19:00;92
21.04.2020;20:00;180
21.04.2020;21:00;114
21.04.2020;22:00;121
21.04.2020;23:00;66
22.04.2020;00:00;18
22.04.2020;01:00;0
22.04.2020;02:00;0
22.04.2020;03:00;0
22.04.2020;04:00;52
22.04.2020;05:00;51
22.04.2020;06:00;127
22.04.2020;07:00;84
22.04.2020;08:00;145
22.04.2020;09:00;103
22.04.2020;10:00;91
22.04.2020;11:00;3
22.04.2020;12:00;0
22.04.2020;13:00;0
22.04.2020;14:00;0
22.04.2020;15:00;0
22.04.2020;16:00;0
22.04.2020;17:00;0
22.04.2020;18:00;68
22.04.2020;19:00;184
22.04.2020;20:00;128
22.04.2020;21:00;71
22.04.2020;22:00;71
22.04.2020;23:00;0
23.04.2020;00:00;0
23.04.2020;01:00;0
23.04.2020;02:00;0
23.04.2020;03:00;0
23.04.2020;04:00;0
23.04.2020;05:00;0
23.04.2020;06:00;0
23.04.2020;07:00;0
23.04.2020;08:00;33
23.04.2020;09:00;36
23.04.2020;10:00;0
23.04.2020;11:00;0
23.04.2020;12:00;0
23.04.2020;13:00;0
23.04.2020;14:00;0
23.04.2020;15:00;34
23.04.2020;16:00;0
23.04.2020;17:00;0
23.04.2020;18:00;66
23.04.2020;19:00;147
23.04.2020;20:00;168
23.04.2020;21:00;184
23.04.2020;22:00;134
23.04.2020;23:00;147
24.04.2020;00:00;69
24.04.2020;01:00;0
24.04.2020;02:00;0
24.04.2020;03:00;0
24.04.2020;04:00;0
24.04.2020;05:00;0
24.04.2020;06:00;114
24.04.2020;07:00;163
24.04.2020;08:00;139
24.04.2020;09:00;39
24.04.2020;10:00;0
24.04.2020;11:00;0
24.04.2020;12:00;12
24.04.2020;13:00;2
24.04.2020;14:00;0
24.04.2020;15:00;0
24.04.2020;16:00;0
24.04.2020;17:00;0
24.04.2020;18:00;39
24.04.2020;19:00;4
24.04.2020;20:00;67
24.04.2020;21:00;42
24.04.2020;22:00;62
24.04.2020;23:00;13
25.04.2020;00:00;4
25.04.2020;01:00;0
25.04.2020;02:00;0
25.04.2020;03:00;40
25.04.2020;04:00;32
25.04.2020;05:00;29
25.04.2020;06:00;0
25.04.2020;07:00;0
25.04.2020;08:00;0
25.04.2020;09:00;0
25.04.2020;10:00;0
25.04.2020;11:00;0
25.04.2020;12:00;0
25.04.2020;13:00;0
25.04.2020;14:00;0
25.04.2020;15:00;0
25.04.2020;16:00;0
25.04.2020;17:00;51
25.04.2020;18:00;128
25.04.2020;19:00;166
25.04.2020;20:00;119
25.04.2020;21:00;63
25.04.2020;22:00;98
25.04.2020;23:00;73
26.04.2020;00:00;126
26.04.2020;01:00;37
26.04.2020;02:00;85
26.04.2020;03:00;158
26.04.2020;04:00;188
26.04.2020;05:00;161
26.04.2020;06:00;146
26.04.2020;07:00;85
26.04.2020;08:00;49
26.04.2020;09:00;0
26.04.2020;10:00;0
26.04.2020;11:00;0
26.04.2020;12:00;0
26.04.2020;13:00;0
26.04.2020;14:00;0
26.04.2020;15:00;0
26.04.2020;16:00;0
26.04.2020;17:00;0
26.04.2020;18:00;30
26.04.2020;19:00;136
26.04.2020;20:00;35
26.04.2020;21:00;56
26.04.2020;22:00;60
26.04.2020;23:00;0
27.04.2020;00:00;0
27.04.2020;01:00;0
27.04.2020;02:00;0
27.04.2020;03:00;0
27.04.2020;04:00;0
27.04.2020;05:00;0
27.04.2020;06:00;95
27.04.2020;07:00;45
27.04.2020;08:00;162
27.04.2020;09:00;268
27.04.2020;10:00;77
27.04.2020;11:00;78
27.04.2020;12:00;98
27.04.2020;13:00;59
27.04.2020;14:00;0
27.04.2020;15:00;0
27.04.2020;16:00;0
27.04.2020;17:00;34
27.04.2020;18:00;60
27.04.2020;19:00;177
27.04.2020;20:00;221
27.04.2020;21:00;168
27.04.2020;22:00;109
27.04.2020;23:00;82
28.04.2020;00:00;40
28.04.2020;01:00;0
28.04.2020;02:00;0
28.04.2020;03:00;0
28.04.2020;04:00;0
28.04.2020;05:00;0
28.04.2020;06:00;13
28.04.2020;07:00;149
28.04.2020;08:00;158
28.04.2020;09:00;116
28.04.2020;10:00;105
28.04.2020;11:00;105
28.04.2020;12:00;82
28.04.2020;13:00;67
28.04.2020;14:00;99
28.04.2020;15:00;103
28.04.2020;16:00;141
28.04.2020;17:00;133
28.04.2020;18:00;66
28.04.2020;19:00;160
28.04.2020;20:00;99
28.04.2020;21:00;53
28.04.2020;22:00;71
28.04.2020;23:00;57
29.04.2020;00:00;0
29.04.2020;01:00;0
29.04.2020;02:00;0
29.04.2020;03:00;0
29.04.2020;04:00;0
29.04.2020;05:00;0
29.04.2020;06:00;0
29.04.2020;07:00;193
29.04.2020;08:00;207
29.04.2020;09:00;225
29.04.2020;10:00;258
29.04.2020;11:00;386
29.04.2020;12:00;70
29.04.2020;13:00;0
29.04.2020;14:00;0
29.04.2020;15:00;0
29.04.2020;16:00;0
29.04.2020;17:00;0
29.04.2020;18:00;16
29.04.2020;19:00;46
29.04.2020;20:00;47
29.04.2020;21:00;9
29.04.2020;22:00;26
29.04.2020;23:00;0
30.04.2020;00:00;32
30.04.2020;01:00;0
30.04.2020;02:00;0
30.04.2020;03:00;0
30.04.2020;04:00;0
30.04.2020;05:00;0
30.04.2020;06:00;0
30.04.2020;07:00;0
30.04.2020;08:00;0
30.04.2020;09:00;0
30.04.2020;10:00;0
30.04.2020;11:00;0
30.04.2020;12:00;0
30.04.2020;13:00;0
30.04.2020;14:00;121
30.04.2020;15:00;1
30.04.2020;16:00;0
30.04.2020;17:00;69
30.04.2020;18:00;154
30.04.2020;19:00;176
30.04.2020;20:00;228
30.04.2020;21:00;172
30.04.2020;22:00;101
30.04.2020;23:00;89
