Datum;Uhrzeit;Generation_DE D[MW];Generation_DE B[MW];Generation_DE A[MW];Generation_DE C[MW];Generation_DE E[MW]
01.01.2020;00:00;-;-;-;-;0
01.01.2020;01:00;-;-;-;-;0
01.01.2020;02:00;-;-;-;-;0
01.01.2020;03:00;-;-;-;-;0
01.01.2020;04:00;-;-;-;-;0
01.01.2020;05:00;-;-;-;-;0
01.01.2020;06:00;-;-;-;-;0
01.01.2020;07:00;-;-;-;-;0
01.01.2020;08:00;-;-;-;-;0
01.01.2020;09:00;-;-;-;-;0
01.01.2020;10:00;-;-;-;-;0
01.01.2020;11:00;-;-;-;-;0
01.01.2020;12:00;-;-;-;-;0
01.01.2020;13:00;-;-;-;-;0
01.01.2020;14:00;-;-;-;-;0
01.01.2020;15:00;-;-;-;-;0
01.01.2020;16:00;-;-;-;-;0
01.01.2020;17:00;-;-;-;-;0
01.01.2020;18:00;-;-;-;-;0
01.01.2020;19:00;-;-;-;-;0
01.01.2020;20:00;-;-;-;-;0
01.01.2020;21:00;-;-;-;-;0
01.01.2020;22:00;-;-;-;-;0
01.01.2020;23:00;-;-;-;-;0
02.01.2020;00:00;-;-;-;-;0
02.01.2020;01:00;-;-;-;-;0
02.01.2020;02:00;-;-;-;-;0
02.01.2020;03:00;-;-;-;-;0
02.01.2020;04:00;-;-;-;-;0
02.01.2020;05:00;-;-;-;-;0
02.01.2020;06:00;-;-;-;-;0
02.01.2020;07:00;-;-;-;-;0
02.01.2020;08:00;-;-;-;-;0
02.01.2020;09:00;-;-;-;-;0
02.01.2020;10:00;-;-;-;-;0
02.01.2020;11:00;-;-;-;-;0
02.01.2020;12:00;-;-;-;-;0
02.01.2020;13:00;-;-;-;-;0
02.01.2020;14:00;-;-;-;-;0
02.01.2020;15:00;-;-;-;-;0
02.01.2020;16:00;-;-;-;-;0
02.01.2020;17:00;-;-;-;-;0
02.01.2020;18:00;-;-;-;-;0
02.01.2020;19:00;-;-;-;-;0
02.01.2020;20:00;-;-;-;-;0
02.01.2020;21:00;-;-;-;-;0
02.01.2020;22:00;-;-;-;-;0
02.01.2020;23:00;-;-;-;-;0
03.01.2020;00:00;-;-;-;-;0
03.01.2020;01:00;-;-;-;-;0
03.01.2020;02:00;-;-;-;-;0
03.01.2020;03:00;-;-;-;-;0
03.01.2020;04:00;-;-;-;-;0
03.01.2020;05:00;-;-;-;-;0
03.01.2020;06:00;-;-;-;-;0
03.01.2020;07:00;-;-;-;-;0
03.01.2020;08:00;-;-;-;-;0
03.01.2020;09:00;-;-;-;-;0
03.01.2020;10:00;-;-;-;-;0
03.01.2020;11:00;-;-;-;-;0
03.01.2020;12:00;-;-;-;-;0
03.01.2020;13:00;-;-;-;-;0
03.01.2020;14:00;-;-;-;-;0
03.01.2020;15:00;-;-;-;-;0
03.01.2020;16:00;-;-;-;-;0
03.01.2020;17:00;-;-;-;-;0
03.01.2020;18:00;-;-;-;-;0
03.01.2020;19:00;-;-;-;-;0
03.01.2020;20:00;-;-;-;-;0
03.01.2020;21:00;-;-;-;-;0
03.01.2020;22:00;-;-;-;-;0
03.01.2020;23:00;-;-;-;-;0
04.01.2020;00:00;-;-;-;-;0
04.01.2020;01:00;-;-;-;-;0
04.01.2020;02:00;-;-;-;-;0
04.01.2020;03:00;-;-;-;-;0
04.01.2020;04:00;-;-;-;-;0
04.01.2020;05:00;-;-;-;-;0
04.01.2020;06:00;-;-;-;-;0
04.01.2020;07:00;-;-;-;-;0
04.01.2020;08:00;-;-;-;-;0
04.01.2020;09:00;-;-;-;-;0
04.01.2020;10:00;-;-;-;-;0
04.01.2020;11:00;-;-;-;-;0
04.01.2020;12:00;-;-;-;-;0
04.01.2020;13:00;-;-;-;-;0
04.01.2020;14:00;-;-;-;-;0
04.01.2020;15:00;-;-;-;-;0
04.01.2020;16:00;-;-;-;-;0
04.01.2020;17:00;-;-;-;-;0
04.01.2020;18:00;-;-;-;-;0
04.01.2020;19:00;-;-;-;-;0
04.01.2020;20:00;-;-;-;-;0
04.01.2020;21:00;-;-;-;-;0
04.01.2020;22:00;-;-;-;-;0
04.01.2020;23:00;-;-;-;-;0
05.01.2020;00:00;-;-;-;-;0
05.01.2020;01:00;-;-;-;-;0
05.01.2020;02:00;-;-;-;-;0
05.01.2020;03:00;-;-;-;-;0
05.01.2020;04:00;-;-;-;-;0
05.01.2020;05:00;-;-;-;-;0
05.01.2020;06:00;-;-;-;-;0
05.01.2020;07:00;-;-;-;-;0
05.01.2020;08:00;-;-;-;-;0
05.01.2020;09:00;-;-;-;-;0
05.01.2020;10:00;-;-;-;-;0
05.01.2020;11:00;-;-;-;-;0
05.01.2020;12:00;-;-;-;-;0
05.01.2020;13:00;-;-;-;-;0
05.01.2020;14:00;-;-;-;-;0
05.01.2020;15:00;-;-;-;-;0
05.01.2020;16:00;-;-;-;-;0
05.01.2020;17:00;-;-;-;-;0
05.01.2020;18:00;-;-;-;-;0
05.01.2020;19:00;-;-;-;-;0
05.01.2020;20:00;-;-;-;-;0
05.01.2020;21:00;-;-;-;-;0
05.01.2020;22:00;-;-;-;-;0
05.01.2020;23:00;-;-;-;-;0
06.01.2020;00:00;-;-;-;-;0
06.01.2020;01:00;-;-;-;-;0
06.01.2020;02:00;-;-;-;-;0
06.01.2020;03:00;-;-;-;-;0
06.01.2020;04:00;-;-;-;-;0
06.01.2020;05:00;-;-;-;-;0
06.01.2020;06:00;-;-;-;-;0
06.01.2020;07:00;-;-;-;-;0
06.01.2020;08:00;-;-;-;-;0
06.01.2020;09:00;-;-;-;-;0
06.01.2020;10:00;-;-;-;-;0
06.01.2020;11:00;-;-;-;-;0
06.01.2020;12:00;-;-;-;-;0
06.01.2020;13:00;-;-;-;-;0
06.01.2020;14:00;-;-;-;-;0
06.01.2020;15:00;-;-;-;-;0
06.01.2020;16:00;-;-;-;-;0
06.01.2020;17:00;-;-;-;-;0
06.01.2020;18:00;-;-;-;-;0
06.01.2020;19:00;-;-;-;-;0
06.01.2020;20:00;-;-;-;-;0
06.01.2020;21:00;-;-;-;-;0
06.01.2020;22:00;-;-;-;-;0
06.01.2020;23:00;-;-;-;-;0
07.01.2020;00:00;-;-;-;-;0
07.01.2020;01:00;-;-;-;-;0
07.01.2020;02:00;-;-;-;-;0
07.01.2020;03:00;-;-;-;-;64
07.01.2020;04:00;-;-;-;-;233
07.01.2020;05:00;-;-;-;-;329
07.01.2020;06:00;-;-;-;-;369
07.01.2020;07:00;-;-;-;-;462
07.01.2020;08:00;-;-;-;-;643
07.01.2020;09:00;-;-;-;-;660
07.01.2020;10:00;-;-;-;-;762
07.01.2020;11:00;-;-;-;-;775
07.01.2020;12:00;-;-;-;-;730
07.01.2020;13:00;-;-;-;-;740
07.01.2020;14:00;-;-;-;-;771
07.01.2020;15:00;-;-;-;-;778
07.01.2020;16:00;-;-;-;-;778
07.01.2020;17:00;-;-;-;-;780
07.01.2020;18:00;-;-;-;-;673
07.01.2020;19:00;-;-;-;-;516
07.01.2020;20:00;-;-;-;-;313
07.01.2020;21:00;-;-;-;-;213
07.01.2020;22:00;-;-;-;-;212
07.01.2020;23:00;-;-;-;-;221
08.01.2020;00:00;-;-;-;-;218
08.01.2020;01:00;-;-;-;-;215
08.01.2020;02:00;-;-;-;-;215
08.01.2020;03:00;-;-;-;-;216
08.01.2020;04:00;-;-;-;-;218
08.01.2020;05:00;-;-;-;-;224
08.01.2020;06:00;-;-;-;-;241
08.01.2020;07:00;-;-;-;-;622
08.01.2020;08:00;-;-;-;-;752
08.01.2020;09:00;-;-;-;-;517
08.01.2020;10:00;-;-;-;-;692
08.01.2020;11:00;-;-;-;-;778
08.01.2020;12:00;-;-;-;-;777
08.01.2020;13:00;-;-;-;-;777
08.01.2020;14:00;-;-;-;-;775
08.01.2020;15:00;-;-;-;-;779
08.01.2020;16:00;-;-;-;-;777
08.01.2020;17:00;-;-;-;-;779
08.01.2020;18:00;-;-;-;-;776
08.01.2020;19:00;-;-;-;-;778
08.01.2020;20:00;-;-;-;-;780
08.01.2020;21:00;-;-;-;-;780
08.01.2020;22:00;-;-;-;-;716
08.01.2020;23:00;-;-;-;-;732
09.01.2020;00:00;-;-;-;-;686
09.01.2020;01:00;-;-;-;-;454
09.01.2020;02:00;-;-;-;-;350
09.01.2020;03:00;-;-;-;-;363
09.01.2020;04:00;-;-;-;-;362
09.01.2020;05:00;-;-;-;-;379
09.01.2020;06:00;-;-;-;-;636
09.01.2020;07:00;-;-;-;-;779
09.01.2020;08:00;-;-;-;-;774
09.01.2020;09:00;-;-;-;-;692
09.01.2020;10:00;-;-;-;-;631
09.01.2020;11:00;-;-;-;-;689
09.01.2020;12:00;-;-;-;-;374
09.01.2020;13:00;-;-;-;-;281
09.01.2020;14:00;-;-;-;-;216
09.01.2020;15:00;-;-;-;-;212
09.01.2020;16:00;-;-;-;-;321
09.01.2020;17:00;-;-;-;-;543
09.01.2020;18:00;-;-;-;-;750
09.01.2020;19:00;-;-;-;-;758
09.01.2020;20:00;-;-;-;-;369
09.01.2020;21:00;-;-;-;-;83
09.01.2020;22:00;-;-;-;-;0
09.01.2020;23:00;-;-;-;-;0
10.01.2020;00:00;-;-;-;-;0
10.01.2020;01:00;-;-;-;-;0
10.01.2020;02:00;-;-;-;-;0
10.01.2020;03:00;-;-;-;-;0
10.01.2020;04:00;-;-;-;-;0
10.01.2020;05:00;-;-;-;-;0
10.01.2020;06:00;-;-;-;-;0
10.01.2020;07:00;-;-;-;-;0
10.01.2020;08:00;-;-;-;-;0
10.01.2020;09:00;-;-;-;-;0
10.01.2020;10:00;-;-;-;-;0
10.01.2020;11:00;-;-;-;-;0
10.01.2020;12:00;-;-;-;-;0
10.01.2020;13:00;-;-;-;-;0
10.01.2020;14:00;-;-;-;-;0
10.01.2020;15:00;-;-;-;-;0
10.01.2020;16:00;-;-;-;-;0
10.01.2020;17:00;-;-;-;-;0
10.01.2020;18:00;-;-;-;-;0
10.01.2020;19:00;-;-;-;-;0
10.01.2020;20:00;-;-;-;-;0
10.01.2020;21:00;-;-;-;-;0
10.01.2020;22:00;-;-;-;-;0
10.01.2020;23:00;-;-;-;-;0
11.01.2020;00:00;-;-;-;-;0
11.01.2020;01:00;-;-;-;-;0
11.01.2020;02:00;-;-;-;-;0
11.01.2020;03:00;-;-;-;-;0
11.01.2020;04:00;-;-;-;-;0
11.01.2020;05:00;-;-;-;-;0
11.01.2020;06:00;-;-;-;-;0
11.01.2020;07:00;-;-;-;-;0
11.01.2020;08:00;-;-;-;-;0
11.01.2020;09:00;-;-;-;-;0
11.01.2020;10:00;-;-;-;-;0
11.01.2020;11:00;-;-;-;-;0
11.01.2020;12:00;-;-;-;-;0
11.01.2020;13:00;-;-;-;-;0
11.01.2020;14:00;-;-;-;-;0
11.01.2020;15:00;-;-;-;-;0
11.01.2020;16:00;-;-;-;-;0
11.01.2020;17:00;-;-;-;-;0
11.01.2020;18:00;-;-;-;-;0
11.01.2020;19:00;-;-;-;-;0
11.01.2020;20:00;-;-;-;-;0
11.01.2020;21:00;-;-;-;-;0
11.01.2020;22:00;-;-;-;-;0
11.01.2020;23:00;-;-;-;-;0
12.01.2020;00:00;-;-;-;-;0
12.01.2020;01:00;-;-;-;-;0
12.01.2020;02:00;-;-;-;-;0
12.01.2020;03:00;-;-;-;-;0
12.01.2020;04:00;-;-;-;-;0
12.01.2020;05:00;-;-;-;-;0
12.01.2020;06:00;-;-;-;-;0
12.01.2020;07:00;-;-;-;-;0
12.01.2020;08:00;-;-;-;-;0
12.01.2020;09:00;-;-;-;-;0
12.01.2020;10:00;-;-;-;-;0
12.01.2020;11:00;-;-;-;-;0
12.01.2020;12:00;-;-;-;-;0
12.01.2020;13:00;-;-;-;-;0
12.01.2020;14:00;-;-;-;-;0
12.01.2020;15:00;-;-;-;-;0
12.01.2020;16:00;-;-;-;-;0
12.01.2020;17:00;-;-;-;-;0
12.01.2020;18:00;-;-;-;-;0
12.01.2020;19:00;-;-;-;-;0
12.01.2020;20:00;-;-;-;-;0
12.01.2020;21:00;-;-;-;-;0
12.01.2020;22:00;-;-;-;-;0
12.01.2020;23:00;-;-;-;-;0
13.01.2020;00:00;-;-;-;-;0
13.01.2020;01:00;-;-;-;-;0
13.01.2020;02:00;-;-;-;-;0
13.01.2020;03:00;-;-;-;-;0
13.01.2020;04:00;-;-;-;-;0
13.01.2020;05:00;-;-;-;-;0
13.01.2020;06:00;-;-;-;-;0
13.01.2020;07:00;-;-;-;-;0
13.01.2020;08:00;-;-;-;-;0
13.01.2020;09:00;-;-;-;-;0
13.01.2020;10:00;-;-;-;-;0
13.01.2020;11:00;-;-;-;-;0
13.01.2020;12:00;-;-;-;-;0
13.01.2020;13:00;-;-;-;-;0
13.01.2020;14:00;-;-;-;-;0
13.01.2020;15:00;-;-;-;-;0
13.01.2020;16:00;-;-;-;-;0
13.01.2020;17:00;-;-;-;-;0
13.01.2020;18:00;-;-;-;-;0
13.01.2020;19:00;-;-;-;-;0
13.01.2020;20:00;-;-;-;-;0
13.01.2020;21:00;-;-;-;-;0
13.01.2020;22:00;-;-;-;-;0
13.01.2020;23:00;-;-;-;-;0
14.01.2020;00:00;-;-;-;-;0
14.01.2020;01:00;-;-;-;-;0
14.01.2020;02:00;-;-;-;-;0
14.01.2020;03:00;-;-;-;-;0
14.01.2020;04:00;-;-;-;-;0
14.01.2020;05:00;-;-;-;-;0
14.01.2020;06:00;-;-;-;-;0
14.01.2020;07:00;-;-;-;-;0
14.01.2020;08:00;-;-;-;-;0
14.01.2020;09:00;-;-;-;-;0
14.01.2020;10:00;-;-;-;-;0
14.01.2020;11:00;-;-;-;-;0
14.01.2020;12:00;-;-;-;-;0
14.01.2020;13:00;-;-;-;-;0
14.01.2020;14:00;-;-;-;-;0
14.01.2020;15:00;-;-;-;-;0
14.01.2020;16:00;-;-;-;-;0
14.01.2020;17:00;-;-;-;-;0
14.01.2020;18:00;-;-;-;-;0
14.01.2020;19:00;-;-;-;-;0
14.01.2020;20:00;-;-;-;-;0
14.01.2020;21:00;-;-;-;-;0
14.01.2020;22:00;-;-;-;-;0
14.01.2020;23:00;-;-;-;-;0
15.01.2020;00:00;-;-;-;-;0
15.01.2020;01:00;-;-;-;-;0
15.01.2020;02:00;-;-;-;-;0
15.01.2020;03:00;-;-;-;-;0
15.01.2020;04:00;-;-;-;-;0
15.01.2020;05:00;-;-;-;-;0
15.01.2020;06:00;-;-;-;-;0
15.01.2020;07:00;-;-;-;-;0
15.01.2020;08:00;-;-;-;-;0
15.01.2020;09:00;-;-;-;-;0
15.01.2020;10:00;-;-;-;-;0
15.01.2020;11:00;-;-;-;-;0
15.01.2020;12:00;-;-;-;-;0
15.01.2020;13:00;-;-;-;-;0
15.01.2020;14:00;-;-;-;-;0
15.01.2020;15:00;-;-;-;-;0
15.01.2020;16:00;-;-;-;-;0
15.01.2020;17:00;-;-;-;-;0
15.01.2020;18:00;-;-;-;-;0
15.01.2020;19:00;-;-;-;-;0
15.01.2020;20:00;-;-;-;-;0
15.01.2020;21:00;-;-;-;-;0
15.01.2020;22:00;-;-;-;-;0
15.01.2020;23:00;-;-;-;-;0
16.01.2020;00:00;-;-;-;-;0
16.01.2020;01:00;-;-;-;-;0
16.01.2020;02:00;-;-;-;-;0
16.01.2020;03:00;-;-;-;-;0
16.01.2020;04:00;-;-;-;-;0
16.01.2020;05:00;-;-;-;-;0
16.01.2020;06:00;-;-;-;-;0
16.01.2020;07:00;-;-;-;-;0
16.01.2020;08:00;-;-;-;-;0
16.01.2020;09:00;-;-;-;-;0
16.01.2020;10:00;-;-;-;-;0
16.01.2020;11:00;-;-;-;-;0
16.01.2020;12:00;-;-;-;-;0
16.01.2020;13:00;-;-;-;-;0
16.01.2020;14:00;-;-;-;-;0
16.01.2020;15:00;-;-;-;-;0
16.01.2020;16:00;-;-;-;-;0
16.01.2020;17:00;-;-;-;-;0
16.01.2020;18:00;-;-;-;-;0
16.01.2020;19:00;-;-;-;-;0
16.01.2020;20:00;-;-;-;-;0
16.01.2020;21:00;-;-;-;-;0
16.01.2020;22:00;-;-;-;-;0
16.01.2020;23:00;-;-;-;-;0
17.01.2020;00:00;-;-;-;-;0
17.01.2020;01:00;-;-;-;-;0
17.01.2020;02:00;-;-;-;-;0
17.01.2020;03:00;-;-;-;-;0
17.01.2020;04:00;-;-;-;-;0
17.01.2020;05:00;-;-;-;-;0
17.01.2020;06:00;-;-;-;-;0
17.01.2020;07:00;-;-;-;-;0
17.01.2020;08:00;-;-;-;-;0
17.01.2020;09:00;-;-;-;-;0
17.01.2020;10:00;-;-;-;-;0
17.01.2020;11:00;-;-;-;-;0
17.01.2020;12:00;-;-;-;-;0
17.01.2020;13:00;-;-;-;-;0
17.01.2020;14:00;-;-;-;-;0
17.01.2020;15:00;-;-;-;-;0
17.01.2020;16:00;-;-;-;-;0
17.01.2020;17:00;-;-;-;-;0
17.01.2020;18:00;-;-;-;-;0
17.01.2020;19:00;-;-;-;-;0
17.01.2020;20:00;-;-;-;-;0
17.01.2020;21:00;-;-;-;-;0
17.01.2020;22:00;-;-;-;-;0
17.01.2020;23:00;-;-;-;-;0
18.01.2020;00:00;-;-;-;-;0
18.01.2020;01:00;-;-;-;-;0
18.01.2020;02:00;-;-;-;-;0
18.01.2020;03:00;-;-;-;-;0
18.01.2020;04:00;-;-;-;-;0
18.01.2020;05:00;-;-;-;-;0
18.01.2020;06:00;-;-;-;-;0
18.01.2020;07:00;-;-;-;-;0
18.01.2020;08:00;-;-;-;-;0
18.01.2020;09:00;-;-;-;-;0
18.01.2020;10:00;-;-;-;-;0
18.01.2020;11:00;-;-;-;-;0
18.01.2020;12:00;-;-;-;-;0
18.01.2020;13:00;-;-;-;-;0
18.01.2020;14:00;-;-;-;-;0
18.01.2020;15:00;-;-;-;-;0
18.01.2020;16:00;-;-;-;-;0
18.01.2020;17:00;-;-;-;-;0
18.01.2020;18:00;-;-;-;-;0
18.01.2020;19:00;-;-;-;-;0
18.01.2020;20:00;-;-;-;-;0
18.01.2020;21:00;-;-;-;-;0
18.01.2020;22:00;-;-;-;-;0
18.01.2020;23:00;-;-;-;-;0
19.01.2020;00:00;-;-;-;-;0
19.01.2020;01:00;-;-;-;-;0
19.01.2020;02:00;-;-;-;-;0
19.01.2020;03:00;-;-;-;-;0
19.01.2020;04:00;-;-;-;-;0
19.01.2020;05:00;-;-;-;-;0
19.01.2020;06:00;-;-;-;-;0
19.01.2020;07:00;-;-;-;-;0
19.01.2020;08:00;-;-;-;-;0
19.01.2020;09:00;-;-;-;-;0
19.01.2020;10:00;-;-;-;-;0
19.01.2020;11:00;-;-;-;-;0
19.01.2020;12:00;-;-;-;-;0
19.01.2020;13:00;-;-;-;-;0
19.01.2020;14:00;-;-;-;-;0
19.01.2020;15:00;-;-;-;-;0
19.01.2020;16:00;-;-;-;-;0
19.01.2020;17:00;-;-;-;-;0
19.01.2020;18:00;-;-;-;-;0
19.01.2020;19:00;-;-;-;-;0
19.01.2020;20:00;-;-;-;-;0
19.01.2020;21:00;-;-;-;-;0
19.01.2020;22:00;-;-;-;-;0
19.01.2020;23:00;-;-;-;-;0
20.01.2020;00:00;-;-;-;-;0
20.01.2020;01:00;-;-;-;-;0
20.01.2020;02:00;-;-;-;-;0
20.01.2020;03:00;-;-;-;-;167
20.01.2020;04:00;-;-;-;-;246
20.01.2020;05:00;-;-;-;-;271
20.01.2020;06:00;-;-;-;-;358
20.01.2020;07:00;-;-;-;-;383
20.01.2020;08:00;-;-;-;-;380
20.01.2020;09:00;-;-;-;-;380
20.01.2020;10:00;-;-;-;-;381
20.01.2020;11:00;-;-;-;-;381
20.01.2020;12:00;-;-;-;-;378
20.01.2020;13:00;-;-;-;-;378
20.01.2020;14:00;-;-;-;-;474
20.01.2020;15:00;-;-;-;-;730
20.01.2020;16:00;-;-;-;-;771
20.01.2020;17:00;-;-;-;-;778
20.01.2020;18:00;-;-;-;-;779
20.01.2020;19:00;-;-;-;-;778
20.01.2020;20:00;-;-;-;-;779
20.01.2020;21:00;-;-;-;-;772
20.01.2020;22:00;-;-;-;-;777
20.01.2020;23:00;-;-;-;-;649
21.01.2020;00:00;-;-;-;-;404
21.01.2020;01:00;-;-;-;-;229
21.01.2020;02:00;-;-;-;-;210
21.01.2020;03:00;-;-;-;-;212
21.01.2020;04:00;-;-;-;-;215
21.01.2020;05:00;-;-;-;-;382
21.01.2020;06:00;-;-;-;-;661
21.01.2020;07:00;-;-;-;-;775
21.01.2020;08:00;-;-;-;-;774
21.01.2020;09:00;-;-;-;-;778
21.01.2020;10:00;-;-;-;-;777
21.01.2020;11:00;-;-;-;-;776
21.01.2020;12:00;-;-;-;-;779
21.01.2020;13:00;-;-;-;-;778
21.01.2020;14:00;-;-;-;-;777
21.01.2020;15:00;-;-;-;-;780
21.01.2020;16:00;-;-;-;-;778
21.01.2020;17:00;-;-;-;-;779
21.01.2020;18:00;-;-;-;-;779
21.01.2020;19:00;-;-;-;-;781
21.01.2020;20:00;-;-;-;-;778
21.01.2020;21:00;-;-;-;-;779
21.01.2020;22:00;-;-;-;-;778
21.01.2020;23:00;-;-;-;-;600
22.01.2020;00:00;-;-;-;-;338
22.01.2020;01:00;-;-;-;-;341
22.01.2020;02:00;-;-;-;-;343
22.01.2020;03:00;-;-;-;-;340
22.01.2020;04:00;-;-;-;-;467
22.01.2020;05:00;-;-;-;-;643
22.01.2020;06:00;-;-;-;-;776
22.01.2020;07:00;-;-;-;-;774
22.01.2020;08:00;-;-;-;-;777
22.01.2020;09:00;-;-;-;-;779
22.01.2020;10:00;-;-;-;-;780
22.01.2020;11:00;-;-;-;-;776
22.01.2020;12:00;-;-;-;-;779
22.01.2020;13:00;-;-;-;-;778
22.01.2020;14:00;-;-;-;-;779
22.01.2020;15:00;-;-;-;-;778
22.01.2020;16:00;-;-;-;-;778
22.01.2020;17:00;-;-;-;-;778
22.01.2020;18:00;-;-;-;-;779
22.01.2020;19:00;-;-;-;-;782
22.01.2020;20:00;-;-;-;-;782
22.01.2020;21:00;-;-;-;-;780
22.01.2020;22:00;-;-;-;-;779
22.01.2020;23:00;-;-;-;-;778
23.01.2020;00:00;-;-;-;-;783
23.01.2020;01:00;-;-;-;-;743
23.01.2020;02:00;-;-;-;-;777
23.01.2020;03:00;-;-;-;-;780
23.01.2020;04:00;-;-;-;-;778
23.01.2020;05:00;-;-;-;-;779
23.01.2020;06:00;-;-;-;-;778
23.01.2020;07:00;-;-;-;-;781
23.01.2020;08:00;-;-;-;-;778
23.01.2020;09:00;-;-;-;-;780
23.01.2020;10:00;-;-;-;-;778
23.01.2020;11:00;-;-;-;-;778
23.01.2020;12:00;-;-;-;-;781
23.01.2020;13:00;-;-;-;-;779
23.01.2020;14:00;-;-;-;-;782
23.01.2020;15:00;-;-;-;-;778
23.01.2020;16:00;-;-;-;-;779
23.01.2020;17:00;-;-;-;-;780
23.01.2020;18:00;-;-;-;-;779
23.01.2020;19:00;-;-;-;-;779
23.01.2020;20:00;-;-;-;-;781
23.01.2020;21:00;-;-;-;-;777
23.01.2020;22:00;-;-;-;-;778
23.01.2020;23:00;-;-;-;-;780
24.01.2020;00:00;-;-;-;-;778
24.01.2020;01:00;-;-;-;-;778
24.01.2020;02:00;-;-;-;-;771
24.01.2020;03:00;-;-;-;-;780
24.01.2020;04:00;-;-;-;-;774
24.01.2020;05:00;-;-;-;-;777
24.01.2020;06:00;-;-;-;-;779
24.01.2020;07:00;-;-;-;-;780
24.01.2020;08:00;-;-;-;-;781
24.01.2020;09:00;-;-;-;-;780
24.01.2020;10:00;-;-;-;-;779
24.01.2020;11:00;-;-;-;-;778
24.01.2020;12:00;-;-;-;-;777
24.01.2020;13:00;-;-;-;-;780
24.01.2020;14:00;-;-;-;-;778
24.01.2020;15:00;-;-;-;-;777
24.01.2020;16:00;-;-;-;-;779
24.01.2020;17:00;-;-;-;-;779
24.01.2020;18:00;-;-;-;-;779
24.01.2020;19:00;-;-;-;-;779
24.01.2020;20:00;-;-;-;-;779
24.01.2020;21:00;-;-;-;-;780
24.01.2020;22:00;-;-;-;-;778
24.01.2020;23:00;-;-;-;-;743
25.01.2020;00:00;-;-;-;-;764
25.01.2020;01:00;-;-;-;-;781
25.01.2020;02:00;-;-;-;-;779
25.01.2020;03:00;-;-;-;-;758
25.01.2020;04:00;-;-;-;-;680
25.01.2020;05:00;-;-;-;-;732
25.01.2020;06:00;-;-;-;-;739
25.01.2020;07:00;-;-;-;-;761
25.01.2020;08:00;-;-;-;-;783
25.01.2020;09:00;-;-;-;-;777
25.01.2020;10:00;-;-;-;-;780
25.01.2020;11:00;-;-;-;-;780
25.01.2020;12:00;-;-;-;-;777
25.01.2020;13:00;-;-;-;-;777
25.01.2020;14:00;-;-;-;-;781
25.01.2020;15:00;-;-;-;-;779
25.01.2020;16:00;-;-;-;-;778
25.01.2020;17:00;-;-;-;-;779
25.01.2020;18:00;-;-;-;-;779
25.01.2020;19:00;-;-;-;-;779
25.01.2020;20:00;-;-;-;-;779
25.01.2020;21:00;-;-;-;-;782
25.01.2020;22:00;-;-;-;-;781
25.01.2020;23:00;-;-;-;-;778
26.01.2020;00:00;-;-;-;-;452
26.01.2020;01:00;-;-;-;-;353
26.01.2020;02:00;-;-;-;-;269
26.01.2020;03:00;-;-;-;-;221
26.01.2020;04:00;-;-;-;-;216
26.01.2020;05:00;-;-;-;-;213
26.01.2020;06:00;-;-;-;-;214
26.01.2020;07:00;-;-;-;-;217
26.01.2020;08:00;-;-;-;-;356
26.01.2020;09:00;-;-;-;-;629
26.01.2020;10:00;-;-;-;-;786
26.01.2020;11:00;-;-;-;-;780
26.01.2020;12:00;-;-;-;-;674
26.01.2020;13:00;-;-;-;-;373
26.01.2020;14:00;-;-;-;-;342
26.01.2020;15:00;-;-;-;-;522
26.01.2020;16:00;-;-;-;-;760
26.01.2020;17:00;-;-;-;-;777
26.01.2020;18:00;-;-;-;-;778
26.01.2020;19:00;-;-;-;-;781
26.01.2020;20:00;-;-;-;-;661
26.01.2020;21:00;-;-;-;-;271
26.01.2020;22:00;-;-;-;-;207
26.01.2020;23:00;-;-;-;-;218
27.01.2020;00:00;-;-;-;-;214
27.01.2020;01:00;-;-;-;-;215
27.01.2020;02:00;-;-;-;-;216
27.01.2020;03:00;-;-;-;-;216
27.01.2020;04:00;-;-;-;-;217
27.01.2020;05:00;-;-;-;-;218
27.01.2020;06:00;-;-;-;-;385
27.01.2020;07:00;-;-;-;-;699
27.01.2020;08:00;-;-;-;-;779
27.01.2020;09:00;-;-;-;-;776
27.01.2020;10:00;-;-;-;-;777
27.01.2020;11:00;-;-;-;-;715
27.01.2020;12:00;-;-;-;-;644
27.01.2020;13:00;-;-;-;-;669
27.01.2020;14:00;-;-;-;-;766
27.01.2020;15:00;-;-;-;-;750
27.01.2020;16:00;-;-;-;-;772
27.01.2020;17:00;-;-;-;-;769
27.01.2020;18:00;-;-;-;-;780
27.01.2020;19:00;-;-;-;-;766
27.01.2020;20:00;-;-;-;-;697
27.01.2020;21:00;-;-;-;-;256
27.01.2020;22:00;-;-;-;-;0
27.01.2020;23:00;-;-;-;-;0
28.01.2020;00:00;-;-;-;-;0
28.01.2020;01:00;-;-;-;-;0
28.01.2020;02:00;-;-;-;-;0
28.01.2020;03:00;-;-;-;-;0
28.01.2020;04:00;-;-;-;-;0
28.01.2020;05:00;-;-;-;-;0
28.01.2020;06:00;-;-;-;-;0
28.01.2020;07:00;-;-;-;-;0
28.01.2020;08:00;-;-;-;-;0
28.01.2020;09:00;-;-;-;-;0
28.01.2020;10:00;-;-;-;-;0
28.01.2020;11:00;-;-;-;-;0
28.01.2020;12:00;-;-;-;-;0
28.01.2020;13:00;-;-;-;-;0
28.01.2020;14:00;-;-;-;-;0
28.01.2020;15:00;-;-;-;-;0
28.01.2020;16:00;-;-;-;-;0
28.01.2020;17:00;-;-;-;-;0
28.01.2020;18:00;-;-;-;-;0
28.01.2020;19:00;-;-;-;-;0
28.01.2020;20:00;-;-;-;-;0
28.01.2020;21:00;-;-;-;-;0
28.01.2020;22:00;-;-;-;-;0
28.01.2020;23:00;-;-;-;-;0
29.01.2020;00:00;-;-;-;-;0
29.01.2020;01:00;-;-;-;-;0
29.01.2020;02:00;-;-;-;-;0
29.01.2020;03:00;-;-;-;-;0
29.01.2020;04:00;-;-;-;-;0
29.01.2020;05:00;-;-;-;-;0
29.01.2020;06:00;-;-;-;-;0
29.01.2020;07:00;-;-;-;-;0
29.01.2020;08:00;-;-;-;-;0
29.01.2020;09:00;-;-;-;-;0
29.01.2020;10:00;-;-;-;-;0
29.01.2020;11:00;-;-;-;-;0
29.01.2020;12:00;-;-;-;-;0
29.01.2020;13:00;-;-;-;-;0
29.01.2020;14:00;-;-;-;-;0
29.01.2020;15:00;-;-;-;-;0
29.01.2020;16:00;-;-;-;-;0
29.01.2020;17:00;-;-;-;-;0
29.01.2020;18:00;-;-;-;-;0
29.01.2020;19:00;-;-;-;-;0
29.01.2020;20:00;-;-;-;-;0
29.01.2020;21:00;-;-;-;-;0
29.01.2020;22:00;-;-;-;-;0
29.01.2020;23:00;-;-;-;-;0
30.01.2020;00:00;-;-;-;-;0
30.01.2020;01:00;-;-;-;-;0
30.01.2020;02:00;-;-;-;-;0
30.01.2020;03:00;-;-;-;-;0
30.01.2020;04:00;-;-;-;-;0
30.01.2020;05:00;-;-;-;-;0
30.01.2020;06:00;-;-;-;-;0
30.01.2020;07:00;-;-;-;-;0
30.01.2020;08:00;-;-;-;-;0
30.01.2020;09:00;-;-;-;-;0
30.01.2020;10:00;-;-;-;-;0
30.01.2020;11:00;-;-;-;-;0
30.01.2020;12:00;-;-;-;-;0
30.01.2020;13:00;-;-;-;-;0
30.01.2020;14:00;-;-;-;-;0
30.01.2020;15:00;-;-;-;-;0
30.01.2020;16:00;-;-;-;-;0
30.01.2020;17:00;-;-;-;-;0
30.01.2020;18:00;-;-;-;-;0
30.01.2020;19:00;-;-;-;-;0
30.01.2020;20:00;-;-;-;-;0
30.01.2020;21:00;-;-;-;-;0
30.01.2020;22:00;-;-;-;-;0
30.01.2020;23:00;-;-;-;-;0
31.01.2020;00:00;-;-;-;-;0
31.01.2020;01:00;-;-;-;-;0
31.01.2020;02:00;-;-;-;-;0
31.01.2020;03:00;-;-;-;-;0
31.01.2020;04:00;-;-;-;-;0
31.01.2020;05:00;-;-;-;-;0
31.01.2020;06:00;-;-;-;-;0
31.01.2020;07:00;-;-;-;-;0
31.01.2020;08:00;-;-;-;-;0
31.01.2020;09:00;-;-;-;-;0
31.01.2020;10:00;-;-;-;-;0
31.01.2020;11:00;-;-;-;-;0
31.01.2020;12:00;-;-;-;-;0
31.01.2020;13:00;-;-;-;-;0
31.01.2020;14:00;-;-;-;-;0
31.01.2020;15:00;-;-;-;-;0
31.01.2020;16:00;-;-;-;-;0
31.01.2020;17:00;-;-;-;-;0
31.01.2020;18:00;-;-;-;-;0
31.01.2020;19:00;-;-;-;-;0
31.01.2020;20:00;-;-;-;-;0
31.01.2020;21:00;-;-;-;-;0
31.01.2020;22:00;-;-;-;-;0
31.01.2020;23:00;-;-;-;-;0
01.02.2020;00:00;-;-;-;-;0
01.02.2020;01:00;-;-;-;-;0
01.02.2020;02:00;-;-;-;-;0
01.02.2020;03:00;-;-;-;-;0
01.02.2020;04:00;-;-;-;-;0
01.02.2020;05:00;-;-;-;-;0
01.02.2020;06:00;-;-;-;-;0
01.02.2020;07:00;-;-;-;-;0
01.02.2020;08:00;-;-;-;-;0
01.02.2020;09:00;-;-;-;-;0
01.02.2020;10:00;-;-;-;-;0
01.02.2020;11:00;-;-;-;-;0
01.02.2020;12:00;-;-;-;-;0
01.02.2020;13:00;-;-;-;-;0
01.02.2020;14:00;-;-;-;-;0
01.02.2020;15:00;-;-;-;-;0
01.02.2020;16:00;-;-;-;-;0
01.02.2020;17:00;-;-;-;-;0
01.02.2020;18:00;-;-;-;-;0
01.02.2020;19:00;-;-;-;-;0
01.02.2020;20:00;-;-;-;-;0
01.02.2020;21:00;-;-;-;-;0
01.02.2020;22:00;-;-;-;-;0
01.02.2020;23:00;-;-;-;-;0
02.02.2020;00:00;-;-;-;-;0
02.02.2020;01:00;-;-;-;-;0
02.02.2020;02:00;-;-;-;-;0
02.02.2020;03:00;-;-;-;-;0
02.02.2020;04:00;-;-;-;-;0
02.02.2020;05:00;-;-;-;-;0
02.02.2020;06:00;-;-;-;-;0
02.02.2020;07:00;-;-;-;-;0
02.02.2020;08:00;-;-;-;-;0
02.02.2020;09:00;-;-;-;-;0
02.02.2020;10:00;-;-;-;-;0
02.02.2020;11:00;-;-;-;-;0
02.02.2020;12:00;-;-;-;-;0
02.02.2020;13:00;-;-;-;-;0
02.02.2020;14:00;-;-;-;-;0
02.02.2020;15:00;-;-;-;-;0
02.02.2020;16:00;-;-;-;-;0
02.02.2020;17:00;-;-;-;-;0
02.02.2020;18:00;-;-;-;-;0
02.02.2020;19:00;-;-;-;-;0
02.02.2020;20:00;-;-;-;-;0
02.02.2020;21:00;-;-;-;-;0
02.02.2020;22:00;-;-;-;-;0
02.02.2020;23:00;-;-;-;-;0
03.02.2020;00:00;-;-;-;-;0
03.02.2020;01:00;-;-;-;-;0
03.02.2020;02:00;-;-;-;-;0
03.02.2020;03:00;-;-;-;-;0
03.02.2020;04:00;-;-;-;-;0
03.02.2020;05:00;-;-;-;-;0
03.02.2020;06:00;-;-;-;-;0
03.02.2020;07:00;-;-;-;-;0
03.02.2020;08:00;-;-;-;-;0
03.02.2020;09:00;-;-;-;-;0
03.02.2020;10:00;-;-;-;-;0
03.02.2020;11:00;-;-;-;-;0
03.02.2020;12:00;-;-;-;-;0
03.02.2020;13:00;-;-;-;-;0
03.02.2020;14:00;-;-;-;-;0
03.02.2020;15:00;-;-;-;-;0
03.02.2020;16:00;-;-;-;-;0
03.02.2020;17:00;-;-;-;-;0
03.02.2020;18:00;-;-;-;-;0
03.02.2020;19:00;-;-;-;-;0
03.02.2020;20:00;-;-;-;-;0
03.02.2020;21:00;-;-;-;-;0
03.02.2020;22:00;-;-;-;-;0
03.02.2020;23:00;-;-;-;-;0
04.02.2020;00:00;-;-;-;-;0
04.02.2020;01:00;-;-;-;-;0
04.02.2020;02:00;-;-;-;-;0
04.02.2020;03:00;-;-;-;-;0
04.02.2020;04:00;-;-;-;-;0
04.02.2020;05:00;-;-;-;-;0
04.02.2020;06:00;-;-;-;-;0
04.02.2020;07:00;-;-;-;-;0
04.02.2020;08:00;-;-;-;-;0
04.02.2020;09:00;-;-;-;-;0
04.02.2020;10:00;-;-;-;-;0
04.02.2020;11:00;-;-;-;-;0
04.02.2020;12:00;-;-;-;-;0
04.02.2020;13:00;-;-;-;-;0
04.02.2020;14:00;-;-;-;-;0
04.02.2020;15:00;-;-;-;-;0
04.02.2020;16:00;-;-;-;-;0
04.02.2020;17:00;-;-;-;-;0
04.02.2020;18:00;-;-;-;-;0
04.02.2020;19:00;-;-;-;-;0
04.02.2020;20:00;-;-;-;-;0
04.02.2020;21:00;-;-;-;-;0
04.02.2020;22:00;-;-;-;-;0
04.02.2020;23:00;-;-;-;-;0
05.02.2020;00:00;-;-;-;-;0
05.02.2020;01:00;-;-;-;-;0
05.02.2020;02:00;-;-;-;-;0
05.02.2020;03:00;-;-;-;-;133
05.02.2020;04:00;-;-;-;-;255
05.02.2020;05:00;-;-;-;-;208
05.02.2020;06:00;-;-;-;-;265
05.02.2020;07:00;-;-;-;-;347
05.02.2020;08:00;-;-;-;-;467
05.02.2020;09:00;-;-;-;-;539
05.02.2020;10:00;-;-;-;-;552
05.02.2020;11:00;-;-;-;-;553
05.02.2020;12:00;-;-;-;-;551
05.02.2020;13:00;-;-;-;-;508
05.02.2020;14:00;-;-;-;-;375
05.02.2020;15:00;-;-;-;-;417
05.02.2020;16:00;-;-;-;-;712
05.02.2020;17:00;-;-;-;-;774
05.02.2020;18:00;-;-;-;-;776
05.02.2020;19:00;-;-;-;-;777
05.02.2020;20:00;-;-;-;-;769
05.02.2020;21:00;-;-;-;-;468
05.02.2020;22:00;-;-;-;-;241
05.02.2020;23:00;-;-;-;-;210
06.02.2020;00:00;-;-;-;-;213
06.02.2020;01:00;-;-;-;-;215
06.02.2020;02:00;-;-;-;-;214
06.02.2020;03:00;-;-;-;-;215
06.02.2020;04:00;-;-;-;-;216
06.02.2020;05:00;-;-;-;-;215
06.02.2020;06:00;-;-;-;-;301
06.02.2020;07:00;-;-;-;-;659
06.02.2020;08:00;-;-;-;-;775
06.02.2020;09:00;-;-;-;-;777
06.02.2020;10:00;-;-;-;-;779
06.02.2020;11:00;-;-;-;-;779
06.02.2020;12:00;-;-;-;-;772
06.02.2020;13:00;-;-;-;-;770
06.02.2020;14:00;-;-;-;-;538
06.02.2020;15:00;-;-;-;-;676
06.02.2020;16:00;-;-;-;-;775
06.02.2020;17:00;-;-;-;-;780
06.02.2020;18:00;-;-;-;-;778
06.02.2020;19:00;-;-;-;-;779
06.02.2020;20:00;-;-;-;-;779
06.02.2020;21:00;-;-;-;-;780
06.02.2020;22:00;-;-;-;-;778
06.02.2020;23:00;-;-;-;-;594
07.02.2020;00:00;-;-;-;-;269
07.02.2020;01:00;-;-;-;-;208
07.02.2020;02:00;-;-;-;-;214
07.02.2020;03:00;-;-;-;-;216
07.02.2020;04:00;-;-;-;-;331
07.02.2020;05:00;-;-;-;-;689
07.02.2020;06:00;-;-;-;-;781
07.02.2020;07:00;-;-;-;-;780
07.02.2020;08:00;-;-;-;-;781
07.02.2020;09:00;-;-;-;-;780
07.02.2020;10:00;-;-;-;-;779
07.02.2020;11:00;-;-;-;-;775
07.02.2020;12:00;-;-;-;-;779
07.02.2020;13:00;-;-;-;-;777
07.02.2020;14:00;-;-;-;-;687
07.02.2020;15:00;-;-;-;-;548
07.02.2020;16:00;-;-;-;-;705
07.02.2020;17:00;-;-;-;-;780
07.02.2020;18:00;-;-;-;-;747
07.02.2020;19:00;-;-;-;-;515
07.02.2020;20:00;-;-;-;-;252
07.02.2020;21:00;-;-;-;-;0
07.02.2020;22:00;-;-;-;-;0
07.02.2020;23:00;-;-;-;-;0
08.02.2020;00:00;-;-;-;-;0
08.02.2020;01:00;-;-;-;-;0
08.02.2020;02:00;-;-;-;-;0
08.02.2020;03:00;-;-;-;-;0
08.02.2020;04:00;-;-;-;-;0
08.02.2020;05:00;-;-;-;-;0
08.02.2020;06:00;-;-;-;-;0
08.02.2020;07:00;-;-;-;-;0
08.02.2020;08:00;-;-;-;-;0
08.02.2020;09:00;-;-;-;-;0
08.02.2020;10:00;-;-;-;-;0
08.02.2020;11:00;-;-;-;-;0
08.02.2020;12:00;-;-;-;-;0
08.02.2020;13:00;-;-;-;-;0
08.02.2020;14:00;-;-;-;-;0
08.02.2020;15:00;-;-;-;-;0
08.02.2020;16:00;-;-;-;-;0
08.02.2020;17:00;-;-;-;-;0
08.02.2020;18:00;-;-;-;-;0
08.02.2020;19:00;-;-;-;-;0
08.02.2020;20:00;-;-;-;-;0
08.02.2020;21:00;-;-;-;-;0
08.02.2020;22:00;-;-;-;-;0
08.02.2020;23:00;-;-;-;-;0
09.02.2020;00:00;-;-;-;-;0
09.02.2020;01:00;-;-;-;-;0
09.02.2020;02:00;-;-;-;-;0
09.02.2020;03:00;-;-;-;-;0
09.02.2020;04:00;-;-;-;-;0
09.02.2020;05:00;-;-;-;-;0
09.02.2020;06:00;-;-;-;-;0
09.02.2020;07:00;-;-;-;-;0
09.02.2020;08:00;-;-;-;-;0
09.02.2020;09:00;-;-;-;-;0
09.02.2020;10:00;-;-;-;-;0
09.02.2020;11:00;-;-;-;-;0
09.02.2020;12:00;-;-;-;-;0
09.02.2020;13:00;-;-;-;-;0
09.02.2020;14:00;-;-;-;-;0
09.02.2020;15:00;-;-;-;-;0
09.02.2020;16:00;-;-;-;-;0
09.02.2020;17:00;-;-;-;-;0
09.02.2020;18:00;-;-;-;-;0
09.02.2020;19:00;-;-;-;-;0
09.02.2020;20:00;-;-;-;-;0
09.02.2020;21:00;-;-;-;-;0
09.02.2020;22:00;-;-;-;-;0
09.02.2020;23:00;-;-;-;-;0
10.02.2020;00:00;-;-;-;-;0
10.02.2020;01:00;-;-;-;-;0
10.02.2020;02:00;-;-;-;-;0
10.02.2020;03:00;-;-;-;-;0
10.02.2020;04:00;-;-;-;-;0
10.02.2020;05:00;-;-;-;-;0
10.02.2020;06:00;-;-;-;-;0
10.02.2020;07:00;-;-;-;-;0
10.02.2020;08:00;-;-;-;-;0
10.02.2020;09:00;-;-;-;-;0
10.02.2020;10:00;-;-;-;-;0
10.02.2020;11:00;-;-;-;-;0
10.02.2020;12:00;-;-;-;-;0
10.02.2020;13:00;-;-;-;-;0
10.02.2020;14:00;-;-;-;-;0
10.02.2020;15:00;-;-;-;-;0
10.02.2020;16:00;-;-;-;-;0
10.02.2020;17:00;-;-;-;-;0
10.02.2020;18:00;-;-;-;-;0
10.02.2020;19:00;-;-;-;-;0
10.02.2020;20:00;-;-;-;-;0
10.02.2020;21:00;-;-;-;-;0
10.02.2020;22:00;-;-;-;-;0
10.02.2020;23:00;-;-;-;-;0
11.02.2020;00:00;-;-;-;-;0
11.02.2020;01:00;-;-;-;-;0
11.02.2020;02:00;-;-;-;-;0
11.02.2020;03:00;-;-;-;-;0
11.02.2020;04:00;-;-;-;-;0
11.02.2020;05:00;-;-;-;-;0
11.02.2020;06:00;-;-;-;-;0
11.02.2020;07:00;-;-;-;-;0
11.02.2020;08:00;-;-;-;-;0
11.02.2020;09:00;-;-;-;-;0
11.02.2020;10:00;-;-;-;-;0
11.02.2020;11:00;-;-;-;-;0
11.02.2020;12:00;-;-;-;-;0
11.02.2020;13:00;-;-;-;-;0
11.02.2020;14:00;-;-;-;-;0
11.02.2020;15:00;-;-;-;-;0
11.02.2020;16:00;-;-;-;-;0
11.02.2020;17:00;-;-;-;-;0
11.02.2020;18:00;-;-;-;-;0
11.02.2020;19:00;-;-;-;-;0
11.02.2020;20:00;-;-;-;-;0
11.02.2020;21:00;-;-;-;-;0
11.02.2020;22:00;-;-;-;-;0
11.02.2020;23:00;-;-;-;-;0
12.02.2020;00:00;-;-;-;-;0
12.02.2020;01:00;-;-;-;-;0
12.02.2020;02:00;-;-;-;-;0
12.02.2020;03:00;-;-;-;-;0
12.02.2020;04:00;-;-;-;-;0
12.02.2020;05:00;-;-;-;-;0
12.02.2020;06:00;-;-;-;-;0
12.02.2020;07:00;-;-;-;-;0
12.02.2020;08:00;-;-;-;-;0
12.02.2020;09:00;-;-;-;-;0
12.02.2020;10:00;-;-;-;-;0
12.02.2020;11:00;-;-;-;-;0
12.02.2020;12:00;-;-;-;-;0
12.02.2020;13:00;-;-;-;-;0
12.02.2020;14:00;-;-;-;-;0
12.02.2020;15:00;-;-;-;-;0
12.02.2020;16:00;-;-;-;-;0
12.02.2020;17:00;-;-;-;-;0
12.02.2020;18:00;-;-;-;-;0
12.02.2020;19:00;-;-;-;-;0
12.02.2020;20:00;-;-;-;-;0
12.02.2020;21:00;-;-;-;-;0
12.02.2020;22:00;-;-;-;-;0
12.02.2020;23:00;-;-;-;-;0
13.02.2020;00:00;-;-;-;-;0
13.02.2020;01:00;-;-;-;-;0
13.02.2020;02:00;-;-;-;-;0
13.02.2020;03:00;-;-;-;-;0
13.02.2020;04:00;-;-;-;-;0
13.02.2020;05:00;-;-;-;-;0
13.02.2020;06:00;-;-;-;-;0
13.02.2020;07:00;-;-;-;-;0
13.02.2020;08:00;-;-;-;-;0
13.02.2020;09:00;-;-;-;-;0
13.02.2020;10:00;-;-;-;-;0
13.02.2020;11:00;-;-;-;-;0
13.02.2020;12:00;-;-;-;-;0
13.02.2020;13:00;-;-;-;-;0
13.02.2020;14:00;-;-;-;-;0
13.02.2020;15:00;-;-;-;-;0
13.02.2020;16:00;-;-;-;-;0
13.02.2020;17:00;-;-;-;-;0
13.02.2020;18:00;-;-;-;-;0
13.02.2020;19:00;-;-;-;-;0
13.02.2020;20:00;-;-;-;-;0
13.02.2020;21:00;-;-;-;-;0
13.02.2020;22:00;-;-;-;-;0
13.02.2020;23:00;-;-;-;-;0
14.02.2020;00:00;-;-;-;-;0
14.02.2020;01:00;-;-;-;-;0
14.02.2020;02:00;-;-;-;-;0
14.02.2020;03:00;-;-;-;-;0
14.02.2020;04:00;-;-;-;-;0
14.02.2020;05:00;-;-;-;-;0
14.02.2020;06:00;-;-;-;-;0
14.02.2020;07:00;-;-;-;-;0
14.02.2020;08:00;-;-;-;-;0
14.02.2020;09:00;-;-;-;-;0
14.02.2020;10:00;-;-;-;-;0
14.02.2020;11:00;-;-;-;-;0
14.02.2020;12:00;-;-;-;-;0
14.02.2020;13:00;-;-;-;-;0
14.02.2020;14:00;-;-;-;-;0
14.02.2020;15:00;-;-;-;-;0
14.02.2020;16:00;-;-;-;-;0
14.02.2020;17:00;-;-;-;-;0
14.02.2020;18:00;-;-;-;-;0
14.02.2020;19:00;-;-;-;-;0
14.02.2020;20:00;-;-;-;-;0
14.02.2020;21:00;-;-;-;-;0
14.02.2020;22:00;-;-;-;-;0
14.02.2020;23:00;-;-;-;-;0
15.02.2020;00:00;-;-;-;-;0
15.02.2020;01:00;-;-;-;-;0
15.02.2020;02:00;-;-;-;-;0
15.02.2020;03:00;-;-;-;-;0
15.02.2020;04:00;-;-;-;-;0
15.02.2020;05:00;-;-;-;-;0
15.02.2020;06:00;-;-;-;-;0
15.02.2020;07:00;-;-;-;-;0
15.02.2020;08:00;-;-;-;-;0
15.02.2020;09:00;-;-;-;-;0
15.02.2020;10:00;-;-;-;-;0
15.02.2020;11:00;-;-;-;-;0
15.02.2020;12:00;-;-;-;-;0
15.02.2020;13:00;-;-;-;-;0
15.02.2020;14:00;-;-;-;-;0
15.02.2020;15:00;-;-;-;-;0
15.02.2020;16:00;-;-;-;-;0
15.02.2020;17:00;-;-;-;-;0
15.02.2020;18:00;-;-;-;-;0
15.02.2020;19:00;-;-;-;-;0
15.02.2020;20:00;-;-;-;-;0
15.02.2020;21:00;-;-;-;-;0
15.02.2020;22:00;-;-;-;-;0
15.02.2020;23:00;-;-;-;-;0
16.02.2020;00:00;-;-;-;-;0
16.02.2020;01:00;-;-;-;-;0
16.02.2020;02:00;-;-;-;-;0
16.02.2020;03:00;-;-;-;-;0
16.02.2020;04:00;-;-;-;-;0
16.02.2020;05:00;-;-;-;-;0
16.02.2020;06:00;-;-;-;-;0
16.02.2020;07:00;-;-;-;-;0
16.02.2020;08:00;-;-;-;-;0
16.02.2020;09:00;-;-;-;-;0
16.02.2020;10:00;-;-;-;-;0
16.02.2020;11:00;-;-;-;-;0
16.02.2020;12:00;-;-;-;-;0
16.02.2020;13:00;-;-;-;-;0
16.02.2020;14:00;-;-;-;-;0
16.02.2020;15:00;-;-;-;-;0
16.02.2020;16:00;-;-;-;-;0
16.02.2020;17:00;-;-;-;-;0
16.02.2020;18:00;-;-;-;-;0
16.02.2020;19:00;-;-;-;-;0
16.02.2020;20:00;-;-;-;-;0
16.02.2020;21:00;-;-;-;-;0
16.02.2020;22:00;-;-;-;-;0
16.02.2020;23:00;-;-;-;-;0
17.02.2020;00:00;-;-;-;-;0
17.02.2020;01:00;-;-;-;-;0
17.02.2020;02:00;-;-;-;-;0
17.02.2020;03:00;-;-;-;-;0
17.02.2020;04:00;-;-;-;-;0
17.02.2020;05:00;-;-;-;-;0
17.02.2020;06:00;-;-;-;-;0
17.02.2020;07:00;-;-;-;-;3
17.02.2020;08:00;-;-;-;-;204
17.02.2020;09:00;-;-;-;-;300
17.02.2020;10:00;-;-;-;-;337
17.02.2020;11:00;-;-;-;-;248
17.02.2020;12:00;-;-;-;-;219
17.02.2020;13:00;-;-;-;-;220
17.02.2020;14:00;-;-;-;-;219
17.02.2020;15:00;-;-;-;-;221
17.02.2020;16:00;-;-;-;-;220
17.02.2020;17:00;-;-;-;-;220
17.02.2020;18:00;-;-;-;-;215
17.02.2020;19:00;-;-;-;-;218
17.02.2020;20:00;-;-;-;-;215
17.02.2020;21:00;-;-;-;-;213
17.02.2020;22:00;-;-;-;-;218
17.02.2020;23:00;-;-;-;-;187
18.02.2020;00:00;-;-;-;-;0
18.02.2020;01:00;-;-;-;-;0
18.02.2020;02:00;-;-;-;-;0
18.02.2020;03:00;-;-;-;-;0
18.02.2020;04:00;-;-;-;-;0
18.02.2020;05:00;-;-;-;-;0
18.02.2020;06:00;-;-;-;-;0
18.02.2020;07:00;-;-;-;-;0
18.02.2020;08:00;-;-;-;-;0
18.02.2020;09:00;-;-;-;-;0
18.02.2020;10:00;-;-;-;-;0
18.02.2020;11:00;-;-;-;-;0
18.02.2020;12:00;-;-;-;-;0
18.02.2020;13:00;-;-;-;-;0
18.02.2020;14:00;-;-;-;-;0
18.02.2020;15:00;-;-;-;-;0
18.02.2020;16:00;-;-;-;-;0
18.02.2020;17:00;-;-;-;-;0
18.02.2020;18:00;-;-;-;-;0
18.02.2020;19:00;-;-;-;-;0
18.02.2020;20:00;-;-;-;-;0
18.02.2020;21:00;-;-;-;-;0
18.02.2020;22:00;-;-;-;-;0
18.02.2020;23:00;-;-;-;-;0
19.02.2020;00:00;-;-;-;-;0
19.02.2020;01:00;-;-;-;-;0
19.02.2020;02:00;-;-;-;-;0
19.02.2020;03:00;-;-;-;-;0
19.02.2020;04:00;-;-;-;-;0
19.02.2020;05:00;-;-;-;-;0
19.02.2020;06:00;-;-;-;-;0
19.02.2020;07:00;-;-;-;-;0
19.02.2020;08:00;-;-;-;-;0
19.02.2020;09:00;-;-;-;-;0
19.02.2020;10:00;-;-;-;-;0
19.02.2020;11:00;-;-;-;-;0
19.02.2020;12:00;-;-;-;-;0
19.02.2020;13:00;-;-;-;-;0
19.02.2020;14:00;-;-;-;-;0
19.02.2020;15:00;-;-;-;-;0
19.02.2020;16:00;-;-;-;-;0
19.02.2020;17:00;-;-;-;-;0
19.02.2020;18:00;-;-;-;-;0
19.02.2020;19:00;-;-;-;-;0
19.02.2020;20:00;-;-;-;-;0
19.02.2020;21:00;-;-;-;-;0
19.02.2020;22:00;-;-;-;-;0
19.02.2020;23:00;-;-;-;-;0
20.02.2020;00:00;-;-;-;-;0
20.02.2020;01:00;-;-;-;-;0
20.02.2020;02:00;-;-;-;-;0
20.02.2020;03:00;-;-;-;-;0
20.02.2020;04:00;-;-;-;-;0
20.02.2020;05:00;-;-;-;-;0
20.02.2020;06:00;-;-;-;-;0
20.02.2020;07:00;-;-;-;-;0
20.02.2020;08:00;-;-;-;-;0
20.02.2020;09:00;-;-;-;-;0
20.02.2020;10:00;-;-;-;-;0
20.02.2020;11:00;-;-;-;-;0
20.02.2020;12:00;-;-;-;-;0
20.02.2020;13:00;-;-;-;-;0
20.02.2020;14:00;-;-;-;-;0
20.02.2020;15:00;-;-;-;-;0
20.02.2020;16:00;-;-;-;-;0
20.02.2020;17:00;-;-;-;-;0
20.02.2020;18:00;-;-;-;-;0
20.02.2020;19:00;-;-;-;-;0
20.02.2020;20:00;-;-;-;-;0
20.02.2020;21:00;-;-;-;-;0
20.02.2020;22:00;-;-;-;-;0
20.02.2020;23:00;-;-;-;-;0
21.02.2020;00:00;-;-;-;-;0
21.02.2020;01:00;-;-;-;-;0
21.02.2020;02:00;-;-;-;-;0
21.02.2020;03:00;-;-;-;-;0
21.02.2020;04:00;-;-;-;-;0
21.02.2020;05:00;-;-;-;-;0
21.02.2020;06:00;-;-;-;-;0
21.02.2020;07:00;-;-;-;-;0
21.02.2020;08:00;-;-;-;-;0
21.02.2020;09:00;-;-;-;-;0
21.02.2020;10:00;-;-;-;-;0
21.02.2020;11:00;-;-;-;-;0
21.02.2020;12:00;-;-;-;-;0
21.02.2020;13:00;-;-;-;-;0
21.02.2020;14:00;-;-;-;-;0
21.02.2020;15:00;-;-;-;-;0
21.02.2020;16:00;-;-;-;-;0
21.02.2020;17:00;-;-;-;-;0
21.02.2020;18:00;-;-;-;-;0
21.02.2020;19:00;-;-;-;-;0
21.02.2020;20:00;-;-;-;-;0
21.02.2020;21:00;-;-;-;-;0
21.02.2020;22:00;-;-;-;-;0
21.02.2020;23:00;-;-;-;-;0
22.02.2020;00:00;-;-;-;-;0
22.02.2020;01:00;-;-;-;-;0
22.02.2020;02:00;-;-;-;-;0
22.02.2020;03:00;-;-;-;-;0
22.02.2020;04:00;-;-;-;-;0
22.02.2020;05:00;-;-;-;-;0
22.02.2020;06:00;-;-;-;-;0
22.02.2020;07:00;-;-;-;-;0
22.02.2020;08:00;-;-;-;-;0
22.02.2020;09:00;-;-;-;-;0
22.02.2020;10:00;-;-;-;-;0
22.02.2020;11:00;-;-;-;-;0
22.02.2020;12:00;-;-;-;-;0
22.02.2020;13:00;-;-;-;-;0
22.02.2020;14:00;-;-;-;-;0
22.02.2020;15:00;-;-;-;-;0
22.02.2020;16:00;-;-;-;-;0
22.02.2020;17:00;-;-;-;-;0
22.02.2020;18:00;-;-;-;-;0
22.02.2020;19:00;-;-;-;-;0
22.02.2020;20:00;-;-;-;-;0
22.02.2020;21:00;-;-;-;-;0
22.02.2020;22:00;-;-;-;-;0
22.02.2020;23:00;-;-;-;-;0
23.02.2020;00:00;-;-;-;-;0
23.02.2020;01:00;-;-;-;-;0
23.02.2020;02:00;-;-;-;-;0
23.02.2020;03:00;-;-;-;-;0
23.02.2020;04:00;-;-;-;-;0
23.02.2020;05:00;-;-;-;-;0
23.02.2020;06:00;-;-;-;-;0
23.02.2020;07:00;-;-;-;-;0
23.02.2020;08:00;-;-;-;-;0
23.02.2020;09:00;-;-;-;-;0
23.02.2020;10:00;-;-;-;-;0
23.02.2020;11:00;-;-;-;-;0
23.02.2020;12:00;-;-;-;-;0
23.02.2020;13:00;-;-;-;-;0
23.02.2020;14:00;-;-;-;-;0
23.02.2020;15:00;-;-;-;-;0
23.02.2020;16:00;-;-;-;-;0
23.02.2020;17:00;-;-;-;-;0
23.02.2020;18:00;-;-;-;-;0
23.02.2020;19:00;-;-;-;-;0
23.02.2020;20:00;-;-;-;-;0
23.02.2020;21:00;-;-;-;-;0
23.02.2020;22:00;-;-;-;-;0
23.02.2020;23:00;-;-;-;-;0
24.02.2020;00:00;-;-;-;-;0
24.02.2020;01:00;-;-;-;-;0
24.02.2020;02:00;-;-;-;-;0
24.02.2020;03:00;-;-;-;-;0
24.02.2020;04:00;-;-;-;-;0
24.02.2020;05:00;-;-;-;-;0
24.02.2020;06:00;-;-;-;-;0
24.02.2020;07:00;-;-;-;-;0
24.02.2020;08:00;-;-;-;-;0
24.02.2020;09:00;-;-;-;-;0
24.02.2020;10:00;-;-;-;-;0
24.02.2020;11:00;-;-;-;-;0
24.02.2020;12:00;-;-;-;-;0
24.02.2020;13:00;-;-;-;-;0
24.02.2020;14:00;-;-;-;-;0
24.02.2020;15:00;-;-;-;-;0
24.02.2020;16:00;-;-;-;-;0
24.02.2020;17:00;-;-;-;-;0
24.02.2020;18:00;-;-;-;-;0
24.02.2020;19:00;-;-;-;-;0
24.02.2020;20:00;-;-;-;-;0
24.02.2020;21:00;-;-;-;-;0
24.02.2020;22:00;-;-;-;-;0
24.02.2020;23:00;-;-;-;-;0
25.02.2020;00:00;-;-;-;-;0
25.02.2020;01:00;-;-;-;-;0
25.02.2020;02:00;-;-;-;-;0
25.02.2020;03:00;-;-;-;-;0
25.02.2020;04:00;-;-;-;-;0
25.02.2020;05:00;-;-;-;-;0
25.02.2020;06:00;-;-;-;-;0
25.02.2020;07:00;-;-;-;-;0
25.02.2020;08:00;-;-;-;-;0
25.02.2020;09:00;-;-;-;-;0
25.02.2020;10:00;-;-;-;-;0
25.02.2020;11:00;-;-;-;-;0
25.02.2020;12:00;-;-;-;-;0
25.02.2020;13:00;-;-;-;-;0
25.02.2020;14:00;-;-;-;-;0
25.02.2020;15:00;-;-;-;-;0
25.02.2020;16:00;-;-;-;-;0
25.02.2020;17:00;-;-;-;-;0
25.02.2020;18:00;-;-;-;-;0
25.02.2020;19:00;-;-;-;-;0
25.02.2020;20:00;-;-;-;-;0
25.02.2020;21:00;-;-;-;-;0
25.02.2020;22:00;-;-;-;-;0
25.02.2020;23:00;-;-;-;-;0
26.02.2020;00:00;-;-;-;-;0
26.02.2020;01:00;-;-;-;-;0
26.02.2020;02:00;-;-;-;-;0
26.02.2020;03:00;-;-;-;-;0
26.02.2020;04:00;-;-;-;-;0
26.02.2020;05:00;-;-;-;-;0
26.02.2020;06:00;-;-;-;-;0
26.02.2020;07:00;-;-;-;-;0
26.02.2020;08:00;-;-;-;-;0
26.02.2020;09:00;-;-;-;-;0
26.02.2020;10:00;-;-;-;-;0
26.02.2020;11:00;-;-;-;-;0
26.02.2020;12:00;-;-;-;-;0
26.02.2020;13:00;-;-;-;-;0
26.02.2020;14:00;-;-;-;-;0
26.02.2020;15:00;-;-;-;-;0
26.02.2020;16:00;-;-;-;-;0
26.02.2020;17:00;-;-;-;-;0
26.02.2020;18:00;-;-;-;-;0
26.02.2020;19:00;-;-;-;-;0
26.02.2020;20:00;-;-;-;-;0
26.02.2020;21:00;-;-;-;-;0
26.02.2020;22:00;-;-;-;-;0
26.02.2020;23:00;-;-;-;-;0
27.02.2020;00:00;-;-;-;-;0
27.02.2020;01:00;-;-;-;-;0
27.02.2020;02:00;-;-;-;-;0
27.02.2020;03:00;-;-;-;-;0
27.02.2020;04:00;-;-;-;-;0
27.02.2020;05:00;-;-;-;-;0
27.02.2020;06:00;-;-;-;-;0
27.02.2020;07:00;-;-;-;-;0
27.02.2020;08:00;-;-;-;-;0
27.02.2020;09:00;-;-;-;-;0
27.02.2020;10:00;-;-;-;-;0
27.02.2020;11:00;-;-;-;-;0
27.02.2020;12:00;-;-;-;-;0
27.02.2020;13:00;-;-;-;-;0
27.02.2020;14:00;-;-;-;-;0
27.02.2020;15:00;-;-;-;-;0
27.02.2020;16:00;-;-;-;-;0
27.02.2020;17:00;-;-;-;-;0
27.02.2020;18:00;-;-;-;-;0
27.02.2020;19:00;-;-;-;-;0
27.02.2020;20:00;-;-;-;-;0
27.02.2020;21:00;-;-;-;-;0
27.02.2020;22:00;-;-;-;-;0
27.02.2020;23:00;-;-;-;-;0
28.02.2020;00:00;-;-;-;-;0
28.02.2020;01:00;-;-;-;-;0
28.02.2020;02:00;-;-;-;-;0
28.02.2020;03:00;-;-;-;-;0
28.02.2020;04:00;-;-;-;-;0
28.02.2020;05:00;-;-;-;-;0
28.02.2020;06:00;-;-;-;-;0
28.02.2020;07:00;-;-;-;-;0
28.02.2020;08:00;-;-;-;-;0
28.02.2020;09:00;-;-;-;-;0
28.02.2020;10:00;-;-;-;-;0
28.02.2020;11:00;-;-;-;-;0
28.02.2020;12:00;-;-;-;-;0
28.02.2020;13:00;-;-;-;-;0
28.02.2020;14:00;-;-;-;-;0
28.02.2020;15:00;-;-;-;-;0
28.02.2020;16:00;-;-;-;-;0
28.02.2020;17:00;-;-;-;-;0
28.02.2020;18:00;-;-;-;-;0
28.02.2020;19:00;-;-;-;-;0
28.02.2020;20:00;-;-;-;-;0
28.02.2020;21:00;-;-;-;-;0
28.02.2020;22:00;-;-;-;-;0
28.02.2020;23:00;-;-;-;-;0
29.02.2020;00:00;-;-;-;-;0
29.02.2020;01:00;-;-;-;-;0
29.02.2020;02:00;-;-;-;-;0
29.02.2020;03:00;-;-;-;-;0
29.02.2020;04:00;-;-;-;-;0
29.02.2020;05:00;-;-;-;-;0
29.02.2020;06:00;-;-;-;-;0
29.02.2020;07:00;-;-;-;-;0
29.02.2020;08:00;-;-;-;-;0
29.02.2020;09:00;-;-;-;-;0
29.02.2020;10:00;-;-;-;-;0
29.02.2020;11:00;-;-;-;-;0
29.02.2020;12:00;-;-;-;-;0
29.02.2020;13:00;-;-;-;-;0
29.02.2020;14:00;-;-;-;-;0
29.02.2020;15:00;-;-;-;-;0
29.02.2020;16:00;-;-;-;-;0
29.02.2020;17:00;-;-;-;-;0
29.02.2020;18:00;-;-;-;-;0
29.02.2020;19:00;-;-;-;-;0
29.02.2020;20:00;-;-;-;-;0
29.02.2020;21:00;-;-;-;-;0
29.02.2020;22:00;-;-;-;-;0
29.02.2020;23:00;-;-;-;-;0
01.03.2020;00:00;-;-;-;-;0
01.03.2020;01:00;-;-;-;-;0
01.03.2020;02:00;-;-;-;-;0
01.03.2020;03:00;-;-;-;-;0
01.03.2020;04:00;-;-;-;-;0
01.03.2020;05:00;-;-;-;-;0
01.03.2020;06:00;-;-;-;-;0
01.03.2020;07:00;-;-;-;-;0
01.03.2020;08:00;-;-;-;-;0
01.03.2020;09:00;-;-;-;-;0
01.03.2020;10:00;-;-;-;-;0
01.03.2020;11:00;-;-;-;-;0
01.03.2020;12:00;-;-;-;-;0
01.03.2020;13:00;-;-;-;-;0
01.03.2020;14:00;-;-;-;-;0
01.03.2020;15:00;-;-;-;-;0
01.03.2020;16:00;-;-;-;-;0
01.03.2020;17:00;-;-;-;-;0
01.03.2020;18:00;-;-;-;-;0
01.03.2020;19:00;-;-;-;-;0
01.03.2020;20:00;-;-;-;-;0
01.03.2020;21:00;-;-;-;-;0
01.03.2020;22:00;-;-;-;-;0
01.03.2020;23:00;-;-;-;-;0
02.03.2020;00:00;-;-;-;-;0
02.03.2020;01:00;-;-;-;-;0
02.03.2020;02:00;-;-;-;-;0
02.03.2020;03:00;-;-;-;-;0
02.03.2020;04:00;-;-;-;-;0
02.03.2020;05:00;-;-;-;-;78
02.03.2020;06:00;-;-;-;-;188
02.03.2020;07:00;-;-;-;-;269
02.03.2020;08:00;-;-;-;-;350
02.03.2020;09:00;-;-;-;-;482
02.03.2020;10:00;-;-;-;-;734
02.03.2020;11:00;-;-;-;-;776
02.03.2020;12:00;-;-;-;-;774
02.03.2020;13:00;-;-;-;-;778
02.03.2020;14:00;-;-;-;-;780
02.03.2020;15:00;-;-;-;-;777
02.03.2020;16:00;-;-;-;-;781
02.03.2020;17:00;-;-;-;-;777
02.03.2020;18:00;-;-;-;-;779
02.03.2020;19:00;-;-;-;-;782
02.03.2020;20:00;-;-;-;-;780
02.03.2020;21:00;-;-;-;-;755
02.03.2020;22:00;-;-;-;-;336
02.03.2020;23:00;-;-;-;-;232
03.03.2020;00:00;-;-;-;-;204
03.03.2020;01:00;-;-;-;-;214
03.03.2020;02:00;-;-;-;-;213
03.03.2020;03:00;-;-;-;-;214
03.03.2020;04:00;-;-;-;-;215
03.03.2020;05:00;-;-;-;-;242
03.03.2020;06:00;-;-;-;-;560
03.03.2020;07:00;-;-;-;-;778
03.03.2020;08:00;-;-;-;-;778
03.03.2020;09:00;-;-;-;-;779
03.03.2020;10:00;-;-;-;-;780
03.03.2020;11:00;-;-;-;-;778
03.03.2020;12:00;-;-;-;-;777
03.03.2020;13:00;-;-;-;-;779
03.03.2020;14:00;-;-;-;-;779
03.03.2020;15:00;-;-;-;-;780
03.03.2020;16:00;-;-;-;-;779
03.03.2020;17:00;-;-;-;-;781
03.03.2020;18:00;-;-;-;-;780
03.03.2020;19:00;-;-;-;-;781
03.03.2020;20:00;-;-;-;-;773
03.03.2020;21:00;-;-;-;-;518
03.03.2020;22:00;-;-;-;-;410
03.03.2020;23:00;-;-;-;-;342
04.03.2020;00:00;-;-;-;-;229
04.03.2020;01:00;-;-;-;-;211
04.03.2020;02:00;-;-;-;-;215
04.03.2020;03:00;-;-;-;-;221
04.03.2020;04:00;-;-;-;-;218
04.03.2020;05:00;-;-;-;-;220
04.03.2020;06:00;-;-;-;-;518
04.03.2020;07:00;-;-;-;-;760
04.03.2020;08:00;-;-;-;-;780
04.03.2020;09:00;-;-;-;-;780
04.03.2020;10:00;-;-;-;-;749
04.03.2020;11:00;-;-;-;-;768
04.03.2020;12:00;-;-;-;-;778
04.03.2020;13:00;-;-;-;-;774
04.03.2020;14:00;-;-;-;-;778
04.03.2020;15:00;-;-;-;-;777
04.03.2020;16:00;-;-;-;-;777
04.03.2020;17:00;-;-;-;-;776
04.03.2020;18:00;-;-;-;-;779
04.03.2020;19:00;-;-;-;-;782
04.03.2020;20:00;-;-;-;-;780
04.03.2020;21:00;-;-;-;-;780
04.03.2020;22:00;-;-;-;-;768
04.03.2020;23:00;-;-;-;-;588
05.03.2020;00:00;-;-;-;-;290
05.03.2020;01:00;-;-;-;-;217
05.03.2020;02:00;-;-;-;-;215
05.03.2020;03:00;-;-;-;-;214
05.03.2020;04:00;-;-;-;-;223
05.03.2020;05:00;-;-;-;-;409
05.03.2020;06:00;-;-;-;-;734
05.03.2020;07:00;-;-;-;-;774
05.03.2020;08:00;-;-;-;-;778
05.03.2020;09:00;-;-;-;-;780
05.03.2020;10:00;-;-;-;-;779
05.03.2020;11:00;-;-;-;-;779
05.03.2020;12:00;-;-;-;-;781
05.03.2020;13:00;-;-;-;-;779
05.03.2020;14:00;-;-;-;-;779
05.03.2020;15:00;-;-;-;-;780
05.03.2020;16:00;-;-;-;-;778
05.03.2020;17:00;-;-;-;-;778
05.03.2020;18:00;-;-;-;-;781
05.03.2020;19:00;-;-;-;-;775
05.03.2020;20:00;-;-;-;-;491
05.03.2020;21:00;-;-;-;-;354
05.03.2020;22:00;-;-;-;-;268
05.03.2020;23:00;-;-;-;-;217
06.03.2020;00:00;-;-;-;-;215
06.03.2020;01:00;-;-;-;-;217
06.03.2020;02:00;-;-;-;-;216
06.03.2020;03:00;-;-;-;-;216
06.03.2020;04:00;-;-;-;-;219
06.03.2020;05:00;-;-;-;-;220
06.03.2020;06:00;-;-;-;-;378
06.03.2020;07:00;-;-;-;-;676
06.03.2020;08:00;-;-;-;-;771
06.03.2020;09:00;-;-;-;-;775
06.03.2020;10:00;-;-;-;-;780
06.03.2020;11:00;-;-;-;-;779
06.03.2020;12:00;-;-;-;-;775
06.03.2020;13:00;-;-;-;-;490
06.03.2020;14:00;-;-;-;-;337
06.03.2020;15:00;-;-;-;-;344
06.03.2020;16:00;-;-;-;-;340
06.03.2020;17:00;-;-;-;-;454
06.03.2020;18:00;-;-;-;-;729
06.03.2020;19:00;-;-;-;-;595
06.03.2020;20:00;-;-;-;-;283
06.03.2020;21:00;-;-;-;-;19
06.03.2020;22:00;-;-;-;-;0
06.03.2020;23:00;-;-;-;-;0
07.03.2020;00:00;-;-;-;-;0
07.03.2020;01:00;-;-;-;-;0
07.03.2020;02:00;-;-;-;-;0
07.03.2020;03:00;-;-;-;-;0
07.03.2020;04:00;-;-;-;-;0
07.03.2020;05:00;-;-;-;-;0
07.03.2020;06:00;-;-;-;-;0
07.03.2020;07:00;-;-;-;-;0
07.03.2020;08:00;-;-;-;-;0
07.03.2020;09:00;-;-;-;-;0
07.03.2020;10:00;-;-;-;-;0
07.03.2020;11:00;-;-;-;-;0
07.03.2020;12:00;-;-;-;-;0
07.03.2020;13:00;-;-;-;-;0
07.03.2020;14:00;-;-;-;-;0
07.03.2020;15:00;-;-;-;-;0
07.03.2020;16:00;-;-;-;-;0
07.03.2020;17:00;-;-;-;-;0
07.03.2020;18:00;-;-;-;-;0
07.03.2020;19:00;-;-;-;-;0
07.03.2020;20:00;-;-;-;-;0
07.03.2020;21:00;-;-;-;-;0
07.03.2020;22:00;-;-;-;-;0
07.03.2020;23:00;-;-;-;-;0
08.03.2020;00:00;-;-;-;-;0
08.03.2020;01:00;-;-;-;-;0
08.03.2020;02:00;-;-;-;-;0
08.03.2020;03:00;-;-;-;-;0
08.03.2020;04:00;-;-;-;-;0
08.03.2020;05:00;-;-;-;-;0
08.03.2020;06:00;-;-;-;-;0
08.03.2020;07:00;-;-;-;-;0
08.03.2020;08:00;-;-;-;-;0
08.03.2020;09:00;-;-;-;-;0
08.03.2020;10:00;-;-;-;-;0
08.03.2020;11:00;-;-;-;-;0
08.03.2020;12:00;-;-;-;-;0
08.03.2020;13:00;-;-;-;-;0
08.03.2020;14:00;-;-;-;-;0
08.03.2020;15:00;-;-;-;-;0
08.03.2020;16:00;-;-;-;-;0
08.03.2020;17:00;-;-;-;-;0
08.03.2020;18:00;-;-;-;-;0
08.03.2020;19:00;-;-;-;-;0
08.03.2020;20:00;-;-;-;-;0
08.03.2020;21:00;-;-;-;-;0
08.03.2020;22:00;-;-;-;-;0
08.03.2020;23:00;-;-;-;-;0
09.03.2020;00:00;-;-;-;-;0
09.03.2020;01:00;-;-;-;-;0
09.03.2020;02:00;-;-;-;-;0
09.03.2020;03:00;-;-;-;-;0
09.03.2020;04:00;-;-;-;-;0
09.03.2020;05:00;-;-;-;-;0
09.03.2020;06:00;-;-;-;-;0
09.03.2020;07:00;-;-;-;-;0
09.03.2020;08:00;-;-;-;-;0
09.03.2020;09:00;-;-;-;-;0
09.03.2020;10:00;-;-;-;-;0
09.03.2020;11:00;-;-;-;-;0
09.03.2020;12:00;-;-;-;-;0
09.03.2020;13:00;-;-;-;-;0
09.03.2020;14:00;-;-;-;-;0
09.03.2020;15:00;-;-;-;-;0
09.03.2020;16:00;-;-;-;-;0
09.03.2020;17:00;-;-;-;-;0
09.03.2020;18:00;-;-;-;-;0
09.03.2020;19:00;-;-;-;-;0
09.03.2020;20:00;-;-;-;-;0
09.03.2020;21:00;-;-;-;-;0
09.03.2020;22:00;-;-;-;-;0
09.03.2020;23:00;-;-;-;-;0
10.03.2020;00:00;-;-;-;-;0
10.03.2020;01:00;-;-;-;-;0
10.03.2020;02:00;-;-;-;-;0
10.03.2020;03:00;-;-;-;-;0
10.03.2020;04:00;-;-;-;-;0
10.03.2020;05:00;-;-;-;-;0
10.03.2020;06:00;-;-;-;-;0
10.03.2020;07:00;-;-;-;-;0
10.03.2020;08:00;-;-;-;-;0
10.03.2020;09:00;-;-;-;-;0
10.03.2020;10:00;-;-;-;-;0
10.03.2020;11:00;-;-;-;-;0
10.03.2020;12:00;-;-;-;-;0
10.03.2020;13:00;-;-;-;-;0
10.03.2020;14:00;-;-;-;-;0
10.03.2020;15:00;-;-;-;-;0
10.03.2020;16:00;-;-;-;-;0
10.03.2020;17:00;-;-;-;-;0
10.03.2020;18:00;-;-;-;-;0
10.03.2020;19:00;-;-;-;-;0
10.03.2020;20:00;-;-;-;-;0
10.03.2020;21:00;-;-;-;-;0
10.03.2020;22:00;-;-;-;-;0
10.03.2020;23:00;-;-;-;-;0
11.03.2020;00:00;-;-;-;-;0
11.03.2020;01:00;-;-;-;-;0
11.03.2020;02:00;-;-;-;-;0
11.03.2020;03:00;-;-;-;-;0
11.03.2020;04:00;-;-;-;-;0
11.03.2020;05:00;-;-;-;-;0
11.03.2020;06:00;-;-;-;-;0
11.03.2020;07:00;-;-;-;-;0
11.03.2020;08:00;-;-;-;-;0
11.03.2020;09:00;-;-;-;-;0
11.03.2020;10:00;-;-;-;-;0
11.03.2020;11:00;-;-;-;-;0
11.03.2020;12:00;-;-;-;-;0
11.03.2020;13:00;-;-;-;-;0
11.03.2020;14:00;-;-;-;-;0
11.03.2020;15:00;-;-;-;-;0
11.03.2020;16:00;-;-;-;-;0
11.03.2020;17:00;-;-;-;-;0
11.03.2020;18:00;-;-;-;-;0
11.03.2020;19:00;-;-;-;-;0
11.03.2020;20:00;-;-;-;-;0
11.03.2020;21:00;-;-;-;-;0
11.03.2020;22:00;-;-;-;-;0
11.03.2020;23:00;-;-;-;-;0
12.03.2020;00:00;-;-;-;-;0
12.03.2020;01:00;-;-;-;-;0
12.03.2020;02:00;-;-;-;-;0
12.03.2020;03:00;-;-;-;-;0
12.03.2020;04:00;-;-;-;-;0
12.03.2020;05:00;-;-;-;-;0
12.03.2020;06:00;-;-;-;-;0
12.03.2020;07:00;-;-;-;-;0
12.03.2020;08:00;-;-;-;-;0
12.03.2020;09:00;-;-;-;-;0
12.03.2020;10:00;-;-;-;-;0
12.03.2020;11:00;-;-;-;-;0
12.03.2020;12:00;-;-;-;-;0
12.03.2020;13:00;-;-;-;-;0
12.03.2020;14:00;-;-;-;-;0
12.03.2020;15:00;-;-;-;-;0
12.03.2020;16:00;-;-;-;-;0
12.03.2020;17:00;-;-;-;-;0
12.03.2020;18:00;-;-;-;-;0
12.03.2020;19:00;-;-;-;-;0
12.03.2020;20:00;-;-;-;-;0
12.03.2020;21:00;-;-;-;-;0
12.03.2020;22:00;-;-;-;-;0
12.03.2020;23:00;-;-;-;-;0
13.03.2020;00:00;-;-;-;-;0
13.03.2020;01:00;-;-;-;-;0
13.03.2020;02:00;-;-;-;-;0
13.03.2020;03:00;-;-;-;-;0
13.03.2020;04:00;-;-;-;-;0
13.03.2020;05:00;-;-;-;-;0
13.03.2020;06:00;-;-;-;-;0
13.03.2020;07:00;-;-;-;-;0
13.03.2020;08:00;-;-;-;-;0
13.03.2020;09:00;-;-;-;-;0
13.03.2020;10:00;-;-;-;-;0
13.03.2020;11:00;-;-;-;-;0
13.03.2020;12:00;-;-;-;-;0
13.03.2020;13:00;-;-;-;-;0
13.03.2020;14:00;-;-;-;-;0
13.03.2020;15:00;-;-;-;-;0
13.03.2020;16:00;-;-;-;-;0
13.03.2020;17:00;-;-;-;-;0
13.03.2020;18:00;-;-;-;-;0
13.03.2020;19:00;-;-;-;-;0
13.03.2020;20:00;-;-;-;-;0
13.03.2020;21:00;-;-;-;-;0
13.03.2020;22:00;-;-;-;-;0
13.03.2020;23:00;-;-;-;-;0
14.03.2020;00:00;-;-;-;-;0
14.03.2020;01:00;-;-;-;-;0
14.03.2020;02:00;-;-;-;-;0
14.03.2020;03:00;-;-;-;-;0
14.03.2020;04:00;-;-;-;-;0
14.03.2020;05:00;-;-;-;-;0
14.03.2020;06:00;-;-;-;-;0
14.03.2020;07:00;-;-;-;-;0
14.03.2020;08:00;-;-;-;-;0
14.03.2020;09:00;-;-;-;-;0
14.03.2020;10:00;-;-;-;-;0
14.03.2020;11:00;-;-;-;-;0
14.03.2020;12:00;-;-;-;-;0
14.03.2020;13:00;-;-;-;-;0
14.03.2020;14:00;-;-;-;-;0
14.03.2020;15:00;-;-;-;-;0
14.03.2020;16:00;-;-;-;-;0
14.03.2020;17:00;-;-;-;-;0
14.03.2020;18:00;-;-;-;-;0
14.03.2020;19:00;-;-;-;-;0
14.03.2020;20:00;-;-;-;-;0
14.03.2020;21:00;-;-;-;-;0
14.03.2020;22:00;-;-;-;-;0
14.03.2020;23:00;-;-;-;-;0
15.03.2020;00:00;-;-;-;-;0
15.03.2020;01:00;-;-;-;-;0
15.03.2020;02:00;-;-;-;-;0
15.03.2020;03:00;-;-;-;-;0
15.03.2020;04:00;-;-;-;-;0
15.03.2020;05:00;-;-;-;-;0
15.03.2020;06:00;-;-;-;-;0
15.03.2020;07:00;-;-;-;-;0
15.03.2020;08:00;-;-;-;-;0
15.03.2020;09:00;-;-;-;-;0
15.03.2020;10:00;-;-;-;-;0
15.03.2020;11:00;-;-;-;-;0
15.03.2020;12:00;-;-;-;-;0
15.03.2020;13:00;-;-;-;-;0
15.03.2020;14:00;-;-;-;-;0
15.03.2020;15:00;-;-;-;-;0
15.03.2020;16:00;-;-;-;-;0
15.03.2020;17:00;-;-;-;-;0
15.03.2020;18:00;-;-;-;-;0
15.03.2020;19:00;-;-;-;-;0
15.03.2020;20:00;-;-;-;-;0
15.03.2020;21:00;-;-;-;-;0
15.03.2020;22:00;-;-;-;-;0
15.03.2020;23:00;-;-;-;-;0
16.03.2020;00:00;-;-;-;-;0
16.03.2020;01:00;-;-;-;-;0
16.03.2020;02:00;-;-;-;-;0
16.03.2020;03:00;-;-;-;-;0
16.03.2020;04:00;-;-;-;-;0
16.03.2020;05:00;-;-;-;-;0
16.03.2020;06:00;-;-;-;-;0
16.03.2020;07:00;-;-;-;-;0
16.03.2020;08:00;-;-;-;-;0
16.03.2020;09:00;-;-;-;-;0
16.03.2020;10:00;-;-;-;-;0
16.03.2020;11:00;-;-;-;-;0
16.03.2020;12:00;-;-;-;-;0
16.03.2020;13:00;-;-;-;-;0
16.03.2020;14:00;-;-;-;-;0
16.03.2020;15:00;-;-;-;-;0
16.03.2020;16:00;-;-;-;-;0
16.03.2020;17:00;-;-;-;-;0
16.03.2020;18:00;-;-;-;-;0
16.03.2020;19:00;-;-;-;-;0
16.03.2020;20:00;-;-;-;-;0
16.03.2020;21:00;-;-;-;-;0
16.03.2020;22:00;-;-;-;-;0
16.03.2020;23:00;-;-;-;-;0
17.03.2020;00:00;-;-;-;-;0
17.03.2020;01:00;-;-;-;-;0
17.03.2020;02:00;-;-;-;-;0
17.03.2020;03:00;-;-;-;-;0
17.03.2020;04:00;-;-;-;-;0
17.03.2020;05:00;-;-;-;-;0
17.03.2020;06:00;-;-;-;-;0
17.03.2020;07:00;-;-;-;-;0
17.03.2020;08:00;-;-;-;-;0
17.03.2020;09:00;-;-;-;-;0
17.03.2020;10:00;-;-;-;-;0
17.03.2020;11:00;-;-;-;-;0
17.03.2020;12:00;-;-;-;-;0
17.03.2020;13:00;-;-;-;-;0
17.03.2020;14:00;-;-;-;-;0
17.03.2020;15:00;-;-;-;-;0
17.03.2020;16:00;-;-;-;-;0
17.03.2020;17:00;-;-;-;-;0
17.03.2020;18:00;-;-;-;-;0
17.03.2020;19:00;-;-;-;-;0
17.03.2020;20:00;-;-;-;-;0
17.03.2020;21:00;-;-;-;-;0
17.03.2020;22:00;-;-;-;-;0
17.03.2020;23:00;-;-;-;-;0
18.03.2020;00:00;-;-;-;-;0
18.03.2020;01:00;-;-;-;-;0
18.03.2020;02:00;-;-;-;-;0
18.03.2020;03:00;-;-;-;-;0
18.03.2020;04:00;-;-;-;-;0
18.03.2020;05:00;-;-;-;-;0
18.03.2020;06:00;-;-;-;-;0
18.03.2020;07:00;-;-;-;-;0
18.03.2020;08:00;-;-;-;-;0
18.03.2020;09:00;-;-;-;-;0
18.03.2020;10:00;-;-;-;-;0
18.03.2020;11:00;-;-;-;-;0
18.03.2020;12:00;-;-;-;-;0
18.03.2020;13:00;-;-;-;-;0
18.03.2020;14:00;-;-;-;-;0
18.03.2020;15:00;-;-;-;-;0
18.03.2020;16:00;-;-;-;-;0
18.03.2020;17:00;-;-;-;-;0
18.03.2020;18:00;-;-;-;-;0
18.03.2020;19:00;-;-;-;-;0
18.03.2020;20:00;-;-;-;-;0
18.03.2020;21:00;-;-;-;-;0
18.03.2020;22:00;-;-;-;-;0
18.03.2020;23:00;-;-;-;-;0
19.03.2020;00:00;-;-;-;-;0
19.03.2020;01:00;-;-;-;-;0
19.03.2020;02:00;-;-;-;-;0
19.03.2020;03:00;-;-;-;-;0
19.03.2020;04:00;-;-;-;-;0
19.03.2020;05:00;-;-;-;-;0
19.03.2020;06:00;-;-;-;-;0
19.03.2020;07:00;-;-;-;-;0
19.03.2020;08:00;-;-;-;-;0
19.03.2020;09:00;-;-;-;-;0
19.03.2020;10:00;-;-;-;-;0
19.03.2020;11:00;-;-;-;-;0
19.03.2020;12:00;-;-;-;-;0
19.03.2020;13:00;-;-;-;-;0
19.03.2020;14:00;-;-;-;-;0
19.03.2020;15:00;-;-;-;-;0
19.03.2020;16:00;-;-;-;-;0
19.03.2020;17:00;-;-;-;-;0
19.03.2020;18:00;-;-;-;-;0
19.03.2020;19:00;-;-;-;-;0
19.03.2020;20:00;-;-;-;-;0
19.03.2020;21:00;-;-;-;-;0
19.03.2020;22:00;-;-;-;-;0
19.03.2020;23:00;-;-;-;-;0
20.03.2020;00:00;-;-;-;-;0
20.03.2020;01:00;-;-;-;-;0
20.03.2020;02:00;-;-;-;-;0
20.03.2020;03:00;-;-;-;-;0
20.03.2020;04:00;-;-;-;-;0
20.03.2020;05:00;-;-;-;-;0
20.03.2020;06:00;-;-;-;-;0
20.03.2020;07:00;-;-;-;-;0
20.03.2020;08:00;-;-;-;-;0
20.03.2020;09:00;-;-;-;-;0
20.03.2020;10:00;-;-;-;-;0
20.03.2020;11:00;-;-;-;-;0
20.03.2020;12:00;-;-;-;-;0
20.03.2020;13:00;-;-;-;-;0
20.03.2020;14:00;-;-;-;-;0
20.03.2020;15:00;-;-;-;-;0
20.03.2020;16:00;-;-;-;-;0
20.03.2020;17:00;-;-;-;-;0
20.03.2020;18:00;-;-;-;-;0
20.03.2020;19:00;-;-;-;-;0
20.03.2020;20:00;-;-;-;-;0
20.03.2020;21:00;-;-;-;-;0
20.03.2020;22:00;-;-;-;-;0
20.03.2020;23:00;-;-;-;-;0
21.03.2020;00:00;-;-;-;-;0
21.03.2020;01:00;-;-;-;-;0
21.03.2020;02:00;-;-;-;-;0
21.03.2020;03:00;-;-;-;-;0
21.03.2020;04:00;-;-;-;-;0
21.03.2020;05:00;-;-;-;-;0
21.03.2020;06:00;-;-;-;-;0
21.03.2020;07:00;-;-;-;-;0
21.03.2020;08:00;-;-;-;-;0
21.03.2020;09:00;-;-;-;-;0
21.03.2020;10:00;-;-;-;-;0
21.03.2020;11:00;-;-;-;-;0
21.03.2020;12:00;-;-;-;-;0
21.03.2020;13:00;-;-;-;-;0
21.03.2020;14:00;-;-;-;-;0
21.03.2020;15:00;-;-;-;-;0
21.03.2020;16:00;-;-;-;-;0
21.03.2020;17:00;-;-;-;-;0
21.03.2020;18:00;-;-;-;-;0
21.03.2020;19:00;-;-;-;-;0
21.03.2020;20:00;-;-;-;-;0
21.03.2020;21:00;-;-;-;-;0
21.03.2020;22:00;-;-;-;-;0
21.03.2020;23:00;-;-;-;-;0
22.03.2020;00:00;-;-;-;-;0
22.03.2020;01:00;-;-;-;-;0
22.03.2020;02:00;-;-;-;-;0
22.03.2020;03:00;-;-;-;-;0
22.03.2020;04:00;-;-;-;-;0
22.03.2020;05:00;-;-;-;-;0
22.03.2020;06:00;-;-;-;-;0
22.03.2020;07:00;-;-;-;-;0
22.03.2020;08:00;-;-;-;-;0
22.03.2020;09:00;-;-;-;-;0
22.03.2020;10:00;-;-;-;-;0
22.03.2020;11:00;-;-;-;-;0
22.03.2020;12:00;-;-;-;-;0
22.03.2020;13:00;-;-;-;-;0
22.03.2020;14:00;-;-;-;-;0
22.03.2020;15:00;-;-;-;-;0
22.03.2020;16:00;-;-;-;-;0
22.03.2020;17:00;-;-;-;-;0
22.03.2020;18:00;-;-;-;-;0
22.03.2020;19:00;-;-;-;-;0
22.03.2020;20:00;-;-;-;-;0
22.03.2020;21:00;-;-;-;-;0
22.03.2020;22:00;-;-;-;-;0
22.03.2020;23:00;-;-;-;-;0
23.03.2020;00:00;-;-;-;-;0
23.03.2020;01:00;-;-;-;-;0
23.03.2020;02:00;-;-;-;-;0
23.03.2020;03:00;-;-;-;-;0
23.03.2020;04:00;-;-;-;-;0
23.03.2020;05:00;-;-;-;-;0
23.03.2020;06:00;-;-;-;-;0
23.03.2020;07:00;-;-;-;-;0
23.03.2020;08:00;-;-;-;-;0
23.03.2020;09:00;-;-;-;-;0
23.03.2020;10:00;-;-;-;-;0
23.03.2020;11:00;-;-;-;-;0
23.03.2020;12:00;-;-;-;-;0
23.03.2020;13:00;-;-;-;-;0
23.03.2020;14:00;-;-;-;-;0
23.03.2020;15:00;-;-;-;-;0
23.03.2020;16:00;-;-;-;-;0
23.03.2020;17:00;-;-;-;-;0
23.03.2020;18:00;-;-;-;-;0
23.03.2020;19:00;-;-;-;-;0
23.03.2020;20:00;-;-;-;-;0
23.03.2020;21:00;-;-;-;-;0
23.03.2020;22:00;-;-;-;-;0
23.03.2020;23:00;-;-;-;-;0
24.03.2020;00:00;-;-;-;-;0
24.03.2020;01:00;-;-;-;-;0
24.03.2020;02:00;-;-;-;-;0
24.03.2020;03:00;-;-;-;-;0
24.03.2020;04:00;-;-;-;-;0
24.03.2020;05:00;-;-;-;-;0
24.03.2020;06:00;-;-;-;-;0
24.03.2020;07:00;-;-;-;-;0
24.03.2020;08:00;-;-;-;-;0
24.03.2020;09:00;-;-;-;-;0
24.03.2020;10:00;-;-;-;-;0
24.03.2020;11:00;-;-;-;-;0
24.03.2020;12:00;-;-;-;-;0
24.03.2020;13:00;-;-;-;-;0
24.03.2020;14:00;-;-;-;-;0
24.03.2020;15:00;-;-;-;-;0
24.03.2020;16:00;-;-;-;-;0
24.03.2020;17:00;-;-;-;-;0
24.03.2020;18:00;-;-;-;-;0
24.03.2020;19:00;-;-;-;-;0
24.03.2020;20:00;-;-;-;-;0
24.03.2020;21:00;-;-;-;-;0
24.03.2020;22:00;-;-;-;-;0
24.03.2020;23:00;-;-;-;-;0
25.03.2020;00:00;-;-;-;-;0
25.03.2020;01:00;-;-;-;-;0
25.03.2020;02:00;-;-;-;-;0
25.03.2020;03:00;-;-;-;-;0
25.03.2020;04:00;-;-;-;-;0
25.03.2020;05:00;-;-;-;-;0
25.03.2020;06:00;-;-;-;-;0
25.03.2020;07:00;-;-;-;-;0
25.03.2020;08:00;-;-;-;-;0
25.03.2020;09:00;-;-;-;-;0
25.03.2020;10:00;-;-;-;-;0
25.03.2020;11:00;-;-;-;-;0
25.03.2020;12:00;-;-;-;-;0
25.03.2020;13:00;-;-;-;-;0
25.03.2020;14:00;-;-;-;-;0
25.03.2020;15:00;-;-;-;-;0
25.03.2020;16:00;-;-;-;-;0
25.03.2020;17:00;-;-;-;-;0
25.03.2020;18:00;-;-;-;-;0
25.03.2020;19:00;-;-;-;-;0
25.03.2020;20:00;-;-;-;-;0
25.03.2020;21:00;-;-;-;-;0
25.03.2020;22:00;-;-;-;-;0
25.03.2020;23:00;-;-;-;-;0
26.03.2020;00:00;-;-;-;-;0
26.03.2020;01:00;-;-;-;-;0
26.03.2020;02:00;-;-;-;-;0
26.03.2020;03:00;-;-;-;-;0
26.03.2020;04:00;-;-;-;-;0
26.03.2020;05:00;-;-;-;-;0
26.03.2020;06:00;-;-;-;-;0
26.03.2020;07:00;-;-;-;-;0
26.03.2020;08:00;-;-;-;-;0
26.03.2020;09:00;-;-;-;-;0
26.03.2020;10:00;-;-;-;-;0
26.03.2020;11:00;-;-;-;-;0
26.03.2020;12:00;-;-;-;-;0
26.03.2020;13:00;-;-;-;-;0
26.03.2020;14:00;-;-;-;-;0
26.03.2020;15:00;-;-;-;-;0
26.03.2020;16:00;-;-;-;-;0
26.03.2020;17:00;-;-;-;-;0
26.03.2020;18:00;-;-;-;-;0
26.03.2020;19:00;-;-;-;-;0
26.03.2020;20:00;-;-;-;-;0
26.03.2020;21:00;-;-;-;-;0
26.03.2020;22:00;-;-;-;-;0
26.03.2020;23:00;-;-;-;-;0
27.03.2020;00:00;-;-;-;-;0
27.03.2020;01:00;-;-;-;-;0
27.03.2020;02:00;-;-;-;-;0
27.03.2020;03:00;-;-;-;-;0
27.03.2020;04:00;-;-;-;-;0
27.03.2020;05:00;-;-;-;-;0
27.03.2020;06:00;-;-;-;-;0
27.03.2020;07:00;-;-;-;-;0
27.03.2020;08:00;-;-;-;-;0
27.03.2020;09:00;-;-;-;-;0
27.03.2020;10:00;-;-;-;-;0
27.03.2020;11:00;-;-;-;-;0
27.03.2020;12:00;-;-;-;-;0
27.03.2020;13:00;-;-;-;-;0
27.03.2020;14:00;-;-;-;-;0
27.03.2020;15:00;-;-;-;-;0
27.03.2020;16:00;-;-;-;-;0
27.03.2020;17:00;-;-;-;-;0
27.03.2020;18:00;-;-;-;-;0
27.03.2020;19:00;-;-;-;-;0
27.03.2020;20:00;-;-;-;-;0
27.03.2020;21:00;-;-;-;-;0
27.03.2020;22:00;-;-;-;-;0
27.03.2020;23:00;-;-;-;-;0
28.03.2020;00:00;-;-;-;-;0
28.03.2020;01:00;-;-;-;-;0
28.03.2020;02:00;-;-;-;-;0
28.03.2020;03:00;-;-;-;-;0
28.03.2020;04:00;-;-;-;-;0
28.03.2020;05:00;-;-;-;-;0
28.03.2020;06:00;-;-;-;-;0
28.03.2020;07:00;-;-;-;-;0
28.03.2020;08:00;-;-;-;-;0
28.03.2020;09:00;-;-;-;-;0
28.03.2020;10:00;-;-;-;-;0
28.03.2020;11:00;-;-;-;-;0
28.03.2020;12:00;-;-;-;-;0
28.03.2020;13:00;-;-;-;-;0
28.03.2020;14:00;-;-;-;-;0
28.03.2020;15:00;-;-;-;-;0
28.03.2020;16:00;-;-;-;-;0
28.03.2020;17:00;-;-;-;-;0
28.03.2020;18:00;-;-;-;-;0
28.03.2020;19:00;-;-;-;-;0
28.03.2020;20:00;-;-;-;-;0
28.03.2020;21:00;-;-;-;-;0
28.03.2020;22:00;-;-;-;-;0
28.03.2020;23:00;-;-;-;-;0
29.03.2020;00:00;-;-;-;-;0
29.03.2020;01:00;-;-;-;-;0
29.03.2020;03:00;-;-;-;-;0
29.03.2020;04:00;-;-;-;-;0
29.03.2020;05:00;-;-;-;-;0
29.03.2020;06:00;-;-;-;-;0
29.03.2020;07:00;-;-;-;-;0
29.03.2020;08:00;-;-;-;-;0
29.03.2020;09:00;-;-;-;-;0
29.03.2020;10:00;-;-;-;-;0
29.03.2020;11:00;-;-;-;-;0
29.03.2020;12:00;-;-;-;-;0
29.03.2020;13:00;-;-;-;-;0
29.03.2020;14:00;-;-;-;-;0
29.03.2020;15:00;-;-;-;-;0
29.03.2020;16:00;-;-;-;-;0
29.03.2020;17:00;-;-;-;-;0
29.03.2020;18:00;-;-;-;-;0
29.03.2020;19:00;-;-;-;-;0
29.03.2020;20:00;-;-;-;-;0
29.03.2020;21:00;-;-;-;-;0
29.03.2020;22:00;-;-;-;-;0
29.03.2020;23:00;-;-;-;-;0
30.03.2020;00:00;-;-;-;-;0
30.03.2020;01:00;-;-;-;-;0
30.03.2020;02:00;-;-;-;-;0
30.03.2020;03:00;-;-;-;-;0
30.03.2020;04:00;-;-;-;-;0
30.03.2020;05:00;-;-;-;-;0
30.03.2020;06:00;-;-;-;-;0
30.03.2020;07:00;-;-;-;-;0
30.03.2020;08:00;-;-;-;-;0
30.03.2020;09:00;-;-;-;-;0
30.03.2020;10:00;-;-;-;-;0
30.03.2020;11:00;-;-;-;-;0
30.03.2020;12:00;-;-;-;-;0
30.03.2020;13:00;-;-;-;-;0
30.03.2020;14:00;-;-;-;-;0
30.03.2020;15:00;-;-;-;-;0
30.03.2020;16:00;-;-;-;-;0
30.03.2020;17:00;-;-;-;-;0
30.03.2020;18:00;-;-;-;-;0
30.03.2020;19:00;-;-;-;-;0
30.03.2020;20:00;-;-;-;-;0
30.03.2020;21:00;-;-;-;-;0
30.03.2020;22:00;-;-;-;-;0
30.03.2020;23:00;-;-;-;-;0
31.03.2020;00:00;-;-;-;-;0
31.03.2020;01:00;-;-;-;-;0
31.03.2020;02:00;-;-;-;-;0
31.03.2020;03:00;-;-;-;-;0
31.03.2020;04:00;-;-;-;-;0
31.03.2020;05:00;-;-;-;-;0
31.03.2020;06:00;-;-;-;-;0
31.03.2020;07:00;-;-;-;-;143
31.03.2020;08:00;-;-;-;-;275
31.03.2020;09:00;-;-;-;-;464
31.03.2020;10:00;-;-;-;-;601
31.03.2020;11:00;-;-;-;-;621
31.03.2020;12:00;-;-;-;-;747
31.03.2020;13:00;-;-;-;-;765
31.03.2020;14:00;-;-;-;-;769
31.03.2020;15:00;-;-;-;-;780
31.03.2020;16:00;-;-;-;-;781
31.03.2020;17:00;-;-;-;-;778
31.03.2020;18:00;-;-;-;-;781
31.03.2020;19:00;-;-;-;-;777
31.03.2020;20:00;-;-;-;-;782
31.03.2020;21:00;-;-;-;-;501
31.03.2020;22:00;-;-;-;-;248
31.03.2020;23:00;-;-;-;-;33
01.04.2020;00:00;-;-;-;-;0
01.04.2020;01:00;-;-;-;-;0
01.04.2020;02:00;-;-;-;-;0
01.04.2020;03:00;-;-;-;-;0
01.04.2020;04:00;-;-;-;-;0
01.04.2020;05:00;-;-;-;-;0
01.04.2020;06:00;-;-;-;-;0
01.04.2020;07:00;-;-;-;-;0
01.04.2020;08:00;-;-;-;-;0
01.04.2020;09:00;-;-;-;-;0
01.04.2020;10:00;-;-;-;-;0
01.04.2020;11:00;-;-;-;-;0
01.04.2020;12:00;-;-;-;-;0
01.04.2020;13:00;-;-;-;-;0
01.04.2020;14:00;-;-;-;-;0
01.04.2020;15:00;-;-;-;-;0
01.04.2020;16:00;-;-;-;-;0
01.04.2020;17:00;-;-;-;-;0
01.04.2020;18:00;-;-;-;-;0
01.04.2020;19:00;-;-;-;-;0
01.04.2020;20:00;-;-;-;-;0
01.04.2020;21:00;-;-;-;-;0
01.04.2020;22:00;-;-;-;-;0
01.04.2020;23:00;-;-;-;-;0
02.04.2020;00:00;-;-;-;-;0
02.04.2020;01:00;-;-;-;-;0
02.04.2020;02:00;-;-;-;-;0
02.04.2020;03:00;-;-;-;-;0
02.04.2020;04:00;-;-;-;-;0
02.04.2020;05:00;-;-;-;-;0
02.04.2020;06:00;-;-;-;-;0
02.04.2020;07:00;-;-;-;-;0
02.04.2020;08:00;-;-;-;-;0
02.04.2020;09:00;-;-;-;-;0
02.04.2020;10:00;-;-;-;-;0
02.04.2020;11:00;-;-;-;-;0
02.04.2020;12:00;-;-;-;-;0
02.04.2020;13:00;-;-;-;-;0
02.04.2020;14:00;-;-;-;-;0
02.04.2020;15:00;-;-;-;-;0
02.04.2020;16:00;-;-;-;-;0
02.04.2020;17:00;-;-;-;-;0
02.04.2020;18:00;-;-;-;-;0
02.04.2020;19:00;-;-;-;-;0
02.04.2020;20:00;-;-;-;-;0
02.04.2020;21:00;-;-;-;-;0
02.04.2020;22:00;-;-;-;-;0
02.04.2020;23:00;-;-;-;-;0
03.04.2020;00:00;-;-;-;-;0
03.04.2020;01:00;-;-;-;-;0
03.04.2020;02:00;-;-;-;-;0
03.04.2020;03:00;-;-;-;-;0
03.04.2020;04:00;-;-;-;-;0
03.04.2020;05:00;-;-;-;-;0
03.04.2020;06:00;-;-;-;-;0
03.04.2020;07:00;-;-;-;-;0
03.04.2020;08:00;-;-;-;-;0
03.04.2020;09:00;-;-;-;-;0
03.04.2020;10:00;-;-;-;-;0
03.04.2020;11:00;-;-;-;-;0
03.04.2020;12:00;-;-;-;-;0
03.04.2020;13:00;-;-;-;-;0
03.04.2020;14:00;-;-;-;-;0
03.04.2020;15:00;-;-;-;-;0
03.04.2020;16:00;-;-;-;-;0
03.04.2020;17:00;-;-;-;-;0
03.04.2020;18:00;-;-;-;-;0
03.04.2020;19:00;-;-;-;-;0
03.04.2020;20:00;-;-;-;-;0
03.04.2020;21:00;-;-;-;-;0
03.04.2020;22:00;-;-;-;-;0
03.04.2020;23:00;-;-;-;-;0
04.04.2020;00:00;-;-;-;-;0
04.04.2020;01:00;-;-;-;-;0
04.04.2020;02:00;-;-;-;-;0
04.04.2020;03:00;-;-;-;-;0
04.04.2020;04:00;-;-;-;-;0
04.04.2020;05:00;-;-;-;-;0
04.04.2020;06:00;-;-;-;-;0
04.04.2020;07:00;-;-;-;-;0
04.04.2020;08:00;-;-;-;-;0
04.04.2020;09:00;-;-;-;-;0
04.04.2020;10:00;-;-;-;-;0
04.04.2020;11:00;-;-;-;-;0
04.04.2020;12:00;-;-;-;-;0
04.04.2020;13:00;-;-;-;-;0
04.04.2020;14:00;-;-;-;-;0
04.04.2020;15:00;-;-;-;-;0
04.04.2020;16:00;-;-;-;-;0
04.04.2020;17:00;-;-;-;-;0
04.04.2020;18:00;-;-;-;-;0
04.04.2020;19:00;-;-;-;-;0
04.04.2020;20:00;-;-;-;-;0
04.04.2020;21:00;-;-;-;-;0
04.04.2020;22:00;-;-;-;-;0
04.04.2020;23:00;-;-;-;-;0
05.04.2020;00:00;-;-;-;-;0
05.04.2020;01:00;-;-;-;-;0
05.04.2020;02:00;-;-;-;-;0
05.04.2020;03:00;-;-;-;-;0
05.04.2020;04:00;-;-;-;-;0
05.04.2020;05:00;-;-;-;-;0
05.04.2020;06:00;-;-;-;-;0
05.04.2020;07:00;-;-;-;-;0
05.04.2020;08:00;-;-;-;-;0
05.04.2020;09:00;-;-;-;-;0
05.04.2020;10:00;-;-;-;-;0
05.04.2020;11:00;-;-;-;-;0
05.04.2020;12:00;-;-;-;-;0
05.04.2020;13:00;-;-;-;-;0
05.04.2020;14:00;-;-;-;-;0
05.04.2020;15:00;-;-;-;-;0
05.04.2020;16:00;-;-;-;-;0
05.04.2020;17:00;-;-;-;-;0
05.04.2020;18:00;-;-;-;-;0
05.04.2020;19:00;-;-;-;-;0
05.04.2020;20:00;-;-;-;-;0
05.04.2020;21:00;-;-;-;-;0
05.04.2020;22:00;-;-;-;-;0
05.04.2020;23:00;-;-;-;-;0
06.04.2020;00:00;-;-;-;-;0
06.04.2020;01:00;-;-;-;-;0
06.04.2020;02:00;-;-;-;-;0
06.04.2020;03:00;-;-;-;-;0
06.04.2020;04:00;-;-;-;-;0
06.04.2020;05:00;-;-;-;-;0
06.04.2020;06:00;-;-;-;-;0
06.04.2020;07:00;-;-;-;-;0
06.04.2020;08:00;-;-;-;-;0
06.04.2020;09:00;-;-;-;-;0
06.04.2020;10:00;-;-;-;-;0
06.04.2020;11:00;-;-;-;-;0
06.04.2020;12:00;-;-;-;-;0
06.04.2020;13:00;-;-;-;-;0
06.04.2020;14:00;-;-;-;-;0
06.04.2020;15:00;-;-;-;-;0
06.04.2020;16:00;-;-;-;-;0
06.04.2020;17:00;-;-;-;-;0
06.04.2020;18:00;-;-;-;-;0
06.04.2020;19:00;-;-;-;-;0
06.04.2020;20:00;-;-;-;-;0
06.04.2020;21:00;-;-;-;-;0
06.04.2020;22:00;-;-;-;-;0
06.04.2020;23:00;-;-;-;-;0
07.04.2020;00:00;-;-;-;-;0
07.04.2020;01:00;-;-;-;-;0
07.04.2020;02:00;-;-;-;-;0
07.04.2020;03:00;-;-;-;-;0
07.04.2020;04:00;-;-;-;-;0
07.04.2020;05:00;-;-;-;-;0
07.04.2020;06:00;-;-;-;-;0
07.04.2020;07:00;-;-;-;-;0
07.04.2020;08:00;-;-;-;-;0
07.04.2020;09:00;-;-;-;-;0
07.04.2020;10:00;-;-;-;-;0
07.04.2020;11:00;-;-;-;-;0
07.04.2020;12:00;-;-;-;-;0
07.04.2020;13:00;-;-;-;-;0
07.04.2020;14:00;-;-;-;-;0
07.04.2020;15:00;-;-;-;-;0
07.04.2020;16:00;-;-;-;-;0
07.04.2020;17:00;-;-;-;-;0
07.04.2020;18:00;-;-;-;-;0
07.04.2020;19:00;-;-;-;-;0
07.04.2020;20:00;-;-;-;-;0
07.04.2020;21:00;-;-;-;-;0
07.04.2020;22:00;-;-;-;-;0
07.04.2020;23:00;-;-;-;-;0
08.04.2020;00:00;-;-;-;-;0
08.04.2020;01:00;-;-;-;-;0
08.04.2020;02:00;-;-;-;-;0
08.04.2020;03:00;-;-;-;-;0
08.04.2020;04:00;-;-;-;-;0
08.04.2020;05:00;-;-;-;-;0
08.04.2020;06:00;-;-;-;-;0
08.04.2020;07:00;-;-;-;-;0
08.04.2020;08:00;-;-;-;-;0
08.04.2020;09:00;-;-;-;-;0
08.04.2020;10:00;-;-;-;-;0
08.04.2020;11:00;-;-;-;-;0
08.04.2020;12:00;-;-;-;-;0
08.04.2020;13:00;-;-;-;-;0
08.04.2020;14:00;-;-;-;-;0
08.04.2020;15:00;-;-;-;-;0
08.04.2020;16:00;-;-;-;-;0
08.04.2020;17:00;-;-;-;-;0
08.04.2020;18:00;-;-;-;-;0
08.04.2020;19:00;-;-;-;-;0
08.04.2020;20:00;-;-;-;-;0
08.04.2020;21:00;-;-;-;-;0
08.04.2020;22:00;-;-;-;-;0
08.04.2020;23:00;-;-;-;-;0
09.04.2020;00:00;-;-;-;-;0
09.04.2020;01:00;-;-;-;-;0
09.04.2020;02:00;-;-;-;-;0
09.04.2020;03:00;-;-;-;-;0
09.04.2020;04:00;-;-;-;-;0
09.04.2020;05:00;-;-;-;-;0
09.04.2020;06:00;-;-;-;-;0
09.04.2020;07:00;-;-;-;-;0
09.04.2020;08:00;-;-;-;-;0
09.04.2020;09:00;-;-;-;-;0
09.04.2020;10:00;-;-;-;-;0
09.04.2020;11:00;-;-;-;-;0
09.04.2020;12:00;-;-;-;-;0
09.04.2020;13:00;-;-;-;-;0
09.04.2020;14:00;-;-;-;-;0
09.04.2020;15:00;-;-;-;-;0
09.04.2020;16:00;-;-;-;-;0
09.04.2020;17:00;-;-;-;-;0
09.04.2020;18:00;-;-;-;-;0
09.04.2020;19:00;-;-;-;-;0
09.04.2020;20:00;-;-;-;-;0
09.04.2020;21:00;-;-;-;-;0
09.04.2020;22:00;-;-;-;-;0
09.04.2020;23:00;-;-;-;-;0
10.04.2020;00:00;-;-;-;-;0
10.04.2020;01:00;-;-;-;-;0
10.04.2020;02:00;-;-;-;-;0
10.04.2020;03:00;-;-;-;-;0
10.04.2020;04:00;-;-;-;-;0
10.04.2020;05:00;-;-;-;-;0
10.04.2020;06:00;-;-;-;-;0
10.04.2020;07:00;-;-;-;-;0
10.04.2020;08:00;-;-;-;-;0
10.04.2020;09:00;-;-;-;-;0
10.04.2020;10:00;-;-;-;-;0
10.04.2020;11:00;-;-;-;-;0
10.04.2020;12:00;-;-;-;-;0
10.04.2020;13:00;-;-;-;-;0
10.04.2020;14:00;-;-;-;-;0
10.04.2020;15:00;-;-;-;-;0
10.04.2020;16:00;-;-;-;-;0
10.04.2020;17:00;-;-;-;-;0
10.04.2020;18:00;-;-;-;-;0
10.04.2020;19:00;-;-;-;-;0
10.04.2020;20:00;-;-;-;-;0
10.04.2020;21:00;-;-;-;-;0
10.04.2020;22:00;-;-;-;-;0
10.04.2020;23:00;-;-;-;-;0
11.04.2020;00:00;-;-;-;-;0
11.04.2020;01:00;-;-;-;-;0
11.04.2020;02:00;-;-;-;-;0
11.04.2020;03:00;-;-;-;-;0
11.04.2020;04:00;-;-;-;-;0
11.04.2020;05:00;-;-;-;-;0
11.04.2020;06:00;-;-;-;-;0
11.04.2020;07:00;-;-;-;-;0
11.04.2020;08:00;-;-;-;-;0
11.04.2020;09:00;-;-;-;-;0
11.04.2020;10:00;-;-;-;-;0
11.04.2020;11:00;-;-;-;-;0
11.04.2020;12:00;-;-;-;-;0
11.04.2020;13:00;-;-;-;-;0
11.04.2020;14:00;-;-;-;-;0
11.04.2020;15:00;-;-;-;-;0
11.04.2020;16:00;-;-;-;-;0
11.04.2020;17:00;-;-;-;-;0
11.04.2020;18:00;-;-;-;-;0
11.04.2020;19:00;-;-;-;-;0
11.04.2020;20:00;-;-;-;-;0
11.04.2020;21:00;-;-;-;-;0
11.04.2020;22:00;-;-;-;-;0
11.04.2020;23:00;-;-;-;-;0
12.04.2020;00:00;-;-;-;-;0
12.04.2020;01:00;-;-;-;-;0
12.04.2020;02:00;-;-;-;-;0
12.04.2020;03:00;-;-;-;-;0
12.04.2020;04:00;-;-;-;-;0
12.04.2020;05:00;-;-;-;-;0
12.04.2020;06:00;-;-;-;-;0
12.04.2020;07:00;-;-;-;-;0
12.04.2020;08:00;-;-;-;-;0
12.04.2020;09:00;-;-;-;-;0
12.04.2020;10:00;-;-;-;-;0
12.04.2020;11:00;-;-;-;-;0
12.04.2020;12:00;-;-;-;-;0
12.04.2020;13:00;-;-;-;-;0
12.04.2020;14:00;-;-;-;-;0
12.04.2020;15:00;-;-;-;-;0
12.04.2020;16:00;-;-;-;-;0
12.04.2020;17:00;-;-;-;-;0
12.04.2020;18:00;-;-;-;-;0
12.04.2020;19:00;-;-;-;-;0
12.04.2020;20:00;-;-;-;-;0
12.04.2020;21:00;-;-;-;-;0
12.04.2020;22:00;-;-;-;-;0
12.04.2020;23:00;-;-;-;-;0
13.04.2020;00:00;-;-;-;-;0
13.04.2020;01:00;-;-;-;-;0
13.04.2020;02:00;-;-;-;-;0
13.04.2020;03:00;-;-;-;-;0
13.04.2020;04:00;-;-;-;-;0
13.04.2020;05:00;-;-;-;-;0
13.04.2020;06:00;-;-;-;-;0
13.04.2020;07:00;-;-;-;-;0
13.04.2020;08:00;-;-;-;-;0
13.04.2020;09:00;-;-;-;-;0
13.04.2020;10:00;-;-;-;-;0
13.04.2020;11:00;-;-;-;-;0
13.04.2020;12:00;-;-;-;-;0
13.04.2020;13:00;-;-;-;-;0
13.04.2020;14:00;-;-;-;-;0
13.04.2020;15:00;-;-;-;-;0
13.04.2020;16:00;-;-;-;-;0
13.04.2020;17:00;-;-;-;-;0
13.04.2020;18:00;-;-;-;-;0
13.04.2020;19:00;-;-;-;-;0
13.04.2020;20:00;-;-;-;-;0
13.04.2020;21:00;-;-;-;-;0
13.04.2020;22:00;-;-;-;-;0
13.04.2020;23:00;-;-;-;-;0
14.04.2020;00:00;-;-;-;-;0
14.04.2020;01:00;-;-;-;-;0
14.04.2020;02:00;-;-;-;-;0
14.04.2020;03:00;-;-;-;-;0
14.04.2020;04:00;-;-;-;-;0
14.04.2020;05:00;-;-;-;-;0
14.04.2020;06:00;-;-;-;-;0
14.04.2020;07:00;-;-;-;-;0
14.04.2020;08:00;-;-;-;-;0
14.04.2020;09:00;-;-;-;-;0
14.04.2020;10:00;-;-;-;-;0
14.04.2020;11:00;-;-;-;-;0
14.04.2020;12:00;-;-;-;-;0
14.04.2020;13:00;-;-;-;-;0
14.04.2020;14:00;-;-;-;-;0
14.04.2020;15:00;-;-;-;-;0
14.04.2020;16:00;-;-;-;-;0
14.04.2020;17:00;-;-;-;-;0
14.04.2020;18:00;-;-;-;-;0
14.04.2020;19:00;-;-;-;-;0
14.04.2020;20:00;-;-;-;-;0
14.04.2020;21:00;-;-;-;-;0
14.04.2020;22:00;-;-;-;-;0
14.04.2020;23:00;-;-;-;-;0
15.04.2020;00:00;-;-;-;-;0
15.04.2020;01:00;-;-;-;-;0
15.04.2020;02:00;-;-;-;-;0
15.04.2020;03:00;-;-;-;-;0
15.04.2020;04:00;-;-;-;-;0
15.04.2020;05:00;-;-;-;-;0
15.04.2020;06:00;-;-;-;-;0
15.04.2020;07:00;-;-;-;-;0
15.04.2020;08:00;-;-;-;-;0
15.04.2020;09:00;-;-;-;-;0
15.04.2020;10:00;-;-;-;-;0
15.04.2020;11:00;-;-;-;-;0
15.04.2020;12:00;-;-;-;-;0
15.04.2020;13:00;-;-;-;-;0
15.04.2020;14:00;-;-;-;-;0
15.04.2020;15:00;-;-;-;-;0
15.04.2020;16:00;-;-;-;-;0
15.04.2020;17:00;-;-;-;-;0
15.04.2020;18:00;-;-;-;-;0
15.04.2020;19:00;-;-;-;-;0
15.04.2020;20:00;-;-;-;-;0
15.04.2020;21:00;-;-;-;-;0
15.04.2020;22:00;-;-;-;-;0
15.04.2020;23:00;-;-;-;-;0
16.04.2020;00:00;-;-;-;-;0
16.04.2020;01:00;-;-;-;-;0
16.04.2020;02:00;-;-;-;-;0
16.04.2020;03:00;-;-;-;-;0
16.04.2020;04:00;-;-;-;-;0
16.04.2020;05:00;-;-;-;-;0
16.04.2020;06:00;-;-;-;-;0
16.04.2020;07:00;-;-;-;-;0
16.04.2020;08:00;-;-;-;-;0
16.04.2020;09:00;-;-;-;-;0
16.04.2020;10:00;-;-;-;-;0
16.04.2020;11:00;-;-;-;-;0
16.04.2020;12:00;-;-;-;-;0
16.04.2020;13:00;-;-;-;-;0
16.04.2020;14:00;-;-;-;-;0
16.04.2020;15:00;-;-;-;-;0
16.04.2020;16:00;-;-;-;-;0
16.04.2020;17:00;-;-;-;-;0
16.04.2020;18:00;-;-;-;-;0
16.04.2020;19:00;-;-;-;-;0
16.04.2020;20:00;-;-;-;-;0
16.04.2020;21:00;-;-;-;-;0
16.04.2020;22:00;-;-;-;-;0
16.04.2020;23:00;-;-;-;-;0
17.04.2020;00:00;-;-;-;-;0
17.04.2020;01:00;-;-;-;-;0
17.04.2020;02:00;-;-;-;-;0
17.04.2020;03:00;-;-;-;-;0
17.04.2020;04:00;-;-;-;-;0
17.04.2020;05:00;-;-;-;-;0
17.04.2020;06:00;-;-;-;-;0
17.04.2020;07:00;-;-;-;-;0
17.04.2020;08:00;-;-;-;-;0
17.04.2020;09:00;-;-;-;-;0
17.04.2020;10:00;-;-;-;-;0
17.04.2020;11:00;-;-;-;-;0
17.04.2020;12:00;-;-;-;-;0
17.04.2020;13:00;-;-;-;-;0
17.04.2020;14:00;-;-;-;-;0
17.04.2020;15:00;-;-;-;-;0
17.04.2020;16:00;-;-;-;-;0
17.04.2020;17:00;-;-;-;-;0
17.04.2020;18:00;-;-;-;-;0
17.04.2020;19:00;-;-;-;-;0
17.04.2020;20:00;-;-;-;-;0
17.04.2020;21:00;-;-;-;-;0
17.04.2020;22:00;-;-;-;-;0
17.04.2020;23:00;-;-;-;-;0
18.04.2020;00:00;-;-;-;-;0
18.04.2020;01:00;-;-;-;-;0
18.04.2020;02:00;-;-;-;-;0
18.04.2020;03:00;-;-;-;-;0
18.04.2020;04:00;-;-;-;-;0
18.04.2020;05:00;-;-;-;-;0
18.04.2020;06:00;-;-;-;-;0
18.04.2020;07:00;-;-;-;-;0
18.04.2020;08:00;-;-;-;-;0
18.04.2020;09:00;-;-;-;-;0
18.04.2020;10:00;-;-;-;-;0
18.04.2020;11:00;-;-;-;-;0
18.04.2020;12:00;-;-;-;-;0
18.04.2020;13:00;-;-;-;-;0
18.04.2020;14:00;-;-;-;-;0
18.04.2020;15:00;-;-;-;-;0
18.04.2020;16:00;-;-;-;-;0
18.04.2020;17:00;-;-;-;-;0
18.04.2020;18:00;-;-;-;-;0
18.04.2020;19:00;-;-;-;-;0
18.04.2020;20:00;-;-;-;-;0
18.04.2020;21:00;-;-;-;-;0
18.04.2020;22:00;-;-;-;-;0
18.04.2020;23:00;-;-;-;-;0
19.04.2020;00:00;-;-;-;-;0
19.04.2020;01:00;-;-;-;-;0
19.04.2020;02:00;-;-;-;-;0
19.04.2020;03:00;-;-;-;-;0
19.04.2020;04:00;-;-;-;-;0
19.04.2020;05:00;-;-;-;-;0
19.04.2020;06:00;-;-;-;-;0
19.04.2020;07:00;-;-;-;-;0
19.04.2020;08:00;-;-;-;-;0
19.04.2020;09:00;-;-;-;-;0
19.04.2020;10:00;-;-;-;-;0
19.04.2020;11:00;-;-;-;-;0
19.04.2020;12:00;-;-;-;-;0
19.04.2020;13:00;-;-;-;-;0
19.04.2020;14:00;-;-;-;-;0
19.04.2020;15:00;-;-;-;-;0
19.04.2020;16:00;-;-;-;-;0
19.04.2020;17:00;-;-;-;-;0
19.04.2020;18:00;-;-;-;-;0
19.04.2020;19:00;-;-;-;-;0
19.04.2020;20:00;-;-;-;-;0
19.04.2020;21:00;-;-;-;-;0
19.04.2020;22:00;-;-;-;-;0
19.04.2020;23:00;-;-;-;-;0
20.04.2020;00:00;-;-;-;-;0
20.04.2020;01:00;-;-;-;-;0
20.04.2020;02:00;-;-;-;-;0
20.04.2020;03:00;-;-;-;-;0
20.04.2020;04:00;-;-;-;-;0
20.04.2020;05:00;-;-;-;-;0
20.04.2020;06:00;-;-;-;-;0
20.04.2020;07:00;-;-;-;-;0
20.04.2020;08:00;-;-;-;-;0
20.04.2020;09:00;-;-;-;-;0
20.04.2020;10:00;-;-;-;-;0
20.04.2020;11:00;-;-;-;-;0
20.04.2020;12:00;-;-;-;-;0
20.04.2020;13:00;-;-;-;-;0
20.04.2020;14:00;-;-;-;-;0
20.04.2020;15:00;-;-;-;-;0
20.04.2020;16:00;-;-;-;-;0
20.04.2020;17:00;-;-;-;-;0
20.04.2020;18:00;-;-;-;-;0
20.04.2020;19:00;-;-;-;-;0
20.04.2020;20:00;-;-;-;-;0
20.04.2020;21:00;-;-;-;-;0
20.04.2020;22:00;-;-;-;-;0
20.04.2020;23:00;-;-;-;-;0
21.04.2020;00:00;-;-;-;-;0
21.04.2020;01:00;-;-;-;-;0
21.04.2020;02:00;-;-;-;-;0
21.04.2020;03:00;-;-;-;-;0
21.04.2020;04:00;-;-;-;-;0
21.04.2020;05:00;-;-;-;-;0
21.04.2020;06:00;-;-;-;-;0
21.04.2020;07:00;-;-;-;-;0
21.04.2020;08:00;-;-;-;-;0
21.04.2020;09:00;-;-;-;-;0
21.04.2020;10:00;-;-;-;-;0
21.04.2020;11:00;-;-;-;-;0
21.04.2020;12:00;-;-;-;-;0
21.04.2020;13:00;-;-;-;-;0
21.04.2020;14:00;-;-;-;-;0
21.04.2020;15:00;-;-;-;-;0
21.04.2020;16:00;-;-;-;-;0
21.04.2020;17:00;-;-;-;-;0
21.04.2020;18:00;-;-;-;-;0
21.04.2020;19:00;-;-;-;-;0
21.04.2020;20:00;-;-;-;-;0
21.04.2020;21:00;-;-;-;-;0
21.04.2020;22:00;-;-;-;-;0
21.04.2020;23:00;-;-;-;-;0
22.04.2020;00:00;-;-;-;-;0
22.04.2020;01:00;-;-;-;-;0
22.04.2020;02:00;-;-;-;-;0
22.04.2020;03:00;-;-;-;-;0
22.04.2020;04:00;-;-;-;-;0
22.04.2020;05:00;-;-;-;-;0
22.04.2020;06:00;-;-;-;-;0
22.04.2020;07:00;-;-;-;-;0
22.04.2020;08:00;-;-;-;-;0
22.04.2020;09:00;-;-;-;-;0
22.04.2020;10:00;-;-;-;-;0
22.04.2020;11:00;-;-;-;-;0
22.04.2020;12:00;-;-;-;-;0
22.04.2020;13:00;-;-;-;-;0
22.04.2020;14:00;-;-;-;-;0
22.04.2020;15:00;-;-;-;-;0
22.04.2020;16:00;-;-;-;-;0
22.04.2020;17:00;-;-;-;-;0
22.04.2020;18:00;-;-;-;-;0
22.04.2020;19:00;-;-;-;-;0
22.04.2020;20:00;-;-;-;-;0
22.04.2020;21:00;-;-;-;-;0
22.04.2020;22:00;-;-;-;-;0
22.04.2020;23:00;-;-;-;-;0
23.04.2020;00:00;-;-;-;-;0
23.04.2020;01:00;-;-;-;-;0
23.04.2020;02:00;-;-;-;-;0
23.04.2020;03:00;-;-;-;-;0
23.04.2020;04:00;-;-;-;-;0
23.04.2020;05:00;-;-;-;-;0
23.04.2020;06:00;-;-;-;-;0
23.04.2020;07:00;-;-;-;-;0
23.04.2020;08:00;-;-;-;-;0
23.04.2020;09:00;-;-;-;-;0
23.04.2020;10:00;-;-;-;-;0
23.04.2020;11:00;-;-;-;-;0
23.04.2020;12:00;-;-;-;-;0
23.04.2020;13:00;-;-;-;-;0
23.04.2020;14:00;-;-;-;-;0
23.04.2020;15:00;-;-;-;-;0
23.04.2020;16:00;-;-;-;-;0
23.04.2020;17:00;-;-;-;-;0
23.04.2020;18:00;-;-;-;-;0
23.04.2020;19:00;-;-;-;-;0
23.04.2020;20:00;-;-;-;-;0
23.04.2020;21:00;-;-;-;-;0
23.04.2020;22:00;-;-;-;-;0
23.04.2020;23:00;-;-;-;-;0
24.04.2020;00:00;-;-;-;-;0
24.04.2020;01:00;-;-;-;-;0
24.04.2020;02:00;-;-;-;-;0
24.04.2020;03:00;-;-;-;-;0
24.04.2020;04:00;-;-;-;-;0
24.04.2020;05:00;-;-;-;-;0
24.04.2020;06:00;-;-;-;-;0
24.04.2020;07:00;-;-;-;-;0
24.04.2020;08:00;-;-;-;-;0
24.04.2020;09:00;-;-;-;-;0
24.04.2020;10:00;-;-;-;-;0
24.04.2020;11:00;-;-;-;-;0
24.04.2020;12:00;-;-;-;-;0
24.04.2020;13:00;-;-;-;-;0
24.04.2020;14:00;-;-;-;-;0
24.04.2020;15:00;-;-;-;-;0
24.04.2020;16:00;-;-;-;-;0
24.04.2020;17:00;-;-;-;-;0
24.04.2020;18:00;-;-;-;-;0
24.04.2020;19:00;-;-;-;-;0
24.04.2020;20:00;-;-;-;-;0
24.04.2020;21:00;-;-;-;-;0
24.04.2020;22:00;-;-;-;-;0
24.04.2020;23:00;-;-;-;-;0
25.04.2020;00:00;-;-;-;-;0
25.04.2020;01:00;-;-;-;-;0
25.04.2020;02:00;-;-;-;-;0
25.04.2020;03:00;-;-;-;-;0
25.04.2020;04:00;-;-;-;-;0
25.04.2020;05:00;-;-;-;-;0
25.04.2020;06:00;-;-;-;-;0
25.04.2020;07:00;-;-;-;-;0
25.04.2020;08:00;-;-;-;-;0
25.04.2020;09:00;-;-;-;-;0
25.04.2020;10:00;-;-;-;-;0
25.04.2020;11:00;-;-;-;-;0
25.04.2020;12:00;-;-;-;-;0
25.04.2020;13:00;-;-;-;-;0
25.04.2020;14:00;-;-;-;-;0
25.04.2020;15:00;-;-;-;-;0
25.04.2020;16:00;-;-;-;-;0
25.04.2020;17:00;-;-;-;-;0
25.04.2020;18:00;-;-;-;-;0
25.04.2020;19:00;-;-;-;-;0
25.04.2020;20:00;-;-;-;-;0
25.04.2020;21:00;-;-;-;-;0
25.04.2020;22:00;-;-;-;-;0
25.04.2020;23:00;-;-;-;-;0
26.04.2020;00:00;-;-;-;-;0
26.04.2020;01:00;-;-;-;-;0
26.04.2020;02:00;-;-;-;-;0
26.04.2020;03:00;-;-;-;-;0
26.04.2020;04:00;-;-;-;-;0
26.04.2020;05:00;-;-;-;-;0
26.04.2020;06:00;-;-;-;-;0
26.04.2020;07:00;-;-;-;-;0
26.04.2020;08:00;-;-;-;-;0
26.04.2020;09:00;-;-;-;-;0
26.04.2020;10:00;-;-;-;-;0
26.04.2020;11:00;-;-;-;-;0
26.04.2020;12:00;-;-;-;-;0
26.04.2020;13:00;-;-;-;-;0
26.04.2020;14:00;-;-;-;-;0
26.04.2020;15:00;-;-;-;-;0
26.04.2020;16:00;-;-;-;-;0
26.04.2020;17:00;-;-;-;-;0
26.04.2020;18:00;-;-;-;-;0
26.04.2020;19:00;-;-;-;-;0
26.04.2020;20:00;-;-;-;-;0
26.04.2020;21:00;-;-;-;-;0
26.04.2020;22:00;-;-;-;-;0
26.04.2020;23:00;-;-;-;-;0
27.04.2020;00:00;-;-;-;-;0
27.04.2020;01:00;-;-;-;-;0
27.04.2020;02:00;-;-;-;-;0
27.04.2020;03:00;-;-;-;-;0
27.04.2020;04:00;-;-;-;-;0
27.04.2020;05:00;-;-;-;-;0
27.04.2020;06:00;-;-;-;-;0
27.04.2020;07:00;-;-;-;-;0
27.04.2020;08:00;-;-;-;-;0
27.04.2020;09:00;-;-;-;-;0
27.04.2020;10:00;-;-;-;-;0
27.04.2020;11:00;-;-;-;-;0
27.04.2020;12:00;-;-;-;-;0
27.04.2020;13:00;-;-;-;-;0
27.04.2020;14:00;-;-;-;-;0
27.04.2020;15:00;-;-;-;-;0
27.04.2020;16:00;-;-;-;-;0
27.04.2020;17:00;-;-;-;-;0
27.04.2020;18:00;-;-;-;-;0
27.04.2020;19:00;-;-;-;-;0
27.04.2020;20:00;-;-;-;-;0
27.04.2020;21:00;-;-;-;-;0
27.04.2020;22:00;-;-;-;-;0
27.04.2020;23:00;-;-;-;-;0
28.04.2020;00:00;-;-;-;-;0
28.04.2020;01:00;-;-;-;-;0
28.04.2020;02:00;-;-;-;-;0
28.04.2020;03:00;-;-;-;-;0
28.04.2020;04:00;-;-;-;-;0
28.04.2020;05:00;-;-;-;-;0
28.04.2020;06:00;-;-;-;-;0
28.04.2020;07:00;-;-;-;-;0
28.04.2020;08:00;-;-;-;-;0
28.04.2020;09:00;-;-;-;-;0
28.04.2020;10:00;-;-;-;-;0
28.04.2020;11:00;-;-;-;-;0
28.04.2020;12:00;-;-;-;-;0
28.04.2020;13:00;-;-;-;-;0
28.04.2020;14:00;-;-;-;-;0
28.04.2020;15:00;-;-;-;-;0
28.04.2020;16:00;-;-;-;-;0
28.04.2020;17:00;-;-;-;-;0
28.04.2020;18:00;-;-;-;-;0
28.04.2020;19:00;-;-;-;-;0
28.04.2020;20:00;-;-;-;-;0
28.04.2020;21:00;-;-;-;-;0
28.04.2020;22:00;-;-;-;-;0
28.04.2020;23:00;-;-;-;-;0
29.04.2020;00:00;-;-;-;-;0
29.04.2020;01:00;-;-;-;-;0
29.04.2020;02:00;-;-;-;-;0
29.04.2020;03:00;-;-;-;-;0
29.04.2020;04:00;-;-;-;-;0
29.04.2020;05:00;-;-;-;-;0
29.04.2020;06:00;-;-;-;-;0
29.04.2020;07:00;-;-;-;-;0
29.04.2020;08:00;-;-;-;-;0
29.04.2020;09:00;-;-;-;-;0
29.04.2020;10:00;-;-;-;-;0
29.04.2020;11:00;-;-;-;-;0
29.04.2020;12:00;-;-;-;-;0
29.04.2020;13:00;-;-;-;-;0
29.04.2020;14:00;-;-;-;-;0
29.04.2020;15:00;-;-;-;-;0
29.04.2020;16:00;-;-;-;-;0
29.04.2020;17:00;-;-;-;-;0
29.04.2020;18:00;-;-;-;-;0
29.04.2020;19:00;-;-;-;-;0
29.04.2020;20:00;-;-;-;-;0
29.04.2020;21:00;-;-;-;-;0
29.04.2020;22:00;-;-;-;-;0
29.04.2020;23:00;-;-;-;-;0
30.04.2020;00:00;-;-;-;-;0
30.04.2020;01:00;-;-;-;-;0
30.04.2020;02:00;-;-;-;-;0
30.04.2020;03:00;-;-;-;-;0
30.04.2020;04:00;-;-;-;-;0
30.04.2020;05:00;-;-;-;-;0
30.04.2020;06:00;-;-;-;-;0
30.04.2020;07:00;-;-;-;-;7
30.04.2020;08:00;-;-;-;-;149
30.04.2020;09:00;-;-;-;-;228
30.04.2020;10:00;-;-;-;-;317
30.04.2020;11:00;-;-;-;-;479
30.04.2020;12:00;-;-;-;-;489
30.04.2020;13:00;-;-;-;-;489
30.04.2020;14:00;-;-;-;-;485
30.04.2020;15:00;-;-;-;-;480
30.04.2020;16:00;-;-;-;-;481
30.04.2020;17:00;-;-;-;-;487
30.04.2020;18:00;-;-;-;-;677
30.04.2020;19:00;-;-;-;-;782
30.04.2020;20:00;-;-;-;-;716
30.04.2020;21:00;-;-;-;-;412
30.04.2020;22:00;-;-;-;-;122
30.04.2020;23:00;-;-;-;-;0
