Datum;Uhrzeit;Generation_DE Witznau[MW]
01.01.2020;00:00;0
01.01.2020;01:00;0
01.01.2020;02:00;0
01.01.2020;03:00;0
01.01.2020;04:00;0
01.01.2020;05:00;0
01.01.2020;06:00;0
01.01.2020;07:00;0
01.01.2020;08:00;0
01.01.2020;09:00;0
01.01.2020;10:00;0
01.01.2020;11:00;0
01.01.2020;12:00;0
01.01.2020;13:00;0
01.01.2020;14:00;0
01.01.2020;15:00;0
01.01.2020;16:00;21
01.01.2020;17:00;56
01.01.2020;18:00;26
01.01.2020;19:00;36
01.01.2020;20:00;29
01.01.2020;21:00;44
01.01.2020;22:00;47
01.01.2020;23:00;25
02.01.2020;00:00;6
02.01.2020;01:00;8
02.01.2020;02:00;0
02.01.2020;03:00;0
02.01.2020;04:00;0
02.01.2020;05:00;0
02.01.2020;06:00;0
02.01.2020;07:00;10
02.01.2020;08:00;87
02.01.2020;09:00;79
02.01.2020;10:00;78
02.01.2020;11:00;74
02.01.2020;12:00;84
02.01.2020;13:00;90
02.01.2020;14:00;46
02.01.2020;15:00;35
02.01.2020;16:00;29
02.01.2020;17:00;8
02.01.2020;18:00;54
02.01.2020;19:00;39
02.01.2020;20:00;52
02.01.2020;21:00;31
02.01.2020;22:00;25
02.01.2020;23:00;28
03.01.2020;00:00;0
03.01.2020;01:00;0
03.01.2020;02:00;0
03.01.2020;03:00;0
03.01.2020;04:00;0
03.01.2020;05:00;0
03.01.2020;06:00;0
03.01.2020;07:00;0
03.01.2020;08:00;0
03.01.2020;09:00;0
03.01.2020;10:00;0
03.01.2020;11:00;0
03.01.2020;12:00;0
03.01.2020;13:00;0
03.01.2020;14:00;0
03.01.2020;15:00;0
03.01.2020;16:00;0
03.01.2020;17:00;25
03.01.2020;18:00;40
03.01.2020;19:00;31
03.01.2020;20:00;30
03.01.2020;21:00;29
03.01.2020;22:00;7
03.01.2020;23:00;3
04.01.2020;00:00;0
04.01.2020;01:00;0
04.01.2020;02:00;0
04.01.2020;03:00;0
04.01.2020;04:00;0
04.01.2020;05:00;0
04.01.2020;06:00;0
04.01.2020;07:00;0
04.01.2020;08:00;56
04.01.2020;09:00;77
04.01.2020;10:00;3
04.01.2020;11:00;1
04.01.2020;12:00;11
04.01.2020;13:00;49
04.01.2020;14:00;1
04.01.2020;15:00;0
04.01.2020;16:00;0
04.01.2020;17:00;0
04.01.2020;18:00;0
04.01.2020;19:00;0
04.01.2020;20:00;0
04.01.2020;21:00;0
04.01.2020;22:00;0
04.01.2020;23:00;0
05.01.2020;00:00;0
05.01.2020;01:00;0
05.01.2020;02:00;0
05.01.2020;03:00;0
05.01.2020;04:00;0
05.01.2020;05:00;0
05.01.2020;06:00;0
05.01.2020;07:00;0
05.01.2020;08:00;2
05.01.2020;09:00;15
05.01.2020;10:00;32
05.01.2020;11:00;33
05.01.2020;12:00;5
05.01.2020;13:00;0
05.01.2020;14:00;0
05.01.2020;15:00;0
05.01.2020;16:00;0
05.01.2020;17:00;0
05.01.2020;18:00;0
05.01.2020;19:00;0
05.01.2020;20:00;0
05.01.2020;21:00;0
05.01.2020;22:00;0
05.01.2020;23:00;0
06.01.2020;00:00;0
06.01.2020;01:00;0
06.01.2020;02:00;0
06.01.2020;03:00;0
06.01.2020;04:00;0
06.01.2020;05:00;0
06.01.2020;06:00;0
06.01.2020;07:00;0
06.01.2020;08:00;5
06.01.2020;09:00;32
06.01.2020;10:00;1
06.01.2020;11:00;0
06.01.2020;12:00;0
06.01.2020;13:00;1
06.01.2020;14:00;100
06.01.2020;15:00;81
06.01.2020;16:00;49
06.01.2020;17:00;96
06.01.2020;18:00;57
06.01.2020;19:00;77
06.01.2020;20:00;40
06.01.2020;21:00;6
06.01.2020;22:00;12
06.01.2020;23:00;0
07.01.2020;00:00;0
07.01.2020;01:00;0
07.01.2020;02:00;0
07.01.2020;03:00;0
07.01.2020;04:00;0
07.01.2020;05:00;0
07.01.2020;06:00;0
07.01.2020;07:00;0
07.01.2020;08:00;4
07.01.2020;09:00;73
07.01.2020;10:00;80
07.01.2020;11:00;64
07.01.2020;12:00;22
07.01.2020;13:00;0
07.01.2020;14:00;80
07.01.2020;15:00;150
07.01.2020;16:00;183
07.01.2020;17:00;183
07.01.2020;18:00;135
07.01.2020;19:00;41
07.01.2020;20:00;28
07.01.2020;21:00;0
07.01.2020;22:00;0
07.01.2020;23:00;0
08.01.2020;00:00;0
08.01.2020;01:00;0
08.01.2020;02:00;0
08.01.2020;03:00;0
08.01.2020;04:00;0
08.01.2020;05:00;0
08.01.2020;06:00;7
08.01.2020;07:00;145
08.01.2020;08:00;147
08.01.2020;09:00;172
08.01.2020;10:00;105
08.01.2020;11:00;54
08.01.2020;12:00;40
08.01.2020;13:00;59
08.01.2020;14:00;82
08.01.2020;15:00;100
08.01.2020;16:00;77
08.01.2020;17:00;70
08.01.2020;18:00;82
08.01.2020;19:00;9
08.01.2020;20:00;0
08.01.2020;21:00;0
08.01.2020;22:00;0
08.01.2020;23:00;0
09.01.2020;00:00;0
09.01.2020;01:00;0
09.01.2020;02:00;0
09.01.2020;03:00;0
09.01.2020;04:00;0
09.01.2020;05:00;0
09.01.2020;06:00;65
09.01.2020;07:00;41
09.01.2020;08:00;62
09.01.2020;09:00;0
09.01.2020;10:00;0
09.01.2020;11:00;0
09.01.2020;12:00;0
09.01.2020;13:00;0
09.01.2020;14:00;0
09.01.2020;15:00;0
09.01.2020;16:00;0
09.01.2020;17:00;0
09.01.2020;18:00;0
09.01.2020;19:00;0
09.01.2020;20:00;0
09.01.2020;21:00;0
09.01.2020;22:00;0
09.01.2020;23:00;0
10.01.2020;00:00;0
10.01.2020;01:00;0
10.01.2020;02:00;0
10.01.2020;03:00;0
10.01.2020;04:00;0
10.01.2020;05:00;0
10.01.2020;06:00;0
10.01.2020;07:00;0
10.01.2020;08:00;0
10.01.2020;09:00;0
10.01.2020;10:00;0
10.01.2020;11:00;0
10.01.2020;12:00;0
10.01.2020;13:00;0
10.01.2020;14:00;0
10.01.2020;15:00;0
10.01.2020;16:00;0
10.01.2020;17:00;0
10.01.2020;18:00;0
10.01.2020;19:00;0
10.01.2020;20:00;0
10.01.2020;21:00;0
10.01.2020;22:00;0
10.01.2020;23:00;0
11.01.2020;00:00;0
11.01.2020;01:00;0
11.01.2020;02:00;0
11.01.2020;03:00;0
11.01.2020;04:00;0
11.01.2020;05:00;0
11.01.2020;06:00;0
11.01.2020;07:00;0
11.01.2020;08:00;0
11.01.2020;09:00;0
11.01.2020;10:00;0
11.01.2020;11:00;0
11.01.2020;12:00;0
11.01.2020;13:00;0
11.01.2020;14:00;0
11.01.2020;15:00;0
11.01.2020;16:00;0
11.01.2020;17:00;0
11.01.2020;18:00;0
11.01.2020;19:00;57
11.01.2020;20:00;43
11.01.2020;21:00;15
11.01.2020;22:00;0
11.01.2020;23:00;0
12.01.2020;00:00;0
12.01.2020;01:00;0
12.01.2020;02:00;0
12.01.2020;03:00;0
12.01.2020;04:00;0
12.01.2020;05:00;0
12.01.2020;06:00;0
12.01.2020;07:00;0
12.01.2020;08:00;0
12.01.2020;09:00;0
12.01.2020;10:00;0
12.01.2020;11:00;0
12.01.2020;12:00;0
12.01.2020;13:00;0
12.01.2020;14:00;0
12.01.2020;15:00;0
12.01.2020;16:00;0
12.01.2020;17:00;0
12.01.2020;18:00;0
12.01.2020;19:00;0
12.01.2020;20:00;0
12.01.2020;21:00;0
12.01.2020;22:00;0
12.01.2020;23:00;0
13.01.2020;00:00;0
13.01.2020;01:00;0
13.01.2020;02:00;0
13.01.2020;03:00;0
13.01.2020;04:00;0
13.01.2020;05:00;0
13.01.2020;06:00;15
13.01.2020;07:00;91
13.01.2020;08:00;107
13.01.2020;09:00;107
13.01.2020;10:00;104
13.01.2020;11:00;83
13.01.2020;12:00;74
13.01.2020;13:00;9
13.01.2020;14:00;0
13.01.2020;15:00;94
13.01.2020;16:00;102
13.01.2020;17:00;91
13.01.2020;18:00;97
13.01.2020;19:00;48
13.01.2020;20:00;14
13.01.2020;21:00;0
13.01.2020;22:00;0
13.01.2020;23:00;0
14.01.2020;00:00;0
14.01.2020;01:00;0
14.01.2020;02:00;0
14.01.2020;03:00;0
14.01.2020;04:00;0
14.01.2020;05:00;0
14.01.2020;06:00;0
14.01.2020;07:00;0
14.01.2020;08:00;4
14.01.2020;09:00;0
14.01.2020;10:00;0
14.01.2020;11:00;0
14.01.2020;12:00;0
14.01.2020;13:00;0
14.01.2020;14:00;0
14.01.2020;15:00;0
14.01.2020;16:00;0
14.01.2020;17:00;0
14.01.2020;18:00;0
14.01.2020;19:00;0
14.01.2020;20:00;0
14.01.2020;21:00;0
14.01.2020;22:00;0
14.01.2020;23:00;0
15.01.2020;00:00;0
15.01.2020;01:00;0
15.01.2020;02:00;0
15.01.2020;03:00;0
15.01.2020;04:00;0
15.01.2020;05:00;0
15.01.2020;06:00;0
15.01.2020;07:00;31
15.01.2020;08:00;94
15.01.2020;09:00;46
15.01.2020;10:00;0
15.01.2020;11:00;0
15.01.2020;12:00;0
15.01.2020;13:00;0
15.01.2020;14:00;0
15.01.2020;15:00;71
15.01.2020;16:00;78
15.01.2020;17:00;49
15.01.2020;18:00;67
15.01.2020;19:00;19
15.01.2020;20:00;7
15.01.2020;21:00;0
15.01.2020;22:00;0
15.01.2020;23:00;0
16.01.2020;00:00;0
16.01.2020;01:00;0
16.01.2020;02:00;0
16.01.2020;03:00;0
16.01.2020;04:00;0
16.01.2020;05:00;0
16.01.2020;06:00;0
16.01.2020;07:00;23
16.01.2020;08:00;104
16.01.2020;09:00;72
16.01.2020;10:00;0
16.01.2020;11:00;0
16.01.2020;12:00;0
16.01.2020;13:00;0
16.01.2020;14:00;0
16.01.2020;15:00;27
16.01.2020;16:00;63
16.01.2020;17:00;49
16.01.2020;18:00;47
16.01.2020;19:00;30
16.01.2020;20:00;0
16.01.2020;21:00;0
16.01.2020;22:00;0
16.01.2020;23:00;0
17.01.2020;00:00;0
17.01.2020;01:00;0
17.01.2020;02:00;0
17.01.2020;03:00;0
17.01.2020;04:00;0
17.01.2020;05:00;0
17.01.2020;06:00;0
17.01.2020;07:00;1
17.01.2020;08:00;69
17.01.2020;09:00;12
17.01.2020;10:00;0
17.01.2020;11:00;0
17.01.2020;12:00;0
17.01.2020;13:00;0
17.01.2020;14:00;0
17.01.2020;15:00;0
17.01.2020;16:00;0
17.01.2020;17:00;15
17.01.2020;18:00;27
17.01.2020;19:00;0
17.01.2020;20:00;0
17.01.2020;21:00;0
17.01.2020;22:00;0
17.01.2020;23:00;0
18.01.2020;00:00;0
18.01.2020;01:00;0
18.01.2020;02:00;0
18.01.2020;03:00;0
18.01.2020;04:00;0
18.01.2020;05:00;0
18.01.2020;06:00;0
18.01.2020;07:00;0
18.01.2020;08:00;0
18.01.2020;09:00;0
18.01.2020;10:00;0
18.01.2020;11:00;0
18.01.2020;12:00;0
18.01.2020;13:00;0
18.01.2020;14:00;0
18.01.2020;15:00;47
18.01.2020;16:00;76
18.01.2020;17:00;86
18.01.2020;18:00;82
18.01.2020;19:00;1
18.01.2020;20:00;18
18.01.2020;21:00;0
18.01.2020;22:00;0
18.01.2020;23:00;0
19.01.2020;00:00;0
19.01.2020;01:00;0
19.01.2020;02:00;0
19.01.2020;03:00;0
19.01.2020;04:00;0
19.01.2020;05:00;0
19.01.2020;06:00;0
19.01.2020;07:00;0
19.01.2020;08:00;0
19.01.2020;09:00;0
19.01.2020;10:00;0
19.01.2020;11:00;24
19.01.2020;12:00;44
19.01.2020;13:00;8
19.01.2020;14:00;0
19.01.2020;15:00;0
19.01.2020;16:00;19
19.01.2020;17:00;91
19.01.2020;18:00;34
19.01.2020;19:00;10
19.01.2020;20:00;11
19.01.2020;21:00;0
19.01.2020;22:00;0
19.01.2020;23:00;0
20.01.2020;00:00;0
20.01.2020;01:00;0
20.01.2020;02:00;0
20.01.2020;03:00;0
20.01.2020;04:00;0
20.01.2020;05:00;0
20.01.2020;06:00;0
20.01.2020;07:00;90
20.01.2020;08:00;159
20.01.2020;09:00;62
20.01.2020;10:00;25
20.01.2020;11:00;0
20.01.2020;12:00;0
20.01.2020;13:00;0
20.01.2020;14:00;0
20.01.2020;15:00;0
20.01.2020;16:00;0
20.01.2020;17:00;93
20.01.2020;18:00;170
20.01.2020;19:00;105
20.01.2020;20:00;48
20.01.2020;21:00;0
20.01.2020;22:00;0
20.01.2020;23:00;0
21.01.2020;00:00;0
21.01.2020;01:00;0
21.01.2020;02:00;0
21.01.2020;03:00;0
21.01.2020;04:00;0
21.01.2020;05:00;0
21.01.2020;06:00;0
21.01.2020;07:00;140
21.01.2020;08:00;175
21.01.2020;09:00;141
21.01.2020;10:00;31
21.01.2020;11:00;0
21.01.2020;12:00;0
21.01.2020;13:00;0
21.01.2020;14:00;0
21.01.2020;15:00;7
21.01.2020;16:00;80
21.01.2020;17:00;105
21.01.2020;18:00;102
21.01.2020;19:00;98
21.01.2020;20:00;55
21.01.2020;21:00;10
21.01.2020;22:00;0
21.01.2020;23:00;0
22.01.2020;00:00;0
22.01.2020;01:00;0
22.01.2020;02:00;0
22.01.2020;03:00;0
22.01.2020;04:00;0
22.01.2020;05:00;0
22.01.2020;06:00;18
22.01.2020;07:00;110
22.01.2020;08:00;94
22.01.2020;09:00;94
22.01.2020;10:00;84
22.01.2020;11:00;80
22.01.2020;12:00;33
22.01.2020;13:00;0
22.01.2020;14:00;23
22.01.2020;15:00;37
22.01.2020;16:00;79
22.01.2020;17:00;94
22.01.2020;18:00;92
22.01.2020;19:00;85
22.01.2020;20:00;43
22.01.2020;21:00;0
22.01.2020;22:00;0
22.01.2020;23:00;0
23.01.2020;00:00;0
23.01.2020;01:00;0
23.01.2020;02:00;0
23.01.2020;03:00;0
23.01.2020;04:00;0
23.01.2020;05:00;0
23.01.2020;06:00;0
23.01.2020;07:00;70
23.01.2020;08:00;86
23.01.2020;09:00;86
23.01.2020;10:00;78
23.01.2020;11:00;72
23.01.2020;12:00;17
23.01.2020;13:00;18
23.01.2020;14:00;35
23.01.2020;15:00;66
23.01.2020;16:00;54
23.01.2020;17:00;94
23.01.2020;18:00;94
23.01.2020;19:00;65
23.01.2020;20:00;50
23.01.2020;21:00;27
23.01.2020;22:00;0
23.01.2020;23:00;0
24.01.2020;00:00;0
24.01.2020;01:00;0
24.01.2020;02:00;0
24.01.2020;03:00;0
24.01.2020;04:00;0
24.01.2020;05:00;0
24.01.2020;06:00;29
24.01.2020;07:00;81
24.01.2020;08:00;111
24.01.2020;09:00;97
24.01.2020;10:00;96
24.01.2020;11:00;93
24.01.2020;12:00;59
24.01.2020;13:00;5
24.01.2020;14:00;3
24.01.2020;15:00;29
24.01.2020;16:00;28
24.01.2020;17:00;57
24.01.2020;18:00;71
24.01.2020;19:00;40
24.01.2020;20:00;21
24.01.2020;21:00;0
24.01.2020;22:00;0
24.01.2020;23:00;0
25.01.2020;00:00;0
25.01.2020;01:00;0
25.01.2020;02:00;0
25.01.2020;03:00;0
25.01.2020;04:00;0
25.01.2020;05:00;0
25.01.2020;06:00;0
25.01.2020;07:00;0
25.01.2020;08:00;0
25.01.2020;09:00;104
25.01.2020;10:00;99
25.01.2020;11:00;90
25.01.2020;12:00;18
25.01.2020;13:00;47
25.01.2020;14:00;43
25.01.2020;15:00;40
25.01.2020;16:00;41
25.01.2020;17:00;93
25.01.2020;18:00;80
25.01.2020;19:00;29
25.01.2020;20:00;0
25.01.2020;21:00;0
25.01.2020;22:00;0
25.01.2020;23:00;0
26.01.2020;00:00;0
26.01.2020;01:00;0
26.01.2020;02:00;0
26.01.2020;03:00;0
26.01.2020;04:00;0
26.01.2020;05:00;0
26.01.2020;06:00;0
26.01.2020;07:00;0
26.01.2020;08:00;1
26.01.2020;09:00;84
26.01.2020;10:00;7
26.01.2020;11:00;19
26.01.2020;12:00;0
26.01.2020;13:00;0
26.01.2020;14:00;0
26.01.2020;15:00;0
26.01.2020;16:00;11
26.01.2020;17:00;45
26.01.2020;18:00;52
26.01.2020;19:00;25
26.01.2020;20:00;42
26.01.2020;21:00;0
26.01.2020;22:00;0
26.01.2020;23:00;0
27.01.2020;00:00;0
27.01.2020;01:00;0
27.01.2020;02:00;0
27.01.2020;03:00;0
27.01.2020;04:00;0
27.01.2020;05:00;0
27.01.2020;06:00;0
27.01.2020;07:00;9
27.01.2020;08:00;38
27.01.2020;09:00;14
27.01.2020;10:00;0
27.01.2020;11:00;0
27.01.2020;12:00;0
27.01.2020;13:00;0
27.01.2020;14:00;0
27.01.2020;15:00;0
27.01.2020;16:00;0
27.01.2020;17:00;0
27.01.2020;18:00;0
27.01.2020;19:00;0
27.01.2020;20:00;0
27.01.2020;21:00;0
27.01.2020;22:00;0
27.01.2020;23:00;0
28.01.2020;00:00;0
28.01.2020;01:00;0
28.01.2020;02:00;0
28.01.2020;03:00;0
28.01.2020;04:00;0
28.01.2020;05:00;0
28.01.2020;06:00;0
28.01.2020;07:00;0
28.01.2020;08:00;0
28.01.2020;09:00;0
28.01.2020;10:00;4
28.01.2020;11:00;10
28.01.2020;12:00;40
28.01.2020;13:00;0
28.01.2020;14:00;0
28.01.2020;15:00;0
28.01.2020;16:00;0
28.01.2020;17:00;0
28.01.2020;18:00;0
28.01.2020;19:00;0
28.01.2020;20:00;0
28.01.2020;21:00;0
28.01.2020;22:00;0
28.01.2020;23:00;0
29.01.2020;00:00;0
29.01.2020;01:00;0
29.01.2020;02:00;0
29.01.2020;03:00;0
29.01.2020;04:00;0
29.01.2020;05:00;26
29.01.2020;06:00;6
29.01.2020;07:00;2
29.01.2020;08:00;0
29.01.2020;09:00;0
29.01.2020;10:00;0
29.01.2020;11:00;0
29.01.2020;12:00;0
29.01.2020;13:00;0
29.01.2020;14:00;0
29.01.2020;15:00;0
29.01.2020;16:00;0
29.01.2020;17:00;0
29.01.2020;18:00;0
29.01.2020;19:00;0
29.01.2020;20:00;0
29.01.2020;21:00;0
29.01.2020;22:00;0
29.01.2020;23:00;0
30.01.2020;00:00;0
30.01.2020;01:00;0
30.01.2020;02:00;0
30.01.2020;03:00;0
30.01.2020;04:00;0
30.01.2020;05:00;0
30.01.2020;06:00;0
30.01.2020;07:00;0
30.01.2020;08:00;0
30.01.2020;09:00;0
30.01.2020;10:00;0
30.01.2020;11:00;0
30.01.2020;12:00;0
30.01.2020;13:00;0
30.01.2020;14:00;9
30.01.2020;15:00;21
30.01.2020;16:00;0
30.01.2020;17:00;54
30.01.2020;18:00;0
30.01.2020;19:00;0
30.01.2020;20:00;0
30.01.2020;21:00;0
30.01.2020;22:00;0
30.01.2020;23:00;0
31.01.2020;00:00;0
31.01.2020;01:00;0
31.01.2020;02:00;0
31.01.2020;03:00;0
31.01.2020;04:00;0
31.01.2020;05:00;0
31.01.2020;06:00;0
31.01.2020;07:00;46
31.01.2020;08:00;55
31.01.2020;09:00;25
31.01.2020;10:00;0
31.01.2020;11:00;0
31.01.2020;12:00;0
31.01.2020;13:00;0
31.01.2020;14:00;0
31.01.2020;15:00;0
31.01.2020;16:00;39
31.01.2020;17:00;107
31.01.2020;18:00;52
31.01.2020;19:00;0
31.01.2020;20:00;0
31.01.2020;21:00;0
31.01.2020;22:00;0
31.01.2020;23:00;0
01.02.2020;00:00;0
01.02.2020;01:00;0
01.02.2020;02:00;0
01.02.2020;03:00;0
01.02.2020;04:00;0
01.02.2020;05:00;0
01.02.2020;06:00;0
01.02.2020;07:00;0
01.02.2020;08:00;0
01.02.2020;09:00;0
01.02.2020;10:00;0
01.02.2020;11:00;0
01.02.2020;12:00;0
01.02.2020;13:00;0
01.02.2020;14:00;0
01.02.2020;15:00;0
01.02.2020;16:00;0
01.02.2020;17:00;21
01.02.2020;18:00;35
01.02.2020;19:00;16
01.02.2020;20:00;0
01.02.2020;21:00;0
01.02.2020;22:00;0
01.02.2020;23:00;0
02.02.2020;00:00;0
02.02.2020;01:00;0
02.02.2020;02:00;0
02.02.2020;03:00;0
02.02.2020;04:00;0
02.02.2020;05:00;0
02.02.2020;06:00;0
02.02.2020;07:00;0
02.02.2020;08:00;0
02.02.2020;09:00;0
02.02.2020;10:00;0
02.02.2020;11:00;69
02.02.2020;12:00;83
02.02.2020;13:00;20
02.02.2020;14:00;38
02.02.2020;15:00;106
02.02.2020;16:00;105
02.02.2020;17:00;94
02.02.2020;18:00;109
02.02.2020;19:00;18
02.02.2020;20:00;28
02.02.2020;21:00;18
02.02.2020;22:00;10
02.02.2020;23:00;0
03.02.2020;00:00;0
03.02.2020;01:00;0
03.02.2020;02:00;0
03.02.2020;03:00;0
03.02.2020;04:00;0
03.02.2020;05:00;0
03.02.2020;06:00;0
03.02.2020;07:00;32
03.02.2020;08:00;81
03.02.2020;09:00;75
03.02.2020;10:00;73
03.02.2020;11:00;76
03.02.2020;12:00;77
03.02.2020;13:00;79
03.02.2020;14:00;93
03.02.2020;15:00;83
03.02.2020;16:00;85
03.02.2020;17:00;76
03.02.2020;18:00;75
03.02.2020;19:00;74
03.02.2020;20:00;75
03.02.2020;21:00;73
03.02.2020;22:00;76
03.02.2020;23:00;47
04.02.2020;00:00;30
04.02.2020;01:00;27
04.02.2020;02:00;22
04.02.2020;03:00;0
04.02.2020;04:00;0
04.02.2020;05:00;0
04.02.2020;06:00;0
04.02.2020;07:00;70
04.02.2020;08:00;80
04.02.2020;09:00;70
04.02.2020;10:00;69
04.02.2020;11:00;53
04.02.2020;12:00;25
04.02.2020;13:00;29
04.02.2020;14:00;49
04.02.2020;15:00;62
04.02.2020;16:00;71
04.02.2020;17:00;75
04.02.2020;18:00;78
04.02.2020;19:00;64
04.02.2020;20:00;38
04.02.2020;21:00;0
04.02.2020;22:00;3
04.02.2020;23:00;2
05.02.2020;00:00;0
05.02.2020;01:00;0
05.02.2020;02:00;0
05.02.2020;03:00;0
05.02.2020;04:00;0
05.02.2020;05:00;0
05.02.2020;06:00;0
05.02.2020;07:00;64
05.02.2020;08:00;101
05.02.2020;09:00;96
05.02.2020;10:00;63
05.02.2020;11:00;39
05.02.2020;12:00;37
05.02.2020;13:00;12
05.02.2020;14:00;0
05.02.2020;15:00;17
05.02.2020;16:00;67
05.02.2020;17:00;107
05.02.2020;18:00;108
05.02.2020;19:00;72
05.02.2020;20:00;4
05.02.2020;21:00;91
05.02.2020;22:00;52
05.02.2020;23:00;26
06.02.2020;00:00;0
06.02.2020;01:00;0
06.02.2020;02:00;0
06.02.2020;03:00;0
06.02.2020;04:00;0
06.02.2020;05:00;0
06.02.2020;06:00;0
06.02.2020;07:00;78
06.02.2020;08:00;107
06.02.2020;09:00;96
06.02.2020;10:00;93
06.02.2020;11:00;88
06.02.2020;12:00;9
06.02.2020;13:00;0
06.02.2020;14:00;0
06.02.2020;15:00;2
06.02.2020;16:00;41
06.02.2020;17:00;69
06.02.2020;18:00;89
06.02.2020;19:00;93
06.02.2020;20:00;80
06.02.2020;21:00;46
06.02.2020;22:00;0
06.02.2020;23:00;0
07.02.2020;00:00;0
07.02.2020;01:00;0
07.02.2020;02:00;0
07.02.2020;03:00;0
07.02.2020;04:00;0
07.02.2020;05:00;0
07.02.2020;06:00;60
07.02.2020;07:00;92
07.02.2020;08:00;96
07.02.2020;09:00;92
07.02.2020;10:00;97
07.02.2020;11:00;57
07.02.2020;12:00;0
07.02.2020;13:00;0
07.02.2020;14:00;0
07.02.2020;15:00;0
07.02.2020;16:00;0
07.02.2020;17:00;0
07.02.2020;18:00;0
07.02.2020;19:00;0
07.02.2020;20:00;0
07.02.2020;21:00;0
07.02.2020;22:00;0
07.02.2020;23:00;0
08.02.2020;00:00;0
08.02.2020;01:00;0
08.02.2020;02:00;0
08.02.2020;03:00;0
08.02.2020;04:00;0
08.02.2020;05:00;0
08.02.2020;06:00;0
08.02.2020;07:00;14
08.02.2020;08:00;57
08.02.2020;09:00;77
08.02.2020;10:00;107
08.02.2020;11:00;94
08.02.2020;12:00;11
08.02.2020;13:00;32
08.02.2020;14:00;43
08.02.2020;15:00;48
08.02.2020;16:00;67
08.02.2020;17:00;16
08.02.2020;18:00;1
08.02.2020;19:00;78
08.02.2020;20:00;17
08.02.2020;21:00;0
08.02.2020;22:00;0
08.02.2020;23:00;0
09.02.2020;00:00;0
09.02.2020;01:00;0
09.02.2020;02:00;0
09.02.2020;03:00;0
09.02.2020;04:00;0
09.02.2020;05:00;0
09.02.2020;06:00;0
09.02.2020;07:00;0
09.02.2020;08:00;0
09.02.2020;09:00;0
09.02.2020;10:00;0
09.02.2020;11:00;0
09.02.2020;12:00;0
09.02.2020;13:00;0
09.02.2020;14:00;0
09.02.2020;15:00;0
09.02.2020;16:00;0
09.02.2020;17:00;0
09.02.2020;18:00;0
09.02.2020;19:00;18
09.02.2020;20:00;31
09.02.2020;21:00;20
09.02.2020;22:00;49
09.02.2020;23:00;32
10.02.2020;00:00;36
10.02.2020;01:00;6
10.02.2020;02:00;0
10.02.2020;03:00;0
10.02.2020;04:00;0
10.02.2020;05:00;0
10.02.2020;06:00;20
10.02.2020;07:00;11
10.02.2020;08:00;10
10.02.2020;09:00;0
10.02.2020;10:00;0
10.02.2020;11:00;0
10.02.2020;12:00;0
10.02.2020;13:00;0
10.02.2020;14:00;0
10.02.2020;15:00;0
10.02.2020;16:00;44
10.02.2020;17:00;68
10.02.2020;18:00;69
10.02.2020;19:00;67
10.02.2020;20:00;65
10.02.2020;21:00;49
10.02.2020;22:00;16
10.02.2020;23:00;0
11.02.2020;00:00;0
11.02.2020;01:00;0
11.02.2020;02:00;0
11.02.2020;03:00;0
11.02.2020;04:00;0
11.02.2020;05:00;0
11.02.2020;06:00;0
11.02.2020;07:00;2
11.02.2020;08:00;39
11.02.2020;09:00;23
11.02.2020;10:00;0
11.02.2020;11:00;0
11.02.2020;12:00;0
11.02.2020;13:00;29
11.02.2020;14:00;24
11.02.2020;15:00;13
11.02.2020;16:00;50
11.02.2020;17:00;96
11.02.2020;18:00;98
11.02.2020;19:00;47
11.02.2020;20:00;0
11.02.2020;21:00;0
11.02.2020;22:00;0
11.02.2020;23:00;0
12.02.2020;00:00;0
12.02.2020;01:00;0
12.02.2020;02:00;0
12.02.2020;03:00;0
12.02.2020;04:00;0
12.02.2020;05:00;0
12.02.2020;06:00;44
12.02.2020;07:00;101
12.02.2020;08:00;1
12.02.2020;09:00;0
12.02.2020;10:00;0
12.02.2020;11:00;0
12.02.2020;12:00;0
12.02.2020;13:00;0
12.02.2020;14:00;0
12.02.2020;15:00;0
12.02.2020;16:00;0
12.02.2020;17:00;0
12.02.2020;18:00;76
12.02.2020;19:00;62
12.02.2020;20:00;38
12.02.2020;21:00;0
12.02.2020;22:00;0
12.02.2020;23:00;0
13.02.2020;00:00;0
13.02.2020;01:00;0
13.02.2020;02:00;0
13.02.2020;03:00;0
13.02.2020;04:00;0
13.02.2020;05:00;0
13.02.2020;06:00;24
13.02.2020;07:00;65
13.02.2020;08:00;3
13.02.2020;09:00;0
13.02.2020;10:00;0
13.02.2020;11:00;0
13.02.2020;12:00;0
13.02.2020;13:00;0
13.02.2020;14:00;0
13.02.2020;15:00;10
13.02.2020;16:00;70
13.02.2020;17:00;94
13.02.2020;18:00;17
13.02.2020;19:00;103
13.02.2020;20:00;46
13.02.2020;21:00;37
13.02.2020;22:00;2
13.02.2020;23:00;0
14.02.2020;00:00;0
14.02.2020;01:00;0
14.02.2020;02:00;0
14.02.2020;03:00;0
14.02.2020;04:00;0
14.02.2020;05:00;0
14.02.2020;06:00;48
14.02.2020;07:00;70
14.02.2020;08:00;83
14.02.2020;09:00;85
14.02.2020;10:00;74
14.02.2020;11:00;23
14.02.2020;12:00;58
14.02.2020;13:00;90
14.02.2020;14:00;77
14.02.2020;15:00;1
14.02.2020;16:00;0
14.02.2020;17:00;0
14.02.2020;18:00;10
14.02.2020;19:00;15
14.02.2020;20:00;0
14.02.2020;21:00;0
14.02.2020;22:00;0
14.02.2020;23:00;0
15.02.2020;00:00;0
15.02.2020;01:00;0
15.02.2020;02:00;0
15.02.2020;03:00;0
15.02.2020;04:00;0
15.02.2020;05:00;0
15.02.2020;06:00;0
15.02.2020;07:00;44
15.02.2020;08:00;30
15.02.2020;09:00;0
15.02.2020;10:00;0
15.02.2020;11:00;0
15.02.2020;12:00;0
15.02.2020;13:00;0
15.02.2020;14:00;0
15.02.2020;15:00;0
15.02.2020;16:00;0
15.02.2020;17:00;0
15.02.2020;18:00;0
15.02.2020;19:00;0
15.02.2020;20:00;0
15.02.2020;21:00;0
15.02.2020;22:00;0
15.02.2020;23:00;0
16.02.2020;00:00;0
16.02.2020;01:00;0
16.02.2020;02:00;0
16.02.2020;03:00;0
16.02.2020;04:00;0
16.02.2020;05:00;0
16.02.2020;06:00;0
16.02.2020;07:00;0
16.02.2020;08:00;0
16.02.2020;09:00;0
16.02.2020;10:00;0
16.02.2020;11:00;0
16.02.2020;12:00;0
16.02.2020;13:00;0
16.02.2020;14:00;0
16.02.2020;15:00;0
16.02.2020;16:00;0
16.02.2020;17:00;0
16.02.2020;18:00;0
16.02.2020;19:00;0
16.02.2020;20:00;0
16.02.2020;21:00;0
16.02.2020;22:00;0
16.02.2020;23:00;0
17.02.2020;00:00;0
17.02.2020;01:00;0
17.02.2020;02:00;0
17.02.2020;03:00;0
17.02.2020;04:00;0
17.02.2020;05:00;0
17.02.2020;06:00;13
17.02.2020;07:00;34
17.02.2020;08:00;47
17.02.2020;09:00;22
17.02.2020;10:00;28
17.02.2020;11:00;16
17.02.2020;12:00;51
17.02.2020;13:00;37
17.02.2020;14:00;77
17.02.2020;15:00;80
17.02.2020;16:00;74
17.02.2020;17:00;48
17.02.2020;18:00;65
17.02.2020;19:00;30
17.02.2020;20:00;0
17.02.2020;21:00;10
17.02.2020;22:00;27
17.02.2020;23:00;19
18.02.2020;00:00;14
18.02.2020;01:00;9
18.02.2020;02:00;14
18.02.2020;03:00;14
18.02.2020;04:00;18
18.02.2020;05:00;17
18.02.2020;06:00;45
18.02.2020;07:00;51
18.02.2020;08:00;15
18.02.2020;09:00;0
18.02.2020;10:00;0
18.02.2020;11:00;7
18.02.2020;12:00;18
18.02.2020;13:00;1
18.02.2020;14:00;0
18.02.2020;15:00;34
18.02.2020;16:00;40
18.02.2020;17:00;56
18.02.2020;18:00;85
18.02.2020;19:00;63
18.02.2020;20:00;0
18.02.2020;21:00;0
18.02.2020;22:00;0
18.02.2020;23:00;39
19.02.2020;00:00;14
19.02.2020;01:00;0
19.02.2020;02:00;0
19.02.2020;03:00;0
19.02.2020;04:00;0
19.02.2020;05:00;0
19.02.2020;06:00;30
19.02.2020;07:00;7
19.02.2020;08:00;43
19.02.2020;09:00;29
19.02.2020;10:00;57
19.02.2020;11:00;24
19.02.2020;12:00;6
19.02.2020;13:00;22
19.02.2020;14:00;0
19.02.2020;15:00;0
19.02.2020;16:00;42
19.02.2020;17:00;46
19.02.2020;18:00;101
19.02.2020;19:00;99
19.02.2020;20:00;83
19.02.2020;21:00;50
19.02.2020;22:00;86
19.02.2020;23:00;90
20.02.2020;00:00;20
20.02.2020;01:00;14
20.02.2020;02:00;35
20.02.2020;03:00;16
20.02.2020;04:00;19
20.02.2020;05:00;13
20.02.2020;06:00;29
20.02.2020;07:00;37
20.02.2020;08:00;77
20.02.2020;09:00;74
20.02.2020;10:00;67
20.02.2020;11:00;31
20.02.2020;12:00;25
20.02.2020;13:00;22
20.02.2020;14:00;68
20.02.2020;15:00;49
20.02.2020;16:00;64
20.02.2020;17:00;45
20.02.2020;18:00;54
20.02.2020;19:00;37
20.02.2020;20:00;0
20.02.2020;21:00;0
20.02.2020;22:00;0
20.02.2020;23:00;0
21.02.2020;00:00;1
21.02.2020;01:00;83
21.02.2020;02:00;83
21.02.2020;03:00;71
21.02.2020;04:00;83
21.02.2020;05:00;67
21.02.2020;06:00;58
21.02.2020;07:00;57
21.02.2020;08:00;16
21.02.2020;09:00;0
21.02.2020;10:00;0
21.02.2020;11:00;0
21.02.2020;12:00;0
21.02.2020;13:00;0
21.02.2020;14:00;0
21.02.2020;15:00;0
21.02.2020;16:00;33
21.02.2020;17:00;100
21.02.2020;18:00;67
21.02.2020;19:00;46
21.02.2020;20:00;18
21.02.2020;21:00;13
21.02.2020;22:00;6
21.02.2020;23:00;2
22.02.2020;00:00;0
22.02.2020;01:00;0
22.02.2020;02:00;0
22.02.2020;03:00;0
22.02.2020;04:00;0
22.02.2020;05:00;0
22.02.2020;06:00;0
22.02.2020;07:00;0
22.02.2020;08:00;0
22.02.2020;09:00;0
22.02.2020;10:00;0
22.02.2020;11:00;0
22.02.2020;12:00;0
22.02.2020;13:00;0
22.02.2020;14:00;0
22.02.2020;15:00;0
22.02.2020;16:00;0
22.02.2020;17:00;0
22.02.2020;18:00;0
22.02.2020;19:00;0
22.02.2020;20:00;0
22.02.2020;21:00;0
22.02.2020;22:00;0
22.02.2020;23:00;0
23.02.2020;00:00;0
23.02.2020;01:00;0
23.02.2020;02:00;0
23.02.2020;03:00;0
23.02.2020;04:00;0
23.02.2020;05:00;0
23.02.2020;06:00;0
23.02.2020;07:00;0
23.02.2020;08:00;25
23.02.2020;09:00;46
23.02.2020;10:00;54
23.02.2020;11:00;88
23.02.2020;12:00;99
23.02.2020;13:00;43
23.02.2020;14:00;0
23.02.2020;15:00;0
23.02.2020;16:00;0
23.02.2020;17:00;0
23.02.2020;18:00;0
23.02.2020;19:00;0
23.02.2020;20:00;0
23.02.2020;21:00;0
23.02.2020;22:00;0
23.02.2020;23:00;0
24.02.2020;00:00;0
24.02.2020;01:00;0
24.02.2020;02:00;0
24.02.2020;03:00;0
24.02.2020;04:00;0
24.02.2020;05:00;9
24.02.2020;06:00;34
24.02.2020;07:00;27
24.02.2020;08:00;75
24.02.2020;09:00;58
24.02.2020;10:00;51
24.02.2020;11:00;45
24.02.2020;12:00;35
24.02.2020;13:00;22
24.02.2020;14:00;0
24.02.2020;15:00;0
24.02.2020;16:00;0
24.02.2020;17:00;1
24.02.2020;18:00;53
24.02.2020;19:00;20
24.02.2020;20:00;32
24.02.2020;21:00;0
24.02.2020;22:00;0
24.02.2020;23:00;0
25.02.2020;00:00;0
25.02.2020;01:00;0
25.02.2020;02:00;0
25.02.2020;03:00;0
25.02.2020;04:00;0
25.02.2020;05:00;0
25.02.2020;06:00;23
25.02.2020;07:00;75
25.02.2020;08:00;73
25.02.2020;09:00;33
25.02.2020;10:00;52
25.02.2020;11:00;78
25.02.2020;12:00;70
25.02.2020;13:00;40
25.02.2020;14:00;24
25.02.2020;15:00;49
25.02.2020;16:00;51
25.02.2020;17:00;76
25.02.2020;18:00;76
25.02.2020;19:00;56
25.02.2020;20:00;42
25.02.2020;21:00;0
25.02.2020;22:00;0
25.02.2020;23:00;0
26.02.2020;00:00;0
26.02.2020;01:00;0
26.02.2020;02:00;0
26.02.2020;03:00;0
26.02.2020;04:00;0
26.02.2020;05:00;0
26.02.2020;06:00;63
26.02.2020;07:00;82
26.02.2020;08:00;69
26.02.2020;09:00;85
26.02.2020;10:00;80
26.02.2020;11:00;65
26.02.2020;12:00;87
26.02.2020;13:00;60
26.02.2020;14:00;38
26.02.2020;15:00;70
26.02.2020;16:00;72
26.02.2020;17:00;49
26.02.2020;18:00;87
26.02.2020;19:00;67
26.02.2020;20:00;32
26.02.2020;21:00;0
26.02.2020;22:00;0
26.02.2020;23:00;0
27.02.2020;00:00;0
27.02.2020;01:00;0
27.02.2020;02:00;0
27.02.2020;03:00;0
27.02.2020;04:00;0
27.02.2020;05:00;0
27.02.2020;06:00;57
27.02.2020;07:00;94
27.02.2020;08:00;93
27.02.2020;09:00;92
27.02.2020;10:00;75
27.02.2020;11:00;78
27.02.2020;12:00;78
27.02.2020;13:00;78
27.02.2020;14:00;76
27.02.2020;15:00;26
27.02.2020;16:00;53
27.02.2020;17:00;81
27.02.2020;18:00;85
27.02.2020;19:00;44
27.02.2020;20:00;0
27.02.2020;21:00;0
27.02.2020;22:00;0
27.02.2020;23:00;0
28.02.2020;00:00;0
28.02.2020;01:00;0
28.02.2020;02:00;0
28.02.2020;03:00;0
28.02.2020;04:00;0
28.02.2020;05:00;0
28.02.2020;06:00;61
28.02.2020;07:00;83
28.02.2020;08:00;50
28.02.2020;09:00;4
28.02.2020;10:00;24
28.02.2020;11:00;0
28.02.2020;12:00;0
28.02.2020;13:00;0
28.02.2020;14:00;0
28.02.2020;15:00;0
28.02.2020;16:00;49
28.02.2020;17:00;99
28.02.2020;18:00;93
28.02.2020;19:00;1
28.02.2020;20:00;0
28.02.2020;21:00;0
28.02.2020;22:00;0
28.02.2020;23:00;0
29.02.2020;00:00;0
29.02.2020;01:00;0
29.02.2020;02:00;0
29.02.2020;03:00;0
29.02.2020;04:00;0
29.02.2020;05:00;0
29.02.2020;06:00;0
29.02.2020;07:00;0
29.02.2020;08:00;0
29.02.2020;09:00;0
29.02.2020;10:00;0
29.02.2020;11:00;0
29.02.2020;12:00;0
29.02.2020;13:00;0
29.02.2020;14:00;0
29.02.2020;15:00;0
29.02.2020;16:00;0
29.02.2020;17:00;0
29.02.2020;18:00;0
29.02.2020;19:00;0
29.02.2020;20:00;0
29.02.2020;21:00;0
29.02.2020;22:00;0
29.02.2020;23:00;0
01.03.2020;00:00;0
01.03.2020;01:00;0
01.03.2020;02:00;0
01.03.2020;03:00;0
01.03.2020;04:00;0
01.03.2020;05:00;0
01.03.2020;06:00;0
01.03.2020;07:00;0
01.03.2020;08:00;0
01.03.2020;09:00;0
01.03.2020;10:00;0
01.03.2020;11:00;0
01.03.2020;12:00;0
01.03.2020;13:00;0
01.03.2020;14:00;0
01.03.2020;15:00;0
01.03.2020;16:00;38
01.03.2020;17:00;69
01.03.2020;18:00;41
01.03.2020;19:00;59
01.03.2020;20:00;22
01.03.2020;21:00;0
01.03.2020;22:00;0
01.03.2020;23:00;0
02.03.2020;00:00;0
02.03.2020;01:00;0
02.03.2020;02:00;0
02.03.2020;03:00;0
02.03.2020;04:00;0
02.03.2020;05:00;0
02.03.2020;06:00;72
02.03.2020;07:00;112
02.03.2020;08:00;91
02.03.2020;09:00;87
02.03.2020;10:00;89
02.03.2020;11:00;33
02.03.2020;12:00;33
02.03.2020;13:00;32
02.03.2020;14:00;13
02.03.2020;15:00;7
02.03.2020;16:00;57
02.03.2020;17:00;71
02.03.2020;18:00;102
02.03.2020;19:00;62
02.03.2020;20:00;0
02.03.2020;21:00;0
02.03.2020;22:00;0
02.03.2020;23:00;0
03.03.2020;00:00;0
03.03.2020;01:00;0
03.03.2020;02:00;0
03.03.2020;03:00;0
03.03.2020;04:00;0
03.03.2020;05:00;0
03.03.2020;06:00;21
03.03.2020;07:00;93
03.03.2020;08:00;81
03.03.2020;09:00;77
03.03.2020;10:00;77
03.03.2020;11:00;79
03.03.2020;12:00;36
03.03.2020;13:00;6
03.03.2020;14:00;18
03.03.2020;15:00;18
03.03.2020;16:00;47
03.03.2020;17:00;55
03.03.2020;18:00;48
03.03.2020;19:00;67
03.03.2020;20:00;11
03.03.2020;21:00;11
03.03.2020;22:00;0
03.03.2020;23:00;0
04.03.2020;00:00;0
04.03.2020;01:00;0
04.03.2020;02:00;0
04.03.2020;03:00;0
04.03.2020;04:00;0
04.03.2020;05:00;0
04.03.2020;06:00;20
04.03.2020;07:00;48
04.03.2020;08:00;107
04.03.2020;09:00;105
04.03.2020;10:00;34
04.03.2020;11:00;105
04.03.2020;12:00;61
04.03.2020;13:00;89
04.03.2020;14:00;87
04.03.2020;15:00;82
04.03.2020;16:00;71
04.03.2020;17:00;59
04.03.2020;18:00;77
04.03.2020;19:00;69
04.03.2020;20:00;68
04.03.2020;21:00;48
04.03.2020;22:00;0
04.03.2020;23:00;0
05.03.2020;00:00;0
05.03.2020;01:00;0
05.03.2020;02:00;0
05.03.2020;03:00;0
05.03.2020;04:00;0
05.03.2020;05:00;0
05.03.2020;06:00;41
05.03.2020;07:00;64
05.03.2020;08:00;55
05.03.2020;09:00;59
05.03.2020;10:00;55
05.03.2020;11:00;15
05.03.2020;12:00;37
05.03.2020;13:00;11
05.03.2020;14:00;0
05.03.2020;15:00;0
05.03.2020;16:00;13
05.03.2020;17:00;51
05.03.2020;18:00;93
05.03.2020;19:00;44
05.03.2020;20:00;0
05.03.2020;21:00;0
05.03.2020;22:00;0
05.03.2020;23:00;0
06.03.2020;00:00;0
06.03.2020;01:00;0
06.03.2020;02:00;0
06.03.2020;03:00;0
06.03.2020;04:00;0
06.03.2020;05:00;0
06.03.2020;06:00;14
06.03.2020;07:00;88
06.03.2020;08:00;95
06.03.2020;09:00;83
06.03.2020;10:00;38
06.03.2020;11:00;18
06.03.2020;12:00;104
06.03.2020;13:00;100
06.03.2020;14:00;65
06.03.2020;15:00;95
06.03.2020;16:00;52
06.03.2020;17:00;64
06.03.2020;18:00;74
06.03.2020;19:00;25
06.03.2020;20:00;48
06.03.2020;21:00;26
06.03.2020;22:00;31
06.03.2020;23:00;31
07.03.2020;00:00;14
07.03.2020;01:00;8
07.03.2020;02:00;13
07.03.2020;03:00;8
07.03.2020;04:00;18
07.03.2020;05:00;7
07.03.2020;06:00;13
07.03.2020;07:00;13
07.03.2020;08:00;10
07.03.2020;09:00;7
07.03.2020;10:00;4
07.03.2020;11:00;0
07.03.2020;12:00;0
07.03.2020;13:00;0
07.03.2020;14:00;0
07.03.2020;15:00;0
07.03.2020;16:00;0
07.03.2020;17:00;29
07.03.2020;18:00;68
07.03.2020;19:00;38
07.03.2020;20:00;0
07.03.2020;21:00;0
07.03.2020;22:00;0
07.03.2020;23:00;0
08.03.2020;00:00;0
08.03.2020;01:00;0
08.03.2020;02:00;0
08.03.2020;03:00;0
08.03.2020;04:00;0
08.03.2020;05:00;0
08.03.2020;06:00;0
08.03.2020;07:00;0
08.03.2020;08:00;0
08.03.2020;09:00;0
08.03.2020;10:00;0
08.03.2020;11:00;0
08.03.2020;12:00;0
08.03.2020;13:00;0
08.03.2020;14:00;0
08.03.2020;15:00;0
08.03.2020;16:00;0
08.03.2020;17:00;0
08.03.2020;18:00;9
08.03.2020;19:00;56
08.03.2020;20:00;56
08.03.2020;21:00;54
08.03.2020;22:00;42
08.03.2020;23:00;48
09.03.2020;00:00;13
09.03.2020;01:00;0
09.03.2020;02:00;0
09.03.2020;03:00;0
09.03.2020;04:00;0
09.03.2020;05:00;30
09.03.2020;06:00;62
09.03.2020;07:00;109
09.03.2020;08:00;99
09.03.2020;09:00;93
09.03.2020;10:00;57
09.03.2020;11:00;15
09.03.2020;12:00;34
09.03.2020;13:00;28
09.03.2020;14:00;21
09.03.2020;15:00;9
09.03.2020;16:00;36
09.03.2020;17:00;48
09.03.2020;18:00;97
09.03.2020;19:00;97
09.03.2020;20:00;36
09.03.2020;21:00;0
09.03.2020;22:00;0
09.03.2020;23:00;0
10.03.2020;00:00;0
10.03.2020;01:00;0
10.03.2020;02:00;0
10.03.2020;03:00;0
10.03.2020;04:00;0
10.03.2020;05:00;0
10.03.2020;06:00;0
10.03.2020;07:00;0
10.03.2020;08:00;38
10.03.2020;09:00;74
10.03.2020;10:00;64
10.03.2020;11:00;68
10.03.2020;12:00;84
10.03.2020;13:00;17
10.03.2020;14:00;64
10.03.2020;15:00;19
10.03.2020;16:00;24
10.03.2020;17:00;17
10.03.2020;18:00;5
10.03.2020;19:00;0
10.03.2020;20:00;0
10.03.2020;21:00;0
10.03.2020;22:00;40
10.03.2020;23:00;17
11.03.2020;00:00;0
11.03.2020;01:00;0
11.03.2020;02:00;0
11.03.2020;03:00;0
11.03.2020;04:00;0
11.03.2020;05:00;0
11.03.2020;06:00;59
11.03.2020;07:00;73
11.03.2020;08:00;14
11.03.2020;09:00;0
11.03.2020;10:00;0
11.03.2020;11:00;0
11.03.2020;12:00;21
11.03.2020;13:00;79
11.03.2020;14:00;43
11.03.2020;15:00;73
11.03.2020;16:00;89
11.03.2020;17:00;94
11.03.2020;18:00;99
11.03.2020;19:00;58
11.03.2020;20:00;42
11.03.2020;21:00;62
11.03.2020;22:00;56
11.03.2020;23:00;59
12.03.2020;00:00;8
12.03.2020;01:00;0
12.03.2020;02:00;0
12.03.2020;03:00;0
12.03.2020;04:00;0
12.03.2020;05:00;0
12.03.2020;06:00;17
12.03.2020;07:00;37
12.03.2020;08:00;24
12.03.2020;09:00;28
12.03.2020;10:00;7
12.03.2020;11:00;0
12.03.2020;12:00;0
12.03.2020;13:00;0
12.03.2020;14:00;0
12.03.2020;15:00;25
12.03.2020;16:00;50
12.03.2020;17:00;70
12.03.2020;18:00;107
12.03.2020;19:00;107
12.03.2020;20:00;93
12.03.2020;21:00;29
12.03.2020;22:00;0
12.03.2020;23:00;0
13.03.2020;00:00;0
13.03.2020;01:00;0
13.03.2020;02:00;0
13.03.2020;03:00;0
13.03.2020;04:00;0
13.03.2020;05:00;0
13.03.2020;06:00;57
13.03.2020;07:00;83
13.03.2020;08:00;78
13.03.2020;09:00;33
13.03.2020;10:00;0
13.03.2020;11:00;53
13.03.2020;12:00;0
13.03.2020;13:00;0
13.03.2020;14:00;0
13.03.2020;15:00;19
13.03.2020;16:00;79
13.03.2020;17:00;58
13.03.2020;18:00;53
13.03.2020;19:00;99
13.03.2020;20:00;102
13.03.2020;21:00;83
13.03.2020;22:00;89
13.03.2020;23:00;90
14.03.2020;00:00;74
14.03.2020;01:00;45
14.03.2020;02:00;32
14.03.2020;03:00;5
14.03.2020;04:00;4
14.03.2020;05:00;2
14.03.2020;06:00;0
14.03.2020;07:00;24
14.03.2020;08:00;55
14.03.2020;09:00;79
14.03.2020;10:00;61
14.03.2020;11:00;0
14.03.2020;12:00;0
14.03.2020;13:00;37
14.03.2020;14:00;27
14.03.2020;15:00;76
14.03.2020;16:00;65
14.03.2020;17:00;70
14.03.2020;18:00;105
14.03.2020;19:00;94
14.03.2020;20:00;72
14.03.2020;21:00;100
14.03.2020;22:00;29
14.03.2020;23:00;24
15.03.2020;00:00;0
15.03.2020;01:00;0
15.03.2020;02:00;0
15.03.2020;03:00;0
15.03.2020;04:00;0
15.03.2020;05:00;0
15.03.2020;06:00;0
15.03.2020;07:00;0
15.03.2020;08:00;0
15.03.2020;09:00;0
15.03.2020;10:00;0
15.03.2020;11:00;0
15.03.2020;12:00;0
15.03.2020;13:00;0
15.03.2020;14:00;0
15.03.2020;15:00;0
15.03.2020;16:00;0
15.03.2020;17:00;45
15.03.2020;18:00;104
15.03.2020;19:00;17
15.03.2020;20:00;0
15.03.2020;21:00;0
15.03.2020;22:00;0
15.03.2020;23:00;0
16.03.2020;00:00;0
16.03.2020;01:00;0
16.03.2020;02:00;0
16.03.2020;03:00;0
16.03.2020;04:00;0
16.03.2020;05:00;0
16.03.2020;06:00;34
16.03.2020;07:00;91
16.03.2020;08:00;60
16.03.2020;09:00;13
16.03.2020;10:00;0
16.03.2020;11:00;0
16.03.2020;12:00;19
16.03.2020;13:00;49
16.03.2020;14:00;0
16.03.2020;15:00;0
16.03.2020;16:00;0
16.03.2020;17:00;60
16.03.2020;18:00;101
16.03.2020;19:00;104
16.03.2020;20:00;107
16.03.2020;21:00;96
16.03.2020;22:00;69
16.03.2020;23:00;17
17.03.2020;00:00;0
17.03.2020;01:00;0
17.03.2020;02:00;0
17.03.2020;03:00;0
17.03.2020;04:00;0
17.03.2020;05:00;0
17.03.2020;06:00;0
17.03.2020;07:00;5
17.03.2020;08:00;100
17.03.2020;09:00;64
17.03.2020;10:00;75
17.03.2020;11:00;74
17.03.2020;12:00;41
17.03.2020;13:00;59
17.03.2020;14:00;82
17.03.2020;15:00;79
17.03.2020;16:00;49
17.03.2020;17:00;69
17.03.2020;18:00;74
17.03.2020;19:00;79
17.03.2020;20:00;42
17.03.2020;21:00;0
17.03.2020;22:00;0
17.03.2020;23:00;0
18.03.2020;00:00;14
18.03.2020;01:00;26
18.03.2020;02:00;18
18.03.2020;03:00;65
18.03.2020;04:00;34
18.03.2020;05:00;7
18.03.2020;06:00;35
18.03.2020;07:00;65
18.03.2020;08:00;0
18.03.2020;09:00;0
18.03.2020;10:00;0
18.03.2020;11:00;7
18.03.2020;12:00;13
18.03.2020;13:00;1
18.03.2020;14:00;0
18.03.2020;15:00;0
18.03.2020;16:00;0
18.03.2020;17:00;75
18.03.2020;18:00;73
18.03.2020;19:00;107
18.03.2020;20:00;107
18.03.2020;21:00;107
18.03.2020;22:00;99
18.03.2020;23:00;100
19.03.2020;00:00;50
19.03.2020;01:00;2
19.03.2020;02:00;0
19.03.2020;03:00;0
19.03.2020;04:00;0
19.03.2020;05:00;0
19.03.2020;06:00;115
19.03.2020;07:00;109
19.03.2020;08:00;14
19.03.2020;09:00;0
19.03.2020;10:00;0
19.03.2020;11:00;0
19.03.2020;12:00;0
19.03.2020;13:00;0
19.03.2020;14:00;0
19.03.2020;15:00;0
19.03.2020;16:00;0
19.03.2020;17:00;0
19.03.2020;18:00;0
19.03.2020;19:00;69
19.03.2020;20:00;84
19.03.2020;21:00;81
19.03.2020;22:00;85
19.03.2020;23:00;22
20.03.2020;00:00;0
20.03.2020;01:00;0
20.03.2020;02:00;0
20.03.2020;03:00;0
20.03.2020;04:00;33
20.03.2020;05:00;80
20.03.2020;06:00;79
20.03.2020;07:00;104
20.03.2020;08:00;104
20.03.2020;09:00;86
20.03.2020;10:00;46
20.03.2020;11:00;77
20.03.2020;12:00;82
20.03.2020;13:00;57
20.03.2020;14:00;10
20.03.2020;15:00;13
20.03.2020;16:00;13
20.03.2020;17:00;36
20.03.2020;18:00;55
20.03.2020;19:00;29
20.03.2020;20:00;13
20.03.2020;21:00;34
20.03.2020;22:00;0
20.03.2020;23:00;0
21.03.2020;00:00;0
21.03.2020;01:00;0
21.03.2020;02:00;0
21.03.2020;03:00;0
21.03.2020;04:00;0
21.03.2020;05:00;0
21.03.2020;06:00;0
21.03.2020;07:00;49
21.03.2020;08:00;24
21.03.2020;09:00;11
21.03.2020;10:00;50
21.03.2020;11:00;61
21.03.2020;12:00;64
21.03.2020;13:00;14
21.03.2020;14:00;42
21.03.2020;15:00;39
21.03.2020;16:00;18
21.03.2020;17:00;28
21.03.2020;18:00;46
21.03.2020;19:00;75
21.03.2020;20:00;86
21.03.2020;21:00;56
21.03.2020;22:00;26
21.03.2020;23:00;0
22.03.2020;00:00;0
22.03.2020;01:00;0
22.03.2020;02:00;0
22.03.2020;03:00;0
22.03.2020;04:00;0
22.03.2020;05:00;0
22.03.2020;06:00;0
22.03.2020;07:00;0
22.03.2020;08:00;0
22.03.2020;09:00;0
22.03.2020;10:00;0
22.03.2020;11:00;0
22.03.2020;12:00;0
22.03.2020;13:00;0
22.03.2020;14:00;0
22.03.2020;15:00;0
22.03.2020;16:00;0
22.03.2020;17:00;0
22.03.2020;18:00;0
22.03.2020;19:00;0
22.03.2020;20:00;4
22.03.2020;21:00;13
22.03.2020;22:00;41
22.03.2020;23:00;35
23.03.2020;00:00;3
23.03.2020;01:00;0
23.03.2020;02:00;0
23.03.2020;03:00;0
23.03.2020;04:00;0
23.03.2020;05:00;0
23.03.2020;06:00;0
23.03.2020;07:00;0
23.03.2020;08:00;0
23.03.2020;09:00;0
23.03.2020;10:00;0
23.03.2020;11:00;0
23.03.2020;12:00;0
23.03.2020;13:00;0
23.03.2020;14:00;0
23.03.2020;15:00;0
23.03.2020;16:00;0
23.03.2020;17:00;1
23.03.2020;18:00;86
23.03.2020;19:00;93
23.03.2020;20:00;50
23.03.2020;21:00;0
23.03.2020;22:00;0
23.03.2020;23:00;0
24.03.2020;00:00;0
24.03.2020;01:00;0
24.03.2020;02:00;0
24.03.2020;03:00;0
24.03.2020;04:00;0
24.03.2020;05:00;0
24.03.2020;06:00;0
24.03.2020;07:00;40
24.03.2020;08:00;184
24.03.2020;09:00;128
24.03.2020;10:00;1
24.03.2020;11:00;143
24.03.2020;12:00;30
24.03.2020;13:00;0
24.03.2020;14:00;0
24.03.2020;15:00;55
24.03.2020;16:00;122
24.03.2020;17:00;81
24.03.2020;18:00;106
24.03.2020;19:00;73
24.03.2020;20:00;60
24.03.2020;21:00;7
24.03.2020;22:00;23
24.03.2020;23:00;0
25.03.2020;00:00;0
25.03.2020;01:00;0
25.03.2020;02:00;0
25.03.2020;03:00;0
25.03.2020;04:00;0
25.03.2020;05:00;0
25.03.2020;06:00;33
25.03.2020;07:00;101
25.03.2020;08:00;70
25.03.2020;09:00;12
25.03.2020;10:00;0
25.03.2020;11:00;54
25.03.2020;12:00;14
25.03.2020;13:00;0
25.03.2020;14:00;0
25.03.2020;15:00;0
25.03.2020;16:00;0
25.03.2020;17:00;24
25.03.2020;18:00;68
25.03.2020;19:00;33
25.03.2020;20:00;29
25.03.2020;21:00;0
25.03.2020;22:00;20
25.03.2020;23:00;14
26.03.2020;00:00;0
26.03.2020;01:00;0
26.03.2020;02:00;0
26.03.2020;03:00;0
26.03.2020;04:00;0
26.03.2020;05:00;0
26.03.2020;06:00;0
26.03.2020;07:00;41
26.03.2020;08:00;60
26.03.2020;09:00;41
26.03.2020;10:00;70
26.03.2020;11:00;64
26.03.2020;12:00;21
26.03.2020;13:00;16
26.03.2020;14:00;57
26.03.2020;15:00;35
26.03.2020;16:00;43
26.03.2020;17:00;28
26.03.2020;18:00;65
26.03.2020;19:00;82
26.03.2020;20:00;34
26.03.2020;21:00;0
26.03.2020;22:00;0
26.03.2020;23:00;0
27.03.2020;00:00;0
27.03.2020;01:00;0
27.03.2020;02:00;0
27.03.2020;03:00;0
27.03.2020;04:00;0
27.03.2020;05:00;0
27.03.2020;06:00;15
27.03.2020;07:00;28
27.03.2020;08:00;24
27.03.2020;09:00;59
27.03.2020;10:00;23
27.03.2020;11:00;28
27.03.2020;12:00;18
27.03.2020;13:00;18
27.03.2020;14:00;46
27.03.2020;15:00;37
27.03.2020;16:00;51
27.03.2020;17:00;13
27.03.2020;18:00;75
27.03.2020;19:00;58
27.03.2020;20:00;29
27.03.2020;21:00;0
27.03.2020;22:00;0
27.03.2020;23:00;0
28.03.2020;00:00;0
28.03.2020;01:00;0
28.03.2020;02:00;0
28.03.2020;03:00;0
28.03.2020;04:00;0
28.03.2020;05:00;0
28.03.2020;06:00;0
28.03.2020;07:00;33
28.03.2020;08:00;0
28.03.2020;09:00;0
28.03.2020;10:00;0
28.03.2020;11:00;0
28.03.2020;12:00;0
28.03.2020;13:00;0
28.03.2020;14:00;0
28.03.2020;15:00;0
28.03.2020;16:00;0
28.03.2020;17:00;0
28.03.2020;18:00;4
28.03.2020;19:00;48
28.03.2020;20:00;36
28.03.2020;21:00;26
28.03.2020;22:00;42
28.03.2020;23:00;26
29.03.2020;00:00;21
29.03.2020;01:00;1
29.03.2020;03:00;0
29.03.2020;04:00;0
29.03.2020;05:00;0
29.03.2020;06:00;0
29.03.2020;07:00;0
29.03.2020;08:00;0
29.03.2020;09:00;0
29.03.2020;10:00;0
29.03.2020;11:00;0
29.03.2020;12:00;44
29.03.2020;13:00;0
29.03.2020;14:00;23
29.03.2020;15:00;3
29.03.2020;16:00;0
29.03.2020;17:00;27
29.03.2020;18:00;53
29.03.2020;19:00;1
29.03.2020;20:00;0
29.03.2020;21:00;0
29.03.2020;22:00;0
29.03.2020;23:00;0
30.03.2020;00:00;0
30.03.2020;01:00;0
30.03.2020;02:00;0
30.03.2020;03:00;0
30.03.2020;04:00;0
30.03.2020;05:00;0
30.03.2020;06:00;86
30.03.2020;07:00;76
30.03.2020;08:00;157
30.03.2020;09:00;133
30.03.2020;10:00;179
30.03.2020;11:00;1
30.03.2020;12:00;0
30.03.2020;13:00;0
30.03.2020;14:00;2
30.03.2020;15:00;18
30.03.2020;16:00;0
30.03.2020;17:00;48
30.03.2020;18:00;65
30.03.2020;19:00;99
30.03.2020;20:00;102
30.03.2020;21:00;105
30.03.2020;22:00;102
30.03.2020;23:00;85
31.03.2020;00:00;0
31.03.2020;01:00;0
31.03.2020;02:00;0
31.03.2020;03:00;0
31.03.2020;04:00;0
31.03.2020;05:00;20
31.03.2020;06:00;85
31.03.2020;07:00;111
31.03.2020;08:00;148
31.03.2020;09:00;134
31.03.2020;10:00;16
31.03.2020;11:00;0
31.03.2020;12:00;30
31.03.2020;13:00;4
31.03.2020;14:00;0
31.03.2020;15:00;0
31.03.2020;16:00;0
31.03.2020;17:00;0
31.03.2020;18:00;0
31.03.2020;19:00;0
31.03.2020;20:00;0
31.03.2020;21:00;0
31.03.2020;22:00;24
31.03.2020;23:00;0
01.04.2020;00:00;0
01.04.2020;01:00;0
01.04.2020;02:00;10
01.04.2020;03:00;13
01.04.2020;04:00;0
01.04.2020;05:00;25
01.04.2020;06:00;46
01.04.2020;07:00;69
01.04.2020;08:00;93
01.04.2020;09:00;48
01.04.2020;10:00;34
01.04.2020;11:00;14
01.04.2020;12:00;15
01.04.2020;13:00;21
01.04.2020;14:00;44
01.04.2020;15:00;27
01.04.2020;16:00;28
01.04.2020;17:00;27
01.04.2020;18:00;60
01.04.2020;19:00;103
01.04.2020;20:00;103
01.04.2020;21:00;99
01.04.2020;22:00;76
01.04.2020;23:00;0
02.04.2020;00:00;0
02.04.2020;01:00;0
02.04.2020;02:00;0
02.04.2020;03:00;0
02.04.2020;04:00;0
02.04.2020;05:00;0
02.04.2020;06:00;14
02.04.2020;07:00;95
02.04.2020;08:00;78
02.04.2020;09:00;32
02.04.2020;10:00;60
02.04.2020;11:00;60
02.04.2020;12:00;3
02.04.2020;13:00;0
02.04.2020;14:00;0
02.04.2020;15:00;0
02.04.2020;16:00;0
02.04.2020;17:00;0
02.04.2020;18:00;0
02.04.2020;19:00;0
02.04.2020;20:00;0
02.04.2020;21:00;0
02.04.2020;22:00;0
02.04.2020;23:00;0
03.04.2020;00:00;0
03.04.2020;01:00;0
03.04.2020;02:00;0
03.04.2020;03:00;0
03.04.2020;04:00;0
03.04.2020;05:00;0
03.04.2020;06:00;0
03.04.2020;07:00;0
03.04.2020;08:00;0
03.04.2020;09:00;0
03.04.2020;10:00;0
03.04.2020;11:00;0
03.04.2020;12:00;0
03.04.2020;13:00;0
03.04.2020;14:00;0
03.04.2020;15:00;0
03.04.2020;16:00;0
03.04.2020;17:00;0
03.04.2020;18:00;0
03.04.2020;19:00;0
03.04.2020;20:00;61
03.04.2020;21:00;0
03.04.2020;22:00;0
03.04.2020;23:00;0
04.04.2020;00:00;0
04.04.2020;01:00;0
04.04.2020;02:00;0
04.04.2020;03:00;0
04.04.2020;04:00;0
04.04.2020;05:00;0
04.04.2020;06:00;0
04.04.2020;07:00;0
04.04.2020;08:00;0
04.04.2020;09:00;0
04.04.2020;10:00;0
04.04.2020;11:00;0
04.04.2020;12:00;0
04.04.2020;13:00;0
04.04.2020;14:00;0
04.04.2020;15:00;0
04.04.2020;16:00;0
04.04.2020;17:00;0
04.04.2020;18:00;27
04.04.2020;19:00;97
04.04.2020;20:00;92
04.04.2020;21:00;35
04.04.2020;22:00;57
04.04.2020;23:00;0
05.04.2020;00:00;0
05.04.2020;01:00;0
05.04.2020;02:00;0
05.04.2020;03:00;0
05.04.2020;04:00;0
05.04.2020;05:00;0
05.04.2020;06:00;0
05.04.2020;07:00;0
05.04.2020;08:00;0
05.04.2020;09:00;0
05.04.2020;10:00;0
05.04.2020;11:00;0
05.04.2020;12:00;0
05.04.2020;13:00;0
05.04.2020;14:00;0
05.04.2020;15:00;0
05.04.2020;16:00;0
05.04.2020;17:00;0
05.04.2020;18:00;9
05.04.2020;19:00;114
05.04.2020;20:00;56
05.04.2020;21:00;33
05.04.2020;22:00;4
05.04.2020;23:00;0
06.04.2020;00:00;0
06.04.2020;01:00;0
06.04.2020;02:00;0
06.04.2020;03:00;0
06.04.2020;04:00;0
06.04.2020;05:00;0
06.04.2020;06:00;0
06.04.2020;07:00;0
06.04.2020;08:00;0
06.04.2020;09:00;0
06.04.2020;10:00;0
06.04.2020;11:00;0
06.04.2020;12:00;0
06.04.2020;13:00;0
06.04.2020;14:00;0
06.04.2020;15:00;0
06.04.2020;16:00;0
06.04.2020;17:00;0
06.04.2020;18:00;15
06.04.2020;19:00;75
06.04.2020;20:00;45
06.04.2020;21:00;0
06.04.2020;22:00;0
06.04.2020;23:00;0
07.04.2020;00:00;0
07.04.2020;01:00;0
07.04.2020;02:00;0
07.04.2020;03:00;0
07.04.2020;04:00;0
07.04.2020;05:00;0
07.04.2020;06:00;0
07.04.2020;07:00;0
07.04.2020;08:00;0
07.04.2020;09:00;0
07.04.2020;10:00;0
07.04.2020;11:00;0
07.04.2020;12:00;0
07.04.2020;13:00;0
07.04.2020;14:00;0
07.04.2020;15:00;0
07.04.2020;16:00;0
07.04.2020;17:00;0
07.04.2020;18:00;0
07.04.2020;19:00;0
07.04.2020;20:00;0
07.04.2020;21:00;0
07.04.2020;22:00;0
07.04.2020;23:00;0
08.04.2020;00:00;0
08.04.2020;01:00;0
08.04.2020;02:00;0
08.04.2020;03:00;0
08.04.2020;04:00;0
08.04.2020;05:00;0
08.04.2020;06:00;0
08.04.2020;07:00;0
08.04.2020;08:00;0
08.04.2020;09:00;0
08.04.2020;10:00;0
08.04.2020;11:00;0
08.04.2020;12:00;0
08.04.2020;13:00;0
08.04.2020;14:00;0
08.04.2020;15:00;0
08.04.2020;16:00;0
08.04.2020;17:00;0
08.04.2020;18:00;0
08.04.2020;19:00;0
08.04.2020;20:00;0
08.04.2020;21:00;0
08.04.2020;22:00;0
08.04.2020;23:00;0
09.04.2020;00:00;0
09.04.2020;01:00;0
09.04.2020;02:00;0
09.04.2020;03:00;0
09.04.2020;04:00;0
09.04.2020;05:00;0
09.04.2020;06:00;42
09.04.2020;07:00;41
09.04.2020;08:00;0
09.04.2020;09:00;0
09.04.2020;10:00;0
09.04.2020;11:00;0
09.04.2020;12:00;0
09.04.2020;13:00;0
09.04.2020;14:00;0
09.04.2020;15:00;0
09.04.2020;16:00;0
09.04.2020;17:00;0
09.04.2020;18:00;0
09.04.2020;19:00;0
09.04.2020;20:00;0
09.04.2020;21:00;0
09.04.2020;22:00;0
09.04.2020;23:00;0
10.04.2020;00:00;0
10.04.2020;01:00;0
10.04.2020;02:00;0
10.04.2020;03:00;0
10.04.2020;04:00;0
10.04.2020;05:00;0
10.04.2020;06:00;1
10.04.2020;07:00;73
10.04.2020;08:00;30
10.04.2020;09:00;0
10.04.2020;10:00;0
10.04.2020;11:00;0
10.04.2020;12:00;0
10.04.2020;13:00;0
10.04.2020;14:00;0
10.04.2020;15:00;0
10.04.2020;16:00;0
10.04.2020;17:00;0
10.04.2020;18:00;0
10.04.2020;19:00;25
10.04.2020;20:00;40
10.04.2020;21:00;1
10.04.2020;22:00;0
10.04.2020;23:00;0
11.04.2020;00:00;0
11.04.2020;01:00;0
11.04.2020;02:00;0
11.04.2020;03:00;0
11.04.2020;04:00;0
11.04.2020;05:00;0
11.04.2020;06:00;0
11.04.2020;07:00;0
11.04.2020;08:00;0
11.04.2020;09:00;0
11.04.2020;10:00;0
11.04.2020;11:00;0
11.04.2020;12:00;0
11.04.2020;13:00;0
11.04.2020;14:00;0
11.04.2020;15:00;0
11.04.2020;16:00;0
11.04.2020;17:00;0
11.04.2020;18:00;0
11.04.2020;19:00;15
11.04.2020;20:00;24
11.04.2020;21:00;0
11.04.2020;22:00;0
11.04.2020;23:00;0
12.04.2020;00:00;0
12.04.2020;01:00;0
12.04.2020;02:00;0
12.04.2020;03:00;0
12.04.2020;04:00;0
12.04.2020;05:00;0
12.04.2020;06:00;0
12.04.2020;07:00;0
12.04.2020;08:00;0
12.04.2020;09:00;0
12.04.2020;10:00;0
12.04.2020;11:00;0
12.04.2020;12:00;0
12.04.2020;13:00;0
12.04.2020;14:00;0
12.04.2020;15:00;0
12.04.2020;16:00;0
12.04.2020;17:00;0
12.04.2020;18:00;0
12.04.2020;19:00;0
12.04.2020;20:00;0
12.04.2020;21:00;0
12.04.2020;22:00;0
12.04.2020;23:00;0
13.04.2020;00:00;0
13.04.2020;01:00;0
13.04.2020;02:00;0
13.04.2020;03:00;0
13.04.2020;04:00;0
13.04.2020;05:00;0
13.04.2020;06:00;0
13.04.2020;07:00;0
13.04.2020;08:00;0
13.04.2020;09:00;0
13.04.2020;10:00;0
13.04.2020;11:00;0
13.04.2020;12:00;0
13.04.2020;13:00;0
13.04.2020;14:00;0
13.04.2020;15:00;0
13.04.2020;16:00;0
13.04.2020;17:00;0
13.04.2020;18:00;0
13.04.2020;19:00;0
13.04.2020;20:00;0
13.04.2020;21:00;0
13.04.2020;22:00;0
13.04.2020;23:00;0
14.04.2020;00:00;0
14.04.2020;01:00;0
14.04.2020;02:00;0
14.04.2020;03:00;0
14.04.2020;04:00;0
14.04.2020;05:00;0
14.04.2020;06:00;0
14.04.2020;07:00;0
14.04.2020;08:00;0
14.04.2020;09:00;0
14.04.2020;10:00;0
14.04.2020;11:00;58
14.04.2020;12:00;5
14.04.2020;13:00;0
14.04.2020;14:00;0
14.04.2020;15:00;0
14.04.2020;16:00;0
14.04.2020;17:00;0
14.04.2020;18:00;0
14.04.2020;19:00;0
14.04.2020;20:00;0
14.04.2020;21:00;0
14.04.2020;22:00;0
14.04.2020;23:00;0
15.04.2020;00:00;0
15.04.2020;01:00;0
15.04.2020;02:00;0
15.04.2020;03:00;0
15.04.2020;04:00;0
15.04.2020;05:00;0
15.04.2020;06:00;0
15.04.2020;07:00;0
15.04.2020;08:00;0
15.04.2020;09:00;0
15.04.2020;10:00;0
15.04.2020;11:00;0
15.04.2020;12:00;0
15.04.2020;13:00;0
15.04.2020;14:00;0
15.04.2020;15:00;0
15.04.2020;16:00;0
15.04.2020;17:00;0
15.04.2020;18:00;21
15.04.2020;19:00;75
15.04.2020;20:00;81
15.04.2020;21:00;53
15.04.2020;22:00;0
15.04.2020;23:00;0
16.04.2020;00:00;0
16.04.2020;01:00;0
16.04.2020;02:00;0
16.04.2020;03:00;0
16.04.2020;04:00;0
16.04.2020;05:00;0
16.04.2020;06:00;0
16.04.2020;07:00;0
16.04.2020;08:00;0
16.04.2020;09:00;0
16.04.2020;10:00;0
16.04.2020;11:00;0
16.04.2020;12:00;0
16.04.2020;13:00;0
16.04.2020;14:00;0
16.04.2020;15:00;0
16.04.2020;16:00;0
16.04.2020;17:00;0
16.04.2020;18:00;0
16.04.2020;19:00;0
16.04.2020;20:00;0
16.04.2020;21:00;0
16.04.2020;22:00;0
16.04.2020;23:00;0
17.04.2020;00:00;0
17.04.2020;01:00;0
17.04.2020;02:00;0
17.04.2020;03:00;0
17.04.2020;04:00;0
17.04.2020;05:00;0
17.04.2020;06:00;0
17.04.2020;07:00;0
17.04.2020;08:00;0
17.04.2020;09:00;0
17.04.2020;10:00;0
17.04.2020;11:00;0
17.04.2020;12:00;0
17.04.2020;13:00;0
17.04.2020;14:00;0
17.04.2020;15:00;0
17.04.2020;16:00;0
17.04.2020;17:00;0
17.04.2020;18:00;0
17.04.2020;19:00;0
17.04.2020;20:00;0
17.04.2020;21:00;0
17.04.2020;22:00;0
17.04.2020;23:00;0
18.04.2020;00:00;0
18.04.2020;01:00;0
18.04.2020;02:00;0
18.04.2020;03:00;0
18.04.2020;04:00;0
18.04.2020;05:00;0
18.04.2020;06:00;0
18.04.2020;07:00;0
18.04.2020;08:00;0
18.04.2020;09:00;0
18.04.2020;10:00;0
18.04.2020;11:00;0
18.04.2020;12:00;0
18.04.2020;13:00;0
18.04.2020;14:00;0
18.04.2020;15:00;0
18.04.2020;16:00;0
18.04.2020;17:00;0
18.04.2020;18:00;0
18.04.2020;19:00;10
18.04.2020;20:00;0
18.04.2020;21:00;0
18.04.2020;22:00;0
18.04.2020;23:00;0
19.04.2020;00:00;0
19.04.2020;01:00;0
19.04.2020;02:00;0
19.04.2020;03:00;0
19.04.2020;04:00;0
19.04.2020;05:00;0
19.04.2020;06:00;0
19.04.2020;07:00;0
19.04.2020;08:00;0
19.04.2020;09:00;0
19.04.2020;10:00;0
19.04.2020;11:00;0
19.04.2020;12:00;0
19.04.2020;13:00;0
19.04.2020;14:00;0
19.04.2020;15:00;0
19.04.2020;16:00;0
19.04.2020;17:00;0
19.04.2020;18:00;0
19.04.2020;19:00;0
19.04.2020;20:00;0
19.04.2020;21:00;0
19.04.2020;22:00;0
19.04.2020;23:00;0
20.04.2020;00:00;0
20.04.2020;01:00;0
20.04.2020;02:00;0
20.04.2020;03:00;0
20.04.2020;04:00;0
20.04.2020;05:00;0
20.04.2020;06:00;0
20.04.2020;07:00;0
20.04.2020;08:00;0
20.04.2020;09:00;0
20.04.2020;10:00;0
20.04.2020;11:00;0
20.04.2020;12:00;0
20.04.2020;13:00;0
20.04.2020;14:00;0
20.04.2020;15:00;0
20.04.2020;16:00;0
20.04.2020;17:00;0
20.04.2020;18:00;0
20.04.2020;19:00;0
20.04.2020;20:00;0
20.04.2020;21:00;0
20.04.2020;22:00;0
20.04.2020;23:00;0
21.04.2020;00:00;0
21.04.2020;01:00;0
21.04.2020;02:00;0
21.04.2020;03:00;0
21.04.2020;04:00;0
21.04.2020;05:00;0
21.04.2020;06:00;0
21.04.2020;07:00;103
21.04.2020;08:00;25
21.04.2020;09:00;32
21.04.2020;10:00;0
21.04.2020;11:00;0
21.04.2020;12:00;0
21.04.2020;13:00;0
21.04.2020;14:00;0
21.04.2020;15:00;0
21.04.2020;16:00;0
21.04.2020;17:00;0
21.04.2020;18:00;0
21.04.2020;19:00;0
21.04.2020;20:00;0
21.04.2020;21:00;0
21.04.2020;22:00;0
21.04.2020;23:00;0
22.04.2020;00:00;0
22.04.2020;01:00;0
22.04.2020;02:00;0
22.04.2020;03:00;0
22.04.2020;04:00;0
22.04.2020;05:00;0
22.04.2020;06:00;0
22.04.2020;07:00;0
22.04.2020;08:00;0
22.04.2020;09:00;0
22.04.2020;10:00;0
22.04.2020;11:00;0
22.04.2020;12:00;0
22.04.2020;13:00;0
22.04.2020;14:00;0
22.04.2020;15:00;0
22.04.2020;16:00;0
22.04.2020;17:00;0
22.04.2020;18:00;0
22.04.2020;19:00;0
22.04.2020;20:00;0
22.04.2020;21:00;0
22.04.2020;22:00;0
22.04.2020;23:00;0
23.04.2020;00:00;0
23.04.2020;01:00;0
23.04.2020;02:00;0
23.04.2020;03:00;0
23.04.2020;04:00;0
23.04.2020;05:00;0
23.04.2020;06:00;0
23.04.2020;07:00;0
23.04.2020;08:00;0
23.04.2020;09:00;0
23.04.2020;10:00;0
23.04.2020;11:00;0
23.04.2020;12:00;0
23.04.2020;13:00;0
23.04.2020;14:00;0
23.04.2020;15:00;0
23.04.2020;16:00;0
23.04.2020;17:00;0
23.04.2020;18:00;0
23.04.2020;19:00;0
23.04.2020;20:00;0
23.04.2020;21:00;58
23.04.2020;22:00;42
23.04.2020;23:00;0
24.04.2020;00:00;0
24.04.2020;01:00;0
24.04.2020;02:00;0
24.04.2020;03:00;0
24.04.2020;04:00;0
24.04.2020;05:00;0
24.04.2020;06:00;0
24.04.2020;07:00;0
24.04.2020;08:00;0
24.04.2020;09:00;0
24.04.2020;10:00;0
24.04.2020;11:00;0
24.04.2020;12:00;0
24.04.2020;13:00;0
24.04.2020;14:00;0
24.04.2020;15:00;0
24.04.2020;16:00;0
24.04.2020;17:00;0
24.04.2020;18:00;0
24.04.2020;19:00;0
24.04.2020;20:00;0
24.04.2020;21:00;0
24.04.2020;22:00;0
24.04.2020;23:00;0
25.04.2020;00:00;0
25.04.2020;01:00;0
25.04.2020;02:00;0
25.04.2020;03:00;0
25.04.2020;04:00;0
25.04.2020;05:00;0
25.04.2020;06:00;0
25.04.2020;07:00;0
25.04.2020;08:00;0
25.04.2020;09:00;0
25.04.2020;10:00;0
25.04.2020;11:00;0
25.04.2020;12:00;0
25.04.2020;13:00;0
25.04.2020;14:00;0
25.04.2020;15:00;0
25.04.2020;16:00;0
25.04.2020;17:00;0
25.04.2020;18:00;0
25.04.2020;19:00;0
25.04.2020;20:00;0
25.04.2020;21:00;0
25.04.2020;22:00;0
25.04.2020;23:00;0
26.04.2020;00:00;0
26.04.2020;01:00;0
26.04.2020;02:00;0
26.04.2020;03:00;0
26.04.2020;04:00;0
26.04.2020;05:00;0
26.04.2020;06:00;0
26.04.2020;07:00;0
26.04.2020;08:00;0
26.04.2020;09:00;0
26.04.2020;10:00;0
26.04.2020;11:00;0
26.04.2020;12:00;0
26.04.2020;13:00;0
26.04.2020;14:00;0
26.04.2020;15:00;0
26.04.2020;16:00;0
26.04.2020;17:00;0
26.04.2020;18:00;0
26.04.2020;19:00;0
26.04.2020;20:00;0
26.04.2020;21:00;0
26.04.2020;22:00;0
26.04.2020;23:00;0
27.04.2020;00:00;0
27.04.2020;01:00;0
27.04.2020;02:00;0
27.04.2020;03:00;0
27.04.2020;04:00;0
27.04.2020;05:00;0
27.04.2020;06:00;0
27.04.2020;07:00;0
27.04.2020;08:00;0
27.04.2020;09:00;0
27.04.2020;10:00;0
27.04.2020;11:00;0
27.04.2020;12:00;0
27.04.2020;13:00;0
27.04.2020;14:00;0
27.04.2020;15:00;0
27.04.2020;16:00;0
27.04.2020;17:00;0
27.04.2020;18:00;14
27.04.2020;19:00;41
27.04.2020;20:00;76
27.04.2020;21:00;18
27.04.2020;22:00;0
27.04.2020;23:00;0
28.04.2020;00:00;0
28.04.2020;01:00;0
28.04.2020;02:00;0
28.04.2020;03:00;0
28.04.2020;04:00;0
28.04.2020;05:00;0
28.04.2020;06:00;0
28.04.2020;07:00;0
28.04.2020;08:00;0
28.04.2020;09:00;0
28.04.2020;10:00;0
28.04.2020;11:00;0
28.04.2020;12:00;0
28.04.2020;13:00;0
28.04.2020;14:00;0
28.04.2020;15:00;0
28.04.2020;16:00;0
28.04.2020;17:00;0
28.04.2020;18:00;0
28.04.2020;19:00;0
28.04.2020;20:00;0
28.04.2020;21:00;0
28.04.2020;22:00;0
28.04.2020;23:00;0
29.04.2020;00:00;0
29.04.2020;01:00;0
29.04.2020;02:00;0
29.04.2020;03:00;0
29.04.2020;04:00;0
29.04.2020;05:00;0
29.04.2020;06:00;0
29.04.2020;07:00;0
29.04.2020;08:00;45
29.04.2020;09:00;3
29.04.2020;10:00;0
29.04.2020;11:00;26
29.04.2020;12:00;0
29.04.2020;13:00;0
29.04.2020;14:00;0
29.04.2020;15:00;0
29.04.2020;16:00;0
29.04.2020;17:00;0
29.04.2020;18:00;0
29.04.2020;19:00;0
29.04.2020;20:00;0
29.04.2020;21:00;0
29.04.2020;22:00;0
29.04.2020;23:00;0
30.04.2020;00:00;0
30.04.2020;01:00;0
30.04.2020;02:00;0
30.04.2020;03:00;0
30.04.2020;04:00;0
30.04.2020;05:00;0
30.04.2020;06:00;0
30.04.2020;07:00;0
30.04.2020;08:00;0
30.04.2020;09:00;0
30.04.2020;10:00;0
30.04.2020;11:00;0
30.04.2020;12:00;0
30.04.2020;13:00;0
30.04.2020;14:00;0
30.04.2020;15:00;0
30.04.2020;16:00;0
30.04.2020;17:00;19
30.04.2020;18:00;67
30.04.2020;19:00;109
30.04.2020;20:00;0
30.04.2020;21:00;0
30.04.2020;22:00;0
30.04.2020;23:00;0
