Datum,Uhrzeit,Generation_DE R[MW],Generation_DE LIP S[MW]
01.01.2020,00:00,851,0
01.01.2020,01:00,849,0
01.01.2020,02:00,852,0
01.01.2020,03:00,851,0
01.01.2020,04:00,851,0
01.01.2020,05:00,846,0
01.01.2020,06:00,845,0
01.01.2020,07:00,846,86
01.01.2020,08:00,816,461
01.01.2020,09:00,742,572
01.01.2020,10:00,740,733
01.01.2020,11:00,824,833
01.01.2020,12:00,856,860
01.01.2020,13:00,801,800
01.01.2020,14:00,873,863
01.01.2020,15:00,874,866
01.01.2020,16:00,874,866
01.01.2020,17:00,861,863
01.01.2020,18:00,859,862
01.01.2020,19:00,830,845
01.01.2020,20:00,852,858
01.01.2020,21:00,867,860
01.01.2020,22:00,871,858
01.01.2020,23:00,870,859
02.01.2020,00:00,867,861
02.01.2020,01:00,875,864
02.01.2020,02:00,862,864
02.01.2020,03:00,764,780
02.01.2020,04:00,664,660
02.01.2020,05:00,721,719
02.01.2020,06:00,838,852
02.01.2020,07:00,853,859
02.01.2020,08:00,865,857
02.01.2020,09:00,870,860
02.01.2020,10:00,870,860
02.01.2020,11:00,873,859
02.01.2020,12:00,872,860
02.01.2020,13:00,869,857
02.01.2020,14:00,870,858
02.01.2020,15:00,872,860
02.01.2020,16:00,868,860
02.01.2020,17:00,871,859
02.01.2020,18:00,870,859
02.01.2020,19:00,872,859
02.01.2020,20:00,870,859
02.01.2020,21:00,861,860
02.01.2020,22:00,851,848
02.01.2020,23:00,600,588
03.01.2020,00:00,498,434
03.01.2020,01:00,512,432
03.01.2020,02:00,570,576
03.01.2020,03:00,464,508
03.01.2020,04:00,444,464
03.01.2020,05:00,437,434
03.01.2020,06:00,566,551
03.01.2020,07:00,655,648
03.01.2020,08:00,552,551
03.01.2020,09:00,550,528
03.01.2020,10:00,467,432
03.01.2020,11:00,484,433
03.01.2020,12:00,483,432
03.01.2020,13:00,464,432
03.01.2020,14:00,461,432
03.01.2020,15:00,465,432
03.01.2020,16:00,434,431
03.01.2020,17:00,444,432
03.01.2020,18:00,443,432
03.01.2020,19:00,464,432
03.01.2020,20:00,436,432
03.01.2020,21:00,439,432
03.01.2020,22:00,436,431
03.01.2020,23:00,437,408
04.01.2020,00:00,457,319
04.01.2020,01:00,456,319
04.01.2020,02:00,457,319
04.01.2020,03:00,457,319
04.01.2020,04:00,458,318
04.01.2020,05:00,465,317
04.01.2020,06:00,473,318
04.01.2020,07:00,472,317
04.01.2020,08:00,512,359
04.01.2020,09:00,679,477
04.01.2020,10:00,495,450
04.01.2020,11:00,437,435
04.01.2020,12:00,438,433
04.01.2020,13:00,479,497
04.01.2020,14:00,651,648
04.01.2020,15:00,523,523
04.01.2020,16:00,519,524
04.01.2020,17:00,596,601
04.01.2020,18:00,716,729
04.01.2020,19:00,819,817
04.01.2020,20:00,862,860
04.01.2020,21:00,865,864
04.01.2020,22:00,866,862
04.01.2020,23:00,865,862
05.01.2020,00:00,833,839
05.01.2020,01:00,855,862
05.01.2020,02:00,863,864
05.01.2020,03:00,822,822
05.01.2020,04:00,862,863
05.01.2020,05:00,862,865
05.01.2020,06:00,863,865
05.01.2020,07:00,866,863
05.01.2020,08:00,863,865
05.01.2020,09:00,852,866
05.01.2020,10:00,857,867
05.01.2020,11:00,863,865
05.01.2020,12:00,866,866
05.01.2020,13:00,864,866
05.01.2020,14:00,868,865
05.01.2020,15:00,869,868
05.01.2020,16:00,856,865
05.01.2020,17:00,817,818
05.01.2020,18:00,794,788
05.01.2020,19:00,722,711
05.01.2020,20:00,653,654
05.01.2020,21:00,736,734
05.01.2020,22:00,739,735
05.01.2020,23:00,735,735
06.01.2020,00:00,824,829
06.01.2020,01:00,858,861
06.01.2020,02:00,803,802
06.01.2020,03:00,791,786
06.01.2020,04:00,804,808
06.01.2020,05:00,865,865
06.01.2020,06:00,864,864
06.01.2020,07:00,857,861
06.01.2020,08:00,862,865
06.01.2020,09:00,864,865
06.01.2020,10:00,863,864
06.01.2020,11:00,865,865
06.01.2020,12:00,865,866
06.01.2020,13:00,864,865
06.01.2020,14:00,863,867
06.01.2020,15:00,864,867
06.01.2020,16:00,860,864
06.01.2020,17:00,864,863
06.01.2020,18:00,867,864
06.01.2020,19:00,866,864
06.01.2020,20:00,854,864
06.01.2020,21:00,859,865
06.01.2020,22:00,860,865
06.01.2020,23:00,851,865
07.01.2020,00:00,857,865
07.01.2020,01:00,867,868
07.01.2020,02:00,867,866
07.01.2020,03:00,840,849
07.01.2020,04:00,843,854
07.01.2020,05:00,826,821
07.01.2020,06:00,865,865
07.01.2020,07:00,864,864
07.01.2020,08:00,866,865
07.01.2020,09:00,869,865
07.01.2020,10:00,868,864
07.01.2020,11:00,869,865
07.01.2020,12:00,846,864
07.01.2020,13:00,860,866
07.01.2020,14:00,869,867
07.01.2020,15:00,868,866
07.01.2020,16:00,868,866
07.01.2020,17:00,867,866
07.01.2020,18:00,865,865
07.01.2020,19:00,864,865
07.01.2020,20:00,864,865
07.01.2020,21:00,868,864
07.01.2020,22:00,869,837
07.01.2020,23:00,804,578
08.01.2020,00:00,558,550
08.01.2020,01:00,600,586
08.01.2020,02:00,488,443
08.01.2020,03:00,487,432
08.01.2020,04:00,527,521
08.01.2020,05:00,636,645
08.01.2020,06:00,785,774
08.01.2020,07:00,867,863
08.01.2020,08:00,868,864
08.01.2020,09:00,869,864
08.01.2020,10:00,867,863
08.01.2020,11:00,868,864
08.01.2020,12:00,870,862
08.01.2020,13:00,865,859
08.01.2020,14:00,872,860
08.01.2020,15:00,872,861
08.01.2020,16:00,873,861
08.01.2020,17:00,866,862
08.01.2020,18:00,868,859
08.01.2020,19:00,867,860
08.01.2020,20:00,858,860
08.01.2020,21:00,865,862
08.01.2020,22:00,869,860
08.01.2020,23:00,870,862
09.01.2020,00:00,870,863
09.01.2020,01:00,858,862
09.01.2020,02:00,599,864
09.01.2020,03:00,613,854
09.01.2020,04:00,851,610
09.01.2020,05:00,855,610
09.01.2020,06:00,871,853
09.01.2020,07:00,870,862
09.01.2020,08:00,861,860
09.01.2020,09:00,787,801
09.01.2020,10:00,724,722
09.01.2020,11:00,725,730
09.01.2020,12:00,670,689
09.01.2020,13:00,686,686
09.01.2020,14:00,695,684
09.01.2020,15:00,730,726
09.01.2020,16:00,740,737
09.01.2020,17:00,799,800
09.01.2020,18:00,869,860
09.01.2020,19:00,866,863
09.01.2020,20:00,871,863
09.01.2020,21:00,872,863
09.01.2020,22:00,870,864
09.01.2020,23:00,871,862
10.01.2020,00:00,826,821
10.01.2020,01:00,769,783
10.01.2020,02:00,600,794
10.01.2020,03:00,576,576
10.01.2020,04:00,627,641
10.01.2020,05:00,842,820
10.01.2020,06:00,865,862
10.01.2020,07:00,861,849
10.01.2020,08:00,758,756
10.01.2020,09:00,760,756
10.01.2020,10:00,760,755
10.01.2020,11:00,759,756
10.01.2020,12:00,751,740
10.01.2020,13:00,687,681
10.01.2020,14:00,693,690
10.01.2020,15:00,703,697
10.01.2020,16:00,765,766
10.01.2020,17:00,768,773
10.01.2020,18:00,863,857
10.01.2020,19:00,871,861
10.01.2020,20:00,871,860
10.01.2020,21:00,874,861
10.01.2020,22:00,874,860
10.01.2020,23:00,875,862
11.01.2020,00:00,873,862
11.01.2020,01:00,876,863
11.01.2020,02:00,874,862
11.01.2020,03:00,876,864
11.01.2020,04:00,863,863
11.01.2020,05:00,838,853
11.01.2020,06:00,817,822
11.01.2020,07:00,812,806
11.01.2020,08:00,868,861
11.01.2020,09:00,873,853
11.01.2020,10:00,865,861
11.01.2020,11:00,847,858
11.01.2020,12:00,856,854
11.01.2020,13:00,800,791
11.01.2020,14:00,733,739
11.01.2020,15:00,813,811
11.01.2020,16:00,856,849
11.01.2020,17:00,806,720
11.01.2020,18:00,868,669
11.01.2020,19:00,856,716
11.01.2020,20:00,726,717
11.01.2020,21:00,702,697
11.01.2020,22:00,682,671
11.01.2020,23:00,444,432
12.01.2020,00:00,438,366
12.01.2020,01:00,456,393
12.01.2020,02:00,436,357
12.01.2020,03:00,481,309
12.01.2020,04:00,486,301
12.01.2020,05:00,476,326
12.01.2020,06:00,451,349
12.01.2020,07:00,491,366
12.01.2020,08:00,577,503
12.01.2020,09:00,574,575
12.01.2020,10:00,445,446
12.01.2020,11:00,416,406
12.01.2020,12:00,413,399
12.01.2020,13:00,412,398
12.01.2020,14:00,413,401
12.01.2020,15:00,440,436
12.01.2020,16:00,464,474
12.01.2020,17:00,566,561
12.01.2020,18:00,472,472
12.01.2020,19:00,437,431
12.01.2020,20:00,436,436
12.01.2020,21:00,437,432
12.01.2020,22:00,437,434
12.01.2020,23:00,436,432
13.01.2020,00:00,441,437
13.01.2020,01:00,458,454
13.01.2020,02:00,475,472
13.01.2020,03:00,472,471
13.01.2020,04:00,522,510
13.01.2020,05:00,796,824
13.01.2020,06:00,859,861
13.01.2020,07:00,864,861
13.01.2020,08:00,865,861
13.01.2020,09:00,867,861
13.01.2020,10:00,865,861
13.01.2020,11:00,867,861
13.01.2020,12:00,864,863
13.01.2020,13:00,864,862
13.01.2020,14:00,786,857
13.01.2020,15:00,604,844
13.01.2020,16:00,653,785
13.01.2020,17:00,842,638
13.01.2020,18:00,854,852
13.01.2020,19:00,861,859
13.01.2020,20:00,786,782
13.01.2020,21:00,684,666
13.01.2020,22:00,717,716
13.01.2020,23:00,612,628
14.01.2020,00:00,439,358
14.01.2020,01:00,450,0
14.01.2020,02:00,453,0
14.01.2020,03:00,453,0
14.01.2020,04:00,448,0
14.01.2020,05:00,447,0
14.01.2020,06:00,449,0
14.01.2020,07:00,455,0
14.01.2020,08:00,501,0
14.01.2020,09:00,621,0
14.01.2020,10:00,781,0
14.01.2020,11:00,788,0
14.01.2020,12:00,717,0
14.01.2020,13:00,732,0
14.01.2020,14:00,829,0
14.01.2020,15:00,842,0
14.01.2020,16:00,844,0
14.01.2020,17:00,838,0
14.01.2020,18:00,836,0
14.01.2020,19:00,683,0
14.01.2020,20:00,681,0
14.01.2020,21:00,624,0
14.01.2020,22:00,493,0
14.01.2020,23:00,452,0
15.01.2020,00:00,454,0
15.01.2020,01:00,453,0
15.01.2020,02:00,451,0
15.01.2020,03:00,457,0
15.01.2020,04:00,557,0
15.01.2020,05:00,553,0
15.01.2020,06:00,598,0
15.01.2020,07:00,836,0
15.01.2020,08:00,722,0
15.01.2020,09:00,732,0
15.01.2020,10:00,689,0
15.01.2020,11:00,704,0
15.01.2020,12:00,694,0
15.01.2020,13:00,690,0
15.01.2020,14:00,703,0
15.01.2020,15:00,747,0
15.01.2020,16:00,730,0
15.01.2020,17:00,767,0
15.01.2020,18:00,722,0
15.01.2020,19:00,717,0
15.01.2020,20:00,695,0
15.01.2020,21:00,688,0
15.01.2020,22:00,762,0
15.01.2020,23:00,780,0
16.01.2020,00:00,840,0
16.01.2020,01:00,858,0
16.01.2020,02:00,854,0
16.01.2020,03:00,851,0
16.01.2020,04:00,854,0
16.01.2020,05:00,848,0
16.01.2020,06:00,850,0
16.01.2020,07:00,853,0
16.01.2020,08:00,856,0
16.01.2020,09:00,856,0
16.01.2020,10:00,853,0
16.01.2020,11:00,838,0
16.01.2020,12:00,812,0
16.01.2020,13:00,589,0
16.01.2020,14:00,580,0
16.01.2020,15:00,602,0
16.01.2020,16:00,841,0
16.01.2020,17:00,863,0
16.01.2020,18:00,858,0
16.01.2020,19:00,857,0
16.01.2020,20:00,856,0
16.01.2020,21:00,850,0
16.01.2020,22:00,856,0
16.01.2020,23:00,843,0
17.01.2020,00:00,848,0
17.01.2020,01:00,776,0
17.01.2020,02:00,757,0
17.01.2020,03:00,761,0
17.01.2020,04:00,759,0
17.01.2020,05:00,845,0
17.01.2020,06:00,846,0
17.01.2020,07:00,852,0
17.01.2020,08:00,852,0
17.01.2020,09:00,853,0
17.01.2020,10:00,854,0
17.01.2020,11:00,853,0
17.01.2020,12:00,853,0
17.01.2020,13:00,852,0
17.01.2020,14:00,855,0
17.01.2020,15:00,857,0
17.01.2020,16:00,856,0
17.01.2020,17:00,856,0
17.01.2020,18:00,855,0
17.01.2020,19:00,854,0
17.01.2020,20:00,855,0
17.01.2020,21:00,853,0
17.01.2020,22:00,846,0
17.01.2020,23:00,660,0
18.01.2020,00:00,454,0
18.01.2020,01:00,448,0
18.01.2020,02:00,457,0
18.01.2020,03:00,595,0
18.01.2020,04:00,602,0
18.01.2020,05:00,599,0
18.01.2020,06:00,630,0
18.01.2020,07:00,860,0
18.01.2020,08:00,860,0
18.01.2020,09:00,862,0
18.01.2020,10:00,863,0
18.01.2020,11:00,862,0
18.01.2020,12:00,862,0
18.01.2020,13:00,864,0
18.01.2020,14:00,861,0
18.01.2020,15:00,862,0
18.01.2020,16:00,860,0
18.01.2020,17:00,860,0
18.01.2020,18:00,862,0
18.01.2020,19:00,860,0
18.01.2020,20:00,860,0
18.01.2020,21:00,860,0
18.01.2020,22:00,861,0
18.01.2020,23:00,864,0
19.01.2020,00:00,868,0
19.01.2020,01:00,863,0
19.01.2020,02:00,863,0
19.01.2020,03:00,867,0
19.01.2020,04:00,862,0
19.01.2020,05:00,857,0
19.01.2020,06:00,856,0
19.01.2020,07:00,856,0
19.01.2020,08:00,857,0
19.01.2020,09:00,855,0
19.01.2020,10:00,789,0
19.01.2020,11:00,791,0
19.01.2020,12:00,791,0
19.01.2020,13:00,790,0
19.01.2020,14:00,796,0
19.01.2020,15:00,789,0
19.01.2020,16:00,497,0
19.01.2020,17:00,0,0
19.01.2020,18:00,0,0
19.01.2020,19:00,0,0
19.01.2020,20:00,0,0
19.01.2020,21:00,0,0
19.01.2020,22:00,0,0
19.01.2020,23:00,0,0
20.01.2020,00:00,0,0
20.01.2020,01:00,145,0
20.01.2020,02:00,440,0
20.01.2020,03:00,448,0
20.01.2020,04:00,735,0
20.01.2020,05:00,855,0
20.01.2020,06:00,850,0
20.01.2020,07:00,850,0
20.01.2020,08:00,739,0
20.01.2020,09:00,664,0
20.01.2020,10:00,667,0
20.01.2020,11:00,666,0
20.01.2020,12:00,664,0
20.01.2020,13:00,703,0
20.01.2020,14:00,855,0
20.01.2020,15:00,856,0
20.01.2020,16:00,854,0
20.01.2020,17:00,865,0
20.01.2020,18:00,865,0
20.01.2020,19:00,864,0
20.01.2020,20:00,864,0
20.01.2020,21:00,867,0
20.01.2020,22:00,863,0
20.01.2020,23:00,865,0
21.01.2020,00:00,861,0
21.01.2020,01:00,847,0
21.01.2020,02:00,604,0
21.01.2020,03:00,609,0
21.01.2020,04:00,830,0
21.01.2020,05:00,847,0
21.01.2020,06:00,842,0
21.01.2020,07:00,842,0
21.01.2020,08:00,845,0
21.01.2020,09:00,828,0
21.01.2020,10:00,617,0
21.01.2020,11:00,581,0
21.01.2020,12:00,581,0
21.01.2020,13:00,630,0
21.01.2020,14:00,849,0
21.01.2020,15:00,848,0
21.01.2020,16:00,850,0
21.01.2020,17:00,851,0
21.01.2020,18:00,850,0
21.01.2020,19:00,848,0
21.01.2020,20:00,850,0
21.01.2020,21:00,852,0
21.01.2020,22:00,854,0
21.01.2020,23:00,857,0
22.01.2020,00:00,861,0
22.01.2020,01:00,851,0
22.01.2020,02:00,614,0
22.01.2020,03:00,588,0
22.01.2020,04:00,599,0
22.01.2020,05:00,842,0
22.01.2020,06:00,846,0
22.01.2020,07:00,849,0
22.01.2020,08:00,837,0
22.01.2020,09:00,837,0
22.01.2020,10:00,845,0
22.01.2020,11:00,849,0
22.01.2020,12:00,850,0
22.01.2020,13:00,851,0
22.01.2020,14:00,842,0
22.01.2020,15:00,845,0
22.01.2020,16:00,844,0
22.01.2020,17:00,843,0
22.01.2020,18:00,843,0
22.01.2020,19:00,844,0
22.01.2020,20:00,847,0
22.01.2020,21:00,848,0
22.01.2020,22:00,852,0
22.01.2020,23:00,855,0
23.01.2020,00:00,857,0
23.01.2020,01:00,820,0
23.01.2020,02:00,578,0
23.01.2020,03:00,572,0
23.01.2020,04:00,593,0
23.01.2020,05:00,824,0
23.01.2020,06:00,850,0
23.01.2020,07:00,845,0
23.01.2020,08:00,842,0
23.01.2020,09:00,844,0
23.01.2020,10:00,843,0
23.01.2020,11:00,847,0
23.01.2020,12:00,845,0
23.01.2020,13:00,848,0
23.01.2020,14:00,848,0
23.01.2020,15:00,853,0
23.01.2020,16:00,851,0
23.01.2020,17:00,845,0
23.01.2020,18:00,845,0
23.01.2020,19:00,844,0
23.01.2020,20:00,845,0
23.01.2020,21:00,848,0
23.01.2020,22:00,851,0
23.01.2020,23:00,856,0
24.01.2020,00:00,854,0
24.01.2020,01:00,818,0
24.01.2020,02:00,576,0
24.01.2020,03:00,570,0
24.01.2020,04:00,592,0
24.01.2020,05:00,830,0
24.01.2020,06:00,850,0
24.01.2020,07:00,857,0
24.01.2020,08:00,857,0
24.01.2020,09:00,854,0
24.01.2020,10:00,850,0
24.01.2020,11:00,847,0
24.01.2020,12:00,846,0
24.01.2020,13:00,809,0
24.01.2020,14:00,753,0
24.01.2020,15:00,753,0
24.01.2020,16:00,754,0
24.01.2020,17:00,756,0
24.01.2020,18:00,757,0
24.01.2020,19:00,759,0
24.01.2020,20:00,758,0
24.01.2020,21:00,731,0
24.01.2020,22:00,561,0
24.01.2020,23:00,557,0
25.01.2020,00:00,577,0
25.01.2020,01:00,840,0
25.01.2020,02:00,868,0
25.01.2020,03:00,868,0
25.01.2020,04:00,865,0
25.01.2020,05:00,861,0
25.01.2020,06:00,859,0
25.01.2020,07:00,857,0
25.01.2020,08:00,851,0
25.01.2020,09:00,819,0
25.01.2020,10:00,752,0
25.01.2020,11:00,618,0
25.01.2020,12:00,595,0
25.01.2020,13:00,567,0
25.01.2020,14:00,568,0
25.01.2020,15:00,615,0
25.01.2020,16:00,836,0
25.01.2020,17:00,838,0
25.01.2020,18:00,833,0
25.01.2020,19:00,834,0
25.01.2020,20:00,839,0
25.01.2020,21:00,839,0
25.01.2020,22:00,840,0
25.01.2020,23:00,846,0
26.01.2020,00:00,855,0
26.01.2020,01:00,819,0
26.01.2020,02:00,578,0
26.01.2020,03:00,567,0
26.01.2020,04:00,599,0
26.01.2020,05:00,841,0
26.01.2020,06:00,855,0
26.01.2020,07:00,855,0
26.01.2020,08:00,844,0
26.01.2020,09:00,839,0
26.01.2020,10:00,835,0
26.01.2020,11:00,841,0
26.01.2020,12:00,843,0
26.01.2020,13:00,844,0
26.01.2020,14:00,847,0
26.01.2020,15:00,848,0
26.01.2020,16:00,847,0
26.01.2020,17:00,846,0
26.01.2020,18:00,844,0
26.01.2020,19:00,820,0
26.01.2020,20:00,714,0
26.01.2020,21:00,718,0
26.01.2020,22:00,835,0
26.01.2020,23:00,756,0
27.01.2020,00:00,851,0
27.01.2020,01:00,781,0
27.01.2020,02:00,496,0
27.01.2020,03:00,456,0
27.01.2020,04:00,489,0
27.01.2020,05:00,790,0
27.01.2020,06:00,844,0
27.01.2020,07:00,846,0
27.01.2020,08:00,789,0
27.01.2020,09:00,724,0
27.01.2020,10:00,813,0
27.01.2020,11:00,829,0
27.01.2020,12:00,824,0
27.01.2020,13:00,834,0
27.01.2020,14:00,833,0
27.01.2020,15:00,829,0
27.01.2020,16:00,823,0
27.01.2020,17:00,754,0
27.01.2020,18:00,759,0
27.01.2020,19:00,735,0
27.01.2020,20:00,712,0
27.01.2020,21:00,708,0
27.01.2020,22:00,711,0
27.01.2020,23:00,717,0
28.01.2020,00:00,710,0
28.01.2020,01:00,618,0
28.01.2020,02:00,548,0
28.01.2020,03:00,470,0
28.01.2020,04:00,533,0
28.01.2020,05:00,617,0
28.01.2020,06:00,716,0
28.01.2020,07:00,732,21
28.01.2020,08:00,669,344
28.01.2020,09:00,691,432
28.01.2020,10:00,661,445
28.01.2020,11:00,661,534
28.01.2020,12:00,486,764
28.01.2020,13:00,5,834
28.01.2020,14:00,0,831
28.01.2020,15:00,0,690
28.01.2020,16:00,0,541
28.01.2020,17:00,0,418
28.01.2020,18:00,0,0
28.01.2020,19:00,0,0
28.01.2020,20:00,0,0
28.01.2020,21:00,0,0
28.01.2020,22:00,0,0
28.01.2020,23:00,0,0
29.01.2020,00:00,0,0
29.01.2020,01:00,0,0
29.01.2020,02:00,0,0
29.01.2020,03:00,0,0
29.01.2020,04:00,0,0
29.01.2020,05:00,0,0
29.01.2020,06:00,0,0
29.01.2020,07:00,0,0
29.01.2020,08:00,0,0
29.01.2020,09:00,0,0
29.01.2020,10:00,0,0
29.01.2020,11:00,0,0
29.01.2020,12:00,0,0
29.01.2020,13:00,0,0
29.01.2020,14:00,0,0
29.01.2020,15:00,0,0
29.01.2020,16:00,0,0
29.01.2020,17:00,0,0
29.01.2020,18:00,0,0
29.01.2020,19:00,0,0
29.01.2020,20:00,0,0
29.01.2020,21:00,0,0
29.01.2020,22:00,0,0
29.01.2020,23:00,0,0
30.01.2020,00:00,0,0
30.01.2020,01:00,0,0
30.01.2020,02:00,3,0
30.01.2020,03:00,364,0
30.01.2020,04:00,440,0
30.01.2020,05:00,438,0
30.01.2020,06:00,494,0
30.01.2020,07:00,663,0
30.01.2020,08:00,710,0
30.01.2020,09:00,708,0
30.01.2020,10:00,708,0
30.01.2020,11:00,640,0
30.01.2020,12:00,470,0
30.01.2020,13:00,483,0
30.01.2020,14:00,509,0
30.01.2020,15:00,790,0
30.01.2020,16:00,845,0
30.01.2020,17:00,851,0
30.01.2020,18:00,848,0
30.01.2020,19:00,826,0
30.01.2020,20:00,648,0
30.01.2020,21:00,468,0
30.01.2020,22:00,443,0
30.01.2020,23:00,450,0
31.01.2020,00:00,442,0
31.01.2020,01:00,449,0
31.01.2020,02:00,448,0
31.01.2020,03:00,444,0
31.01.2020,04:00,446,0
31.01.2020,05:00,447,0
31.01.2020,06:00,477,0
31.01.2020,07:00,605,0
31.01.2020,08:00,849,0
31.01.2020,09:00,751,0
31.01.2020,10:00,830,0
31.01.2020,11:00,822,0
31.01.2020,12:00,765,0
31.01.2020,13:00,753,0
31.01.2020,14:00,771,0
31.01.2020,15:00,851,0
31.01.2020,16:00,850,0
31.01.2020,17:00,851,0
31.01.2020,18:00,814,0
31.01.2020,19:00,677,0
31.01.2020,20:00,566,0
31.01.2020,21:00,450,0
31.01.2020,22:00,478,0
31.01.2020,23:00,447,0
01.02.2020,00:00,433,0
01.02.2020,01:00,431,0
01.02.2020,02:00,431,0
01.02.2020,03:00,430,0
01.02.2020,04:00,430,0
01.02.2020,05:00,432,0
01.02.2020,06:00,432,0
01.02.2020,07:00,429,0
01.02.2020,08:00,432,0
01.02.2020,09:00,429,0
01.02.2020,10:00,433,0
01.02.2020,11:00,429,0
01.02.2020,12:00,429,0
01.02.2020,13:00,431,0
01.02.2020,14:00,433,0
01.02.2020,15:00,433,0
01.02.2020,16:00,431,0
01.02.2020,17:00,432,0
01.02.2020,18:00,430,0
01.02.2020,19:00,432,0
01.02.2020,20:00,429,0
01.02.2020,21:00,432,0
01.02.2020,22:00,431,0
01.02.2020,23:00,433,0
02.02.2020,00:00,438,0
02.02.2020,01:00,438,0
02.02.2020,02:00,607,0
02.02.2020,03:00,623,0
02.02.2020,04:00,625,0
02.02.2020,05:00,625,0
02.02.2020,06:00,628,0
02.02.2020,07:00,635,2
02.02.2020,08:00,654,310
02.02.2020,09:00,559,453
02.02.2020,10:00,769,477
02.02.2020,11:00,735,685
02.02.2020,12:00,852,821
02.02.2020,13:00,872,859
02.02.2020,14:00,871,856
02.02.2020,15:00,870,857
02.02.2020,16:00,869,859
02.02.2020,17:00,868,856
02.02.2020,18:00,868,857
02.02.2020,19:00,870,857
02.02.2020,20:00,861,852
02.02.2020,21:00,867,810
02.02.2020,22:00,818,642
02.02.2020,23:00,453,441
03.02.2020,00:00,463,334
03.02.2020,01:00,537,329
03.02.2020,02:00,465,329
03.02.2020,03:00,461,328
03.02.2020,04:00,462,328
03.02.2020,05:00,460,396
03.02.2020,06:00,586,506
03.02.2020,07:00,791,692
03.02.2020,08:00,860,817
03.02.2020,09:00,818,811
03.02.2020,10:00,688,677
03.02.2020,11:00,625,616
03.02.2020,12:00,569,564
03.02.2020,13:00,555,568
03.02.2020,14:00,617,618
03.02.2020,15:00,671,666
03.02.2020,16:00,727,734
03.02.2020,17:00,818,814
03.02.2020,18:00,860,857
03.02.2020,19:00,866,862
03.02.2020,20:00,867,862
03.02.2020,21:00,867,862
03.02.2020,22:00,852,850
03.02.2020,23:00,794,792
04.02.2020,00:00,754,755
04.02.2020,01:00,664,662
04.02.2020,02:00,664,659
04.02.2020,03:00,657,653
04.02.2020,04:00,654,652
04.02.2020,05:00,669,661
04.02.2020,06:00,784,778
04.02.2020,07:00,803,863
04.02.2020,08:00,853,854
04.02.2020,09:00,738,739
04.02.2020,10:00,682,679
04.02.2020,11:00,685,680
04.02.2020,12:00,663,660
04.02.2020,13:00,665,659
04.02.2020,14:00,664,664
04.02.2020,15:00,688,683
04.02.2020,16:00,687,683
04.02.2020,17:00,677,684
04.02.2020,18:00,672,683
04.02.2020,19:00,685,684
04.02.2020,20:00,511,499
04.02.2020,21:00,415,385
04.02.2020,22:00,477,313
04.02.2020,23:00,488,303
05.02.2020,00:00,492,303
05.02.2020,01:00,491,302
05.02.2020,02:00,491,301
05.02.2020,03:00,479,338
05.02.2020,04:00,444,447
05.02.2020,05:00,605,590
05.02.2020,06:00,839,831
05.02.2020,07:00,866,867
05.02.2020,08:00,871,860
05.02.2020,09:00,875,859
05.02.2020,10:00,871,861
05.02.2020,11:00,877,862
05.02.2020,12:00,861,862
05.02.2020,13:00,839,860
05.02.2020,14:00,850,862
05.02.2020,15:00,855,862
05.02.2020,16:00,875,861
05.02.2020,17:00,868,861
05.02.2020,18:00,870,861
05.02.2020,19:00,869,859
05.02.2020,20:00,863,859
05.02.2020,21:00,866,859
05.02.2020,22:00,874,857
05.02.2020,23:00,840,821
06.02.2020,00:00,661,645
06.02.2020,01:00,503,500
06.02.2020,02:00,590,585
06.02.2020,03:00,590,585
06.02.2020,04:00,605,598
06.02.2020,05:00,829,839
06.02.2020,06:00,868,867
06.02.2020,07:00,865,864
06.02.2020,08:00,867,865
06.02.2020,09:00,868,865
06.02.2020,10:00,870,865
06.02.2020,11:00,868,866
06.02.2020,12:00,869,866
06.02.2020,13:00,869,865
06.02.2020,14:00,855,865
06.02.2020,15:00,869,866
06.02.2020,16:00,871,865
06.02.2020,17:00,862,866
06.02.2020,18:00,867,866
06.02.2020,19:00,868,866
06.02.2020,20:00,866,865
06.02.2020,21:00,856,865
06.02.2020,22:00,867,864
06.02.2020,23:00,873,866
07.02.2020,00:00,830,858
07.02.2020,01:00,594,848
07.02.2020,02:00,627,830
07.02.2020,03:00,847,592
07.02.2020,04:00,856,627
07.02.2020,05:00,865,852
07.02.2020,06:00,867,864
07.02.2020,07:00,868,861
07.02.2020,08:00,873,861
07.02.2020,09:00,842,860
07.02.2020,10:00,850,861
07.02.2020,11:00,794,798
07.02.2020,12:00,862,857
07.02.2020,13:00,872,864
07.02.2020,14:00,872,862
07.02.2020,15:00,857,859
07.02.2020,16:00,821,817
07.02.2020,17:00,874,860
07.02.2020,18:00,874,862
07.02.2020,19:00,850,848
07.02.2020,20:00,860,861
07.02.2020,21:00,860,861
07.02.2020,22:00,780,775
07.02.2020,23:00,676,670
08.02.2020,00:00,653,653
08.02.2020,01:00,591,586
08.02.2020,02:00,539,517
08.02.2020,03:00,444,384
08.02.2020,04:00,462,329
08.02.2020,05:00,461,329
08.02.2020,06:00,446,404
08.02.2020,07:00,594,574
08.02.2020,08:00,686,702
08.02.2020,09:00,569,573
08.02.2020,10:00,547,542
08.02.2020,11:00,654,651
08.02.2020,12:00,664,660
08.02.2020,13:00,672,662
08.02.2020,14:00,777,769
08.02.2020,15:00,859,858
08.02.2020,16:00,864,864
08.02.2020,17:00,850,863
08.02.2020,18:00,862,863
08.02.2020,19:00,849,863
08.02.2020,20:00,859,853
08.02.2020,21:00,815,811
08.02.2020,22:00,750,740
08.02.2020,23:00,571,561
09.02.2020,00:00,436,434
09.02.2020,01:00,444,190
09.02.2020,02:00,441,0
09.02.2020,03:00,436,0
09.02.2020,04:00,435,0
09.02.2020,05:00,436,0
09.02.2020,06:00,438,0
09.02.2020,07:00,435,0
09.02.2020,08:00,436,0
09.02.2020,09:00,434,0
09.02.2020,10:00,437,0
09.02.2020,11:00,436,0
09.02.2020,12:00,436,0
09.02.2020,13:00,435,0
09.02.2020,14:00,435,0
09.02.2020,15:00,438,0
09.02.2020,16:00,436,0
09.02.2020,17:00,436,0
09.02.2020,18:00,436,0
09.02.2020,19:00,436,0
09.02.2020,20:00,436,0
09.02.2020,21:00,437,0
09.02.2020,22:00,437,0
09.02.2020,23:00,434,0
10.02.2020,00:00,435,0
10.02.2020,01:00,436,0
10.02.2020,02:00,435,0
10.02.2020,03:00,436,0
10.02.2020,04:00,436,0
10.02.2020,05:00,437,0
10.02.2020,06:00,458,0
10.02.2020,07:00,609,0
10.02.2020,08:00,531,0
10.02.2020,09:00,433,0
10.02.2020,10:00,431,0
10.02.2020,11:00,438,0
10.02.2020,12:00,433,0
10.02.2020,13:00,431,0
10.02.2020,14:00,432,0
10.02.2020,15:00,430,0
10.02.2020,16:00,431,0
10.02.2020,17:00,431,0
10.02.2020,18:00,431,0
10.02.2020,19:00,432,0
10.02.2020,20:00,431,0
10.02.2020,21:00,429,0
10.02.2020,22:00,432,0
10.02.2020,23:00,432,0
11.02.2020,00:00,438,0
11.02.2020,01:00,444,0
11.02.2020,02:00,440,0
11.02.2020,03:00,441,0
11.02.2020,04:00,442,0
11.02.2020,05:00,442,0
11.02.2020,06:00,442,0
11.02.2020,07:00,448,0
11.02.2020,08:00,447,0
11.02.2020,09:00,451,0
11.02.2020,10:00,573,0
11.02.2020,11:00,569,0
11.02.2020,12:00,552,0
11.02.2020,13:00,446,0
11.02.2020,14:00,448,0
11.02.2020,15:00,449,0
11.02.2020,16:00,444,0
11.02.2020,17:00,446,0
11.02.2020,18:00,445,0
11.02.2020,19:00,447,0
11.02.2020,20:00,447,0
11.02.2020,21:00,446,0
11.02.2020,22:00,446,0
11.02.2020,23:00,446,0
12.02.2020,00:00,448,0
12.02.2020,01:00,446,0
12.02.2020,02:00,445,0
12.02.2020,03:00,446,0
12.02.2020,04:00,446,0
12.02.2020,05:00,447,0
12.02.2020,06:00,549,0
12.02.2020,07:00,815,0
12.02.2020,08:00,802,0
12.02.2020,09:00,631,0
12.02.2020,10:00,617,0
12.02.2020,11:00,632,0
12.02.2020,12:00,630,22
12.02.2020,13:00,455,253
12.02.2020,14:00,438,436
12.02.2020,15:00,458,457
12.02.2020,16:00,614,612
12.02.2020,17:00,651,651
12.02.2020,18:00,663,660
12.02.2020,19:00,667,661
12.02.2020,20:00,703,701
12.02.2020,21:00,778,771
12.02.2020,22:00,712,714
12.02.2020,23:00,663,661
13.02.2020,00:00,669,690
13.02.2020,01:00,691,687
13.02.2020,02:00,688,685
13.02.2020,03:00,712,724
13.02.2020,04:00,697,708
13.02.2020,05:00,716,715
13.02.2020,06:00,843,846
13.02.2020,07:00,858,863
13.02.2020,08:00,833,863
13.02.2020,09:00,865,864
13.02.2020,10:00,863,865
13.02.2020,11:00,866,863
13.02.2020,12:00,864,864
13.02.2020,13:00,807,799
13.02.2020,14:00,821,816
13.02.2020,15:00,863,854
13.02.2020,16:00,863,864
13.02.2020,17:00,865,861
13.02.2020,18:00,861,863
13.02.2020,19:00,858,863
13.02.2020,20:00,865,863
13.02.2020,21:00,868,865
13.02.2020,22:00,857,864
13.02.2020,23:00,846,862
14.02.2020,00:00,844,845
14.02.2020,01:00,795,798
14.02.2020,02:00,686,688
14.02.2020,03:00,685,683
14.02.2020,04:00,694,687
14.02.2020,05:00,792,799
14.02.2020,06:00,860,863
14.02.2020,07:00,864,863
14.02.2020,08:00,867,864
14.02.2020,09:00,865,863
14.02.2020,10:00,867,863
14.02.2020,11:00,866,863
14.02.2020,12:00,864,864
14.02.2020,13:00,865,864
14.02.2020,14:00,865,865
14.02.2020,15:00,866,865
14.02.2020,16:00,855,864
14.02.2020,17:00,867,864
14.02.2020,18:00,868,864
14.02.2020,19:00,846,866
14.02.2020,20:00,867,864
14.02.2020,21:00,866,866
14.02.2020,22:00,865,864
14.02.2020,23:00,867,863
15.02.2020,00:00,576,765
15.02.2020,01:00,192,549
15.02.2020,02:00,0,531
15.02.2020,03:00,0,576
15.02.2020,04:00,0,473
15.02.2020,05:00,0,488
15.02.2020,06:00,0,429
15.02.2020,07:00,0,429
15.02.2020,08:00,0,457
15.02.2020,09:00,0,564
15.02.2020,10:00,0,460
15.02.2020,11:00,0,428
15.02.2020,12:00,0,430
15.02.2020,13:00,0,429
15.02.2020,14:00,0,428
15.02.2020,15:00,0,428
15.02.2020,16:00,0,430
15.02.2020,17:00,0,469
15.02.2020,18:00,0,465
15.02.2020,19:00,0,434
15.02.2020,20:00,0,433
15.02.2020,21:00,0,434
15.02.2020,22:00,0,433
15.02.2020,23:00,0,433
16.02.2020,00:00,0,431
16.02.2020,01:00,0,433
16.02.2020,02:00,0,432
16.02.2020,03:00,0,433
16.02.2020,04:00,0,433
16.02.2020,05:00,0,432
16.02.2020,06:00,0,432
16.02.2020,07:00,0,431
16.02.2020,08:00,0,433
16.02.2020,09:00,0,432
16.02.2020,10:00,0,432
16.02.2020,11:00,0,432
16.02.2020,12:00,0,431
16.02.2020,13:00,0,433
16.02.2020,14:00,0,432
16.02.2020,15:00,0,431
16.02.2020,16:00,0,431
16.02.2020,17:00,0,432
16.02.2020,18:00,0,432
16.02.2020,19:00,0,432
16.02.2020,20:00,0,432
16.02.2020,21:00,0,432
16.02.2020,22:00,0,433
16.02.2020,23:00,0,434
17.02.2020,00:00,0,433
17.02.2020,01:00,0,429
17.02.2020,02:00,0,433
17.02.2020,03:00,0,433
17.02.2020,04:00,0,431
17.02.2020,05:00,0,433
17.02.2020,06:00,0,526
17.02.2020,07:00,0,818
17.02.2020,08:00,0,842
17.02.2020,09:00,0,845
17.02.2020,10:00,0,845
17.02.2020,11:00,0,841
17.02.2020,12:00,0,844
17.02.2020,13:00,0,842
17.02.2020,14:00,0,841
17.02.2020,15:00,0,840
17.02.2020,16:00,0,842
17.02.2020,17:00,0,841
17.02.2020,18:00,0,841
17.02.2020,19:00,0,842
17.02.2020,20:00,0,688
17.02.2020,21:00,0,566
17.02.2020,22:00,0,507
17.02.2020,23:00,0,442
18.02.2020,00:00,0,436
18.02.2020,01:00,0,435
18.02.2020,02:00,0,433
18.02.2020,03:00,0,434
18.02.2020,04:00,0,434
18.02.2020,05:00,0,442
18.02.2020,06:00,0,564
18.02.2020,07:00,0,806
18.02.2020,08:00,0,683
18.02.2020,09:00,0,448
18.02.2020,10:00,0,442
18.02.2020,11:00,0,444
18.02.2020,12:00,0,443
18.02.2020,13:00,0,443
18.02.2020,14:00,0,443
18.02.2020,15:00,0,500
18.02.2020,16:00,0,829
18.02.2020,17:00,0,842
18.02.2020,18:00,0,842
18.02.2020,19:00,0,814
18.02.2020,20:00,0,613
18.02.2020,21:00,0,442
18.02.2020,22:00,0,452
18.02.2020,23:00,0,589
19.02.2020,00:00,0,594
19.02.2020,01:00,0,590
19.02.2020,02:00,0,591
19.02.2020,03:00,0,594
19.02.2020,04:00,0,793
19.02.2020,05:00,0,833
19.02.2020,06:00,0,840
19.02.2020,07:00,0,848
19.02.2020,08:00,0,844
19.02.2020,09:00,0,836
19.02.2020,10:00,0,831
19.02.2020,11:00,0,819
19.02.2020,12:00,0,833
19.02.2020,13:00,0,834
19.02.2020,14:00,0,830
19.02.2020,15:00,0,833
19.02.2020,16:00,21,832
19.02.2020,17:00,353,846
19.02.2020,18:00,444,853
19.02.2020,19:00,502,822
19.02.2020,20:00,790,862
19.02.2020,21:00,822,860
19.02.2020,22:00,785,846
19.02.2020,23:00,528,845
20.02.2020,00:00,466,809
20.02.2020,01:00,436,663
20.02.2020,02:00,438,552
20.02.2020,03:00,438,577
20.02.2020,04:00,437,649
20.02.2020,05:00,491,745
20.02.2020,06:00,631,846
20.02.2020,07:00,860,862
20.02.2020,08:00,863,864
20.02.2020,09:00,863,862
20.02.2020,10:00,864,861
20.02.2020,11:00,854,863
20.02.2020,12:00,864,864
20.02.2020,13:00,862,862
20.02.2020,14:00,856,859
20.02.2020,15:00,676,674
20.02.2020,16:00,674,669
20.02.2020,17:00,790,788
20.02.2020,18:00,862,861
20.02.2020,19:00,834,829
20.02.2020,20:00,549,483
20.02.2020,21:00,439,0
20.02.2020,22:00,555,0
20.02.2020,23:00,563,0
21.02.2020,00:00,465,0
21.02.2020,01:00,444,0
21.02.2020,02:00,442,0
21.02.2020,03:00,442,0
21.02.2020,04:00,443,0
21.02.2020,05:00,460,0
21.02.2020,06:00,549,0
21.02.2020,07:00,456,0
21.02.2020,08:00,455,0
21.02.2020,09:00,544,0
21.02.2020,10:00,450,0
21.02.2020,11:00,447,0
21.02.2020,12:00,448,0
21.02.2020,13:00,446,0
21.02.2020,14:00,448,0
21.02.2020,15:00,463,0
21.02.2020,16:00,674,0
21.02.2020,17:00,842,0
21.02.2020,18:00,848,0
21.02.2020,19:00,841,0
21.02.2020,20:00,739,0
21.02.2020,21:00,580,0
21.02.2020,22:00,489,0
21.02.2020,23:00,447,0
22.02.2020,00:00,433,0
22.02.2020,01:00,432,0
22.02.2020,02:00,431,0
22.02.2020,03:00,431,0
22.02.2020,04:00,429,0
22.02.2020,05:00,432,0
22.02.2020,06:00,431,0
22.02.2020,07:00,430,0
22.02.2020,08:00,432,0
22.02.2020,09:00,439,0
22.02.2020,10:00,429,0
22.02.2020,11:00,431,0
22.02.2020,12:00,429,0
22.02.2020,13:00,429,0
22.02.2020,14:00,429,0
22.02.2020,15:00,431,0
22.02.2020,16:00,428,0
22.02.2020,17:00,429,0
22.02.2020,18:00,428,0
22.02.2020,19:00,428,0
22.02.2020,20:00,430,0
22.02.2020,21:00,428,0
22.02.2020,22:00,430,0
22.02.2020,23:00,430,0
23.02.2020,00:00,428,0
23.02.2020,01:00,429,0
23.02.2020,02:00,430,0
23.02.2020,03:00,429,0
23.02.2020,04:00,427,0
23.02.2020,05:00,428,0
23.02.2020,06:00,429,0
23.02.2020,07:00,434,0
23.02.2020,08:00,444,0
23.02.2020,09:00,572,0
23.02.2020,10:00,578,0
23.02.2020,11:00,480,0
23.02.2020,12:00,518,0
23.02.2020,13:00,480,0
23.02.2020,14:00,432,0
23.02.2020,15:00,429,0
23.02.2020,16:00,431,0
23.02.2020,17:00,433,0
23.02.2020,18:00,432,0
23.02.2020,19:00,432,0
23.02.2020,20:00,433,0
23.02.2020,21:00,432,0
23.02.2020,22:00,432,0
23.02.2020,23:00,432,0
24.02.2020,00:00,447,0
24.02.2020,01:00,449,0
24.02.2020,02:00,447,0
24.02.2020,03:00,491,0
24.02.2020,04:00,490,0
24.02.2020,05:00,604,0
24.02.2020,06:00,820,0
24.02.2020,07:00,847,0
24.02.2020,08:00,834,0
24.02.2020,09:00,837,0
24.02.2020,10:00,837,0
24.02.2020,11:00,848,0
24.02.2020,12:00,846,0
24.02.2020,13:00,755,0
24.02.2020,14:00,751,0
24.02.2020,15:00,629,0
24.02.2020,16:00,567,0
24.02.2020,17:00,638,0
24.02.2020,18:00,751,0
24.02.2020,19:00,719,0
24.02.2020,20:00,476,0
24.02.2020,21:00,447,0
24.02.2020,22:00,447,0
24.02.2020,23:00,443,0
25.02.2020,00:00,444,0
25.02.2020,01:00,448,0
25.02.2020,02:00,445,0
25.02.2020,03:00,446,0
25.02.2020,04:00,445,0
25.02.2020,05:00,446,0
25.02.2020,06:00,476,0
25.02.2020,07:00,616,0
25.02.2020,08:00,615,0
25.02.2020,09:00,615,0
25.02.2020,10:00,613,0
25.02.2020,11:00,616,0
25.02.2020,12:00,612,0
25.02.2020,13:00,621,0
25.02.2020,14:00,737,2
25.02.2020,15:00,659,266
25.02.2020,16:00,590,445
25.02.2020,17:00,857,505
25.02.2020,18:00,860,757
25.02.2020,19:00,835,820
25.02.2020,20:00,862,860
25.02.2020,21:00,858,861
25.02.2020,22:00,834,843
25.02.2020,23:00,688,680
26.02.2020,00:00,668,660
26.02.2020,01:00,665,652
26.02.2020,02:00,553,574
26.02.2020,03:00,460,542
26.02.2020,04:00,483,512
26.02.2020,05:00,664,659
26.02.2020,06:00,838,845
26.02.2020,07:00,845,864
26.02.2020,08:00,850,863
26.02.2020,09:00,845,864
26.02.2020,10:00,848,861
26.02.2020,11:00,849,864
26.02.2020,12:00,851,864
26.02.2020,13:00,847,862
26.02.2020,14:00,846,865
26.02.2020,15:00,861,863
26.02.2020,16:00,862,863
26.02.2020,17:00,861,864
26.02.2020,18:00,858,864
26.02.2020,19:00,848,863
26.02.2020,20:00,861,863
26.02.2020,21:00,865,864
26.02.2020,22:00,865,864
26.02.2020,23:00,867,863
27.02.2020,00:00,862,864
27.02.2020,01:00,864,866
27.02.2020,02:00,849,844
27.02.2020,03:00,761,760
27.02.2020,04:00,851,847
27.02.2020,05:00,867,865
27.02.2020,06:00,866,866
27.02.2020,07:00,869,865
27.02.2020,08:00,871,867
27.02.2020,09:00,869,864
27.02.2020,10:00,871,867
27.02.2020,11:00,874,865
27.02.2020,12:00,873,866
27.02.2020,13:00,873,865
27.02.2020,14:00,873,866
27.02.2020,15:00,872,865
27.02.2020,16:00,870,866
27.02.2020,17:00,870,864
27.02.2020,18:00,869,865
27.02.2020,19:00,867,866
27.02.2020,20:00,866,866
27.02.2020,21:00,871,865
27.02.2020,22:00,869,866
27.02.2020,23:00,868,866
28.02.2020,00:00,854,867
28.02.2020,01:00,730,796
28.02.2020,02:00,599,592
28.02.2020,03:00,594,588
28.02.2020,04:00,667,659
28.02.2020,05:00,780,771
28.02.2020,06:00,873,864
28.02.2020,07:00,870,865
28.02.2020,08:00,870,858
28.02.2020,09:00,811,793
28.02.2020,10:00,749,747
28.02.2020,11:00,674,673
28.02.2020,12:00,560,556
28.02.2020,13:00,557,548
28.02.2020,14:00,458,457
28.02.2020,15:00,719,706
28.02.2020,16:00,868,863
28.02.2020,17:00,873,865
28.02.2020,18:00,858,864
28.02.2020,19:00,743,477
28.02.2020,20:00,687,0
28.02.2020,21:00,422,0
28.02.2020,22:00,427,0
28.02.2020,23:00,430,0
29.02.2020,00:00,477,0
29.02.2020,01:00,445,0
29.02.2020,02:00,432,0
29.02.2020,03:00,428,0
29.02.2020,04:00,428,0
29.02.2020,05:00,434,0
29.02.2020,06:00,431,0
29.02.2020,07:00,433,0
29.02.2020,08:00,432,0
29.02.2020,09:00,439,0
29.02.2020,10:00,438,0
29.02.2020,11:00,436,0
29.02.2020,12:00,437,0
29.02.2020,13:00,437,0
29.02.2020,14:00,522,0
29.02.2020,15:00,491,0
29.02.2020,16:00,441,0
29.02.2020,17:00,444,0
29.02.2020,18:00,432,0
29.02.2020,19:00,433,0
29.02.2020,20:00,431,0
29.02.2020,21:00,431,0
29.02.2020,22:00,505,0
29.02.2020,23:00,457,0
01.03.2020,00:00,430,0
01.03.2020,01:00,432,0
01.03.2020,02:00,433,0
01.03.2020,03:00,431,0
01.03.2020,04:00,429,0
01.03.2020,05:00,446,0
01.03.2020,06:00,443,0
01.03.2020,07:00,440,0
01.03.2020,08:00,444,0
01.03.2020,09:00,442,0
01.03.2020,10:00,440,0
01.03.2020,11:00,443,0
01.03.2020,12:00,453,0
01.03.2020,13:00,618,0
01.03.2020,14:00,634,0
01.03.2020,15:00,632,0
01.03.2020,16:00,573,333
01.03.2020,17:00,797,449
01.03.2020,18:00,508,712
01.03.2020,19:00,0,827
01.03.2020,20:00,0,835
01.03.2020,21:00,0,807
01.03.2020,22:00,0,839
01.03.2020,23:00,0,776
02.03.2020,00:00,0,742
02.03.2020,01:00,0,676
02.03.2020,02:00,0,472
02.03.2020,03:00,0,452
02.03.2020,04:00,0,483
02.03.2020,05:00,0,700
02.03.2020,06:00,0,851
02.03.2020,07:00,0,847
02.03.2020,08:00,0,848
02.03.2020,09:00,0,853
02.03.2020,10:00,0,857
02.03.2020,11:00,0,858
02.03.2020,12:00,0,857
02.03.2020,13:00,0,858
02.03.2020,14:00,0,853
02.03.2020,15:00,0,860
02.03.2020,16:00,0,860
02.03.2020,17:00,0,859
02.03.2020,18:00,0,858
02.03.2020,19:00,0,857
02.03.2020,20:00,0,847
02.03.2020,21:00,0,852
02.03.2020,22:00,0,851
02.03.2020,23:00,0,853
03.03.2020,00:00,0,849
03.03.2020,01:00,0,782
03.03.2020,02:00,0,674
03.03.2020,03:00,0,675
03.03.2020,04:00,0,762
03.03.2020,05:00,0,856
03.03.2020,06:00,0,853
03.03.2020,07:00,0,852
03.03.2020,08:00,0,852
03.03.2020,09:00,0,854
03.03.2020,10:00,0,855
03.03.2020,11:00,0,857
03.03.2020,12:00,0,856
03.03.2020,13:00,0,856
03.03.2020,14:00,0,858
03.03.2020,15:00,0,856
03.03.2020,16:00,0,856
03.03.2020,17:00,0,858
03.03.2020,18:00,0,856
03.03.2020,19:00,0,855
03.03.2020,20:00,0,854
03.03.2020,21:00,0,857
03.03.2020,22:00,0,859
03.03.2020,23:00,0,858
04.03.2020,00:00,0,856
04.03.2020,01:00,0,859
04.03.2020,02:00,0,855
04.03.2020,03:00,0,737
04.03.2020,04:00,0,738
04.03.2020,05:00,0,851
04.03.2020,06:00,0,855
04.03.2020,07:00,0,855
04.03.2020,08:00,0,857
04.03.2020,09:00,0,858
04.03.2020,10:00,0,857
04.03.2020,11:00,0,859
04.03.2020,12:00,0,861
04.03.2020,13:00,0,865
04.03.2020,14:00,0,866
04.03.2020,15:00,0,864
04.03.2020,16:00,0,863
04.03.2020,17:00,0,866
04.03.2020,18:00,0,861
04.03.2020,19:00,0,861
04.03.2020,20:00,0,863
04.03.2020,21:00,0,865
04.03.2020,22:00,0,864
04.03.2020,23:00,0,864
05.03.2020,00:00,0,865
05.03.2020,01:00,0,865
05.03.2020,02:00,0,863
05.03.2020,03:00,0,865
05.03.2020,04:00,0,862
05.03.2020,05:00,0,860
05.03.2020,06:00,0,861
05.03.2020,07:00,0,856
05.03.2020,08:00,0,858
05.03.2020,09:00,0,861
05.03.2020,10:00,0,866
05.03.2020,11:00,0,862
05.03.2020,12:00,0,865
05.03.2020,13:00,0,867
05.03.2020,14:00,0,865
05.03.2020,15:00,0,865
05.03.2020,16:00,0,864
05.03.2020,17:00,0,864
05.03.2020,18:00,0,860
05.03.2020,19:00,0,860
05.03.2020,20:00,0,864
05.03.2020,21:00,0,777
05.03.2020,22:00,0,498
05.03.2020,23:00,0,447
06.03.2020,00:00,0,457
06.03.2020,01:00,0,531
06.03.2020,02:00,0,452
06.03.2020,03:00,0,523
06.03.2020,04:00,0,476
06.03.2020,05:00,0,735
06.03.2020,06:00,0,852
06.03.2020,07:00,0,853
06.03.2020,08:00,0,858
06.03.2020,09:00,0,859
06.03.2020,10:00,0,861
06.03.2020,11:00,0,860
06.03.2020,12:00,0,860
06.03.2020,13:00,0,863
06.03.2020,14:00,0,863
06.03.2020,15:00,0,862
06.03.2020,16:00,0,864
06.03.2020,17:00,0,862
06.03.2020,18:00,0,862
06.03.2020,19:00,0,863
06.03.2020,20:00,0,861
06.03.2020,21:00,0,861
06.03.2020,22:00,0,859
06.03.2020,23:00,0,832
07.03.2020,00:00,0,834
07.03.2020,01:00,0,820
07.03.2020,02:00,0,674
07.03.2020,03:00,0,669
07.03.2020,04:00,0,673
07.03.2020,05:00,0,810
07.03.2020,06:00,0,855
07.03.2020,07:00,0,856
07.03.2020,08:00,0,856
07.03.2020,09:00,0,855
07.03.2020,10:00,0,855
07.03.2020,11:00,0,856
07.03.2020,12:00,0,787
07.03.2020,13:00,0,668
07.03.2020,14:00,0,671
07.03.2020,15:00,0,683
07.03.2020,16:00,0,791
07.03.2020,17:00,0,858
07.03.2020,18:00,0,860
07.03.2020,19:00,0,859
07.03.2020,20:00,0,860
07.03.2020,21:00,0,858
07.03.2020,22:00,0,827
07.03.2020,23:00,0,602
08.03.2020,00:00,0,426
08.03.2020,01:00,0,427
08.03.2020,02:00,0,429
08.03.2020,03:00,0,428
08.03.2020,04:00,0,428
08.03.2020,05:00,0,428
08.03.2020,06:00,0,429
08.03.2020,07:00,0,428
08.03.2020,08:00,0,428
08.03.2020,09:00,0,428
08.03.2020,10:00,0,428
08.03.2020,11:00,0,427
08.03.2020,12:00,0,427
08.03.2020,13:00,0,426
08.03.2020,14:00,0,426
08.03.2020,15:00,0,427
08.03.2020,16:00,0,433
08.03.2020,17:00,0,608
08.03.2020,18:00,0,786
08.03.2020,19:00,0,821
08.03.2020,20:00,0,826
08.03.2020,21:00,0,830
08.03.2020,22:00,0,825
08.03.2020,23:00,0,717
09.03.2020,00:00,0,720
09.03.2020,01:00,0,652
09.03.2020,02:00,0,607
09.03.2020,03:00,100,655
09.03.2020,04:00,373,551
09.03.2020,05:00,431,696
09.03.2020,06:00,614,855
09.03.2020,07:00,767,856
09.03.2020,08:00,829,859
09.03.2020,09:00,851,863
09.03.2020,10:00,862,864
09.03.2020,11:00,875,861
09.03.2020,12:00,869,861
09.03.2020,13:00,870,862
09.03.2020,14:00,873,864
09.03.2020,15:00,872,864
09.03.2020,16:00,872,862
09.03.2020,17:00,873,864
09.03.2020,18:00,872,863
09.03.2020,19:00,870,861
09.03.2020,20:00,872,862
09.03.2020,21:00,867,860
09.03.2020,22:00,819,812
09.03.2020,23:00,720,346
10.03.2020,00:00,483,0
10.03.2020,01:00,438,0
10.03.2020,02:00,437,0
10.03.2020,03:00,436,0
10.03.2020,04:00,436,0
10.03.2020,05:00,438,0
10.03.2020,06:00,439,0
10.03.2020,07:00,444,0
10.03.2020,08:00,440,0
10.03.2020,09:00,437,0
10.03.2020,10:00,435,0
10.03.2020,11:00,437,0
10.03.2020,12:00,434,0
10.03.2020,13:00,438,0
10.03.2020,14:00,436,0
10.03.2020,15:00,437,0
10.03.2020,16:00,481,0
10.03.2020,17:00,444,0
10.03.2020,18:00,586,0
10.03.2020,19:00,534,0
10.03.2020,20:00,440,0
10.03.2020,21:00,436,0
10.03.2020,22:00,438,0
10.03.2020,23:00,438,0
11.03.2020,00:00,443,0
11.03.2020,01:00,447,0
11.03.2020,02:00,448,0
11.03.2020,03:00,280,0
11.03.2020,04:00,0,0
11.03.2020,05:00,0,0
11.03.2020,06:00,0,0
11.03.2020,07:00,0,0
11.03.2020,08:00,0,34
11.03.2020,09:00,0,429
11.03.2020,10:00,0,461
11.03.2020,11:00,0,471
11.03.2020,12:00,0,626
11.03.2020,13:00,0,743
11.03.2020,14:00,0,829
11.03.2020,15:00,0,854
11.03.2020,16:00,0,854
11.03.2020,17:00,0,853
11.03.2020,18:00,0,853
11.03.2020,19:00,0,852
11.03.2020,20:00,0,821
11.03.2020,21:00,0,476
11.03.2020,22:00,0,441
11.03.2020,23:00,0,443
12.03.2020,00:00,0,443
12.03.2020,01:00,0,444
12.03.2020,02:00,0,441
12.03.2020,03:00,0,441
12.03.2020,04:00,0,441
12.03.2020,05:00,0,441
12.03.2020,06:00,0,444
12.03.2020,07:00,0,451
12.03.2020,08:00,0,519
12.03.2020,09:00,0,444
12.03.2020,10:00,0,439
12.03.2020,11:00,0,442
12.03.2020,12:00,0,440
12.03.2020,13:00,0,442
12.03.2020,14:00,0,441
12.03.2020,15:00,0,474
12.03.2020,16:00,0,746
12.03.2020,17:00,0,849
12.03.2020,18:00,0,852
12.03.2020,19:00,0,852
12.03.2020,20:00,0,856
12.03.2020,21:00,0,848
12.03.2020,22:00,0,706
12.03.2020,23:00,0,452
13.03.2020,00:00,0,435
13.03.2020,01:00,0,437
13.03.2020,02:00,0,511
13.03.2020,03:00,0,436
13.03.2020,04:00,0,445
13.03.2020,05:00,0,533
13.03.2020,06:00,0,533
13.03.2020,07:00,0,532
13.03.2020,08:00,0,528
13.03.2020,09:00,0,443
13.03.2020,10:00,0,431
13.03.2020,11:00,0,480
13.03.2020,12:00,0,437
13.03.2020,13:00,0,429
13.03.2020,14:00,0,429
13.03.2020,15:00,0,428
13.03.2020,16:00,0,447
13.03.2020,17:00,0,690
13.03.2020,18:00,0,848
13.03.2020,19:00,0,854
13.03.2020,20:00,0,856
13.03.2020,21:00,0,857
13.03.2020,22:00,0,857
13.03.2020,23:00,0,860
14.03.2020,00:00,0,860
14.03.2020,01:00,0,858
14.03.2020,02:00,0,859
14.03.2020,03:00,0,860
14.03.2020,04:00,0,839
14.03.2020,05:00,0,851
14.03.2020,06:00,0,852
14.03.2020,07:00,0,854
14.03.2020,08:00,0,847
14.03.2020,09:00,0,858
14.03.2020,10:00,0,778
14.03.2020,11:00,0,672
14.03.2020,12:00,0,515
14.03.2020,13:00,0,442
14.03.2020,14:00,0,444
14.03.2020,15:00,0,443
14.03.2020,16:00,0,596
14.03.2020,17:00,0,858
14.03.2020,18:00,0,859
14.03.2020,19:00,0,853
14.03.2020,20:00,0,855
14.03.2020,21:00,0,854
14.03.2020,22:00,0,829
14.03.2020,23:00,0,504
15.03.2020,00:00,0,424
15.03.2020,01:00,0,424
15.03.2020,02:00,0,424
15.03.2020,03:00,0,423
15.03.2020,04:00,0,423
15.03.2020,05:00,0,430
15.03.2020,06:00,0,428
15.03.2020,07:00,0,428
15.03.2020,08:00,0,428
15.03.2020,09:00,0,428
15.03.2020,10:00,0,427
15.03.2020,11:00,0,427
15.03.2020,12:00,0,427
15.03.2020,13:00,0,422
15.03.2020,14:00,0,418
15.03.2020,15:00,0,418
15.03.2020,16:00,0,418
15.03.2020,17:00,0,431
15.03.2020,18:00,0,694
15.03.2020,19:00,0,840
15.03.2020,20:00,0,851
15.03.2020,21:00,0,853
15.03.2020,22:00,0,847
15.03.2020,23:00,0,578
16.03.2020,00:00,0,438
16.03.2020,01:00,0,440
16.03.2020,02:00,0,439
16.03.2020,03:00,0,438
16.03.2020,04:00,0,455
16.03.2020,05:00,0,693
16.03.2020,06:00,0,861
16.03.2020,07:00,0,863
16.03.2020,08:00,0,861
16.03.2020,09:00,0,863
16.03.2020,10:00,0,867
16.03.2020,11:00,0,865
16.03.2020,12:00,0,863
16.03.2020,13:00,0,864
16.03.2020,14:00,0,863
16.03.2020,15:00,0,864
16.03.2020,16:00,0,864
16.03.2020,17:00,0,864
16.03.2020,18:00,0,863
16.03.2020,19:00,0,865
16.03.2020,20:00,0,864
16.03.2020,21:00,0,863
16.03.2020,22:00,0,864
16.03.2020,23:00,0,861
17.03.2020,00:00,0,860
17.03.2020,01:00,0,668
17.03.2020,02:00,0,431
17.03.2020,03:00,0,429
17.03.2020,04:00,0,430
17.03.2020,05:00,0,575
17.03.2020,06:00,0,856
17.03.2020,07:00,0,856
17.03.2020,08:00,0,856
17.03.2020,09:00,0,855
17.03.2020,10:00,0,857
17.03.2020,11:00,0,852
17.03.2020,12:00,0,806
17.03.2020,13:00,0,672
17.03.2020,14:00,0,711
17.03.2020,15:00,0,856
17.03.2020,16:00,0,862
17.03.2020,17:00,0,862
17.03.2020,18:00,0,860
17.03.2020,19:00,0,860
17.03.2020,20:00,0,860
17.03.2020,21:00,0,861
17.03.2020,22:00,0,857
17.03.2020,23:00,0,823
18.03.2020,00:00,0,574
18.03.2020,01:00,0,428
18.03.2020,02:00,0,429
18.03.2020,03:00,0,429
18.03.2020,04:00,0,429
18.03.2020,05:00,0,578
18.03.2020,06:00,0,846
18.03.2020,07:00,0,849
18.03.2020,08:00,0,808
18.03.2020,09:00,0,763
18.03.2020,10:00,0,836
18.03.2020,11:00,0,748
18.03.2020,12:00,0,861
18.03.2020,13:00,0,857
18.03.2020,14:00,0,676
18.03.2020,15:00,0,842
18.03.2020,16:00,0,821
18.03.2020,17:00,0,856
18.03.2020,18:00,0,851
18.03.2020,19:00,0,849
18.03.2020,20:00,0,855
18.03.2020,21:00,0,855
18.03.2020,22:00,0,857
18.03.2020,23:00,25,853
19.03.2020,00:00,400,857
19.03.2020,01:00,455,857
19.03.2020,02:00,661,862
19.03.2020,03:00,761,817
19.03.2020,04:00,816,863
19.03.2020,05:00,856,852
19.03.2020,06:00,872,862
19.03.2020,07:00,872,864
19.03.2020,08:00,874,863
19.03.2020,09:00,875,862
19.03.2020,10:00,875,863
19.03.2020,11:00,873,863
19.03.2020,12:00,809,846
19.03.2020,13:00,810,807
19.03.2020,14:00,864,859
19.03.2020,15:00,870,865
19.03.2020,16:00,870,864
19.03.2020,17:00,869,863
19.03.2020,18:00,867,862
19.03.2020,19:00,871,864
19.03.2020,20:00,866,863
19.03.2020,21:00,866,864
19.03.2020,22:00,872,864
19.03.2020,23:00,871,863
20.03.2020,00:00,874,864
20.03.2020,01:00,876,864
20.03.2020,02:00,876,864
20.03.2020,03:00,877,863
20.03.2020,04:00,873,866
20.03.2020,05:00,874,863
20.03.2020,06:00,875,864
20.03.2020,07:00,875,862
20.03.2020,08:00,874,862
20.03.2020,09:00,876,864
20.03.2020,10:00,874,863
20.03.2020,11:00,876,864
20.03.2020,12:00,875,864
20.03.2020,13:00,876,863
20.03.2020,14:00,872,863
20.03.2020,15:00,874,864
20.03.2020,16:00,877,865
20.03.2020,17:00,866,864
20.03.2020,18:00,870,864
20.03.2020,19:00,872,864
20.03.2020,20:00,873,864
20.03.2020,21:00,869,863
20.03.2020,22:00,829,786
20.03.2020,23:00,839,421
21.03.2020,00:00,531,0
21.03.2020,01:00,458,0
21.03.2020,02:00,456,0
21.03.2020,03:00,450,0
21.03.2020,04:00,446,0
21.03.2020,05:00,446,0
21.03.2020,06:00,445,0
21.03.2020,07:00,444,0
21.03.2020,08:00,442,0
21.03.2020,09:00,447,0
21.03.2020,10:00,447,0
21.03.2020,11:00,446,0
21.03.2020,12:00,447,0
21.03.2020,13:00,447,0
21.03.2020,14:00,446,0
21.03.2020,15:00,447,0
21.03.2020,16:00,448,0
21.03.2020,17:00,457,0
21.03.2020,18:00,601,0
21.03.2020,19:00,777,0
21.03.2020,20:00,629,0
21.03.2020,21:00,495,0
21.03.2020,22:00,448,0
21.03.2020,23:00,450,0
22.03.2020,00:00,441,0
22.03.2020,01:00,216,0
22.03.2020,02:00,0,0
22.03.2020,03:00,0,0
22.03.2020,04:00,0,0
22.03.2020,05:00,0,0
22.03.2020,06:00,0,25
22.03.2020,07:00,0,404
22.03.2020,08:00,0,441
22.03.2020,09:00,0,447
22.03.2020,10:00,0,448
22.03.2020,11:00,0,445
22.03.2020,12:00,0,435
22.03.2020,13:00,0,429
22.03.2020,14:00,0,433
22.03.2020,15:00,0,434
22.03.2020,16:00,0,434
22.03.2020,17:00,0,451
22.03.2020,18:00,0,596
22.03.2020,19:00,0,819
22.03.2020,20:00,0,672
22.03.2020,21:00,0,447
22.03.2020,22:00,0,439
22.03.2020,23:00,0,440
23.03.2020,00:00,0,446
23.03.2020,01:00,0,445
23.03.2020,02:00,0,446
23.03.2020,03:00,0,444
23.03.2020,04:00,0,449
23.03.2020,05:00,0,576
23.03.2020,06:00,0,758
23.03.2020,07:00,0,748
23.03.2020,08:00,0,608
23.03.2020,09:00,0,444
23.03.2020,10:00,0,443
23.03.2020,11:00,0,450
23.03.2020,12:00,0,513
23.03.2020,13:00,0,452
23.03.2020,14:00,0,438
23.03.2020,15:00,0,435
23.03.2020,16:00,0,648
23.03.2020,17:00,0,854
23.03.2020,18:00,0,854
23.03.2020,19:00,0,849
23.03.2020,20:00,0,855
23.03.2020,21:00,0,856
23.03.2020,22:00,0,857
23.03.2020,23:00,0,830
24.03.2020,00:00,0,679
24.03.2020,01:00,0,771
24.03.2020,02:00,0,675
24.03.2020,03:00,0,687
24.03.2020,04:00,0,839
24.03.2020,05:00,0,858
24.03.2020,06:00,0,858
24.03.2020,07:00,0,858
24.03.2020,08:00,0,855
24.03.2020,09:00,0,850
24.03.2020,10:00,0,695
24.03.2020,11:00,0,706
24.03.2020,12:00,0,707
24.03.2020,13:00,0,694
24.03.2020,14:00,0,569
24.03.2020,15:00,0,668
24.03.2020,16:00,0,844
24.03.2020,17:00,0,851
24.03.2020,18:00,0,844
24.03.2020,19:00,0,845
24.03.2020,20:00,0,845
24.03.2020,21:00,0,851
24.03.2020,22:00,0,855
24.03.2020,23:00,0,858
25.03.2020,00:00,0,738
25.03.2020,01:00,0,811
25.03.2020,02:00,0,851
25.03.2020,03:00,0,776
25.03.2020,04:00,0,774
25.03.2020,05:00,0,853
25.03.2020,06:00,0,857
25.03.2020,07:00,0,855
25.03.2020,08:00,0,718
25.03.2020,09:00,0,474
25.03.2020,10:00,0,444
25.03.2020,11:00,0,448
25.03.2020,12:00,0,443
25.03.2020,13:00,0,440
25.03.2020,14:00,0,429
25.03.2020,15:00,0,428
25.03.2020,16:00,0,430
25.03.2020,17:00,0,434
25.03.2020,18:00,0,517
25.03.2020,19:00,0,813
25.03.2020,20:00,0,842
25.03.2020,21:00,0,856
25.03.2020,22:00,0,861
25.03.2020,23:00,0,861
26.03.2020,00:00,0,823
26.03.2020,01:00,0,803
26.03.2020,02:00,0,785
26.03.2020,03:00,0,682
26.03.2020,04:00,0,748
26.03.2020,05:00,0,836
26.03.2020,06:00,0,855
26.03.2020,07:00,0,852
26.03.2020,08:00,0,855
26.03.2020,09:00,0,858
26.03.2020,10:00,0,679
26.03.2020,11:00,0,439
26.03.2020,12:00,0,433
26.03.2020,13:00,0,434
26.03.2020,14:00,0,434
26.03.2020,15:00,0,433
26.03.2020,16:00,0,647
26.03.2020,17:00,0,850
26.03.2020,18:00,0,857
26.03.2020,19:00,0,858
26.03.2020,20:00,0,860
26.03.2020,21:00,0,862
26.03.2020,22:00,0,862
26.03.2020,23:00,0,862
27.03.2020,00:00,0,861
27.03.2020,01:00,0,862
27.03.2020,02:00,0,862
27.03.2020,03:00,0,856
27.03.2020,04:00,0,855
27.03.2020,05:00,0,853
27.03.2020,06:00,0,856
27.03.2020,07:00,0,854
27.03.2020,08:00,0,856
27.03.2020,09:00,0,862
27.03.2020,10:00,0,737
27.03.2020,11:00,0,633
27.03.2020,12:00,0,559
27.03.2020,13:00,0,556
27.03.2020,14:00,0,557
27.03.2020,15:00,0,558
27.03.2020,16:00,0,555
27.03.2020,17:00,0,652
27.03.2020,18:00,0,850
27.03.2020,19:00,0,856
27.03.2020,20:00,0,859
27.03.2020,21:00,0,862
27.03.2020,22:00,0,861
27.03.2020,23:00,0,856
28.03.2020,00:00,0,862
28.03.2020,01:00,0,863
28.03.2020,02:00,0,863
28.03.2020,03:00,0,863
28.03.2020,04:00,0,756
28.03.2020,05:00,0,585
28.03.2020,06:00,0,667
28.03.2020,07:00,0,713
28.03.2020,08:00,0,573
28.03.2020,09:00,0,571
28.03.2020,10:00,0,570
28.03.2020,11:00,0,572
28.03.2020,12:00,0,571
28.03.2020,13:00,0,570
28.03.2020,14:00,0,573
28.03.2020,15:00,0,572
28.03.2020,16:00,0,573
28.03.2020,17:00,0,575
28.03.2020,18:00,0,592
28.03.2020,19:00,0,622
28.03.2020,20:00,0,565
28.03.2020,21:00,0,567
28.03.2020,22:00,0,568
28.03.2020,23:00,0,569
29.03.2020,00:00,0,566
29.03.2020,01:00,0,282
29.03.2020,03:00,0,567
29.03.2020,04:00,0,635
29.03.2020,05:00,0,608
29.03.2020,06:00,0,608
29.03.2020,07:00,0,565
29.03.2020,08:00,0,566
29.03.2020,09:00,0,566
29.03.2020,10:00,0,565
29.03.2020,11:00,0,563
29.03.2020,12:00,0,565
29.03.2020,13:00,0,565
29.03.2020,14:00,0,562
29.03.2020,15:00,0,566
29.03.2020,16:00,0,564
29.03.2020,17:00,0,565
29.03.2020,18:00,0,564
29.03.2020,19:00,0,563
29.03.2020,20:00,0,571
29.03.2020,21:00,0,658
29.03.2020,22:00,0,765
29.03.2020,23:00,0,777
30.03.2020,00:00,0,573
30.03.2020,01:00,0,569
30.03.2020,02:00,0,628
30.03.2020,03:00,0,566
30.03.2020,04:00,0,623
30.03.2020,05:00,0,843
30.03.2020,06:00,0,858
30.03.2020,07:00,0,855
30.03.2020,08:00,0,856
30.03.2020,09:00,0,856
30.03.2020,10:00,0,857
30.03.2020,11:00,0,861
30.03.2020,12:00,0,861
30.03.2020,13:00,0,861
30.03.2020,14:00,0,862
30.03.2020,15:00,0,862
30.03.2020,16:00,0,851
30.03.2020,17:00,0,846
30.03.2020,18:00,0,846
30.03.2020,19:00,0,846
30.03.2020,20:00,0,846
30.03.2020,21:00,0,847
30.03.2020,22:00,0,850
30.03.2020,23:00,0,855
31.03.2020,00:00,0,858
31.03.2020,01:00,0,859
31.03.2020,02:00,0,860
31.03.2020,03:00,0,861
31.03.2020,04:00,0,859
31.03.2020,05:00,0,854
31.03.2020,06:00,0,852
31.03.2020,07:00,0,851
31.03.2020,08:00,0,852
31.03.2020,09:00,0,847
31.03.2020,10:00,0,735
31.03.2020,11:00,0,711
31.03.2020,12:00,0,568
31.03.2020,13:00,0,572
31.03.2020,14:00,0,612
31.03.2020,15:00,0,612
31.03.2020,16:00,0,620
31.03.2020,17:00,0,818
31.03.2020,18:00,0,849
31.03.2020,19:00,0,849
31.03.2020,20:00,0,847
31.03.2020,21:00,0,848
31.03.2020,22:00,0,850
31.03.2020,23:00,0,670
01.04.2020,00:00,0,557
01.04.2020,01:00,0,582
01.04.2020,02:00,0,602
01.04.2020,03:00,0,697
01.04.2020,04:00,0,712
01.04.2020,05:00,0,798
01.04.2020,06:00,0,826
01.04.2020,07:00,0,850
01.04.2020,08:00,0,851
01.04.2020,09:00,0,846
01.04.2020,10:00,0,756
01.04.2020,11:00,0,571
01.04.2020,12:00,0,569
01.04.2020,13:00,0,567
01.04.2020,14:00,0,568
01.04.2020,15:00,0,567
01.04.2020,16:00,0,573
01.04.2020,17:00,0,740
01.04.2020,18:00,0,861
01.04.2020,19:00,0,863
01.04.2020,20:00,0,863
01.04.2020,21:00,0,862
01.04.2020,22:00,0,861
01.04.2020,23:00,0,864
02.04.2020,00:00,0,862
02.04.2020,01:00,0,862
02.04.2020,02:00,0,864
02.04.2020,03:00,0,860
02.04.2020,04:00,0,860
02.04.2020,05:00,0,857
02.04.2020,06:00,0,854
02.04.2020,07:00,0,852
02.04.2020,08:00,0,850
02.04.2020,09:00,0,808
02.04.2020,10:00,0,574
02.04.2020,11:00,0,574
02.04.2020,12:00,0,572
02.04.2020,13:00,0,568
02.04.2020,14:00,0,567
02.04.2020,15:00,0,568
02.04.2020,16:00,0,566
02.04.2020,17:00,0,601
02.04.2020,18:00,0,742
02.04.2020,19:00,0,641
02.04.2020,20:00,0,641
02.04.2020,21:00,0,592
02.04.2020,22:00,0,562
02.04.2020,23:00,0,561
03.04.2020,00:00,0,627
03.04.2020,01:00,0,583
03.04.2020,02:00,0,558
03.04.2020,03:00,0,556
03.04.2020,04:00,0,558
03.04.2020,05:00,0,560
03.04.2020,06:00,0,562
03.04.2020,07:00,0,566
03.04.2020,08:00,0,606
03.04.2020,09:00,0,840
03.04.2020,10:00,0,788
03.04.2020,11:00,0,770
03.04.2020,12:00,0,569
03.04.2020,13:00,0,567
03.04.2020,14:00,0,569
03.04.2020,15:00,0,627
03.04.2020,16:00,0,740
03.04.2020,17:00,0,864
03.04.2020,18:00,0,867
03.04.2020,19:00,0,865
03.04.2020,20:00,0,864
03.04.2020,21:00,0,865
03.04.2020,22:00,0,865
03.04.2020,23:00,0,867
04.04.2020,00:00,0,866
04.04.2020,01:00,0,864
04.04.2020,02:00,0,869
04.04.2020,03:00,0,865
04.04.2020,04:00,0,811
04.04.2020,05:00,0,628
04.04.2020,06:00,0,645
04.04.2020,07:00,0,686
04.04.2020,08:00,0,675
04.04.2020,09:00,0,566
04.04.2020,10:00,0,567
04.04.2020,11:00,0,567
04.04.2020,12:00,0,566
04.04.2020,13:00,0,567
04.04.2020,14:00,0,567
04.04.2020,15:00,0,568
04.04.2020,16:00,0,589
04.04.2020,17:00,0,735
04.04.2020,18:00,0,852
04.04.2020,19:00,0,868
04.04.2020,20:00,0,864
04.04.2020,21:00,0,863
04.04.2020,22:00,0,845
04.04.2020,23:00,0,666
05.04.2020,00:00,0,567
05.04.2020,01:00,0,567
05.04.2020,02:00,0,565
05.04.2020,03:00,0,568
05.04.2020,04:00,0,566
05.04.2020,05:00,0,565
05.04.2020,06:00,0,569
05.04.2020,07:00,0,566
05.04.2020,08:00,0,567
05.04.2020,09:00,0,568
05.04.2020,10:00,0,565
05.04.2020,11:00,0,566
05.04.2020,12:00,0,564
05.04.2020,13:00,0,566
05.04.2020,14:00,0,567
05.04.2020,15:00,0,565
05.04.2020,16:00,0,568
05.04.2020,17:00,0,567
05.04.2020,18:00,0,566
05.04.2020,19:00,0,567
05.04.2020,20:00,0,564
05.04.2020,21:00,0,567
05.04.2020,22:00,0,566
05.04.2020,23:00,0,567
06.04.2020,00:00,0,565
06.04.2020,01:00,0,566
06.04.2020,02:00,0,566
06.04.2020,03:00,0,563
06.04.2020,04:00,0,565
06.04.2020,05:00,0,565
06.04.2020,06:00,0,596
06.04.2020,07:00,0,832
06.04.2020,08:00,0,817
06.04.2020,09:00,0,589
06.04.2020,10:00,0,578
06.04.2020,11:00,0,578
06.04.2020,12:00,0,579
06.04.2020,13:00,0,580
06.04.2020,14:00,0,581
06.04.2020,15:00,6,758
06.04.2020,16:00,307,687
06.04.2020,17:00,25,792
06.04.2020,18:00,0,857
06.04.2020,19:00,0,855
06.04.2020,20:00,0,849
06.04.2020,21:00,120,792
06.04.2020,22:00,435,561
06.04.2020,23:00,596,677
07.04.2020,00:00,691,686
07.04.2020,01:00,755,735
07.04.2020,02:00,849,588
07.04.2020,03:00,635,799
07.04.2020,04:00,569,864
07.04.2020,05:00,521,854
07.04.2020,06:00,676,771
07.04.2020,07:00,841,855
07.04.2020,08:00,819,815
07.04.2020,09:00,755,758
07.04.2020,10:00,565,562
07.04.2020,11:00,565,559
07.04.2020,12:00,559,556
07.04.2020,13:00,560,555
07.04.2020,14:00,562,557
07.04.2020,15:00,561,557
07.04.2020,16:00,578,569
07.04.2020,17:00,769,762
07.04.2020,18:00,851,859
07.04.2020,19:00,862,856
07.04.2020,20:00,858,855
07.04.2020,21:00,853,861
07.04.2020,22:00,795,799
07.04.2020,23:00,612,612
08.04.2020,00:00,656,645
08.04.2020,01:00,560,558
08.04.2020,02:00,561,556
08.04.2020,03:00,563,557
08.04.2020,04:00,574,577
08.04.2020,05:00,734,734
08.04.2020,06:00,845,844
08.04.2020,07:00,868,861
08.04.2020,08:00,868,861
08.04.2020,09:00,858,847
08.04.2020,10:00,731,728
08.04.2020,11:00,690,684
08.04.2020,12:00,561,557
08.04.2020,13:00,560,557
08.04.2020,14:00,561,557
08.04.2020,15:00,569,559
08.04.2020,16:00,710,702
08.04.2020,17:00,843,844
08.04.2020,18:00,867,860
08.04.2020,19:00,872,862
08.04.2020,20:00,870,861
08.04.2020,21:00,870,861
08.04.2020,22:00,869,863
08.04.2020,23:00,846,839
09.04.2020,00:00,805,798
09.04.2020,01:00,735,722
09.04.2020,02:00,728,724
09.04.2020,03:00,726,719
09.04.2020,04:00,733,723
09.04.2020,05:00,787,790
09.04.2020,06:00,862,857
09.04.2020,07:00,872,862
09.04.2020,08:00,872,861
09.04.2020,09:00,859,853
09.04.2020,10:00,716,711
09.04.2020,11:00,581,575
09.04.2020,12:00,561,557
09.04.2020,13:00,563,556
09.04.2020,14:00,561,243
09.04.2020,15:00,584,0
09.04.2020,16:00,588,0
09.04.2020,17:00,600,0
09.04.2020,18:00,835,0
09.04.2020,19:00,873,0
09.04.2020,20:00,874,0
09.04.2020,21:00,861,0
09.04.2020,22:00,861,0
09.04.2020,23:00,823,0
10.04.2020,00:00,559,0
10.04.2020,01:00,372,0
10.04.2020,02:00,307,0
10.04.2020,03:00,308,0
10.04.2020,04:00,309,0
10.04.2020,05:00,308,0
10.04.2020,06:00,308,0
10.04.2020,07:00,306,0
10.04.2020,08:00,307,0
10.04.2020,09:00,307,0
10.04.2020,10:00,307,0
10.04.2020,11:00,307,0
10.04.2020,12:00,307,0
10.04.2020,13:00,307,0
10.04.2020,14:00,307,0
10.04.2020,15:00,307,0
10.04.2020,16:00,311,0
10.04.2020,17:00,415,0
10.04.2020,18:00,606,0
10.04.2020,19:00,865,0
10.04.2020,20:00,867,0
10.04.2020,21:00,859,0
10.04.2020,22:00,776,184
10.04.2020,23:00,774,418
11.04.2020,00:00,551,313
11.04.2020,01:00,494,321
11.04.2020,02:00,313,292
11.04.2020,03:00,293,288
11.04.2020,04:00,298,288
11.04.2020,05:00,293,288
11.04.2020,06:00,292,288
11.04.2020,07:00,291,289
11.04.2020,08:00,291,288
11.04.2020,09:00,291,288
11.04.2020,10:00,291,288
11.04.2020,11:00,290,287
11.04.2020,12:00,292,287
11.04.2020,13:00,290,287
11.04.2020,14:00,291,288
11.04.2020,15:00,291,288
11.04.2020,16:00,291,364
11.04.2020,17:00,377,609
11.04.2020,18:00,584,660
11.04.2020,19:00,730,723
11.04.2020,20:00,727,722
11.04.2020,21:00,720,718
11.04.2020,22:00,654,534
11.04.2020,23:00,588,360
12.04.2020,00:00,562,292
12.04.2020,01:00,474,289
12.04.2020,02:00,300,289
12.04.2020,03:00,291,288
12.04.2020,04:00,292,288
12.04.2020,05:00,291,287
12.04.2020,06:00,292,288
12.04.2020,07:00,292,288
12.04.2020,08:00,291,287
12.04.2020,09:00,290,288
12.04.2020,10:00,292,287
12.04.2020,11:00,291,288
12.04.2020,12:00,291,288
12.04.2020,13:00,290,286
12.04.2020,14:00,292,288
12.04.2020,15:00,291,288
12.04.2020,16:00,291,287
12.04.2020,17:00,292,288
12.04.2020,18:00,425,318
12.04.2020,19:00,604,535
12.04.2020,20:00,601,591
12.04.2020,21:00,433,367
12.04.2020,22:00,295,295
12.04.2020,23:00,292,279
13.04.2020,00:00,293,0
13.04.2020,01:00,299,0
13.04.2020,02:00,299,0
13.04.2020,03:00,299,0
13.04.2020,04:00,300,0
13.04.2020,05:00,296,0
13.04.2020,06:00,297,0
13.04.2020,07:00,296,0
13.04.2020,08:00,296,0
13.04.2020,09:00,296,0
13.04.2020,10:00,295,0
13.04.2020,11:00,468,0
13.04.2020,12:00,508,0
13.04.2020,13:00,504,0
13.04.2020,14:00,501,0
13.04.2020,15:00,499,0
13.04.2020,16:00,503,0
13.04.2020,17:00,505,0
13.04.2020,18:00,601,0
13.04.2020,19:00,623,0
13.04.2020,20:00,395,0
13.04.2020,21:00,291,0
13.04.2020,22:00,293,0
13.04.2020,23:00,292,0
14.04.2020,00:00,292,0
14.04.2020,01:00,291,0
14.04.2020,02:00,291,0
14.04.2020,03:00,291,0
14.04.2020,04:00,378,0
14.04.2020,05:00,574,0
14.04.2020,06:00,791,0
14.04.2020,07:00,808,0
14.04.2020,08:00,804,0
14.04.2020,09:00,853,0
14.04.2020,10:00,754,0
14.04.2020,11:00,725,0
14.04.2020,12:00,862,0
14.04.2020,13:00,715,0
14.04.2020,14:00,562,0
14.04.2020,15:00,560,0
14.04.2020,16:00,570,0
14.04.2020,17:00,707,0
14.04.2020,18:00,864,0
14.04.2020,19:00,868,0
14.04.2020,20:00,866,0
14.04.2020,21:00,864,0
14.04.2020,22:00,857,0
14.04.2020,23:00,718,0
15.04.2020,00:00,571,0
15.04.2020,01:00,564,0
15.04.2020,02:00,564,0
15.04.2020,03:00,571,0
15.04.2020,04:00,660,0
15.04.2020,05:00,680,0
15.04.2020,06:00,858,0
15.04.2020,07:00,876,0
15.04.2020,08:00,875,0
15.04.2020,09:00,735,0
15.04.2020,10:00,576,0
15.04.2020,11:00,602,0
15.04.2020,12:00,572,0
15.04.2020,13:00,572,0
15.04.2020,14:00,579,0
15.04.2020,15:00,660,0
15.04.2020,16:00,578,0
15.04.2020,17:00,715,0
15.04.2020,18:00,876,0
15.04.2020,19:00,877,0
15.04.2020,20:00,876,0
15.04.2020,21:00,872,0
15.04.2020,22:00,866,0
15.04.2020,23:00,655,0
16.04.2020,00:00,570,0
16.04.2020,01:00,561,0
16.04.2020,02:00,562,0
16.04.2020,03:00,563,0
16.04.2020,04:00,646,0
16.04.2020,05:00,844,0
16.04.2020,06:00,872,0
16.04.2020,07:00,872,0
16.04.2020,08:00,875,0
16.04.2020,09:00,783,0
16.04.2020,10:00,581,0
16.04.2020,11:00,572,0
16.04.2020,12:00,571,0
16.04.2020,13:00,572,0
16.04.2020,14:00,571,0
16.04.2020,15:00,571,0
16.04.2020,16:00,584,0
16.04.2020,17:00,752,0
16.04.2020,18:00,871,0
16.04.2020,19:00,871,0
16.04.2020,20:00,872,0
16.04.2020,21:00,870,0
16.04.2020,22:00,873,0
16.04.2020,23:00,810,0
17.04.2020,00:00,870,0
17.04.2020,01:00,875,0
17.04.2020,02:00,875,0
17.04.2020,03:00,874,0
17.04.2020,04:00,867,0
17.04.2020,05:00,863,0
17.04.2020,06:00,859,0
17.04.2020,07:00,861,0
17.04.2020,08:00,867,0
17.04.2020,09:00,862,0
17.04.2020,10:00,751,0
17.04.2020,11:00,572,0
17.04.2020,12:00,561,0
17.04.2020,13:00,560,0
17.04.2020,14:00,561,0
17.04.2020,15:00,562,0
17.04.2020,16:00,561,0
17.04.2020,17:00,559,0
17.04.2020,18:00,561,0
17.04.2020,19:00,568,0
17.04.2020,20:00,573,0
17.04.2020,21:00,575,0
17.04.2020,22:00,577,0
17.04.2020,23:00,582,0
18.04.2020,00:00,587,0
18.04.2020,01:00,592,0
18.04.2020,02:00,595,10
18.04.2020,03:00,547,264
18.04.2020,04:00,531,322
18.04.2020,05:00,561,291
18.04.2020,06:00,561,289
18.04.2020,07:00,562,288
18.04.2020,08:00,568,287
18.04.2020,09:00,621,287
18.04.2020,10:00,562,288
18.04.2020,11:00,562,288
18.04.2020,12:00,562,288
18.04.2020,13:00,563,288
18.04.2020,14:00,560,287
18.04.2020,15:00,561,288
18.04.2020,16:00,562,289
18.04.2020,17:00,571,305
18.04.2020,18:00,532,377
18.04.2020,19:00,574,681
18.04.2020,20:00,577,654
18.04.2020,21:00,559,574
18.04.2020,22:00,536,555
18.04.2020,23:00,314,558
19.04.2020,00:00,292,558
19.04.2020,01:00,292,556
19.04.2020,02:00,292,556
19.04.2020,03:00,291,555
19.04.2020,04:00,291,556
19.04.2020,05:00,292,557
19.04.2020,06:00,291,554
19.04.2020,07:00,292,557
19.04.2020,08:00,3,574
19.04.2020,09:00,0,577
19.04.2020,10:00,0,577
19.04.2020,11:00,0,578
19.04.2020,12:00,0,570
19.04.2020,13:00,0,532
19.04.2020,14:00,0,329
19.04.2020,15:00,0,289
19.04.2020,16:00,0,289
19.04.2020,17:00,0,289
19.04.2020,18:00,0,288
19.04.2020,19:00,0,288
19.04.2020,20:00,0,288
19.04.2020,21:00,0,287
19.04.2020,22:00,0,288
19.04.2020,23:00,0,288
20.04.2020,00:00,0,288
20.04.2020,01:00,0,289
20.04.2020,02:00,0,309
20.04.2020,03:00,0,326
20.04.2020,04:00,0,526
20.04.2020,05:00,0,565
20.04.2020,06:00,0,567
20.04.2020,07:00,0,567
20.04.2020,08:00,0,568
20.04.2020,09:00,0,564
20.04.2020,10:00,0,565
20.04.2020,11:00,0,566
20.04.2020,12:00,0,568
20.04.2020,13:00,0,569
20.04.2020,14:00,0,502
20.04.2020,15:00,0,291
20.04.2020,16:00,0,289
20.04.2020,17:00,0,290
20.04.2020,18:00,0,300
20.04.2020,19:00,0,299
20.04.2020,20:00,0,298
20.04.2020,21:00,0,297
20.04.2020,22:00,0,298
20.04.2020,23:00,0,298
21.04.2020,00:00,0,329
21.04.2020,01:00,0,552
21.04.2020,02:00,0,563
21.04.2020,03:00,0,560
21.04.2020,04:00,0,559
21.04.2020,05:00,0,559
21.04.2020,06:00,0,559
21.04.2020,07:00,0,560
21.04.2020,08:00,0,560
21.04.2020,09:00,0,559
21.04.2020,10:00,0,558
21.04.2020,11:00,0,559
21.04.2020,12:00,0,560
21.04.2020,13:00,0,563
21.04.2020,14:00,0,565
21.04.2020,15:00,0,566
21.04.2020,16:00,0,564
21.04.2020,17:00,0,564
21.04.2020,18:00,0,565
21.04.2020,19:00,0,565
21.04.2020,20:00,0,563
21.04.2020,21:00,0,565
21.04.2020,22:00,0,565
21.04.2020,23:00,0,563
22.04.2020,00:00,0,565
22.04.2020,01:00,0,565
22.04.2020,02:00,0,563
22.04.2020,03:00,0,566
22.04.2020,04:00,0,564
22.04.2020,05:00,0,564
22.04.2020,06:00,0,566
22.04.2020,07:00,0,564
22.04.2020,08:00,0,565
22.04.2020,09:00,0,564
22.04.2020,10:00,0,564
22.04.2020,11:00,0,565
22.04.2020,12:00,0,564
22.04.2020,13:00,0,566
22.04.2020,14:00,0,569
22.04.2020,15:00,0,565
22.04.2020,16:00,0,568
22.04.2020,17:00,0,573
22.04.2020,18:00,0,715
22.04.2020,19:00,0,852
22.04.2020,20:00,0,856
22.04.2020,21:00,0,844
22.04.2020,22:00,0,699
22.04.2020,23:00,0,571
23.04.2020,00:00,0,561
23.04.2020,01:00,0,563
23.04.2020,02:00,0,561
23.04.2020,03:00,0,560
23.04.2020,04:00,0,563
23.04.2020,05:00,0,610
23.04.2020,06:00,0,832
23.04.2020,07:00,0,859
23.04.2020,08:00,0,856
23.04.2020,09:00,0,821
23.04.2020,10:00,0,584
23.04.2020,11:00,0,565
23.04.2020,12:00,0,568
23.04.2020,13:00,0,659
23.04.2020,14:00,0,570
23.04.2020,15:00,0,566
23.04.2020,16:00,0,600
23.04.2020,17:00,0,844
23.04.2020,18:00,0,856
23.04.2020,19:00,0,856
23.04.2020,20:00,0,856
23.04.2020,21:00,0,855
23.04.2020,22:00,0,854
23.04.2020,23:00,0,847
24.04.2020,00:00,0,593
24.04.2020,01:00,0,561
24.04.2020,02:00,0,563
24.04.2020,03:00,0,560
24.04.2020,04:00,0,562
24.04.2020,05:00,0,594
24.04.2020,06:00,0,828
24.04.2020,07:00,0,852
24.04.2020,08:00,0,821
24.04.2020,09:00,0,572
24.04.2020,10:00,0,556
24.04.2020,11:00,0,556
24.04.2020,12:00,0,562
24.04.2020,13:00,0,567
24.04.2020,14:00,0,567
24.04.2020,15:00,0,566
24.04.2020,16:00,0,568
24.04.2020,17:00,0,566
24.04.2020,18:00,0,567
24.04.2020,19:00,0,566
24.04.2020,20:00,0,566
24.04.2020,21:00,0,567
24.04.2020,22:00,0,566
24.04.2020,23:00,0,568
25.04.2020,00:00,0,565
25.04.2020,01:00,0,567
25.04.2020,02:00,0,567
25.04.2020,03:00,0,567
25.04.2020,04:00,0,566
25.04.2020,05:00,0,564
25.04.2020,06:00,0,568
25.04.2020,07:00,0,565
25.04.2020,08:00,0,566
25.04.2020,09:00,0,566
25.04.2020,10:00,0,567
25.04.2020,11:00,0,567
25.04.2020,12:00,0,566
25.04.2020,13:00,0,565
25.04.2020,14:00,0,565
25.04.2020,15:00,0,567
25.04.2020,16:00,0,569
25.04.2020,17:00,0,565
25.04.2020,18:00,0,665
25.04.2020,19:00,0,851
25.04.2020,20:00,0,864
25.04.2020,21:00,0,865
25.04.2020,22:00,0,854
25.04.2020,23:00,0,595
26.04.2020,00:00,0,568
26.04.2020,01:00,0,567
26.04.2020,02:00,0,565
26.04.2020,03:00,0,566
26.04.2020,04:00,0,567
26.04.2020,05:00,0,567
26.04.2020,06:00,0,566
26.04.2020,07:00,0,567
26.04.2020,08:00,0,560
26.04.2020,09:00,0,443
26.04.2020,10:00,0,308
26.04.2020,11:00,0,300
26.04.2020,12:00,0,298
26.04.2020,13:00,0,298
26.04.2020,14:00,0,298
26.04.2020,15:00,0,297
26.04.2020,16:00,0,346
26.04.2020,17:00,0,539
26.04.2020,18:00,0,739
26.04.2020,19:00,0,866
26.04.2020,20:00,0,871
26.04.2020,21:00,0,866
26.04.2020,22:00,0,817
26.04.2020,23:00,0,581
27.04.2020,00:00,0,564
27.04.2020,01:00,0,565
27.04.2020,02:00,0,518
27.04.2020,03:00,0,563
27.04.2020,04:00,0,565
27.04.2020,05:00,0,572
27.04.2020,06:00,0,804
27.04.2020,07:00,0,861
27.04.2020,08:00,0,857
27.04.2020,09:00,0,656
27.04.2020,10:00,0,565
27.04.2020,11:00,0,564
27.04.2020,12:00,0,564
27.04.2020,13:00,0,564
27.04.2020,14:00,0,565
27.04.2020,15:00,0,564
27.04.2020,16:00,0,590
27.04.2020,17:00,0,835
27.04.2020,18:00,0,864
27.04.2020,19:00,0,866
27.04.2020,20:00,0,864
27.04.2020,21:00,0,864
27.04.2020,22:00,0,863
27.04.2020,23:00,0,867
28.04.2020,00:00,0,860
28.04.2020,01:00,0,683
28.04.2020,02:00,0,566
28.04.2020,03:00,0,566
28.04.2020,04:00,0,572
28.04.2020,05:00,0,660
28.04.2020,06:00,0,819
28.04.2020,07:00,0,866
28.04.2020,08:00,0,864
28.04.2020,09:00,0,865
28.04.2020,10:00,0,867
28.04.2020,11:00,0,863
28.04.2020,12:00,0,866
28.04.2020,13:00,0,867
28.04.2020,14:00,0,868
28.04.2020,15:00,0,866
28.04.2020,16:00,0,864
28.04.2020,17:00,0,864
28.04.2020,18:00,0,866
28.04.2020,19:00,0,865
28.04.2020,20:00,0,864
28.04.2020,21:00,0,862
28.04.2020,22:00,0,805
28.04.2020,23:00,0,569
29.04.2020,00:00,0,569
29.04.2020,01:00,0,567
29.04.2020,02:00,0,568
29.04.2020,03:00,0,568
29.04.2020,04:00,0,571
29.04.2020,05:00,0,680
29.04.2020,06:00,0,846
29.04.2020,07:00,0,867
29.04.2020,08:00,0,864
29.04.2020,09:00,0,864
29.04.2020,10:00,0,863
29.04.2020,11:00,0,852
29.04.2020,12:00,0,702
29.04.2020,13:00,0,558
29.04.2020,14:00,0,558
29.04.2020,15:00,0,558
29.04.2020,16:00,0,591
29.04.2020,17:00,0,770
29.04.2020,18:00,0,864
29.04.2020,19:00,0,865
29.04.2020,20:00,0,865
29.04.2020,21:00,0,848
29.04.2020,22:00,0,721
29.04.2020,23:00,0,569
30.04.2020,00:00,0,567
30.04.2020,01:00,0,566
30.04.2020,02:00,0,568
30.04.2020,03:00,0,566
30.04.2020,04:00,0,567
30.04.2020,05:00,0,565
30.04.2020,06:00,0,602
30.04.2020,07:00,0,766
30.04.2020,08:00,0,717
30.04.2020,09:00,0,594
30.04.2020,10:00,0,556
30.04.2020,11:00,0,556
30.04.2020,12:00,0,558
30.04.2020,13:00,0,556
30.04.2020,14:00,0,558
30.04.2020,15:00,0,555
30.04.2020,16:00,0,556
30.04.2020,17:00,0,602
30.04.2020,18:00,0,845
30.04.2020,19:00,0,863
30.04.2020,20:00,0,863
30.04.2020,21:00,0,837
30.04.2020,22:00,0,585
30.04.2020,23:00,0,566
