Datum,Uhrzeit,Generation_DE PSS A[MW],Generation_DE PSS C[MW],Generation_DE PSS D[MW],Generation_DE PSS B[MW]
01.01.2020,00:00,0,0,1,0
01.01.2020,01:00,0,0,0,0
01.01.2020,02:00,0,0,0,0
01.01.2020,03:00,0,0,0,0
01.01.2020,04:00,0,0,0,0
01.01.2020,05:00,0,0,0,0
01.01.2020,06:00,0,0,0,0
01.01.2020,07:00,0,0,0,0
01.01.2020,08:00,56,0,0,0
01.01.2020,09:00,50,0,0,0
01.01.2020,10:00,0,0,0,0
01.01.2020,11:00,0,0,0,0
01.01.2020,12:00,0,0,0,0
01.01.2020,13:00,0,0,0,0
01.01.2020,14:00,36,0,0,0
01.01.2020,15:00,146,0,0,0
01.01.2020,16:00,80,0,1,1
01.01.2020,17:00,223,244,220,246
01.01.2020,18:00,232,249,229,252
01.01.2020,19:00,224,241,221,244
01.01.2020,20:00,234,247,230,249
01.01.2020,21:00,92,11,0,1
01.01.2020,22:00,134,0,0,0
01.01.2020,23:00,0,0,0,0
02.01.2020,00:00,0,0,0,0
02.01.2020,01:00,0,0,0,0
02.01.2020,02:00,0,0,0,0
02.01.2020,03:00,0,0,0,0
02.01.2020,04:00,0,0,0,0
02.01.2020,05:00,1,0,0,0
02.01.2020,06:00,113,0,0,0
02.01.2020,07:00,238,240,235,246
02.01.2020,08:00,238,249,235,252
02.01.2020,09:00,186,72,47,225
02.01.2020,10:00,80,0,0,0
02.01.2020,11:00,136,0,0,0
02.01.2020,12:00,182,0,0,0
02.01.2020,13:00,166,0,0,0
02.01.2020,14:00,130,53,48,56
02.01.2020,15:00,76,0,40,0
02.01.2020,16:00,125,0,38,0
02.01.2020,17:00,136,0,132,0
02.01.2020,18:00,116,209,116,223
02.01.2020,19:00,113,205,101,205
02.01.2020,20:00,75,0,0,62
02.01.2020,21:00,85,0,0,0
02.01.2020,22:00,141,0,0,0
02.01.2020,23:00,0,0,0,0
03.01.2020,00:00,0,0,0,0
03.01.2020,01:00,0,0,0,0
03.01.2020,02:00,0,0,0,0
03.01.2020,03:00,0,0,0,0
03.01.2020,04:00,0,0,0,0
03.01.2020,05:00,0,0,0,0
03.01.2020,06:00,0,0,0,0
03.01.2020,07:00,0,0,43,0
03.01.2020,08:00,223,239,221,245
03.01.2020,09:00,139,49,0,2
03.01.2020,10:00,106,0,0,0
03.01.2020,11:00,121,0,0,0
03.01.2020,12:00,125,0,0,0
03.01.2020,13:00,88,29,0,0
03.01.2020,14:00,127,0,0,0
03.01.2020,15:00,79,0,0,196
03.01.2020,16:00,98,0,0,199
03.01.2020,17:00,155,222,153,228
03.01.2020,18:00,147,223,145,226
03.01.2020,19:00,209,235,207,237
03.01.2020,20:00,0,165,87,23
03.01.2020,21:00,0,223,166,0
03.01.2020,22:00,0,225,129,0
03.01.2020,23:00,0,182,73,0
04.01.2020,00:00,0,0,27,0
04.01.2020,01:00,0,0,0,0
04.01.2020,02:00,0,0,0,0
04.01.2020,03:00,0,0,0,0
04.01.2020,04:00,0,0,0,0
04.01.2020,05:00,0,0,0,0
04.01.2020,06:00,0,0,0,0
04.01.2020,07:00,0,0,0,0
04.01.2020,08:00,0,0,0,0
04.01.2020,09:00,0,0,0,0
04.01.2020,10:00,0,0,0,0
04.01.2020,11:00,0,0,0,0
04.01.2020,12:00,0,0,0,0
04.01.2020,13:00,0,0,0,0
04.01.2020,14:00,0,0,0,0
04.01.2020,15:00,0,0,0,0
04.01.2020,16:00,140,0,0,0
04.01.2020,17:00,76,0,0,0
04.01.2020,18:00,128,0,0,0
04.01.2020,19:00,169,0,0,229
04.01.2020,20:00,180,0,176,231
04.01.2020,21:00,115,0,0,0
04.01.2020,22:00,202,0,0,0
04.01.2020,23:00,5,0,0,0
05.01.2020,00:00,0,0,0,0
05.01.2020,01:00,0,0,0,0
05.01.2020,02:00,0,0,0,0
05.01.2020,03:00,0,0,0,0
05.01.2020,04:00,0,0,0,0
05.01.2020,05:00,0,0,0,0
05.01.2020,06:00,5,0,0,0
05.01.2020,07:00,139,0,0,0
05.01.2020,08:00,40,0,0,0
05.01.2020,09:00,38,0,0,0
05.01.2020,10:00,43,0,0,0
05.01.2020,11:00,38,0,0,0
05.01.2020,12:00,133,0,0,0
05.01.2020,13:00,135,0,0,0
05.01.2020,14:00,103,0,0,0
05.01.2020,15:00,129,0,0,0
05.01.2020,16:00,79,0,1,0
05.01.2020,17:00,220,236,217,243
05.01.2020,18:00,244,252,241,254
05.01.2020,19:00,243,250,239,253
05.01.2020,20:00,212,210,187,237
05.01.2020,21:00,78,0,0,0
05.01.2020,22:00,132,0,0,0
05.01.2020,23:00,6,0,0,0
06.01.2020,00:00,0,0,0,0
06.01.2020,01:00,0,0,0,0
06.01.2020,02:00,0,0,0,0
06.01.2020,03:00,0,0,0,0
06.01.2020,04:00,0,0,0,0
06.01.2020,05:00,0,0,0,0
06.01.2020,06:00,0,0,0,0
06.01.2020,07:00,101,5,2,10
06.01.2020,08:00,248,254,245,256
06.01.2020,09:00,202,230,199,233
06.01.2020,10:00,271,204,3,266
06.01.2020,11:00,74,0,0,2
06.01.2020,12:00,146,0,0,0
06.01.2020,13:00,96,0,0,0
06.01.2020,14:00,117,0,0,0
06.01.2020,15:00,104,0,0,0
06.01.2020,16:00,219,0,0,0
06.01.2020,17:00,197,232,162,234
06.01.2020,18:00,169,214,166,216
06.01.2020,19:00,176,216,137,218
06.01.2020,20:00,91,6,0,0
06.01.2020,21:00,77,0,0,0
06.01.2020,22:00,0,0,0,0
06.01.2020,23:00,0,0,0,0
07.01.2020,00:00,0,0,0,0
07.01.2020,01:00,0,0,0,0
07.01.2020,02:00,0,0,0,0
07.01.2020,03:00,0,0,0,0
07.01.2020,04:00,0,0,0,0
07.01.2020,05:00,0,0,0,0
07.01.2020,06:00,1,0,0,0
07.01.2020,07:00,174,0,4,225
07.01.2020,08:00,246,106,240,242
07.01.2020,09:00,232,236,229,240
07.01.2020,10:00,204,224,201,227
07.01.2020,11:00,231,239,228,242
07.01.2020,12:00,217,20,211,232
07.01.2020,13:00,189,0,185,8
07.01.2020,14:00,4,0,117,0
07.01.2020,15:00,0,0,155,0
07.01.2020,16:00,0,0,95,0
07.01.2020,17:00,219,217,217,223
07.01.2020,18:00,223,222,220,225
07.01.2020,19:00,117,0,4,0
07.01.2020,20:00,29,0,0,0
07.01.2020,21:00,0,0,0,0
07.01.2020,22:00,0,0,0,0
07.01.2020,23:00,0,0,0,0
08.01.2020,00:00,0,0,0,0
08.01.2020,01:00,0,0,0,0
08.01.2020,02:00,0,0,0,0
08.01.2020,03:00,0,0,0,0
08.01.2020,04:00,0,0,0,0
08.01.2020,05:00,0,0,0,0
08.01.2020,06:00,0,0,0,0
08.01.2020,07:00,0,0,0,0
08.01.2020,08:00,0,21,77,0
08.01.2020,09:00,0,0,44,0
08.01.2020,10:00,0,0,45,0
08.01.2020,11:00,0,0,65,0
08.01.2020,12:00,0,0,80,0
08.01.2020,13:00,0,0,94,0
08.01.2020,14:00,0,1,159,2
08.01.2020,15:00,0,238,222,239
08.01.2020,16:00,10,220,195,20
08.01.2020,17:00,242,244,49,244
08.01.2020,18:00,253,258,103,259
08.01.2020,19:00,233,237,230,240
08.01.2020,20:00,67,226,219,111
08.01.2020,21:00,0,0,0,0
08.01.2020,22:00,0,2,0,0
08.01.2020,23:00,0,198,0,0
09.01.2020,00:00,0,0,0,0
09.01.2020,01:00,0,0,0,0
09.01.2020,02:00,0,0,0,0
09.01.2020,03:00,0,0,0,0
09.01.2020,04:00,0,0,0,0
09.01.2020,05:00,0,0,0,0
09.01.2020,06:00,0,0,0,0
09.01.2020,07:00,274,0,0,255
09.01.2020,08:00,264,0,0,255
09.01.2020,09:00,245,0,0,242
09.01.2020,10:00,113,0,0,117
09.01.2020,11:00,0,0,0,0
09.01.2020,12:00,143,0,0,0
09.01.2020,13:00,0,0,0,0
09.01.2020,14:00,0,0,0,0
09.01.2020,15:00,1,0,0,0
09.01.2020,16:00,80,0,0,0
09.01.2020,17:00,166,0,0,0
09.01.2020,18:00,254,243,249,250
09.01.2020,19:00,129,4,0,48
09.01.2020,20:00,0,0,0,0
09.01.2020,21:00,0,0,0,0
09.01.2020,22:00,0,0,0,0
09.01.2020,23:00,0,0,0,0
10.01.2020,00:00,0,0,0,0
10.01.2020,01:00,0,0,0,0
10.01.2020,02:00,0,0,0,0
10.01.2020,03:00,0,0,0,0
10.01.2020,04:00,0,0,0,0
10.01.2020,05:00,0,0,0,0
10.01.2020,06:00,0,0,0,0
10.01.2020,07:00,188,52,31,57
10.01.2020,08:00,207,232,204,235
10.01.2020,09:00,247,250,244,253
10.01.2020,10:00,126,12,27,32
10.01.2020,11:00,95,0,34,0
10.01.2020,12:00,135,0,79,0
10.01.2020,13:00,134,0,0,171
10.01.2020,14:00,61,0,3,0
10.01.2020,15:00,60,0,0,0
10.01.2020,16:00,98,0,0,0
10.01.2020,17:00,237,236,234,239
10.01.2020,18:00,257,237,254,241
10.01.2020,19:00,213,221,210,223
10.01.2020,20:00,221,217,217,220
10.01.2020,21:00,121,1,1,0
10.01.2020,22:00,190,0,0,0
10.01.2020,23:00,44,0,0,0
11.01.2020,00:00,0,0,0,0
11.01.2020,01:00,0,0,0,0
11.01.2020,02:00,0,0,0,0
11.01.2020,03:00,0,0,0,0
11.01.2020,04:00,0,0,0,0
11.01.2020,05:00,0,0,0,0
11.01.2020,06:00,0,0,1,0
11.01.2020,07:00,0,0,111,0
11.01.2020,08:00,1,0,93,0
11.01.2020,09:00,229,237,225,243
11.01.2020,10:00,220,233,218,236
11.01.2020,11:00,52,0,126,0
11.01.2020,12:00,0,0,62,0
11.01.2020,13:00,0,0,107,0
11.01.2020,14:00,0,0,122,0
11.01.2020,15:00,0,0,110,0
11.01.2020,16:00,0,0,79,0
11.01.2020,17:00,215,0,210,95
11.01.2020,18:00,246,224,242,235
11.01.2020,19:00,143,174,141,0
11.01.2020,20:00,1,0,98,0
11.01.2020,21:00,0,0,123,0
11.01.2020,22:00,0,0,112,0
11.01.2020,23:00,0,0,101,0
12.01.2020,00:00,0,0,47,0
12.01.2020,01:00,0,0,0,0
12.01.2020,02:00,0,0,0,0
12.01.2020,03:00,0,0,0,0
12.01.2020,04:00,0,0,0,0
12.01.2020,05:00,0,0,0,0
12.01.2020,06:00,0,0,0,0
12.01.2020,07:00,0,0,0,0
12.01.2020,08:00,0,0,0,0
12.01.2020,09:00,0,0,0,0
12.01.2020,10:00,0,0,0,0
12.01.2020,11:00,0,0,0,0
12.01.2020,12:00,0,0,0,0
12.01.2020,13:00,0,0,0,0
12.01.2020,14:00,0,0,0,0
12.01.2020,15:00,2,0,0,0
12.01.2020,16:00,90,0,0,0
12.01.2020,17:00,62,0,0,0
12.01.2020,18:00,81,0,0,0
12.01.2020,19:00,61,0,0,0
12.01.2020,20:00,60,0,0,0
12.01.2020,21:00,61,0,0,0
12.01.2020,22:00,24,0,0,0
12.01.2020,23:00,60,0,0,0
13.01.2020,00:00,1,0,0,0
13.01.2020,01:00,0,0,0,0
13.01.2020,02:00,0,0,0,0
13.01.2020,03:00,0,0,0,0
13.01.2020,04:00,42,0,0,0
13.01.2020,05:00,150,0,0,0
13.01.2020,06:00,175,3,142,0
13.01.2020,07:00,275,266,272,265
13.01.2020,08:00,234,248,230,251
13.01.2020,09:00,244,250,241,253
13.01.2020,10:00,288,263,287,267
13.01.2020,11:00,277,245,275,249
13.01.2020,12:00,0,1,54,0
13.01.2020,13:00,0,0,55,0
13.01.2020,14:00,0,1,141,0
13.01.2020,15:00,3,244,258,12
13.01.2020,16:00,256,233,253,236
13.01.2020,17:00,233,228,230,231
13.01.2020,18:00,86,158,0,161
13.01.2020,19:00,46,0,0,131
13.01.2020,20:00,76,0,0,0
13.01.2020,21:00,133,0,0,0
13.01.2020,22:00,1,0,0,0
13.01.2020,23:00,0,0,0,0
14.01.2020,00:00,0,0,0,0
14.01.2020,01:00,0,0,0,0
14.01.2020,02:00,0,0,0,0
14.01.2020,03:00,0,0,0,0
14.01.2020,04:00,0,0,0,0
14.01.2020,05:00,0,0,0,0
14.01.2020,06:00,0,0,0,0
14.01.2020,07:00,20,0,0,0
14.01.2020,08:00,66,0,0,0
14.01.2020,09:00,19,0,45,0
14.01.2020,10:00,0,0,67,0
14.01.2020,11:00,0,0,90,0
14.01.2020,12:00,0,0,73,0
14.01.2020,13:00,0,0,241,0
14.01.2020,14:00,0,110,221,0
14.01.2020,15:00,0,255,266,0
14.01.2020,16:00,241,246,240,250
14.01.2020,17:00,218,238,216,240
14.01.2020,18:00,255,235,252,239
14.01.2020,19:00,262,233,259,236
14.01.2020,20:00,83,1,78,50
14.01.2020,21:00,0,0,0,0
14.01.2020,22:00,0,0,0,0
14.01.2020,23:00,0,0,0,0
15.01.2020,00:00,0,0,0,0
15.01.2020,01:00,0,0,0,0
15.01.2020,02:00,0,0,0,0
15.01.2020,03:00,0,0,0,0
15.01.2020,04:00,0,0,0,0
15.01.2020,05:00,0,0,0,0
15.01.2020,06:00,0,0,0,0
15.01.2020,07:00,0,0,59,1
15.01.2020,08:00,263,268,290,277
15.01.2020,09:00,112,1,120,4
15.01.2020,10:00,1,0,53,0
15.01.2020,11:00,0,0,47,0
15.01.2020,12:00,0,0,65,0
15.01.2020,13:00,0,0,62,0
15.01.2020,14:00,0,0,44,0
15.01.2020,15:00,1,102,131,0
15.01.2020,16:00,221,239,218,241
15.01.2020,17:00,195,223,193,226
15.01.2020,18:00,231,241,228,245
15.01.2020,19:00,220,232,217,235
15.01.2020,20:00,142,0,186,0
15.01.2020,21:00,0,0,0,0
15.01.2020,22:00,0,0,0,0
15.01.2020,23:00,0,0,0,0
16.01.2020,00:00,0,0,0,0
16.01.2020,01:00,0,0,0,0
16.01.2020,02:00,0,0,0,0
16.01.2020,03:00,0,0,0,0
16.01.2020,04:00,0,0,0,0
16.01.2020,05:00,0,0,0,0
16.01.2020,06:00,1,0,1,0
16.01.2020,07:00,269,262,265,266
16.01.2020,08:00,295,247,292,250
16.01.2020,09:00,259,253,256,256
16.01.2020,10:00,244,247,241,250
16.01.2020,11:00,72,1,2,1
16.01.2020,12:00,98,0,0,0
16.01.2020,13:00,86,0,0,0
16.01.2020,14:00,146,0,60,0
16.01.2020,15:00,102,0,2,0
16.01.2020,16:00,146,0,1,0
16.01.2020,17:00,186,201,183,212
16.01.2020,18:00,225,225,222,228
16.01.2020,19:00,191,167,189,211
16.01.2020,20:00,116,0,1,0
16.01.2020,21:00,1,0,0,0
16.01.2020,22:00,0,0,0,0
16.01.2020,23:00,0,0,0,0
17.01.2020,00:00,0,0,0,0
17.01.2020,01:00,0,0,0,0
17.01.2020,02:00,0,0,0,0
17.01.2020,03:00,0,0,0,0
17.01.2020,04:00,0,0,0,0
17.01.2020,05:00,0,0,0,0
17.01.2020,06:00,4,0,0,0
17.01.2020,07:00,98,0,0,0
17.01.2020,08:00,290,258,286,262
17.01.2020,09:00,210,239,207,237
17.01.2020,10:00,142,1,1,0
17.01.2020,11:00,152,0,0,0
17.01.2020,12:00,139,0,0,0
17.01.2020,13:00,141,0,0,0
17.01.2020,14:00,165,0,0,0
17.01.2020,15:00,103,58,0,5
17.01.2020,16:00,251,237,249,240
17.01.2020,17:00,257,237,253,240
17.01.2020,18:00,250,233,247,236
17.01.2020,19:00,69,140,58,140
17.01.2020,20:00,140,2,0,0
17.01.2020,21:00,166,0,0,0
17.01.2020,22:00,91,0,0,0
17.01.2020,23:00,0,0,0,0
18.01.2020,00:00,0,0,0,0
18.01.2020,01:00,0,0,0,0
18.01.2020,02:00,0,0,0,0
18.01.2020,03:00,0,0,0,0
18.01.2020,04:00,0,0,0,0
18.01.2020,05:00,0,0,0,0
18.01.2020,06:00,0,0,0,0
18.01.2020,07:00,0,0,0,0
18.01.2020,08:00,84,0,0,88
18.01.2020,09:00,89,0,0,174
18.01.2020,10:00,122,0,0,188
18.01.2020,11:00,78,0,0,2
18.01.2020,12:00,1,0,0,0
18.01.2020,13:00,1,0,0,0
18.01.2020,14:00,116,0,0,0
18.01.2020,15:00,36,0,32,0
18.01.2020,16:00,108,2,105,5
18.01.2020,17:00,269,251,266,254
18.01.2020,18:00,232,243,229,245
18.01.2020,19:00,253,234,250,237
18.01.2020,20:00,224,230,221,232
18.01.2020,21:00,87,54,3,9
18.01.2020,22:00,140,0,0,0
18.01.2020,23:00,126,0,0,0
19.01.2020,00:00,2,0,0,0
19.01.2020,01:00,0,0,0,0
19.01.2020,02:00,0,0,0,0
19.01.2020,03:00,0,0,0,0
19.01.2020,04:00,0,0,0,0
19.01.2020,05:00,0,0,0,0
19.01.2020,06:00,0,0,0,0
19.01.2020,07:00,0,0,0,0
19.01.2020,08:00,0,0,0,0
19.01.2020,09:00,1,0,0,0
19.01.2020,10:00,80,0,0,0
19.01.2020,11:00,133,0,0,0
19.01.2020,12:00,67,0,0,0
19.01.2020,13:00,52,0,0,0
19.01.2020,14:00,201,0,0,0
19.01.2020,15:00,95,0,0,0
19.01.2020,16:00,131,0,0,0
19.01.2020,17:00,165,0,0,0
19.01.2020,18:00,92,120,0,0
19.01.2020,19:00,75,103,0,0
19.01.2020,20:00,90,0,0,0
19.01.2020,21:00,99,0,0,0
19.01.2020,22:00,81,0,0,0
19.01.2020,23:00,96,0,0,0
20.01.2020,00:00,39,0,0,0
20.01.2020,01:00,39,0,0,0
20.01.2020,02:00,0,0,0,0
20.01.2020,03:00,0,0,0,0
20.01.2020,04:00,0,0,0,0
20.01.2020,05:00,0,0,0,0
20.01.2020,06:00,105,2,6,0
20.01.2020,07:00,206,240,204,242
20.01.2020,08:00,216,240,214,243
20.01.2020,09:00,255,257,252,259
20.01.2020,10:00,284,278,280,4
20.01.2020,11:00,2,2,120,0
20.01.2020,12:00,0,0,107,0
20.01.2020,13:00,0,0,115,0
20.01.2020,14:00,0,0,116,0
20.01.2020,15:00,2,0,115,0
20.01.2020,16:00,264,245,262,248
20.01.2020,17:00,248,240,244,243
20.01.2020,18:00,252,236,248,240
20.01.2020,19:00,177,200,174,202
20.01.2020,20:00,107,50,0,2
20.01.2020,21:00,2,0,0,0
20.01.2020,22:00,0,0,0,0
20.01.2020,23:00,0,0,0,0
21.01.2020,00:00,0,0,0,0
21.01.2020,01:00,0,0,0,0
21.01.2020,02:00,0,0,0,0
21.01.2020,03:00,0,0,0,0
21.01.2020,04:00,0,0,0,0
21.01.2020,05:00,0,0,0,0
21.01.2020,06:00,1,0,0,0
21.01.2020,07:00,48,2,0,0
21.01.2020,08:00,260,257,257,260
21.01.2020,09:00,179,2,0,0
21.01.2020,10:00,105,0,0,0
21.01.2020,11:00,38,0,0,0
21.01.2020,12:00,50,0,0,0
21.01.2020,13:00,40,0,0,0
21.01.2020,14:00,69,0,0,0
21.01.2020,15:00,124,0,0,4
21.01.2020,16:00,183,221,0,220
21.01.2020,17:00,180,224,0,223
21.01.2020,18:00,118,206,0,206
21.01.2020,19:00,163,5,0,50
21.01.2020,20:00,138,0,0,0
21.01.2020,21:00,103,0,0,0
21.01.2020,22:00,92,0,0,0
21.01.2020,23:00,0,0,0,0
22.01.2020,00:00,0,0,0,0
22.01.2020,01:00,0,0,0,0
22.01.2020,02:00,0,0,0,0
22.01.2020,03:00,0,0,0,0
22.01.2020,04:00,0,0,0,0
22.01.2020,05:00,0,0,0,0
22.01.2020,06:00,18,0,0,0
22.01.2020,07:00,167,108,0,191
22.01.2020,08:00,292,279,0,279
22.01.2020,09:00,160,206,0,206
22.01.2020,10:00,100,156,0,199
22.01.2020,11:00,131,55,0,215
22.01.2020,12:00,161,7,0,70
22.01.2020,13:00,83,0,0,153
22.01.2020,14:00,130,0,0,151
22.01.2020,15:00,103,0,0,160
22.01.2020,16:00,196,16,1,78
22.01.2020,17:00,193,222,191,224
22.01.2020,18:00,194,219,191,221
22.01.2020,19:00,246,239,243,242
22.01.2020,20:00,191,203,173,205
22.01.2020,21:00,94,46,0,45
22.01.2020,22:00,15,0,0,0
22.01.2020,23:00,0,0,0,0
23.01.2020,00:00,0,0,0,0
23.01.2020,01:00,0,0,0,0
23.01.2020,02:00,0,0,0,0
23.01.2020,03:00,0,0,0,0
23.01.2020,04:00,0,0,0,0
23.01.2020,05:00,0,0,0,0
23.01.2020,06:00,41,0,0,0
23.01.2020,07:00,249,241,0,250
23.01.2020,08:00,251,253,60,253
23.01.2020,09:00,151,217,1,215
23.01.2020,10:00,107,0,0,129
23.01.2020,11:00,119,0,0,173
23.01.2020,12:00,106,0,0,11
23.01.2020,13:00,158,0,0,3
23.01.2020,14:00,150,0,0,23
23.01.2020,15:00,171,0,0,0
23.01.2020,16:00,163,0,0,2
23.01.2020,17:00,251,239,246,242
23.01.2020,18:00,187,203,184,206
23.01.2020,19:00,214,218,211,221
23.01.2020,20:00,114,0,0,2
23.01.2020,21:00,0,0,0,0
23.01.2020,22:00,0,0,0,0
23.01.2020,23:00,0,0,0,0
24.01.2020,00:00,0,0,0,0
24.01.2020,01:00,0,0,0,0
24.01.2020,02:00,0,0,0,0
24.01.2020,03:00,0,0,0,0
24.01.2020,04:00,0,0,0,0
24.01.2020,05:00,0,0,0,0
24.01.2020,06:00,30,0,0,0
24.01.2020,07:00,72,0,0,0
24.01.2020,08:00,262,249,255,247
24.01.2020,09:00,242,245,239,248
24.01.2020,10:00,232,240,228,244
24.01.2020,11:00,106,3,25,3
24.01.2020,12:00,75,0,0,0
24.01.2020,13:00,112,0,0,0
24.01.2020,14:00,170,0,0,0
24.01.2020,15:00,178,0,0,0
24.01.2020,16:00,99,0,0,2
24.01.2020,17:00,264,240,258,242
24.01.2020,18:00,232,227,228,230
24.01.2020,19:00,201,211,198,213
24.01.2020,20:00,66,2,0,3
24.01.2020,21:00,96,0,0,0
24.01.2020,22:00,198,0,0,0
24.01.2020,23:00,71,0,0,0
25.01.2020,00:00,0,0,0,0
25.01.2020,01:00,0,0,0,0
25.01.2020,02:00,0,0,0,0
25.01.2020,03:00,0,0,0,0
25.01.2020,04:00,0,0,0,0
25.01.2020,05:00,0,0,0,0
25.01.2020,06:00,0,0,0,0
25.01.2020,07:00,46,0,0,0
25.01.2020,08:00,140,0,0,0
25.01.2020,09:00,191,153,0,0
25.01.2020,10:00,94,189,0,0
25.01.2020,11:00,97,0,0,128
25.01.2020,12:00,124,0,0,0
25.01.2020,13:00,69,0,0,0
25.01.2020,14:00,97,0,0,0
25.01.2020,15:00,75,0,0,0
25.01.2020,16:00,97,0,73,0
25.01.2020,17:00,157,0,153,0
25.01.2020,18:00,160,192,158,188
25.01.2020,19:00,103,173,102,147
25.01.2020,20:00,50,2,153,0
25.01.2020,21:00,0,0,42,0
25.01.2020,22:00,0,0,63,0
25.01.2020,23:00,0,0,191,0
26.01.2020,00:00,0,0,86,0
26.01.2020,01:00,0,0,57,0
26.01.2020,02:00,0,0,38,0
26.01.2020,03:00,0,0,0,0
26.01.2020,04:00,0,0,0,0
26.01.2020,05:00,0,0,0,0
26.01.2020,06:00,0,0,0,0
26.01.2020,07:00,0,0,0,0
26.01.2020,08:00,0,0,0,0
26.01.2020,09:00,90,0,0,0
26.01.2020,10:00,57,0,0,0
26.01.2020,11:00,85,0,0,0
26.01.2020,12:00,113,0,0,187
26.01.2020,13:00,0,0,0,0
26.01.2020,14:00,0,0,0,0
26.01.2020,15:00,0,0,0,0
26.01.2020,16:00,0,0,0,0
26.01.2020,17:00,73,4,0,3
26.01.2020,18:00,212,234,210,236
26.01.2020,19:00,159,196,124,198
26.01.2020,20:00,99,2,0,79
26.01.2020,21:00,104,0,0,0
26.01.2020,22:00,135,0,0,0
26.01.2020,23:00,36,0,0,0
27.01.2020,00:00,0,0,0,0
27.01.2020,01:00,0,0,0,0
27.01.2020,02:00,0,0,0,0
27.01.2020,03:00,0,0,0,0
27.01.2020,04:00,0,0,0,0
27.01.2020,05:00,0,0,0,0
27.01.2020,06:00,64,0,0,0
27.01.2020,07:00,126,0,2,0
27.01.2020,08:00,210,238,208,246
27.01.2020,09:00,253,258,249,261
27.01.2020,10:00,50,2,0,2
27.01.2020,11:00,78,0,0,0
27.01.2020,12:00,78,0,0,0
27.01.2020,13:00,182,0,0,0
27.01.2020,14:00,97,2,0,0
27.01.2020,15:00,209,233,206,235
27.01.2020,16:00,243,247,239,249
27.01.2020,17:00,280,263,279,267
27.01.2020,18:00,270,245,268,248
27.01.2020,19:00,262,243,259,246
27.01.2020,20:00,229,232,43,233
27.01.2020,21:00,53,0,0,0
27.01.2020,22:00,105,0,0,0
27.01.2020,23:00,1,0,0,0
28.01.2020,00:00,0,0,0,0
28.01.2020,01:00,0,0,0,0
28.01.2020,02:00,0,0,0,0
28.01.2020,03:00,0,0,0,0
28.01.2020,04:00,0,0,0,0
28.01.2020,05:00,0,0,0,0
28.01.2020,06:00,46,40,45,0
28.01.2020,07:00,251,255,249,258
28.01.2020,08:00,264,246,262,249
28.01.2020,09:00,273,265,273,268
28.01.2020,10:00,265,246,263,249
28.01.2020,11:00,179,198,176,201
28.01.2020,12:00,1,1,98,0
28.01.2020,13:00,72,0,23,0
28.01.2020,14:00,67,0,0,0
28.01.2020,15:00,105,0,0,0
28.01.2020,16:00,132,0,0,0
28.01.2020,17:00,117,0,0,0
28.01.2020,18:00,88,0,0,0
28.01.2020,19:00,112,0,0,0
28.01.2020,20:00,1,0,0,0
28.01.2020,21:00,0,0,0,0
28.01.2020,22:00,0,0,0,0
28.01.2020,23:00,0,0,0,0
29.01.2020,00:00,0,0,0,0
29.01.2020,01:00,0,0,0,0
29.01.2020,02:00,0,0,0,0
29.01.2020,03:00,0,0,0,0
29.01.2020,04:00,0,0,0,0
29.01.2020,05:00,0,0,0,0
29.01.2020,06:00,12,0,0,0
29.01.2020,07:00,135,129,91,216
29.01.2020,08:00,203,233,201,235
29.01.2020,09:00,177,222,175,224
29.01.2020,10:00,130,52,1,52
29.01.2020,11:00,27,0,0,0
29.01.2020,12:00,0,0,0,0
29.01.2020,13:00,0,0,0,0
29.01.2020,14:00,0,0,0,0
29.01.2020,15:00,82,0,0,0
29.01.2020,16:00,164,45,0,103
29.01.2020,17:00,271,258,269,260
29.01.2020,18:00,248,248,245,251
29.01.2020,19:00,235,246,190,248
29.01.2020,20:00,126,112,0,169
29.01.2020,21:00,46,0,0,0
29.01.2020,22:00,101,0,0,59
29.01.2020,23:00,1,0,0,0
30.01.2020,00:00,0,0,0,0
30.01.2020,01:00,0,0,0,0
30.01.2020,02:00,0,0,0,0
30.01.2020,03:00,0,0,0,0
30.01.2020,04:00,0,0,0,0
30.01.2020,05:00,0,0,0,0
30.01.2020,06:00,0,0,0,0
30.01.2020,07:00,45,60,49,60
30.01.2020,08:00,184,236,181,238
30.01.2020,09:00,157,4,23,39
30.01.2020,10:00,73,0,1,0
30.01.2020,11:00,76,0,0,0
30.01.2020,12:00,123,0,0,0
30.01.2020,13:00,141,2,0,0
30.01.2020,14:00,243,250,239,253
30.01.2020,15:00,240,245,237,248
30.01.2020,16:00,207,232,205,234
30.01.2020,17:00,251,243,247,246
30.01.2020,18:00,226,228,223,231
30.01.2020,19:00,185,167,182,171
30.01.2020,20:00,184,111,64,0
30.01.2020,21:00,78,0,0,147
30.01.2020,22:00,67,0,0,72
30.01.2020,23:00,28,0,0,0
31.01.2020,00:00,0,0,0,0
31.01.2020,01:00,0,0,0,0
31.01.2020,02:00,0,0,0,0
31.01.2020,03:00,0,0,0,0
31.01.2020,04:00,0,0,0,0
31.01.2020,05:00,0,0,0,0
31.01.2020,06:00,1,0,0,0
31.01.2020,07:00,250,13,0,253
31.01.2020,08:00,211,231,207,234
31.01.2020,09:00,201,223,198,226
31.01.2020,10:00,203,226,200,229
31.01.2020,11:00,186,217,184,219
31.01.2020,12:00,214,225,211,228
31.01.2020,13:00,51,121,1,7
31.01.2020,14:00,109,60,0,0
31.01.2020,15:00,166,17,0,0
31.01.2020,16:00,88,3,0,0
31.01.2020,17:00,104,0,15,0
31.01.2020,18:00,206,0,199,212
31.01.2020,19:00,88,0,1,1
31.01.2020,20:00,77,0,0,0
31.01.2020,21:00,15,0,0,0
31.01.2020,22:00,0,0,0,0
31.01.2020,23:00,0,0,0,0
01.02.2020,00:00,0,0,0,0
01.02.2020,01:00,0,0,0,0
01.02.2020,02:00,0,0,0,0
01.02.2020,03:00,0,0,0,0
01.02.2020,04:00,0,0,0,0
01.02.2020,05:00,0,0,0,0
01.02.2020,06:00,0,0,0,0
01.02.2020,07:00,0,0,0,0
01.02.2020,08:00,271,256,268,259
01.02.2020,09:00,204,233,201,236
01.02.2020,10:00,146,217,144,219
01.02.2020,11:00,249,246,246,249
01.02.2020,12:00,222,238,219,241
01.02.2020,13:00,0,2,79,169
01.02.2020,14:00,0,0,55,1
01.02.2020,15:00,0,0,140,0
01.02.2020,16:00,1,0,38,0
01.02.2020,17:00,220,227,217,229
01.02.2020,18:00,217,222,215,225
01.02.2020,19:00,216,217,212,220
01.02.2020,20:00,5,0,4,0
01.02.2020,21:00,0,0,0,0
01.02.2020,22:00,0,0,0,0
01.02.2020,23:00,0,0,0,0
02.02.2020,00:00,0,0,0,0
02.02.2020,01:00,0,0,0,0
02.02.2020,02:00,0,0,0,0
02.02.2020,03:00,0,0,0,0
02.02.2020,04:00,0,0,0,0
02.02.2020,05:00,0,0,0,0
02.02.2020,06:00,0,0,0,0
02.02.2020,07:00,0,0,0,0
02.02.2020,08:00,1,0,0,0
02.02.2020,09:00,98,0,0,0
02.02.2020,10:00,114,0,16,0
02.02.2020,11:00,244,218,241,241
02.02.2020,12:00,145,2,142,2
02.02.2020,13:00,11,0,87,0
02.02.2020,14:00,94,0,110,0
02.02.2020,15:00,161,0,155,34
02.02.2020,16:00,194,228,192,231
02.02.2020,17:00,215,231,212,233
02.02.2020,18:00,177,213,175,215
02.02.2020,19:00,193,221,190,223
02.02.2020,20:00,235,239,232,242
02.02.2020,21:00,151,3,0,196
02.02.2020,22:00,1,0,0,0
02.02.2020,23:00,0,0,0,0
03.02.2020,00:00,0,0,0,0
03.02.2020,01:00,0,0,0,0
03.02.2020,02:00,0,0,0,0
03.02.2020,03:00,0,0,0,0
03.02.2020,04:00,0,0,0,0
03.02.2020,05:00,0,0,0,0
03.02.2020,06:00,0,0,0,0
03.02.2020,07:00,225,0,0,250
03.02.2020,08:00,283,262,270,265
03.02.2020,09:00,232,246,229,249
03.02.2020,10:00,230,241,227,243
03.02.2020,11:00,64,14,1,5
03.02.2020,12:00,117,100,0,0
03.02.2020,13:00,88,0,0,0
03.02.2020,14:00,46,0,0,0
03.02.2020,15:00,125,0,18,0
03.02.2020,16:00,95,108,0,59
03.02.2020,17:00,239,244,236,247
03.02.2020,18:00,271,245,269,248
03.02.2020,19:00,254,233,251,236
03.02.2020,20:00,118,2,66,0
03.02.2020,21:00,1,0,0,0
03.02.2020,22:00,0,0,0,0
03.02.2020,23:00,0,0,0,0
04.02.2020,00:00,0,0,0,0
04.02.2020,01:00,0,0,0,0
04.02.2020,02:00,0,0,0,0
04.02.2020,03:00,0,0,0,0
04.02.2020,04:00,0,0,0,0
04.02.2020,05:00,0,0,0,0
04.02.2020,06:00,0,0,0,0
04.02.2020,07:00,19,0,0,0
04.02.2020,08:00,165,0,0,0
04.02.2020,09:00,116,0,0,0
04.02.2020,10:00,80,0,0,0
04.02.2020,11:00,94,0,0,0
04.02.2020,12:00,50,0,0,0
04.02.2020,13:00,81,0,0,0
04.02.2020,14:00,99,0,0,0
04.02.2020,15:00,112,19,0,0
04.02.2020,16:00,125,28,1,231
04.02.2020,17:00,208,237,206,239
04.02.2020,18:00,200,231,198,232
04.02.2020,19:00,236,241,232,244
04.02.2020,20:00,117,63,71,90
04.02.2020,21:00,110,0,102,0
04.02.2020,22:00,151,0,19,0
04.02.2020,23:00,0,0,0,0
05.02.2020,00:00,0,0,0,0
05.02.2020,01:00,0,0,0,0
05.02.2020,02:00,0,0,0,0
05.02.2020,03:00,0,0,0,0
05.02.2020,04:00,0,0,0,0
05.02.2020,05:00,0,0,0,0
05.02.2020,06:00,0,3,0,3
05.02.2020,07:00,207,250,0,249
05.02.2020,08:00,232,250,0,250
05.02.2020,09:00,216,239,202,242
05.02.2020,10:00,206,48,201,242
05.02.2020,11:00,211,0,206,7
05.02.2020,12:00,106,0,104,0
05.02.2020,13:00,72,0,0,0
05.02.2020,14:00,39,0,0,0
05.02.2020,15:00,10,0,0,0
05.02.2020,16:00,153,0,0,0
05.02.2020,17:00,253,11,228,231
05.02.2020,18:00,270,255,268,258
05.02.2020,19:00,183,211,180,213
05.02.2020,20:00,132,15,8,36
05.02.2020,21:00,0,0,0,0
05.02.2020,22:00,0,0,0,0
05.02.2020,23:00,0,0,0,0
06.02.2020,00:00,0,0,0,0
06.02.2020,01:00,0,0,0,0
06.02.2020,02:00,0,0,0,0
06.02.2020,03:00,0,0,0,0
06.02.2020,04:00,0,0,0,0
06.02.2020,05:00,0,0,0,0
06.02.2020,06:00,0,0,0,0
06.02.2020,07:00,216,246,213,248
06.02.2020,08:00,247,251,244,254
06.02.2020,09:00,235,246,232,249
06.02.2020,10:00,236,242,233,245
06.02.2020,11:00,158,170,1,4
06.02.2020,12:00,110,0,0,0
06.02.2020,13:00,78,0,0,0
06.02.2020,14:00,96,0,0,0
06.02.2020,15:00,124,0,0,0
06.02.2020,16:00,148,0,11,0
06.02.2020,17:00,208,0,91,92
06.02.2020,18:00,234,236,232,213
06.02.2020,19:00,227,180,223,233
06.02.2020,20:00,122,0,1,77
06.02.2020,21:00,0,0,0,0
06.02.2020,22:00,0,0,0,0
06.02.2020,23:00,0,0,0,0
07.02.2020,00:00,0,0,0,0
07.02.2020,01:00,0,0,0,0
07.02.2020,02:00,0,0,0,0
07.02.2020,03:00,0,0,0,0
07.02.2020,04:00,0,0,0,0
07.02.2020,05:00,0,0,0,0
07.02.2020,06:00,2,0,63,0
07.02.2020,07:00,275,262,271,265
07.02.2020,08:00,287,255,285,259
07.02.2020,09:00,149,218,147,220
07.02.2020,10:00,180,219,178,221
07.02.2020,11:00,93,209,136,211
07.02.2020,12:00,0,1,130,0
07.02.2020,13:00,0,0,68,0
07.02.2020,14:00,0,0,61,0
07.02.2020,15:00,0,0,64,0
07.02.2020,16:00,0,0,79,2
07.02.2020,17:00,0,234,233,237
07.02.2020,18:00,239,232,236,234
07.02.2020,19:00,166,186,170,192
07.02.2020,20:00,0,0,2,4
07.02.2020,21:00,0,0,100,0
07.02.2020,22:00,0,0,82,0
07.02.2020,23:00,0,0,0,0
08.02.2020,00:00,0,0,0,0
08.02.2020,01:00,0,0,0,0
08.02.2020,02:00,0,0,0,0
08.02.2020,03:00,0,0,0,0
08.02.2020,04:00,0,0,0,0
08.02.2020,05:00,0,0,0,0
08.02.2020,06:00,0,0,0,0
08.02.2020,07:00,80,0,0,54
08.02.2020,08:00,55,0,0,0
08.02.2020,09:00,82,0,0,0
08.02.2020,10:00,61,0,0,0
08.02.2020,11:00,43,0,0,0
08.02.2020,12:00,39,0,0,0
08.02.2020,13:00,39,0,0,0
08.02.2020,14:00,39,0,0,0
08.02.2020,15:00,158,0,0,0
08.02.2020,16:00,72,0,2,2
08.02.2020,17:00,256,241,253,243
08.02.2020,18:00,262,244,260,247
08.02.2020,19:00,254,243,251,246
08.02.2020,20:00,60,1,0,2
08.02.2020,21:00,78,0,0,0
08.02.2020,22:00,122,0,0,0
08.02.2020,23:00,80,0,0,0
09.02.2020,00:00,149,0,0,0
09.02.2020,01:00,151,0,0,0
09.02.2020,02:00,140,0,0,0
09.02.2020,03:00,124,0,0,0
09.02.2020,04:00,130,0,0,0
09.02.2020,05:00,134,0,0,0
09.02.2020,06:00,143,0,0,0
09.02.2020,07:00,47,0,0,0
09.02.2020,08:00,0,0,0,0
09.02.2020,09:00,0,0,0,0
09.02.2020,10:00,0,0,0,0
09.02.2020,11:00,0,0,0,0
09.02.2020,12:00,0,0,0,0
09.02.2020,13:00,0,0,0,0
09.02.2020,14:00,0,0,0,0
09.02.2020,15:00,0,0,0,0
09.02.2020,16:00,0,0,0,0
09.02.2020,17:00,1,0,1,0
09.02.2020,18:00,289,256,287,264
09.02.2020,19:00,281,255,280,259
09.02.2020,20:00,272,260,271,264
09.02.2020,21:00,3,3,4,3
09.02.2020,22:00,0,0,0,0
09.02.2020,23:00,0,0,0,0
10.02.2020,00:00,0,0,0,0
10.02.2020,01:00,0,0,0,0
10.02.2020,02:00,0,0,0,0
10.02.2020,03:00,0,0,0,0
10.02.2020,04:00,0,0,0,0
10.02.2020,05:00,0,0,0,0
10.02.2020,06:00,2,0,1,1
10.02.2020,07:00,242,250,238,257
10.02.2020,08:00,277,253,275,257
10.02.2020,09:00,284,261,282,264
10.02.2020,10:00,88,193,24,200
10.02.2020,11:00,8,0,0,0
10.02.2020,12:00,0,0,0,0
10.02.2020,13:00,0,0,0,0
10.02.2020,14:00,0,0,0,0
10.02.2020,15:00,0,3,0,0
10.02.2020,16:00,152,246,0,235
10.02.2020,17:00,216,240,0,239
10.02.2020,18:00,278,266,0,266
10.02.2020,19:00,241,248,0,248
10.02.2020,20:00,241,248,0,248
10.02.2020,21:00,237,241,0,240
10.02.2020,22:00,1,0,0,0
10.02.2020,23:00,0,0,0,0
11.02.2020,00:00,0,0,0,0
11.02.2020,01:00,0,0,0,0
11.02.2020,02:00,0,0,0,0
11.02.2020,03:00,0,0,0,0
11.02.2020,04:00,0,0,0,0
11.02.2020,05:00,0,0,0,0
11.02.2020,06:00,0,38,0,0
11.02.2020,07:00,100,193,0,165
11.02.2020,08:00,247,257,0,257
11.02.2020,09:00,282,256,0,257
11.02.2020,10:00,48,0,0,0
11.02.2020,11:00,0,0,0,0
11.02.2020,12:00,0,0,0,0
11.02.2020,13:00,0,0,0,0
11.02.2020,14:00,0,0,0,0
11.02.2020,15:00,37,57,0,0
11.02.2020,16:00,224,243,0,242
11.02.2020,17:00,252,256,0,256
11.02.2020,18:00,254,254,0,254
11.02.2020,19:00,285,248,0,250
11.02.2020,20:00,216,184,0,238
11.02.2020,21:00,148,61,0,187
11.02.2020,22:00,0,158,0,0
11.02.2020,23:00,0,0,0,0
12.02.2020,00:00,0,0,0,0
12.02.2020,01:00,0,0,0,0
12.02.2020,02:00,0,0,0,0
12.02.2020,03:00,0,0,0,0
12.02.2020,04:00,0,0,0,0
12.02.2020,05:00,0,0,0,0
12.02.2020,06:00,0,0,0,0
12.02.2020,07:00,0,0,0,0
12.02.2020,08:00,0,116,0,0
12.02.2020,09:00,0,151,0,0
12.02.2020,10:00,0,0,0,0
12.02.2020,11:00,0,0,0,0
12.02.2020,12:00,0,0,0,0
12.02.2020,13:00,0,0,0,0
12.02.2020,14:00,0,0,0,0
12.02.2020,15:00,0,188,0,0
12.02.2020,16:00,0,230,0,0
12.02.2020,17:00,241,258,0,258
12.02.2020,18:00,219,245,0,245
12.02.2020,19:00,212,241,0,240
12.02.2020,20:00,3,194,0,0
12.02.2020,21:00,0,2,0,0
12.02.2020,22:00,0,0,0,0
12.02.2020,23:00,0,0,0,0
13.02.2020,00:00,0,0,0,0
13.02.2020,01:00,0,0,0,0
13.02.2020,02:00,0,0,0,0
13.02.2020,03:00,0,0,0,0
13.02.2020,04:00,0,6,0,0
13.02.2020,05:00,1,102,0,0
13.02.2020,06:00,251,264,0,147
13.02.2020,07:00,245,261,0,260
13.02.2020,08:00,294,259,0,259
13.02.2020,09:00,220,249,0,0
13.02.2020,10:00,177,50,0,0
13.02.2020,11:00,208,0,0,0
13.02.2020,12:00,195,0,0,0
13.02.2020,13:00,47,0,0,0
13.02.2020,14:00,60,0,0,0
13.02.2020,15:00,175,0,0,0
13.02.2020,16:00,106,0,33,0
13.02.2020,17:00,217,176,66,182
13.02.2020,18:00,145,220,143,223
13.02.2020,19:00,166,208,164,210
13.02.2020,20:00,132,184,0,1
13.02.2020,21:00,93,3,3,0
13.02.2020,22:00,0,0,31,0
13.02.2020,23:00,0,0,0,0
14.02.2020,00:00,0,0,0,0
14.02.2020,01:00,0,0,0,0
14.02.2020,02:00,0,0,0,0
14.02.2020,03:00,0,0,0,0
14.02.2020,04:00,0,0,0,0
14.02.2020,05:00,0,0,0,0
14.02.2020,06:00,59,66,59,65
14.02.2020,07:00,275,262,271,265
14.02.2020,08:00,296,260,293,264
14.02.2020,09:00,288,269,286,273
14.02.2020,10:00,214,236,211,238
14.02.2020,11:00,198,187,39,226
14.02.2020,12:00,52,0,0,0
14.02.2020,13:00,139,0,0,0
14.02.2020,14:00,124,0,0,0
14.02.2020,15:00,39,0,0,0
14.02.2020,16:00,85,0,17,59
14.02.2020,17:00,201,0,194,217
14.02.2020,18:00,256,249,254,252
14.02.2020,19:00,168,189,1,188
14.02.2020,20:00,109,0,0,0
14.02.2020,21:00,114,0,0,0
14.02.2020,22:00,127,0,0,0
14.02.2020,23:00,125,0,0,0
15.02.2020,00:00,0,0,0,0
15.02.2020,01:00,57,0,0,0
15.02.2020,02:00,16,0,0,0
15.02.2020,03:00,0,0,0,0
15.02.2020,04:00,0,0,0,0
15.02.2020,05:00,0,0,0,0
15.02.2020,06:00,1,0,0,0
15.02.2020,07:00,262,0,0,0
15.02.2020,08:00,238,229,231,233
15.02.2020,09:00,182,200,1,199
15.02.2020,10:00,37,2,0,2
15.02.2020,11:00,5,0,0,0
15.02.2020,12:00,0,0,0,0
15.02.2020,13:00,0,0,0,0
15.02.2020,14:00,0,0,0,0
15.02.2020,15:00,0,0,0,0
15.02.2020,16:00,0,2,1,0
15.02.2020,17:00,247,236,244,239
15.02.2020,18:00,160,181,157,182
15.02.2020,19:00,63,0,0,0
15.02.2020,20:00,44,0,0,0
15.02.2020,21:00,40,0,0,0
15.02.2020,22:00,141,0,0,0
15.02.2020,23:00,41,0,0,0
16.02.2020,00:00,1,0,0,0
16.02.2020,01:00,0,0,0,0
16.02.2020,02:00,0,0,0,0
16.02.2020,03:00,0,0,0,0
16.02.2020,04:00,0,0,0,0
16.02.2020,05:00,0,0,0,0
16.02.2020,06:00,0,0,0,0
16.02.2020,07:00,0,0,0,0
16.02.2020,08:00,0,0,0,0
16.02.2020,09:00,0,0,0,0
16.02.2020,10:00,0,0,0,0
16.02.2020,11:00,0,0,0,0
16.02.2020,12:00,0,0,0,0
16.02.2020,13:00,0,0,0,0
16.02.2020,14:00,0,0,0,0
16.02.2020,15:00,0,0,1,0
16.02.2020,16:00,0,0,73,224
16.02.2020,17:00,1,226,41,224
16.02.2020,18:00,273,265,270,269
16.02.2020,19:00,160,223,158,225
16.02.2020,20:00,4,0,0,0
16.02.2020,21:00,0,0,0,0
16.02.2020,22:00,0,0,0,0
16.02.2020,23:00,0,0,0,0
17.02.2020,00:00,0,0,0,0
17.02.2020,01:00,0,0,0,0
17.02.2020,02:00,0,0,0,0
17.02.2020,03:00,0,0,0,0
17.02.2020,04:00,0,0,0,0
17.02.2020,05:00,0,0,0,0
17.02.2020,06:00,0,2,0,2
17.02.2020,07:00,258,266,254,268
17.02.2020,08:00,305,281,301,285
17.02.2020,09:00,297,277,294,280
17.02.2020,10:00,282,271,280,275
17.02.2020,11:00,2,230,208,232
17.02.2020,12:00,0,1,48,4
17.02.2020,13:00,0,0,1,0
17.02.2020,14:00,0,0,0,0
17.02.2020,15:00,0,2,0,0
17.02.2020,16:00,268,242,266,246
17.02.2020,17:00,264,234,261,237
17.02.2020,18:00,241,230,238,233
17.02.2020,19:00,207,212,204,215
17.02.2020,20:00,7,3,1,11
17.02.2020,21:00,0,0,0,0
17.02.2020,22:00,0,0,0,0
17.02.2020,23:00,0,0,0,0
18.02.2020,00:00,0,0,0,0
18.02.2020,01:00,0,0,0,0
18.02.2020,02:00,0,0,0,0
18.02.2020,03:00,0,0,0,0
18.02.2020,04:00,0,0,0,0
18.02.2020,05:00,0,0,0,0
18.02.2020,06:00,114,59,116,71
18.02.2020,07:00,175,218,173,220
18.02.2020,08:00,184,221,181,224
18.02.2020,09:00,60,55,113,55
18.02.2020,10:00,0,0,0,0
18.02.2020,11:00,0,0,0,0
18.02.2020,12:00,0,0,0,0
18.02.2020,13:00,0,0,0,0
18.02.2020,14:00,0,0,0,0
18.02.2020,15:00,0,0,0,0
18.02.2020,16:00,0,0,91,69
18.02.2020,17:00,96,237,220,242
18.02.2020,18:00,263,249,260,253
18.02.2020,19:00,241,241,238,243
18.02.2020,20:00,222,229,217,232
18.02.2020,21:00,71,73,0,117
18.02.2020,22:00,0,0,0,0
18.02.2020,23:00,0,0,0,0
19.02.2020,00:00,0,0,0,0
19.02.2020,01:00,0,0,0,0
19.02.2020,02:00,0,0,0,0
19.02.2020,03:00,0,0,0,0
19.02.2020,04:00,0,0,0,0
19.02.2020,05:00,0,0,0,0
19.02.2020,06:00,0,3,1,3
19.02.2020,07:00,266,266,262,269
19.02.2020,08:00,266,260,263,263
19.02.2020,09:00,284,251,280,254
19.02.2020,10:00,1,206,90,172
19.02.2020,11:00,0,71,116,0
19.02.2020,12:00,0,0,51,0
19.02.2020,13:00,0,0,40,0
19.02.2020,14:00,0,0,40,0
19.02.2020,15:00,0,0,83,0
19.02.2020,16:00,0,3,55,0
19.02.2020,17:00,242,245,241,248
19.02.2020,18:00,180,217,179,219
19.02.2020,19:00,263,248,260,251
19.02.2020,20:00,182,226,210,227
19.02.2020,21:00,1,7,40,8
19.02.2020,22:00,0,0,49,0
19.02.2020,23:00,0,0,5,0
20.02.2020,00:00,0,0,0,0
20.02.2020,01:00,0,0,0,0
20.02.2020,02:00,0,0,0,0
20.02.2020,03:00,0,0,0,0
20.02.2020,04:00,0,0,0,0
20.02.2020,05:00,1,0,0,0
20.02.2020,06:00,194,57,58,0
20.02.2020,07:00,255,253,252,256
20.02.2020,08:00,214,231,211,234
20.02.2020,09:00,272,252,271,256
20.02.2020,10:00,240,230,237,233
20.02.2020,11:00,50,2,0,118
20.02.2020,12:00,90,0,0,0
20.02.2020,13:00,1,0,0,0
20.02.2020,14:00,0,0,0,0
20.02.2020,15:00,119,0,0,0
20.02.2020,16:00,52,0,0,0
20.02.2020,17:00,98,0,0,3
20.02.2020,18:00,246,242,33,245
20.02.2020,19:00,242,233,6,232
20.02.2020,20:00,81,2,0,154
20.02.2020,21:00,102,0,0,3
20.02.2020,22:00,0,0,0,0
20.02.2020,23:00,0,0,0,0
21.02.2020,00:00,0,0,0,0
21.02.2020,01:00,0,0,0,0
21.02.2020,02:00,0,0,0,0
21.02.2020,03:00,0,0,0,0
21.02.2020,04:00,0,0,0,0
21.02.2020,05:00,1,0,0,24
21.02.2020,06:00,215,221,0,234
21.02.2020,07:00,277,244,275,247
21.02.2020,08:00,273,255,272,259
21.02.2020,09:00,265,258,263,261
21.02.2020,10:00,0,0,0,1
21.02.2020,11:00,0,0,0,0
21.02.2020,12:00,0,0,0,0
21.02.2020,13:00,0,0,0,0
21.02.2020,14:00,0,0,0,0
21.02.2020,15:00,2,0,1,0
21.02.2020,16:00,234,243,231,245
21.02.2020,17:00,236,231,234,234
21.02.2020,18:00,221,229,218,232
21.02.2020,19:00,231,230,228,232
21.02.2020,20:00,247,240,244,243
21.02.2020,21:00,78,3,0,3
21.02.2020,22:00,99,0,0,0
21.02.2020,23:00,0,0,0,0
22.02.2020,00:00,0,0,0,0
22.02.2020,01:00,0,0,0,0
22.02.2020,02:00,0,0,0,0
22.02.2020,03:00,0,0,0,0
22.02.2020,04:00,0,0,0,0
22.02.2020,05:00,0,0,0,0
22.02.2020,06:00,0,0,0,0
22.02.2020,07:00,0,0,0,0
22.02.2020,08:00,0,0,0,0
22.02.2020,09:00,0,0,0,0
22.02.2020,10:00,0,0,0,0
22.02.2020,11:00,0,0,0,0
22.02.2020,12:00,0,0,0,0
22.02.2020,13:00,0,0,0,0
22.02.2020,14:00,0,0,0,0
22.02.2020,15:00,0,0,0,0
22.02.2020,16:00,0,0,0,0
22.02.2020,17:00,0,0,0,0
22.02.2020,18:00,242,251,241,254
22.02.2020,19:00,263,253,259,255
22.02.2020,20:00,132,216,0,2
22.02.2020,21:00,1,0,0,0
22.02.2020,22:00,0,0,0,0
22.02.2020,23:00,0,0,0,0
23.02.2020,00:00,0,0,0,0
23.02.2020,01:00,0,0,0,0
23.02.2020,02:00,0,0,0,0
23.02.2020,03:00,0,0,0,0
23.02.2020,04:00,0,0,0,0
23.02.2020,05:00,0,0,0,0
23.02.2020,06:00,0,0,0,0
23.02.2020,07:00,0,0,0,0
23.02.2020,08:00,92,0,0,0
23.02.2020,09:00,167,37,78,0
23.02.2020,10:00,231,254,229,46
23.02.2020,11:00,201,235,199,237
23.02.2020,12:00,265,259,262,262
23.02.2020,13:00,219,237,217,239
23.02.2020,14:00,196,225,194,191
23.02.2020,15:00,53,0,4,0
23.02.2020,16:00,118,0,0,0
23.02.2020,17:00,142,0,0,2
23.02.2020,18:00,97,0,0,187
23.02.2020,19:00,0,0,0,0
23.02.2020,20:00,0,0,0,0
23.02.2020,21:00,0,0,0,0
23.02.2020,22:00,0,0,0,0
23.02.2020,23:00,0,0,0,0
24.02.2020,00:00,0,0,0,0
24.02.2020,01:00,0,0,0,0
24.02.2020,02:00,0,0,0,0
24.02.2020,03:00,0,0,0,0
24.02.2020,04:00,0,0,0,0
24.02.2020,05:00,80,0,0,0
24.02.2020,06:00,160,2,4,0
24.02.2020,07:00,278,267,275,269
24.02.2020,08:00,282,260,278,264
24.02.2020,09:00,283,269,280,272
24.02.2020,10:00,273,254,270,258
24.02.2020,11:00,279,249,278,252
24.02.2020,12:00,189,216,186,217
24.02.2020,13:00,95,3,92,162
24.02.2020,14:00,88,0,2,0
24.02.2020,15:00,131,0,0,0
24.02.2020,16:00,84,0,2,0
24.02.2020,17:00,78,0,0,0
24.02.2020,18:00,172,0,168,0
24.02.2020,19:00,222,224,220,225
24.02.2020,20:00,60,7,0,0
24.02.2020,21:00,88,0,0,0
24.02.2020,22:00,0,0,0,0
24.02.2020,23:00,0,0,0,0
25.02.2020,00:00,0,0,0,0
25.02.2020,01:00,0,0,0,0
25.02.2020,02:00,0,0,0,0
25.02.2020,03:00,0,0,0,0
25.02.2020,04:00,0,0,0,0
25.02.2020,05:00,0,0,0,0
25.02.2020,06:00,39,2,0,0
25.02.2020,07:00,292,263,283,267
25.02.2020,08:00,275,250,273,253
25.02.2020,09:00,48,2,0,4
25.02.2020,10:00,0,0,0,0
25.02.2020,11:00,0,0,0,0
25.02.2020,12:00,0,0,0,0
25.02.2020,13:00,0,0,0,0
25.02.2020,14:00,0,0,0,0
25.02.2020,15:00,0,0,0,0
25.02.2020,16:00,106,0,1,0
25.02.2020,17:00,236,249,232,252
25.02.2020,18:00,252,253,248,256
25.02.2020,19:00,245,247,242,250
25.02.2020,20:00,237,245,234,248
25.02.2020,21:00,0,0,40,7
25.02.2020,22:00,0,53,63,0
25.02.2020,23:00,0,0,0,0
26.02.2020,00:00,0,0,0,0
26.02.2020,01:00,0,0,0,0
26.02.2020,02:00,0,0,0,0
26.02.2020,03:00,0,0,0,0
26.02.2020,04:00,0,0,0,0
26.02.2020,05:00,0,0,0,0
26.02.2020,06:00,0,2,136,47
26.02.2020,07:00,246,257,244,259
26.02.2020,08:00,253,252,249,256
26.02.2020,09:00,1,4,156,231
26.02.2020,10:00,32,0,45,0
26.02.2020,11:00,123,0,0,0
26.02.2020,12:00,152,0,0,0
26.02.2020,13:00,81,0,0,0
26.02.2020,14:00,86,0,0,0
26.02.2020,15:00,152,0,0,0
26.02.2020,16:00,105,0,0,0
26.02.2020,17:00,46,4,2,1
26.02.2020,18:00,249,247,247,250
26.02.2020,19:00,233,241,230,244
26.02.2020,20:00,219,231,216,233
26.02.2020,21:00,143,1,22,0
26.02.2020,22:00,55,0,0,0
26.02.2020,23:00,24,0,0,0
27.02.2020,00:00,0,0,0,0
27.02.2020,01:00,0,0,0,0
27.02.2020,02:00,0,0,0,0
27.02.2020,03:00,0,0,0,0
27.02.2020,04:00,0,0,0,0
27.02.2020,05:00,0,0,0,0
27.02.2020,06:00,16,0,0,0
27.02.2020,07:00,226,40,0,248
27.02.2020,08:00,293,256,283,260
27.02.2020,09:00,66,10,0,2
27.02.2020,10:00,109,0,0,0
27.02.2020,11:00,98,20,0,0
27.02.2020,12:00,127,16,0,0
27.02.2020,13:00,248,18,0,0
27.02.2020,14:00,190,4,1,2
27.02.2020,15:00,239,244,237,246
27.02.2020,16:00,202,228,199,230
27.02.2020,17:00,267,250,266,254
27.02.2020,18:00,248,237,245,240
27.02.2020,19:00,188,202,184,204
27.02.2020,20:00,81,10,0,145
27.02.2020,21:00,59,0,0,2
27.02.2020,22:00,38,0,0,0
27.02.2020,23:00,75,0,0,0
28.02.2020,00:00,0,0,0,0
28.02.2020,01:00,0,0,0,0
28.02.2020,02:00,0,0,0,0
28.02.2020,03:00,0,0,0,0
28.02.2020,04:00,0,0,0,0
28.02.2020,05:00,0,0,0,0
28.02.2020,06:00,1,0,0,1
28.02.2020,07:00,170,4,161,222
28.02.2020,08:00,239,246,236,249
28.02.2020,09:00,217,231,214,234
28.02.2020,10:00,134,1,52,56
28.02.2020,11:00,84,0,0,0
28.02.2020,12:00,46,0,0,0
28.02.2020,13:00,100,0,0,0
28.02.2020,14:00,118,0,0,0
28.02.2020,15:00,161,0,0,0
28.02.2020,16:00,157,12,0,151
28.02.2020,17:00,185,206,64,207
28.02.2020,18:00,205,218,8,217
28.02.2020,19:00,132,0,0,2
28.02.2020,20:00,124,0,2,0
28.02.2020,21:00,111,0,0,0
28.02.2020,22:00,75,0,0,0
28.02.2020,23:00,119,0,0,0
29.02.2020,00:00,93,0,0,0
29.02.2020,01:00,108,0,0,0
29.02.2020,02:00,65,0,0,0
29.02.2020,03:00,0,0,0,0
29.02.2020,04:00,0,0,0,0
29.02.2020,05:00,0,0,0,0
29.02.2020,06:00,16,0,0,0
29.02.2020,07:00,116,0,0,0
29.02.2020,08:00,168,0,0,0
29.02.2020,09:00,206,0,0,0
29.02.2020,10:00,132,0,0,0
29.02.2020,11:00,97,0,0,0
29.02.2020,12:00,97,0,0,112
29.02.2020,13:00,129,0,0,161
29.02.2020,14:00,2,0,0,26
29.02.2020,15:00,0,0,0,0
29.02.2020,16:00,1,0,0,0
29.02.2020,17:00,166,0,0,0
29.02.2020,18:00,238,224,235,235
29.02.2020,19:00,179,64,57,63
29.02.2020,20:00,0,0,0,0
29.02.2020,21:00,0,0,0,0
29.02.2020,22:00,0,0,0,0
29.02.2020,23:00,0,0,0,0
01.03.2020,00:00,0,0,0,0
01.03.2020,01:00,0,0,0,0
01.03.2020,02:00,0,0,0,0
01.03.2020,03:00,0,0,0,0
01.03.2020,04:00,0,0,0,0
01.03.2020,05:00,0,0,0,0
01.03.2020,06:00,0,0,0,0
01.03.2020,07:00,0,0,0,0
01.03.2020,08:00,0,0,0,0
01.03.2020,09:00,0,0,0,0
01.03.2020,10:00,0,0,0,0
01.03.2020,11:00,0,0,0,0
01.03.2020,12:00,0,0,0,0
01.03.2020,13:00,0,0,0,0
01.03.2020,14:00,0,0,0,0
01.03.2020,15:00,0,0,0,0
01.03.2020,16:00,0,0,0,0
01.03.2020,17:00,0,14,0,0
01.03.2020,18:00,193,238,195,239
01.03.2020,19:00,207,236,205,239
01.03.2020,20:00,252,256,249,258
01.03.2020,21:00,278,268,276,271
01.03.2020,22:00,164,37,1,3
01.03.2020,23:00,0,0,0,0
02.03.2020,00:00,0,0,0,0
02.03.2020,01:00,0,0,0,0
02.03.2020,02:00,0,0,0,0
02.03.2020,03:00,0,0,0,0
02.03.2020,04:00,0,0,0,0
02.03.2020,05:00,1,0,0,0
02.03.2020,06:00,171,0,0,0
02.03.2020,07:00,274,264,270,262
02.03.2020,08:00,185,230,136,231
02.03.2020,09:00,162,119,0,227
02.03.2020,10:00,91,0,0,0
02.03.2020,11:00,95,0,0,0
02.03.2020,12:00,90,0,0,0
02.03.2020,13:00,135,0,0,0
02.03.2020,14:00,107,0,0,0
02.03.2020,15:00,85,0,0,0
02.03.2020,16:00,81,0,1,0
02.03.2020,17:00,257,253,254,252
02.03.2020,18:00,284,259,283,262
02.03.2020,19:00,255,246,252,249
02.03.2020,20:00,66,12,0,14
02.03.2020,21:00,51,0,0,0
02.03.2020,22:00,67,0,0,0
02.03.2020,23:00,0,0,0,0
03.03.2020,00:00,0,0,0,0
03.03.2020,01:00,0,0,0,0
03.03.2020,02:00,0,0,0,0
03.03.2020,03:00,0,0,0,0
03.03.2020,04:00,0,0,0,0
03.03.2020,05:00,0,0,0,0
03.03.2020,06:00,0,0,0,7
03.03.2020,07:00,153,213,2,235
03.03.2020,08:00,268,264,264,267
03.03.2020,09:00,192,229,189,231
03.03.2020,10:00,75,2,0,3
03.03.2020,11:00,68,16,0,0
03.03.2020,12:00,118,0,0,0
03.03.2020,13:00,39,0,0,0
03.03.2020,14:00,52,0,0,0
03.03.2020,15:00,41,0,0,0
03.03.2020,16:00,153,0,0,0
03.03.2020,17:00,222,230,214,233
03.03.2020,18:00,207,230,205,232
03.03.2020,19:00,191,217,189,219
03.03.2020,20:00,260,244,257,247
03.03.2020,21:00,88,44,0,2
03.03.2020,22:00,4,0,0,0
03.03.2020,23:00,0,0,0,0
04.03.2020,00:00,0,0,0,0
04.03.2020,01:00,0,0,0,0
04.03.2020,02:00,0,0,0,0
04.03.2020,03:00,0,0,0,0
04.03.2020,04:00,0,0,0,0
04.03.2020,05:00,0,0,0,0
04.03.2020,06:00,0,0,19,0
04.03.2020,07:00,0,238,219,241
04.03.2020,08:00,0,255,275,257
04.03.2020,09:00,0,233,187,235
04.03.2020,10:00,0,128,102,4
04.03.2020,11:00,0,0,113,0
04.03.2020,12:00,0,20,119,0
04.03.2020,13:00,0,112,132,0
04.03.2020,14:00,0,22,136,0
04.03.2020,15:00,0,98,149,0
04.03.2020,16:00,1,0,91,2
04.03.2020,17:00,94,248,239,251
04.03.2020,18:00,180,230,226,233
04.03.2020,19:00,197,212,195,214
04.03.2020,20:00,0,168,91,46
04.03.2020,21:00,0,0,127,0
04.03.2020,22:00,0,67,128,0
04.03.2020,23:00,0,0,1,0
05.03.2020,00:00,0,0,0,0
05.03.2020,01:00,0,0,0,0
05.03.2020,02:00,0,0,0,0
05.03.2020,03:00,0,0,0,0
05.03.2020,04:00,0,0,0,0
05.03.2020,05:00,0,0,0,0
05.03.2020,06:00,61,62,60,0
05.03.2020,07:00,265,256,263,250
05.03.2020,08:00,280,247,278,251
05.03.2020,09:00,224,238,222,241
05.03.2020,10:00,0,3,198,2
05.03.2020,11:00,0,0,116,0
05.03.2020,12:00,191,214,191,215
05.03.2020,13:00,0,157,92,5
05.03.2020,14:00,0,3,88,0
05.03.2020,15:00,0,0,93,0
05.03.2020,16:00,0,0,122,0
05.03.2020,17:00,2,0,85,0
05.03.2020,18:00,233,228,232,226
05.03.2020,19:00,187,3,0,2
05.03.2020,20:00,91,0,0,0
05.03.2020,21:00,4,0,0,0
05.03.2020,22:00,0,0,0,0
05.03.2020,23:00,0,0,0,0
06.03.2020,00:00,0,0,0,0
06.03.2020,01:00,0,0,0,0
06.03.2020,02:00,0,0,0,0
06.03.2020,03:00,0,0,0,0
06.03.2020,04:00,0,0,0,0
06.03.2020,05:00,0,0,0,0
06.03.2020,06:00,53,2,0,2
06.03.2020,07:00,254,255,250,258
06.03.2020,08:00,224,237,221,239
06.03.2020,09:00,211,228,208,231
06.03.2020,10:00,208,232,205,234
06.03.2020,11:00,152,39,0,2
06.03.2020,12:00,76,0,0,0
06.03.2020,13:00,132,0,0,0
06.03.2020,14:00,110,0,1,0
06.03.2020,15:00,55,0,0,0
06.03.2020,16:00,53,5,0,0
06.03.2020,17:00,164,204,146,194
06.03.2020,18:00,243,236,240,239
06.03.2020,19:00,206,214,204,216
06.03.2020,20:00,149,25,0,2
06.03.2020,21:00,101,15,0,0
06.03.2020,22:00,111,0,0,0
06.03.2020,23:00,78,0,0,0
07.03.2020,00:00,4,0,0,0
07.03.2020,01:00,0,0,0,0
07.03.2020,02:00,0,0,0,0
07.03.2020,03:00,0,0,0,0
07.03.2020,04:00,0,0,0,0
07.03.2020,05:00,0,0,0,0
07.03.2020,06:00,3,0,0,0
07.03.2020,07:00,79,0,0,0
07.03.2020,08:00,43,0,0,0
07.03.2020,09:00,55,0,0,0
07.03.2020,10:00,56,0,0,0
07.03.2020,11:00,70,0,0,10
07.03.2020,12:00,0,0,0,0
07.03.2020,13:00,0,0,0,0
07.03.2020,14:00,0,0,0,0
07.03.2020,15:00,0,0,0,0
07.03.2020,16:00,5,0,0,0
07.03.2020,17:00,134,24,47,224
07.03.2020,18:00,277,244,276,247
07.03.2020,19:00,269,230,268,234
07.03.2020,20:00,260,250,257,252
07.03.2020,21:00,250,244,248,246
07.03.2020,22:00,7,191,179,192
07.03.2020,23:00,0,1,29,2
08.03.2020,00:00,0,0,0,0
08.03.2020,01:00,0,0,0,0
08.03.2020,02:00,0,0,0,0
08.03.2020,03:00,0,0,0,0
08.03.2020,04:00,0,0,0,0
08.03.2020,05:00,0,0,0,0
08.03.2020,06:00,0,0,0,0
08.03.2020,07:00,0,0,0,0
08.03.2020,08:00,0,0,0,0
08.03.2020,09:00,0,0,0,0
08.03.2020,10:00,0,0,0,0
08.03.2020,11:00,0,0,0,0
08.03.2020,12:00,0,0,0,0
08.03.2020,13:00,0,0,0,0
08.03.2020,14:00,0,0,0,0
08.03.2020,15:00,0,0,0,0
08.03.2020,16:00,0,0,0,0
08.03.2020,17:00,0,0,0,250
08.03.2020,18:00,215,0,0,246
08.03.2020,19:00,238,244,226,256
08.03.2020,20:00,187,226,185,228
08.03.2020,21:00,176,218,174,221
08.03.2020,22:00,1,3,95,215
08.03.2020,23:00,0,0,1,0
09.03.2020,00:00,0,0,0,0
09.03.2020,01:00,0,0,0,0
09.03.2020,02:00,0,0,0,0
09.03.2020,03:00,0,0,0,0
09.03.2020,04:00,0,0,0,0
09.03.2020,05:00,0,0,0,0
09.03.2020,06:00,130,0,0,0
09.03.2020,07:00,267,262,263,266
09.03.2020,08:00,304,284,301,288
09.03.2020,09:00,288,282,286,284
09.03.2020,10:00,208,227,205,230
09.03.2020,11:00,1,112,138,202
09.03.2020,12:00,0,0,140,2
09.03.2020,13:00,0,0,100,0
09.03.2020,14:00,0,0,108,0
09.03.2020,15:00,0,0,70,0
09.03.2020,16:00,0,0,227,242
09.03.2020,17:00,249,242,247,244
09.03.2020,18:00,253,250,252,252
09.03.2020,19:00,225,225,222,227
09.03.2020,20:00,0,1,20,1
09.03.2020,21:00,0,0,0,0
09.03.2020,22:00,0,0,0,0
09.03.2020,23:00,0,0,0,0
10.03.2020,00:00,0,0,0,0
10.03.2020,01:00,0,0,0,0
10.03.2020,02:00,0,0,0,0
10.03.2020,03:00,0,0,0,0
10.03.2020,04:00,0,0,0,0
10.03.2020,05:00,2,0,0,0
10.03.2020,06:00,93,0,1,0
10.03.2020,07:00,270,243,268,247
10.03.2020,08:00,275,264,274,267
10.03.2020,09:00,194,218,0,218
10.03.2020,10:00,153,0,0,200
10.03.2020,11:00,228,0,0,224
10.03.2020,12:00,190,0,0,158
10.03.2020,13:00,196,0,0,1
10.03.2020,14:00,177,0,0,0
10.03.2020,15:00,146,0,0,0
10.03.2020,16:00,79,0,0,0
10.03.2020,17:00,80,0,0,0
10.03.2020,18:00,79,0,0,0
10.03.2020,19:00,102,46,0,46
10.03.2020,20:00,1,0,0,0
10.03.2020,21:00,0,0,0,0
10.03.2020,22:00,0,0,0,0
10.03.2020,23:00,0,0,0,0
11.03.2020,00:00,0,0,0,0
11.03.2020,01:00,0,0,0,0
11.03.2020,02:00,0,0,0,0
11.03.2020,03:00,0,0,0,0
11.03.2020,04:00,0,0,0,0
11.03.2020,05:00,0,0,0,0
11.03.2020,06:00,73,4,1,67
11.03.2020,07:00,269,263,265,266
11.03.2020,08:00,267,0,260,260
11.03.2020,09:00,201,0,196,231
11.03.2020,10:00,76,0,0,17
11.03.2020,11:00,67,0,0,0
11.03.2020,12:00,137,0,40,22
11.03.2020,13:00,64,0,63,0
11.03.2020,14:00,79,0,77,0
11.03.2020,15:00,76,0,74,0
11.03.2020,16:00,45,0,43,2
11.03.2020,17:00,136,199,133,206
11.03.2020,18:00,272,248,270,251
11.03.2020,19:00,235,230,231,232
11.03.2020,20:00,187,204,185,206
11.03.2020,21:00,171,193,169,157
11.03.2020,22:00,78,0,2,0
11.03.2020,23:00,2,0,0,0
12.03.2020,00:00,0,0,0,0
12.03.2020,01:00,0,0,0,0
12.03.2020,02:00,0,0,0,0
12.03.2020,03:00,0,0,0,0
12.03.2020,04:00,0,0,0,0
12.03.2020,05:00,0,0,0,0
12.03.2020,06:00,0,0,0,0
12.03.2020,07:00,0,0,0,0
12.03.2020,08:00,0,0,0,0
12.03.2020,09:00,0,0,0,0
12.03.2020,10:00,0,0,0,0
12.03.2020,11:00,0,0,0,0
12.03.2020,12:00,0,0,0,0
12.03.2020,13:00,0,0,0,0
12.03.2020,14:00,0,0,0,0
12.03.2020,15:00,0,0,0,0
12.03.2020,16:00,105,50,182,50
12.03.2020,17:00,244,255,240,258
12.03.2020,18:00,254,256,251,259
12.03.2020,19:00,293,259,291,263
12.03.2020,20:00,211,238,208,240
12.03.2020,21:00,153,189,121,190
12.03.2020,22:00,91,113,203,170
12.03.2020,23:00,0,0,115,0
13.03.2020,00:00,0,0,0,0
13.03.2020,01:00,0,0,0,0
13.03.2020,02:00,0,0,0,0
13.03.2020,03:00,0,0,0,0
13.03.2020,04:00,0,0,0,0
13.03.2020,05:00,0,0,0,0
13.03.2020,06:00,0,2,30,2
13.03.2020,07:00,212,238,208,241
13.03.2020,08:00,243,249,241,252
13.03.2020,09:00,171,49,2,219
13.03.2020,10:00,5,0,0,10
13.03.2020,11:00,0,0,0,0
13.03.2020,12:00,0,0,0,0
13.03.2020,13:00,0,0,0,0
13.03.2020,14:00,0,0,0,0
13.03.2020,15:00,0,0,0,0
13.03.2020,16:00,80,0,0,0
13.03.2020,17:00,39,0,1,0
13.03.2020,18:00,277,260,275,259
13.03.2020,19:00,267,260,264,263
13.03.2020,20:00,254,250,251,253
13.03.2020,21:00,245,247,242,250
13.03.2020,22:00,277,244,276,248
13.03.2020,23:00,258,234,255,237
14.03.2020,00:00,102,0,0,1
14.03.2020,01:00,108,0,0,0
14.03.2020,02:00,124,0,0,0
14.03.2020,03:00,127,0,0,0
14.03.2020,04:00,50,0,0,0
14.03.2020,05:00,53,0,0,0
14.03.2020,06:00,70,0,0,0
14.03.2020,07:00,90,2,0,21
14.03.2020,08:00,192,208,180,210
14.03.2020,09:00,108,0,0,0
14.03.2020,10:00,84,0,0,0
14.03.2020,11:00,114,0,0,0
14.03.2020,12:00,0,0,0,0
14.03.2020,13:00,0,0,0,0
14.03.2020,14:00,0,0,0,0
14.03.2020,15:00,0,0,0,0
14.03.2020,16:00,2,0,0,0
14.03.2020,17:00,184,0,0,0
14.03.2020,18:00,202,216,0,214
14.03.2020,19:00,196,0,0,206
14.03.2020,20:00,106,0,0,0
14.03.2020,21:00,107,0,0,0
14.03.2020,22:00,100,0,0,0
14.03.2020,23:00,102,0,0,0
15.03.2020,00:00,1,0,0,0
15.03.2020,01:00,0,0,0,0
15.03.2020,02:00,0,0,0,0
15.03.2020,03:00,0,0,0,0
15.03.2020,04:00,0,0,0,0
15.03.2020,05:00,0,0,0,0
15.03.2020,06:00,0,0,0,0
15.03.2020,07:00,0,0,0,0
15.03.2020,08:00,0,0,0,0
15.03.2020,09:00,0,0,0,0
15.03.2020,10:00,0,0,0,0
15.03.2020,11:00,0,0,0,0
15.03.2020,12:00,0,0,0,0
15.03.2020,13:00,0,0,0,0
15.03.2020,14:00,0,0,0,0
15.03.2020,15:00,0,0,0,0
15.03.2020,16:00,0,0,0,0
15.03.2020,17:00,0,2,204,0
15.03.2020,18:00,44,244,205,2
15.03.2020,19:00,239,251,236,254
15.03.2020,20:00,240,250,237,253
15.03.2020,21:00,188,223,1,8
15.03.2020,22:00,4,0,0,0
15.03.2020,23:00,7,48,0,0
16.03.2020,00:00,0,146,0,0
16.03.2020,01:00,0,0,0,0
16.03.2020,02:00,0,0,0,0
16.03.2020,03:00,0,0,0,0
16.03.2020,04:00,0,0,0,0
16.03.2020,05:00,0,0,0,0
16.03.2020,06:00,64,0,4,0
16.03.2020,07:00,141,0,0,0
16.03.2020,08:00,228,249,225,251
16.03.2020,09:00,122,16,0,8
16.03.2020,10:00,87,156,0,0
16.03.2020,11:00,115,7,0,0
16.03.2020,12:00,217,0,0,0
16.03.2020,13:00,67,0,0,0
16.03.2020,14:00,67,0,0,0
16.03.2020,15:00,65,0,0,0
16.03.2020,16:00,241,248,0,247
16.03.2020,17:00,264,255,261,257
16.03.2020,18:00,266,248,264,252
16.03.2020,19:00,259,241,258,244
16.03.2020,20:00,236,235,232,238
16.03.2020,21:00,79,0,0,148
16.03.2020,22:00,95,0,0,97
16.03.2020,23:00,134,0,0,0
17.03.2020,00:00,88,0,0,0
17.03.2020,01:00,1,0,0,0
17.03.2020,02:00,0,0,0,0
17.03.2020,03:00,0,0,0,0
17.03.2020,04:00,0,0,0,0
17.03.2020,05:00,0,0,0,0
17.03.2020,06:00,39,0,0,0
17.03.2020,07:00,239,234,236,245
17.03.2020,08:00,266,252,264,255
17.03.2020,09:00,226,225,222,228
17.03.2020,10:00,0,164,101,9
17.03.2020,11:00,0,0,3,0
17.03.2020,12:00,0,0,0,0
17.03.2020,13:00,0,0,0,0
17.03.2020,14:00,0,0,0,0
17.03.2020,15:00,0,0,0,0
17.03.2020,16:00,0,0,0,0
17.03.2020,17:00,267,245,269,252
17.03.2020,18:00,265,259,263,260
17.03.2020,19:00,254,247,252,249
17.03.2020,20:00,79,0,0,1
17.03.2020,21:00,96,0,0,0
17.03.2020,22:00,4,0,0,0
17.03.2020,23:00,0,0,0,0
18.03.2020,00:00,0,0,0,0
18.03.2020,01:00,0,0,0,0
18.03.2020,02:00,0,0,0,0
18.03.2020,03:00,0,0,0,0
18.03.2020,04:00,0,0,0,0
18.03.2020,05:00,0,0,0,0
18.03.2020,06:00,0,0,0,0
18.03.2020,07:00,288,257,0,260
18.03.2020,08:00,222,154,0,224
18.03.2020,09:00,0,0,0,0
18.03.2020,10:00,0,0,0,0
18.03.2020,11:00,0,0,0,0
18.03.2020,12:00,0,0,0,0
18.03.2020,13:00,0,0,0,0
18.03.2020,14:00,0,0,0,0
18.03.2020,15:00,0,0,0,0
18.03.2020,16:00,1,0,0,0
18.03.2020,17:00,256,259,250,262
18.03.2020,18:00,228,244,226,246
18.03.2020,19:00,278,267,275,271
18.03.2020,20:00,262,256,259,259
18.03.2020,21:00,115,0,0,0
18.03.2020,22:00,148,19,0,42
18.03.2020,23:00,0,0,0,4
19.03.2020,00:00,0,0,0,0
19.03.2020,01:00,0,0,0,0
19.03.2020,02:00,0,0,0,0
19.03.2020,03:00,0,0,0,0
19.03.2020,04:00,0,0,0,0
19.03.2020,05:00,1,0,0,0
19.03.2020,06:00,131,159,0,223
19.03.2020,07:00,267,262,265,264
19.03.2020,08:00,246,249,243,252
19.03.2020,09:00,178,57,1,224
19.03.2020,10:00,39,0,0,1
19.03.2020,11:00,3,0,0,0
19.03.2020,12:00,0,0,0,0
19.03.2020,13:00,29,0,0,0
19.03.2020,14:00,4,0,0,0
19.03.2020,15:00,51,0,0,0
19.03.2020,16:00,88,0,0,28
19.03.2020,17:00,266,243,263,247
19.03.2020,18:00,272,260,271,263
19.03.2020,19:00,256,240,253,243
19.03.2020,20:00,247,233,243,235
19.03.2020,21:00,108,184,106,185
19.03.2020,22:00,97,7,2,5
19.03.2020,23:00,102,0,0,0
20.03.2020,00:00,25,0,0,0
20.03.2020,01:00,0,0,0,0
20.03.2020,02:00,0,0,0,0
20.03.2020,03:00,0,0,0,0
20.03.2020,04:00,0,0,0,0
20.03.2020,05:00,1,0,0,0
20.03.2020,06:00,38,0,1,2
20.03.2020,07:00,268,235,267,239
20.03.2020,08:00,238,237,235,239
20.03.2020,09:00,80,17,0,110
20.03.2020,10:00,132,0,0,0
20.03.2020,11:00,211,0,0,0
20.03.2020,12:00,1,0,0,0
20.03.2020,13:00,0,0,0,0
20.03.2020,14:00,0,0,0,0
20.03.2020,15:00,0,0,0,0
20.03.2020,16:00,20,0,2,0
20.03.2020,17:00,267,255,265,261
20.03.2020,18:00,260,236,257,238
20.03.2020,19:00,251,246,244,248
20.03.2020,20:00,16,0,0,0
20.03.2020,21:00,0,0,0,0
20.03.2020,22:00,0,0,0,0
20.03.2020,23:00,1,0,0,0
21.03.2020,00:00,36,0,0,0
21.03.2020,01:00,36,0,0,0
21.03.2020,02:00,97,0,0,0
21.03.2020,03:00,60,0,0,0
21.03.2020,04:00,48,0,0,0
21.03.2020,05:00,113,0,0,0
21.03.2020,06:00,141,0,0,0
21.03.2020,07:00,105,0,0,0
21.03.2020,08:00,85,0,0,0
21.03.2020,09:00,0,0,0,0
21.03.2020,10:00,0,0,0,0
21.03.2020,11:00,0,0,0,0
21.03.2020,12:00,0,0,0,0
21.03.2020,13:00,0,0,0,0
21.03.2020,14:00,0,0,0,0
21.03.2020,15:00,0,0,0,0
21.03.2020,16:00,0,0,0,0
21.03.2020,17:00,0,0,0,0
21.03.2020,18:00,261,0,0,0
21.03.2020,19:00,285,259,281,249
21.03.2020,20:00,252,244,250,247
21.03.2020,21:00,227,241,2,240
21.03.2020,22:00,267,261,0,260
21.03.2020,23:00,215,228,0,226
22.03.2020,00:00,188,210,0,209
22.03.2020,01:00,84,0,0,0
22.03.2020,02:00,92,0,0,0
22.03.2020,03:00,24,0,59,0
22.03.2020,04:00,0,0,1,0
22.03.2020,05:00,0,0,0,0
22.03.2020,06:00,0,0,0,0
22.03.2020,07:00,0,0,0,0
22.03.2020,08:00,0,0,0,0
22.03.2020,09:00,0,0,0,0
22.03.2020,10:00,0,0,0,0
22.03.2020,11:00,0,0,0,0
22.03.2020,12:00,0,0,0,0
22.03.2020,13:00,0,0,0,0
22.03.2020,14:00,0,0,0,0
22.03.2020,15:00,0,0,0,0
22.03.2020,16:00,0,0,0,0
22.03.2020,17:00,0,0,0,2
22.03.2020,18:00,259,262,255,267
22.03.2020,19:00,255,254,252,257
22.03.2020,20:00,166,217,7,217
22.03.2020,21:00,113,224,0,223
22.03.2020,22:00,74,207,0,205
22.03.2020,23:00,92,0,0,0
23.03.2020,00:00,0,0,0,0
23.03.2020,01:00,0,0,0,0
23.03.2020,02:00,0,0,0,0
23.03.2020,03:00,0,0,0,0
23.03.2020,04:00,0,0,0,0
23.03.2020,05:00,1,2,0,1
23.03.2020,06:00,267,264,263,267
23.03.2020,07:00,270,261,266,265
23.03.2020,08:00,293,248,290,252
23.03.2020,09:00,94,6,0,38
23.03.2020,10:00,0,0,0,0
23.03.2020,11:00,0,0,0,0
23.03.2020,12:00,0,0,0,0
23.03.2020,13:00,0,0,0,0
23.03.2020,14:00,0,0,0,0
23.03.2020,15:00,0,0,0,0
23.03.2020,16:00,0,0,1,0
23.03.2020,17:00,29,0,220,17
23.03.2020,18:00,273,267,269,271
23.03.2020,19:00,216,238,213,241
23.03.2020,20:00,149,221,127,223
23.03.2020,21:00,233,0,0,245
23.03.2020,22:00,146,0,0,222
23.03.2020,23:00,114,0,0,0
24.03.2020,00:00,0,0,0,0
24.03.2020,01:00,0,0,0,0
24.03.2020,02:00,0,0,0,0
24.03.2020,03:00,0,0,0,0
24.03.2020,04:00,0,0,0,0
24.03.2020,05:00,0,0,60,0
24.03.2020,06:00,239,245,237,253
24.03.2020,07:00,258,253,255,257
24.03.2020,08:00,285,258,283,261
24.03.2020,09:00,1,112,129,48
24.03.2020,10:00,0,0,59,0
24.03.2020,11:00,0,0,0,0
24.03.2020,12:00,0,0,0,0
24.03.2020,13:00,0,0,0,0
24.03.2020,14:00,0,0,0,0
24.03.2020,15:00,0,0,0,0
24.03.2020,16:00,32,0,0,0
24.03.2020,17:00,172,85,127,243
24.03.2020,18:00,246,252,243,255
24.03.2020,19:00,222,241,220,244
24.03.2020,20:00,127,141,80,193
24.03.2020,21:00,68,0,0,55
24.03.2020,22:00,100,0,0,0
24.03.2020,23:00,101,0,0,0
25.03.2020,00:00,101,0,0,0
25.03.2020,01:00,101,0,0,0
25.03.2020,02:00,38,0,0,0
25.03.2020,03:00,0,0,0,0
25.03.2020,04:00,0,0,0,0
25.03.2020,05:00,16,0,0,0
25.03.2020,06:00,173,2,0,225
25.03.2020,07:00,259,256,255,259
25.03.2020,08:00,255,253,252,256
25.03.2020,09:00,85,60,17,59
25.03.2020,10:00,0,0,0,0
25.03.2020,11:00,0,0,0,0
25.03.2020,12:00,0,0,0,0
25.03.2020,13:00,0,0,0,0
25.03.2020,14:00,0,0,0,0
25.03.2020,15:00,0,0,0,0
25.03.2020,16:00,50,0,0,0
25.03.2020,17:00,234,68,112,124
25.03.2020,18:00,227,245,224,248
25.03.2020,19:00,141,224,140,226
25.03.2020,20:00,183,225,190,196
25.03.2020,21:00,0,2,96,0
25.03.2020,22:00,99,69,88,137
25.03.2020,23:00,2,0,0,0
26.03.2020,00:00,0,0,0,0
26.03.2020,01:00,0,0,0,0
26.03.2020,02:00,0,0,0,0
26.03.2020,03:00,0,0,0,0
26.03.2020,04:00,0,0,0,0
26.03.2020,05:00,0,0,0,0
26.03.2020,06:00,128,171,1,222
26.03.2020,07:00,259,250,255,254
26.03.2020,08:00,247,247,245,250
26.03.2020,09:00,107,0,42,1
26.03.2020,10:00,0,0,0,0
26.03.2020,11:00,0,0,0,0
26.03.2020,12:00,0,0,0,0
26.03.2020,13:00,0,0,0,0
26.03.2020,14:00,0,0,0,0
26.03.2020,15:00,0,0,0,0
26.03.2020,16:00,0,0,0,0
26.03.2020,17:00,204,71,130,250
26.03.2020,18:00,207,238,204,240
26.03.2020,19:00,245,249,242,252
26.03.2020,20:00,233,241,229,245
26.03.2020,21:00,183,70,4,224
26.03.2020,22:00,246,247,243,250
26.03.2020,23:00,112,40,0,0
27.03.2020,00:00,0,0,0,0
27.03.2020,01:00,0,0,0,0
27.03.2020,02:00,0,0,0,0
27.03.2020,03:00,0,0,0,0
27.03.2020,04:00,0,0,0,0
27.03.2020,05:00,0,0,0,0
27.03.2020,06:00,183,0,3,223
27.03.2020,07:00,275,264,273,271
27.03.2020,08:00,235,241,233,243
27.03.2020,09:00,127,2,0,3
27.03.2020,10:00,4,0,0,0
27.03.2020,11:00,0,0,0,0
27.03.2020,12:00,0,0,0,0
27.03.2020,13:00,0,0,0,0
27.03.2020,14:00,0,0,0,0
27.03.2020,15:00,0,0,0,0
27.03.2020,16:00,122,0,0,0
27.03.2020,17:00,267,250,265,253
27.03.2020,18:00,185,217,183,219
27.03.2020,19:00,198,223,195,225
27.03.2020,20:00,248,235,245,238
27.03.2020,21:00,224,225,220,228
27.03.2020,22:00,112,47,0,0
27.03.2020,23:00,136,0,0,0
28.03.2020,00:00,157,0,0,0
28.03.2020,01:00,121,0,0,0
28.03.2020,02:00,176,0,0,0
28.03.2020,03:00,0,0,0,0
28.03.2020,04:00,0,0,0,0
28.03.2020,05:00,166,0,0,0
28.03.2020,06:00,69,0,0,0
28.03.2020,07:00,114,0,0,0
28.03.2020,08:00,170,0,0,0
28.03.2020,09:00,98,0,0,0
28.03.2020,10:00,0,0,0,0
28.03.2020,11:00,0,0,0,0
28.03.2020,12:00,0,0,0,0
28.03.2020,13:00,0,0,0,0
28.03.2020,14:00,0,0,0,0
28.03.2020,15:00,0,0,0,0
28.03.2020,16:00,0,0,0,0
28.03.2020,17:00,0,0,0,0
28.03.2020,18:00,220,238,220,241
28.03.2020,19:00,285,277,284,280
28.03.2020,20:00,240,242,237,245
28.03.2020,21:00,181,209,178,212
28.03.2020,22:00,244,237,241,240
28.03.2020,23:00,154,194,151,196
29.03.2020,00:00,236,0,14,0
29.03.2020,01:00,85,0,0,0
29.03.2020,03:00,1,0,0,0
29.03.2020,04:00,0,0,0,0
29.03.2020,05:00,0,0,0,0
29.03.2020,06:00,0,0,0,0
29.03.2020,07:00,0,0,0,0
29.03.2020,08:00,0,0,0,0
29.03.2020,09:00,0,0,0,0
29.03.2020,10:00,0,0,0,0
29.03.2020,11:00,0,0,0,0
29.03.2020,12:00,0,0,0,0
29.03.2020,13:00,0,0,0,0
29.03.2020,14:00,0,0,0,0
29.03.2020,15:00,0,0,0,0
29.03.2020,16:00,0,0,0,0
29.03.2020,17:00,2,0,0,0
29.03.2020,18:00,93,0,0,0
29.03.2020,19:00,84,0,0,0
29.03.2020,20:00,252,260,244,262
29.03.2020,21:00,252,255,249,258
29.03.2020,22:00,88,3,1,0
29.03.2020,23:00,1,0,0,0
30.03.2020,00:00,0,0,0,0
30.03.2020,01:00,0,0,0,0
30.03.2020,02:00,0,0,0,0
30.03.2020,03:00,0,0,0,0
30.03.2020,04:00,0,0,0,0
30.03.2020,05:00,117,0,0,0
30.03.2020,06:00,212,50,75,49
30.03.2020,07:00,216,241,214,243
30.03.2020,08:00,251,253,249,256
30.03.2020,09:00,190,222,187,225
30.03.2020,10:00,67,24,0,176
30.03.2020,11:00,5,0,0,3
30.03.2020,12:00,0,0,0,0
30.03.2020,13:00,0,0,0,0
30.03.2020,14:00,0,0,0,0
30.03.2020,15:00,0,0,0,0
30.03.2020,16:00,8,0,0,0
30.03.2020,17:00,139,65,12,65
30.03.2020,18:00,184,236,181,239
30.03.2020,19:00,293,271,290,275
30.03.2020,20:00,243,254,241,257
30.03.2020,21:00,204,230,201,232
30.03.2020,22:00,139,127,71,72
30.03.2020,23:00,0,0,0,0
31.03.2020,00:00,0,0,0,0
31.03.2020,01:00,0,0,0,0
31.03.2020,02:00,0,0,0,0
31.03.2020,03:00,0,0,0,0
31.03.2020,04:00,0,0,0,0
31.03.2020,05:00,1,0,0,0
31.03.2020,06:00,280,242,278,246
31.03.2020,07:00,274,259,273,263
31.03.2020,08:00,266,259,263,262
31.03.2020,09:00,239,239,235,241
31.03.2020,10:00,0,1,64,2
31.03.2020,11:00,0,0,0,0
31.03.2020,12:00,0,0,0,0
31.03.2020,13:00,0,0,0,0
31.03.2020,14:00,0,0,0,0
31.03.2020,15:00,0,0,0,0
31.03.2020,16:00,0,0,0,0
31.03.2020,17:00,0,0,140,0
31.03.2020,18:00,232,235,230,184
31.03.2020,19:00,253,247,250,251
31.03.2020,20:00,266,260,265,262
31.03.2020,21:00,238,235,235,238
31.03.2020,22:00,1,1,133,2
31.03.2020,23:00,0,0,94,0
01.04.2020,00:00,0,0,32,0
01.04.2020,01:00,0,0,0,0
01.04.2020,02:00,0,0,0,0
01.04.2020,03:00,0,0,0,0
01.04.2020,04:00,0,0,0,0
01.04.2020,05:00,41,0,0,0
01.04.2020,06:00,230,0,0,237
01.04.2020,07:00,214,222,211,224
01.04.2020,08:00,234,230,230,232
01.04.2020,09:00,10,1,0,0
01.04.2020,10:00,0,0,0,0
01.04.2020,11:00,0,0,0,0
01.04.2020,12:00,0,0,0,0
01.04.2020,13:00,0,0,0,0
01.04.2020,14:00,0,0,0,0
01.04.2020,15:00,0,0,0,0
01.04.2020,16:00,0,0,0,0
01.04.2020,17:00,0,0,13,0
01.04.2020,18:00,194,244,240,251
01.04.2020,19:00,267,253,264,256
01.04.2020,20:00,233,235,229,238
01.04.2020,21:00,234,235,231,237
01.04.2020,22:00,213,220,210,222
01.04.2020,23:00,3,3,124,119
02.04.2020,00:00,0,0,89,0
02.04.2020,01:00,0,0,11,0
02.04.2020,02:00,0,0,0,0
02.04.2020,03:00,0,0,0,0
02.04.2020,04:00,0,0,0,0
02.04.2020,05:00,0,0,1,0
02.04.2020,06:00,0,198,164,2
02.04.2020,07:00,248,230,244,233
02.04.2020,08:00,235,227,235,230
02.04.2020,09:00,0,0,105,0
02.04.2020,10:00,0,0,107,0
02.04.2020,11:00,0,0,44,0
02.04.2020,12:00,0,0,0,0
02.04.2020,13:00,0,0,0,0
02.04.2020,14:00,0,0,0,0
02.04.2020,15:00,0,0,0,0
02.04.2020,16:00,0,0,0,0
02.04.2020,17:00,0,0,0,0
02.04.2020,18:00,0,0,47,0
02.04.2020,19:00,187,251,248,254
02.04.2020,20:00,0,239,242,65
02.04.2020,21:00,0,50,135,0
02.04.2020,22:00,0,63,72,0
02.04.2020,23:00,0,3,3,0
03.04.2020,00:00,0,0,0,0
03.04.2020,01:00,0,0,0,0
03.04.2020,02:00,0,0,0,0
03.04.2020,03:00,0,0,0,0
03.04.2020,04:00,0,0,0,0
03.04.2020,05:00,0,0,0,0
03.04.2020,06:00,0,0,0,0
03.04.2020,07:00,267,252,263,262
03.04.2020,08:00,245,248,242,251
03.04.2020,09:00,249,250,246,254
03.04.2020,10:00,149,0,0,2
03.04.2020,11:00,77,0,0,0
03.04.2020,12:00,1,0,0,0
03.04.2020,13:00,0,0,0,0
03.04.2020,14:00,0,0,0,0
03.04.2020,15:00,0,0,0,0
03.04.2020,16:00,0,0,0,0
03.04.2020,17:00,118,0,9,0
03.04.2020,18:00,254,245,251,253
03.04.2020,19:00,276,244,274,248
03.04.2020,20:00,277,234,275,237
03.04.2020,21:00,230,233,228,236
03.04.2020,22:00,239,233,236,236
03.04.2020,23:00,194,205,191,208
04.04.2020,00:00,140,1,0,0
04.04.2020,01:00,126,0,0,0
04.04.2020,02:00,123,0,0,0
04.04.2020,03:00,61,0,0,0
04.04.2020,04:00,0,0,0,1
04.04.2020,05:00,0,0,0,0
04.04.2020,06:00,0,0,0,0
04.04.2020,07:00,58,0,0,0
04.04.2020,08:00,1,0,0,0
04.04.2020,09:00,0,0,0,0
04.04.2020,10:00,0,0,0,0
04.04.2020,11:00,0,0,0,0
04.04.2020,12:00,0,0,0,0
04.04.2020,13:00,0,0,0,0
04.04.2020,14:00,0,0,0,0
04.04.2020,15:00,0,0,0,0
04.04.2020,16:00,0,0,0,0
04.04.2020,17:00,0,0,0,0
04.04.2020,18:00,281,236,282,238
04.04.2020,19:00,278,270,277,273
04.04.2020,20:00,262,251,259,254
04.04.2020,21:00,229,230,226,233
04.04.2020,22:00,213,218,209,220
04.04.2020,23:00,60,1,1,1
05.04.2020,00:00,81,0,0,0
05.04.2020,01:00,72,0,0,0
05.04.2020,02:00,38,0,0,0
05.04.2020,03:00,38,0,0,0
05.04.2020,04:00,69,0,0,0
05.04.2020,05:00,76,0,0,0
05.04.2020,06:00,0,0,0,0
05.04.2020,07:00,0,0,0,0
05.04.2020,08:00,0,0,0,0
05.04.2020,09:00,0,0,0,0
05.04.2020,10:00,0,0,0,0
05.04.2020,11:00,0,0,0,0
05.04.2020,12:00,0,0,0,0
05.04.2020,13:00,0,0,0,0
05.04.2020,14:00,0,0,0,0
05.04.2020,15:00,0,0,0,0
05.04.2020,16:00,0,0,0,0
05.04.2020,17:00,0,0,0,0
05.04.2020,18:00,0,115,93,0
05.04.2020,19:00,279,262,276,265
05.04.2020,20:00,227,253,244,256
05.04.2020,21:00,0,0,77,0
05.04.2020,22:00,0,0,179,0
05.04.2020,23:00,0,0,106,0
06.04.2020,00:00,0,0,1,0
06.04.2020,01:00,0,0,0,0
06.04.2020,02:00,0,0,0,0
06.04.2020,03:00,0,0,0,0
06.04.2020,04:00,0,0,0,0
06.04.2020,05:00,0,2,1,0
06.04.2020,06:00,1,238,163,0
06.04.2020,07:00,244,254,240,256
06.04.2020,08:00,258,258,254,261
06.04.2020,09:00,278,258,275,262
06.04.2020,10:00,1,0,0,2
06.04.2020,11:00,0,0,0,0
06.04.2020,12:00,0,0,0,0
06.04.2020,13:00,0,0,0,0
06.04.2020,14:00,0,0,0,0
06.04.2020,15:00,0,0,0,0
06.04.2020,16:00,0,0,0,0
06.04.2020,17:00,66,62,85,64
06.04.2020,18:00,253,259,249,262
06.04.2020,19:00,303,291,300,294
06.04.2020,20:00,294,289,292,292
06.04.2020,21:00,196,178,194,205
06.04.2020,22:00,38,0,37,56
06.04.2020,23:00,0,0,0,0
07.04.2020,00:00,0,0,0,0
07.04.2020,01:00,0,0,0,0
07.04.2020,02:00,0,0,0,0
07.04.2020,03:00,0,0,0,0
07.04.2020,04:00,0,0,0,0
07.04.2020,05:00,0,0,0,0
07.04.2020,06:00,268,263,260,263
07.04.2020,07:00,297,254,295,258
07.04.2020,08:00,290,251,288,255
07.04.2020,09:00,267,243,265,246
07.04.2020,10:00,24,3,5,4
07.04.2020,11:00,0,0,0,0
07.04.2020,12:00,0,0,0,0
07.04.2020,13:00,0,0,0,0
07.04.2020,14:00,0,0,0,0
07.04.2020,15:00,0,0,0,0
07.04.2020,16:00,0,0,0,0
07.04.2020,17:00,9,0,0,0
07.04.2020,18:00,245,255,242,257
07.04.2020,19:00,294,256,291,259
07.04.2020,20:00,271,247,267,251
07.04.2020,21:00,203,174,198,180
07.04.2020,22:00,0,0,73,0
07.04.2020,23:00,64,0,105,0
08.04.2020,00:00,0,0,0,0
08.04.2020,01:00,0,0,0,0
08.04.2020,02:00,0,0,0,0
08.04.2020,03:00,0,0,0,0
08.04.2020,04:00,0,0,0,0
08.04.2020,05:00,0,0,91,0
08.04.2020,06:00,1,0,85,0
08.04.2020,07:00,258,249,256,254
08.04.2020,08:00,229,239,226,242
08.04.2020,09:00,0,2,1,0
08.04.2020,10:00,0,0,0,0
08.04.2020,11:00,0,0,0,0
08.04.2020,12:00,0,0,0,0
08.04.2020,13:00,0,0,0,0
08.04.2020,14:00,0,0,0,0
08.04.2020,15:00,0,0,0,0
08.04.2020,16:00,0,0,0,0
08.04.2020,17:00,0,0,0,0
08.04.2020,18:00,246,258,244,261
08.04.2020,19:00,274,261,270,265
08.04.2020,20:00,296,287,294,290
08.04.2020,21:00,288,271,286,275
08.04.2020,22:00,250,236,247,240
08.04.2020,23:00,102,0,0,0
09.04.2020,00:00,0,0,0,0
09.04.2020,01:00,0,0,0,0
09.04.2020,02:00,0,0,0,0
09.04.2020,03:00,0,0,0,0
09.04.2020,04:00,0,0,0,0
09.04.2020,05:00,96,0,1,0
09.04.2020,06:00,263,240,261,245
09.04.2020,07:00,263,248,260,252
09.04.2020,08:00,245,245,241,248
09.04.2020,09:00,159,203,156,204
09.04.2020,10:00,62,2,0,0
09.04.2020,11:00,1,0,0,0
09.04.2020,12:00,0,0,0,0
09.04.2020,13:00,0,0,0,0
09.04.2020,14:00,0,0,0,0
09.04.2020,15:00,0,0,0,0
09.04.2020,16:00,0,0,0,0
09.04.2020,17:00,119,0,0,0
09.04.2020,18:00,286,277,283,281
09.04.2020,19:00,271,264,269,266
09.04.2020,20:00,272,245,271,248
09.04.2020,21:00,204,218,201,220
09.04.2020,22:00,171,196,168,198
09.04.2020,23:00,118,170,1,154
10.04.2020,00:00,4,0,0,0
10.04.2020,01:00,0,0,0,0
10.04.2020,02:00,0,0,0,0
10.04.2020,03:00,0,0,0,0
10.04.2020,04:00,0,0,0,0
10.04.2020,05:00,0,0,0,0
10.04.2020,06:00,86,0,0,144
10.04.2020,07:00,253,247,248,253
10.04.2020,08:00,132,2,0,197
10.04.2020,09:00,0,0,0,0
10.04.2020,10:00,0,0,0,0
10.04.2020,11:00,0,0,0,0
10.04.2020,12:00,0,0,0,0
10.04.2020,13:00,0,0,0,0
10.04.2020,14:00,0,0,0,0
10.04.2020,15:00,0,0,0,0
10.04.2020,16:00,0,0,0,0
10.04.2020,17:00,0,0,0,0
10.04.2020,18:00,205,11,168,244
10.04.2020,19:00,247,255,243,257
10.04.2020,20:00,296,277,294,280
10.04.2020,21:00,264,251,262,254
10.04.2020,22:00,274,268,272,270
10.04.2020,23:00,0,191,73,193
11.04.2020,00:00,0,175,101,150
11.04.2020,01:00,0,0,134,0
11.04.2020,02:00,0,0,80,0
11.04.2020,03:00,0,0,145,0
11.04.2020,04:00,0,0,109,0
11.04.2020,05:00,0,6,155,0
11.04.2020,06:00,0,208,169,197
11.04.2020,07:00,0,184,140,77
11.04.2020,08:00,0,4,7,0
11.04.2020,09:00,0,0,0,0
11.04.2020,10:00,0,0,0,0
11.04.2020,11:00,0,0,0,0
11.04.2020,12:00,0,0,0,0
11.04.2020,13:00,0,0,0,0
11.04.2020,14:00,0,0,0,0
11.04.2020,15:00,0,0,0,0
11.04.2020,16:00,0,0,0,0
11.04.2020,17:00,98,58,77,59
11.04.2020,18:00,299,271,295,275
11.04.2020,19:00,292,284,290,288
11.04.2020,20:00,282,273,281,275
11.04.2020,21:00,259,246,257,249
11.04.2020,22:00,254,240,251,243
11.04.2020,23:00,248,235,244,238
12.04.2020,00:00,65,192,168,194
12.04.2020,01:00,0,0,45,2
12.04.2020,02:00,0,0,46,0
12.04.2020,03:00,0,0,46,0
12.04.2020,04:00,0,0,75,0
12.04.2020,05:00,0,0,75,0
12.04.2020,06:00,0,0,78,0
12.04.2020,07:00,0,0,75,0
12.04.2020,08:00,0,0,0,0
12.04.2020,09:00,0,0,0,0
12.04.2020,10:00,0,0,0,0
12.04.2020,11:00,0,0,0,0
12.04.2020,12:00,0,0,0,0
12.04.2020,13:00,0,0,0,0
12.04.2020,14:00,0,0,0,0
12.04.2020,15:00,0,0,0,0
12.04.2020,16:00,0,0,0,0
12.04.2020,17:00,62,61,65,62
12.04.2020,18:00,222,232,221,235
12.04.2020,19:00,276,249,274,253
12.04.2020,20:00,211,227,209,229
12.04.2020,21:00,264,255,262,258
12.04.2020,22:00,248,239,245,242
12.04.2020,23:00,0,193,171,195
13.04.2020,00:00,0,0,43,0
13.04.2020,01:00,0,0,0,0
13.04.2020,02:00,0,0,0,0
13.04.2020,03:00,0,0,0,0
13.04.2020,04:00,0,0,0,0
13.04.2020,05:00,0,0,0,0
13.04.2020,06:00,0,0,0,0
13.04.2020,07:00,0,0,0,0
13.04.2020,08:00,36,0,70,0
13.04.2020,09:00,0,77,75,0
13.04.2020,10:00,0,61,200,0
13.04.2020,11:00,0,0,0,0
13.04.2020,12:00,0,0,0,0
13.04.2020,13:00,0,0,0,0
13.04.2020,14:00,0,0,0,0
13.04.2020,15:00,0,0,0,0
13.04.2020,16:00,0,0,0,0
13.04.2020,17:00,0,0,0,0
13.04.2020,18:00,42,0,0,0
13.04.2020,19:00,57,51,51,6
13.04.2020,20:00,227,247,223,250
13.04.2020,21:00,177,38,172,0
13.04.2020,22:00,183,231,181,225
13.04.2020,23:00,72,0,0,0
14.04.2020,00:00,0,0,0,0
14.04.2020,01:00,0,0,0,0
14.04.2020,02:00,0,0,0,0
14.04.2020,03:00,0,0,0,0
14.04.2020,04:00,36,0,0,0
14.04.2020,05:00,36,0,0,0
14.04.2020,06:00,269,267,266,270
14.04.2020,07:00,268,267,265,271
14.04.2020,08:00,271,256,269,259
14.04.2020,09:00,222,235,219,238
14.04.2020,10:00,175,0,0,214
14.04.2020,11:00,25,0,0,0
14.04.2020,12:00,0,0,0,0
14.04.2020,13:00,0,0,0,0
14.04.2020,14:00,0,0,0,0
14.04.2020,15:00,0,0,0,0
14.04.2020,16:00,0,0,0,0
14.04.2020,17:00,0,0,0,0
14.04.2020,18:00,221,247,218,251
14.04.2020,19:00,251,256,248,259
14.04.2020,20:00,280,250,276,253
14.04.2020,21:00,265,259,263,262
14.04.2020,22:00,220,236,217,239
14.04.2020,23:00,0,1,150,4
15.04.2020,00:00,0,0,0,0
15.04.2020,01:00,0,0,0,0
15.04.2020,02:00,0,0,0,0
15.04.2020,03:00,0,0,0,0
15.04.2020,04:00,0,0,0,0
15.04.2020,05:00,0,0,0,0
15.04.2020,06:00,233,0,0,248
15.04.2020,07:00,266,258,262,261
15.04.2020,08:00,288,254,286,259
15.04.2020,09:00,0,1,0,1
15.04.2020,10:00,0,0,0,0
15.04.2020,11:00,0,0,0,0
15.04.2020,12:00,0,0,0,0
15.04.2020,13:00,0,0,0,0
15.04.2020,14:00,0,0,0,0
15.04.2020,15:00,0,0,0,0
15.04.2020,16:00,0,0,0,0
15.04.2020,17:00,0,0,0,0
15.04.2020,18:00,53,0,11,0
15.04.2020,19:00,274,275,272,276
15.04.2020,20:00,302,293,299,297
15.04.2020,21:00,239,244,236,248
15.04.2020,22:00,268,246,263,249
15.04.2020,23:00,186,217,166,220
16.04.2020,00:00,142,0,0,2
16.04.2020,01:00,1,0,0,0
16.04.2020,02:00,0,0,0,0
16.04.2020,03:00,0,0,0,0
16.04.2020,04:00,0,0,0,0
16.04.2020,05:00,0,0,0,0
16.04.2020,06:00,280,245,277,248
16.04.2020,07:00,239,246,236,249
16.04.2020,08:00,256,248,253,252
16.04.2020,09:00,50,56,0,7
16.04.2020,10:00,0,0,0,0
16.04.2020,11:00,0,0,0,0
16.04.2020,12:00,0,0,0,0
16.04.2020,13:00,0,0,0,0
16.04.2020,14:00,0,0,0,0
16.04.2020,15:00,0,0,0,0
16.04.2020,16:00,0,0,0,0
16.04.2020,17:00,0,0,0,0
16.04.2020,18:00,264,263,257,266
16.04.2020,19:00,298,293,296,296
16.04.2020,20:00,281,262,279,265
16.04.2020,21:00,260,256,257,259
16.04.2020,22:00,268,240,265,243
16.04.2020,23:00,0,203,157,1
17.04.2020,00:00,0,1,1,0
17.04.2020,01:00,0,0,0,0
17.04.2020,02:00,0,0,0,0
17.04.2020,03:00,0,0,0,0
17.04.2020,04:00,1,0,0,0
17.04.2020,05:00,63,0,0,0
17.04.2020,06:00,249,234,246,246
17.04.2020,07:00,244,244,241,247
17.04.2020,08:00,264,239,261,243
17.04.2020,09:00,205,220,180,181
17.04.2020,10:00,46,36,0,0
17.04.2020,11:00,1,0,0,0
17.04.2020,12:00,0,0,0,0
17.04.2020,13:00,0,0,0,0
17.04.2020,14:00,0,0,0,0
17.04.2020,15:00,0,0,0,0
17.04.2020,16:00,0,0,46,0
17.04.2020,17:00,61,185,220,0
17.04.2020,18:00,202,229,200,177
17.04.2020,19:00,277,237,275,241
17.04.2020,20:00,243,233,240,236
17.04.2020,21:00,217,234,215,236
17.04.2020,22:00,194,225,222,204
17.04.2020,23:00,0,0,199,0
18.04.2020,00:00,0,0,1,0
18.04.2020,01:00,0,0,0,0
18.04.2020,02:00,0,0,0,0
18.04.2020,03:00,0,0,0,0
18.04.2020,04:00,0,0,0,0
18.04.2020,05:00,0,0,0,0
18.04.2020,06:00,0,0,39,0
18.04.2020,07:00,0,0,39,0
18.04.2020,08:00,0,0,196,0
18.04.2020,09:00,0,0,142,0
18.04.2020,10:00,0,0,1,0
18.04.2020,11:00,0,0,0,0
18.04.2020,12:00,0,0,0,0
18.04.2020,13:00,0,0,0,0
18.04.2020,14:00,0,0,0,0
18.04.2020,15:00,0,0,0,0
18.04.2020,16:00,0,0,0,0
18.04.2020,17:00,0,1,50,0
18.04.2020,18:00,139,254,242,77
18.04.2020,19:00,275,255,273,257
18.04.2020,20:00,248,244,245,247
18.04.2020,21:00,227,231,224,233
18.04.2020,22:00,186,214,184,216
18.04.2020,23:00,177,200,154,201
19.04.2020,00:00,72,1,0,0
19.04.2020,01:00,137,0,0,0
19.04.2020,02:00,1,0,0,0
19.04.2020,03:00,0,0,0,0
19.04.2020,04:00,0,0,0,0
19.04.2020,05:00,0,0,0,0
19.04.2020,06:00,54,0,0,0
19.04.2020,07:00,178,0,0,144
19.04.2020,08:00,45,0,0,0
19.04.2020,09:00,7,0,0,0
19.04.2020,10:00,0,0,0,0
19.04.2020,11:00,0,0,0,0
19.04.2020,12:00,0,0,0,0
19.04.2020,13:00,0,0,0,0
19.04.2020,14:00,0,0,0,0
19.04.2020,15:00,0,0,0,0
19.04.2020,16:00,0,0,0,0
19.04.2020,17:00,21,0,2,0
19.04.2020,18:00,230,183,225,246
19.04.2020,19:00,100,213,99,215
19.04.2020,20:00,284,259,283,263
19.04.2020,21:00,263,252,261,255
19.04.2020,22:00,243,237,239,240
19.04.2020,23:00,176,20,1,210
20.04.2020,00:00,1,0,0,4
20.04.2020,01:00,0,0,0,0
20.04.2020,02:00,0,0,0,0
20.04.2020,03:00,0,0,0,0
20.04.2020,04:00,0,0,0,0
20.04.2020,05:00,52,48,0,0
20.04.2020,06:00,179,228,177,177
20.04.2020,07:00,246,254,245,256
20.04.2020,08:00,268,249,266,253
20.04.2020,09:00,197,187,214,225
20.04.2020,10:00,0,0,40,0
20.04.2020,11:00,0,0,0,0
20.04.2020,12:00,0,0,0,0
20.04.2020,13:00,0,0,0,0
20.04.2020,14:00,0,0,0,0
20.04.2020,15:00,0,0,0,0
20.04.2020,16:00,0,0,0,0
20.04.2020,17:00,0,0,0,0
20.04.2020,18:00,36,0,0,9
20.04.2020,19:00,275,257,276,261
20.04.2020,20:00,290,277,288,280
20.04.2020,21:00,285,243,283,246
20.04.2020,22:00,273,262,272,265
20.04.2020,23:00,0,166,122,11
21.04.2020,00:00,0,0,0,0
21.04.2020,01:00,0,0,0,0
21.04.2020,02:00,0,0,0,0
21.04.2020,03:00,0,0,0,0
21.04.2020,04:00,0,0,0,0
21.04.2020,05:00,0,0,0,0
21.04.2020,06:00,172,0,61,231
21.04.2020,07:00,282,256,280,259
21.04.2020,08:00,254,250,250,253
21.04.2020,09:00,181,232,223,208
21.04.2020,10:00,0,0,2,0
21.04.2020,11:00,0,0,0,0
21.04.2020,12:00,0,0,0,0
21.04.2020,13:00,0,0,0,0
21.04.2020,14:00,0,0,0,0
21.04.2020,15:00,0,0,0,0
21.04.2020,16:00,0,0,0,0
21.04.2020,17:00,0,0,0,0
21.04.2020,18:00,224,0,66,250
21.04.2020,19:00,265,257,262,270
21.04.2020,20:00,296,287,294,290
21.04.2020,21:00,272,254,268,257
21.04.2020,22:00,271,242,268,245
21.04.2020,23:00,3,6,3,4
22.04.2020,00:00,0,0,0,0
22.04.2020,01:00,0,0,0,0
22.04.2020,02:00,0,0,0,0
22.04.2020,03:00,0,0,0,0
22.04.2020,04:00,0,0,0,0
22.04.2020,05:00,0,0,0,0
22.04.2020,06:00,250,254,253,258
22.04.2020,07:00,233,242,230,245
22.04.2020,08:00,262,260,260,263
22.04.2020,09:00,215,232,211,235
22.04.2020,10:00,0,2,0,0
22.04.2020,11:00,0,0,0,0
22.04.2020,12:00,0,0,0,0
22.04.2020,13:00,0,0,0,0
22.04.2020,14:00,0,0,0,0
22.04.2020,15:00,0,0,0,0
22.04.2020,16:00,0,0,0,0
22.04.2020,17:00,0,0,0,0
22.04.2020,18:00,127,0,90,149
22.04.2020,19:00,261,255,258,259
22.04.2020,20:00,228,236,225,239
22.04.2020,21:00,210,231,208,233
22.04.2020,22:00,133,212,0,2
22.04.2020,23:00,65,0,0,0
23.04.2020,00:00,1,0,0,0
23.04.2020,01:00,0,0,0,0
23.04.2020,02:00,0,0,0,0
23.04.2020,03:00,0,0,0,0
23.04.2020,04:00,0,0,0,0
23.04.2020,05:00,1,0,0,0
23.04.2020,06:00,163,2,0,0
23.04.2020,07:00,217,238,212,241
23.04.2020,08:00,257,253,254,256
23.04.2020,09:00,264,255,260,258
23.04.2020,10:00,68,0,0,1
23.04.2020,11:00,1,0,0,0
23.04.2020,12:00,0,0,0,0
23.04.2020,13:00,0,0,0,0
23.04.2020,14:00,0,0,0,0
23.04.2020,15:00,0,0,0,0
23.04.2020,16:00,0,0,0,0
23.04.2020,17:00,45,0,0,0
23.04.2020,18:00,270,0,258,269
23.04.2020,19:00,255,0,247,258
23.04.2020,20:00,280,0,272,260
23.04.2020,21:00,293,0,286,264
23.04.2020,22:00,221,0,214,238
23.04.2020,23:00,229,0,223,242
24.04.2020,00:00,73,0,4,1
24.04.2020,01:00,1,0,0,0
24.04.2020,02:00,0,0,0,0
24.04.2020,03:00,0,0,0,0
24.04.2020,04:00,0,0,0,0
24.04.2020,05:00,157,0,3,0
24.04.2020,06:00,268,243,265,255
24.04.2020,07:00,271,252,269,255
24.04.2020,08:00,149,202,147,204
24.04.2020,09:00,207,203,205,224
24.04.2020,10:00,97,1,1,1
24.04.2020,11:00,0,0,0,0
24.04.2020,12:00,0,0,0,0
24.04.2020,13:00,0,0,0,0
24.04.2020,14:00,0,0,0,0
24.04.2020,15:00,0,0,0,0
24.04.2020,16:00,0,0,0,0
24.04.2020,17:00,0,0,0,0
24.04.2020,18:00,127,0,12,0
24.04.2020,19:00,232,244,229,246
24.04.2020,20:00,281,262,279,266
24.04.2020,21:00,252,240,250,243
24.04.2020,22:00,54,23,3,129
24.04.2020,23:00,56,0,0,0
25.04.2020,00:00,0,0,0,0
25.04.2020,01:00,0,0,0,0
25.04.2020,02:00,0,0,0,0
25.04.2020,03:00,0,0,0,0
25.04.2020,04:00,0,0,0,0
25.04.2020,05:00,0,0,0,0
25.04.2020,06:00,121,6,10,8
25.04.2020,07:00,256,249,254,252
25.04.2020,08:00,208,233,215,235
25.04.2020,09:00,0,0,6,7
25.04.2020,10:00,0,0,0,0
25.04.2020,11:00,0,0,0,0
25.04.2020,12:00,0,0,0,0
25.04.2020,13:00,0,0,0,0
25.04.2020,14:00,0,0,0,0
25.04.2020,15:00,0,0,0,0
25.04.2020,16:00,0,0,0,0
25.04.2020,17:00,0,0,0,0
25.04.2020,18:00,259,259,256,262
25.04.2020,19:00,294,258,290,261
25.04.2020,20:00,296,291,294,294
25.04.2020,21:00,288,283,287,285
25.04.2020,22:00,280,262,279,266
25.04.2020,23:00,270,252,268,256
26.04.2020,00:00,124,2,0,59
26.04.2020,01:00,95,0,0,0
26.04.2020,02:00,49,0,0,0
26.04.2020,03:00,181,0,0,0
26.04.2020,04:00,225,0,0,22
26.04.2020,05:00,80,0,0,154
26.04.2020,06:00,102,0,0,173
26.04.2020,07:00,59,0,0,125
26.04.2020,08:00,66,0,0,142
26.04.2020,09:00,36,0,0,107
26.04.2020,10:00,0,0,0,0
26.04.2020,11:00,0,0,0,0
26.04.2020,12:00,0,0,0,0
26.04.2020,13:00,0,0,0,0
26.04.2020,14:00,0,0,0,0
26.04.2020,15:00,0,0,0,0
26.04.2020,16:00,0,0,0,0
26.04.2020,17:00,0,0,0,0
26.04.2020,18:00,0,0,0,0
26.04.2020,19:00,238,251,235,252
26.04.2020,20:00,286,258,284,262
26.04.2020,21:00,261,252,257,256
26.04.2020,22:00,179,2,0,220
26.04.2020,23:00,62,0,0,106
27.04.2020,00:00,0,0,0,0
27.04.2020,01:00,0,0,0,0
27.04.2020,02:00,0,0,0,0
27.04.2020,03:00,0,0,0,0
27.04.2020,04:00,0,0,0,0
27.04.2020,05:00,0,0,0,0
27.04.2020,06:00,136,0,113,0
27.04.2020,07:00,298,255,295,260
27.04.2020,08:00,254,247,251,250
27.04.2020,09:00,217,0,5,234
27.04.2020,10:00,0,0,0,3
27.04.2020,11:00,0,0,0,0
27.04.2020,12:00,0,0,0,0
27.04.2020,13:00,0,0,0,0
27.04.2020,14:00,0,0,0,0
27.04.2020,15:00,0,0,0,0
27.04.2020,16:00,1,0,0,0
27.04.2020,17:00,116,55,1,0
27.04.2020,18:00,267,263,264,267
27.04.2020,19:00,302,284,299,288
27.04.2020,20:00,294,290,292,292
27.04.2020,21:00,286,266,285,269
27.04.2020,22:00,260,254,257,257
27.04.2020,23:00,90,35,0,102
28.04.2020,00:00,0,0,0,0
28.04.2020,01:00,0,0,0,0
28.04.2020,02:00,0,0,0,0
28.04.2020,03:00,0,0,0,0
28.04.2020,04:00,0,0,0,0
28.04.2020,05:00,110,0,0,0
28.04.2020,06:00,212,190,167,233
28.04.2020,07:00,262,246,260,249
28.04.2020,08:00,233,237,230,240
28.04.2020,09:00,196,214,188,216
28.04.2020,10:00,47,5,0,2
28.04.2020,11:00,142,0,0,0
28.04.2020,12:00,2,0,0,0
28.04.2020,13:00,0,0,0,0
28.04.2020,14:00,0,0,0,0
28.04.2020,15:00,0,0,0,0
28.04.2020,16:00,0,0,0,0
28.04.2020,17:00,91,0,72,30
28.04.2020,18:00,270,183,266,247
28.04.2020,19:00,268,252,266,256
28.04.2020,20:00,174,197,172,199
28.04.2020,21:00,187,201,185,204
28.04.2020,22:00,89,1,0,3
28.04.2020,23:00,9,0,0,0
29.04.2020,00:00,0,0,0,0
29.04.2020,01:00,0,0,0,0
29.04.2020,02:00,0,0,0,0
29.04.2020,03:00,0,0,0,0
29.04.2020,04:00,0,0,0,0
29.04.2020,05:00,0,0,0,0
29.04.2020,06:00,0,1,1,0
29.04.2020,07:00,0,274,277,11
29.04.2020,08:00,0,250,258,253
29.04.2020,09:00,0,233,247,236
29.04.2020,10:00,0,2,102,1
29.04.2020,11:00,0,0,173,0
29.04.2020,12:00,0,0,1,0
29.04.2020,13:00,0,0,0,0
29.04.2020,14:00,0,0,0,0
29.04.2020,15:00,0,0,0,0
29.04.2020,16:00,0,0,0,0
29.04.2020,17:00,60,0,0,45
29.04.2020,18:00,181,61,117,66
29.04.2020,19:00,181,216,180,218
29.04.2020,20:00,217,226,214,228
29.04.2020,21:00,158,193,156,195
29.04.2020,22:00,114,49,2,131
29.04.2020,23:00,53,0,0,0
30.04.2020,00:00,0,0,0,0
30.04.2020,01:00,0,0,0,0
30.04.2020,02:00,0,0,0,0
30.04.2020,03:00,0,0,0,0
30.04.2020,04:00,0,0,0,0
30.04.2020,05:00,1,0,0,0
30.04.2020,06:00,230,0,0,242
30.04.2020,07:00,278,253,276,261
30.04.2020,08:00,247,242,245,245
30.04.2020,09:00,215,223,212,226
30.04.2020,10:00,142,13,0,185
30.04.2020,11:00,0,0,0,0
30.04.2020,12:00,0,0,0,0
30.04.2020,13:00,0,0,0,0
30.04.2020,14:00,0,0,0,0
30.04.2020,15:00,0,0,0,0
30.04.2020,16:00,0,0,0,0
30.04.2020,17:00,12,0,65,41
30.04.2020,18:00,248,248,246,250
30.04.2020,19:00,239,238,236,241
30.04.2020,20:00,261,235,257,238
30.04.2020,21:00,197,208,193,211
30.04.2020,22:00,147,54,143,177
30.04.2020,23:00,45,0,0,1
