Datum,Uhrzeit,Generation_DE Heizkraftwerk Dresden0Nossener Brücke 
(3 GT + 1 DT, Sammelschiene)[MW]
01.01.2020,00:00,251
01.01.2020,01:00,251
01.01.2020,02:00,251
01.01.2020,03:00,251
01.01.2020,04:00,251
01.01.2020,05:00,251
01.01.2020,06:00,252
01.01.2020,07:00,252
01.01.2020,08:00,252
01.01.2020,09:00,252
01.01.2020,10:00,248
01.01.2020,11:00,249
01.01.2020,12:00,249
01.01.2020,13:00,251
01.01.2020,14:00,250
01.01.2020,15:00,250
01.01.2020,16:00,251
01.01.2020,17:00,253
01.01.2020,18:00,253
01.01.2020,19:00,254
01.01.2020,20:00,254
01.01.2020,21:00,254
01.01.2020,22:00,254
01.01.2020,23:00,254
02.01.2020,00:00,253
02.01.2020,01:00,253
02.01.2020,02:00,252
02.01.2020,03:00,253
02.01.2020,04:00,253
02.01.2020,05:00,254
02.01.2020,06:00,251
02.01.2020,07:00,254
02.01.2020,08:00,255
02.01.2020,09:00,254
02.01.2020,10:00,253
02.01.2020,11:00,252
02.01.2020,12:00,251
02.01.2020,13:00,250
02.01.2020,14:00,250
02.01.2020,15:00,251
02.01.2020,16:00,252
02.01.2020,17:00,252
02.01.2020,18:00,253
02.01.2020,19:00,254
02.01.2020,20:00,254
02.01.2020,21:00,254
02.01.2020,22:00,254
02.01.2020,23:00,250
03.01.2020,00:00,250
03.01.2020,01:00,200
03.01.2020,02:00,151
03.01.2020,03:00,151
03.01.2020,04:00,147
03.01.2020,05:00,174
03.01.2020,06:00,240
03.01.2020,07:00,245
03.01.2020,08:00,249
03.01.2020,09:00,249
03.01.2020,10:00,247
03.01.2020,11:00,246
03.01.2020,12:00,246
03.01.2020,13:00,246
03.01.2020,14:00,245
03.01.2020,15:00,244
03.01.2020,16:00,243
03.01.2020,17:00,245
03.01.2020,18:00,245
03.01.2020,19:00,245
03.01.2020,20:00,245
03.01.2020,21:00,245
03.01.2020,22:00,244
03.01.2020,23:00,245
04.01.2020,00:00,245
04.01.2020,01:00,247
04.01.2020,02:00,229
04.01.2020,03:00,161
04.01.2020,04:00,160
04.01.2020,05:00,160
04.01.2020,06:00,161
04.01.2020,07:00,224
04.01.2020,08:00,244
04.01.2020,09:00,242
04.01.2020,10:00,162
04.01.2020,11:00,244
04.01.2020,12:00,248
04.01.2020,13:00,248
04.01.2020,14:00,249
04.01.2020,15:00,250
04.01.2020,16:00,248
04.01.2020,17:00,249
04.01.2020,18:00,250
04.01.2020,19:00,251
04.01.2020,20:00,251
04.01.2020,21:00,252
04.01.2020,22:00,252
04.01.2020,23:00,253
05.01.2020,00:00,253
05.01.2020,01:00,253
05.01.2020,02:00,253
05.01.2020,03:00,254
05.01.2020,04:00,254
05.01.2020,05:00,254
05.01.2020,06:00,255
05.01.2020,07:00,255
05.01.2020,08:00,256
05.01.2020,09:00,254
05.01.2020,10:00,253
05.01.2020,11:00,253
05.01.2020,12:00,253
05.01.2020,13:00,252
05.01.2020,14:00,253
05.01.2020,15:00,253
05.01.2020,16:00,253
05.01.2020,17:00,254
05.01.2020,18:00,255
05.01.2020,19:00,254
05.01.2020,20:00,254
05.01.2020,21:00,254
05.01.2020,22:00,253
05.01.2020,23:00,253
06.01.2020,00:00,253
06.01.2020,01:00,252
06.01.2020,02:00,253
06.01.2020,03:00,253
06.01.2020,04:00,253
06.01.2020,05:00,252
06.01.2020,06:00,251
06.01.2020,07:00,251
06.01.2020,08:00,251
06.01.2020,09:00,251
06.01.2020,10:00,251
06.01.2020,11:00,250
06.01.2020,12:00,250
06.01.2020,13:00,250
06.01.2020,14:00,250
06.01.2020,15:00,249
06.01.2020,16:00,249
06.01.2020,17:00,249
06.01.2020,18:00,250
06.01.2020,19:00,251
06.01.2020,20:00,252
06.01.2020,21:00,253
06.01.2020,22:00,253
06.01.2020,23:00,253
07.01.2020,00:00,253
07.01.2020,01:00,253
07.01.2020,02:00,253
07.01.2020,03:00,253
07.01.2020,04:00,254
07.01.2020,05:00,254
07.01.2020,06:00,253
07.01.2020,07:00,254
07.01.2020,08:00,254
07.01.2020,09:00,253
07.01.2020,10:00,251
07.01.2020,11:00,250
07.01.2020,12:00,248
07.01.2020,13:00,251
07.01.2020,14:00,252
07.01.2020,15:00,251
07.01.2020,16:00,251
07.01.2020,17:00,251
07.01.2020,18:00,251
07.01.2020,19:00,251
07.01.2020,20:00,250
07.01.2020,21:00,251
07.01.2020,22:00,251
07.01.2020,23:00,251
08.01.2020,00:00,244
08.01.2020,01:00,203
08.01.2020,02:00,202
08.01.2020,03:00,202
08.01.2020,04:00,202
08.01.2020,05:00,245
08.01.2020,06:00,252
08.01.2020,07:00,252
08.01.2020,08:00,252
08.01.2020,09:00,251
08.01.2020,10:00,250
08.01.2020,11:00,250
08.01.2020,12:00,249
08.01.2020,13:00,249
08.01.2020,14:00,249
08.01.2020,15:00,249
08.01.2020,16:00,250
08.01.2020,17:00,250
08.01.2020,18:00,250
08.01.2020,19:00,250
08.01.2020,20:00,249
08.01.2020,21:00,250
08.01.2020,22:00,250
08.01.2020,23:00,243
09.01.2020,00:00,239
09.01.2020,01:00,237
09.01.2020,02:00,237
09.01.2020,03:00,237
09.01.2020,04:00,237
09.01.2020,05:00,238
09.01.2020,06:00,249
09.01.2020,07:00,249
09.01.2020,08:00,249
09.01.2020,09:00,248
09.01.2020,10:00,249
09.01.2020,11:00,248
09.01.2020,12:00,247
09.01.2020,13:00,247
09.01.2020,14:00,247
09.01.2020,15:00,246
09.01.2020,16:00,246
09.01.2020,17:00,246
09.01.2020,18:00,245
09.01.2020,19:00,245
09.01.2020,20:00,245
09.01.2020,21:00,245
09.01.2020,22:00,244
09.01.2020,23:00,232
10.01.2020,00:00,225
10.01.2020,01:00,225
10.01.2020,02:00,225
10.01.2020,03:00,224
10.01.2020,04:00,225
10.01.2020,05:00,223
10.01.2020,06:00,230
10.01.2020,07:00,241
10.01.2020,08:00,242
10.01.2020,09:00,242
10.01.2020,10:00,238
10.01.2020,11:00,237
10.01.2020,12:00,237
10.01.2020,13:00,237
10.01.2020,14:00,237
10.01.2020,15:00,238
10.01.2020,16:00,239
10.01.2020,17:00,239
10.01.2020,18:00,241
10.01.2020,19:00,242
10.01.2020,20:00,243
10.01.2020,21:00,242
10.01.2020,22:00,240
10.01.2020,23:00,239
11.01.2020,00:00,244
11.01.2020,01:00,245
11.01.2020,02:00,246
11.01.2020,03:00,250
11.01.2020,04:00,250
11.01.2020,05:00,251
11.01.2020,06:00,252
11.01.2020,07:00,252
11.01.2020,08:00,252
11.01.2020,09:00,252
11.01.2020,10:00,252
11.01.2020,11:00,252
11.01.2020,12:00,251
11.01.2020,13:00,250
11.01.2020,14:00,250
11.01.2020,15:00,250
11.01.2020,16:00,251
11.01.2020,17:00,252
11.01.2020,18:00,252
11.01.2020,19:00,253
11.01.2020,20:00,254
11.01.2020,21:00,254
11.01.2020,22:00,254
11.01.2020,23:00,251
12.01.2020,00:00,250
12.01.2020,01:00,248
12.01.2020,02:00,248
12.01.2020,03:00,248
12.01.2020,04:00,248
12.01.2020,05:00,248
12.01.2020,06:00,249
12.01.2020,07:00,248
12.01.2020,08:00,251
12.01.2020,09:00,254
12.01.2020,10:00,253
12.01.2020,11:00,251
12.01.2020,12:00,248
12.01.2020,13:00,247
12.01.2020,14:00,248
12.01.2020,15:00,248
12.01.2020,16:00,250
12.01.2020,17:00,251
12.01.2020,18:00,251
12.01.2020,19:00,251
12.01.2020,20:00,250
12.01.2020,21:00,248
12.01.2020,22:00,248
12.01.2020,23:00,248
13.01.2020,00:00,248
13.01.2020,01:00,248
13.01.2020,02:00,248
13.01.2020,03:00,248
13.01.2020,04:00,248
13.01.2020,05:00,248
13.01.2020,06:00,249
13.01.2020,07:00,248
13.01.2020,08:00,249
13.01.2020,09:00,249
13.01.2020,10:00,249
13.01.2020,11:00,249
13.01.2020,12:00,249
13.01.2020,13:00,248
13.01.2020,14:00,248
13.01.2020,15:00,225
13.01.2020,16:00,248
13.01.2020,17:00,249
13.01.2020,18:00,249
13.01.2020,19:00,248
13.01.2020,20:00,249
13.01.2020,21:00,249
13.01.2020,22:00,248
13.01.2020,23:00,247
14.01.2020,00:00,239
14.01.2020,01:00,242
14.01.2020,02:00,165
14.01.2020,03:00,158
14.01.2020,04:00,186
14.01.2020,05:00,242
14.01.2020,06:00,250
14.01.2020,07:00,250
14.01.2020,08:00,249
14.01.2020,09:00,248
14.01.2020,10:00,247
14.01.2020,11:00,246
14.01.2020,12:00,246
14.01.2020,13:00,247
14.01.2020,14:00,248
14.01.2020,15:00,247
14.01.2020,16:00,248
14.01.2020,17:00,248
14.01.2020,18:00,248
14.01.2020,19:00,247
14.01.2020,20:00,247
14.01.2020,21:00,246
14.01.2020,22:00,238
14.01.2020,23:00,175
15.01.2020,00:00,204
15.01.2020,01:00,150
15.01.2020,02:00,150
15.01.2020,03:00,150
15.01.2020,04:00,187
15.01.2020,05:00,243
15.01.2020,06:00,250
15.01.2020,07:00,250
15.01.2020,08:00,250
15.01.2020,09:00,250
15.01.2020,10:00,250
15.01.2020,11:00,250
15.01.2020,12:00,249
15.01.2020,13:00,249
15.01.2020,14:00,249
15.01.2020,15:00,250
15.01.2020,16:00,250
15.01.2020,17:00,250
15.01.2020,18:00,251
15.01.2020,19:00,252
15.01.2020,20:00,252
15.01.2020,21:00,252
15.01.2020,22:00,240
15.01.2020,23:00,234
16.01.2020,00:00,233
16.01.2020,01:00,233
16.01.2020,02:00,233
16.01.2020,03:00,235
16.01.2020,04:00,245
16.01.2020,05:00,253
16.01.2020,06:00,252
16.01.2020,07:00,253
16.01.2020,08:00,254
16.01.2020,09:00,253
16.01.2020,10:00,253
16.01.2020,11:00,251
16.01.2020,12:00,250
16.01.2020,13:00,249
16.01.2020,14:00,249
16.01.2020,15:00,250
16.01.2020,16:00,251
16.01.2020,17:00,252
16.01.2020,18:00,253
16.01.2020,19:00,253
16.01.2020,20:00,253
16.01.2020,21:00,254
16.01.2020,22:00,253
16.01.2020,23:00,245
17.01.2020,00:00,253
17.01.2020,01:00,253
17.01.2020,02:00,253
17.01.2020,03:00,253
17.01.2020,04:00,253
17.01.2020,05:00,251
17.01.2020,06:00,251
17.01.2020,07:00,252
17.01.2020,08:00,252
17.01.2020,09:00,251
17.01.2020,10:00,250
17.01.2020,11:00,248
17.01.2020,12:00,248
17.01.2020,13:00,248
17.01.2020,14:00,248
17.01.2020,15:00,249
17.01.2020,16:00,250
17.01.2020,17:00,250
17.01.2020,18:00,251
17.01.2020,19:00,251
17.01.2020,20:00,251
17.01.2020,21:00,251
17.01.2020,22:00,250
17.01.2020,23:00,250
18.01.2020,00:00,250
18.01.2020,01:00,250
18.01.2020,02:00,250
18.01.2020,03:00,250
18.01.2020,04:00,250
18.01.2020,05:00,251
18.01.2020,06:00,251
18.01.2020,07:00,249
18.01.2020,08:00,249
18.01.2020,09:00,249
18.01.2020,10:00,249
18.01.2020,11:00,249
18.01.2020,12:00,248
18.01.2020,13:00,248
18.01.2020,14:00,248
18.01.2020,15:00,248
18.01.2020,16:00,248
18.01.2020,17:00,249
18.01.2020,18:00,250
18.01.2020,19:00,251
18.01.2020,20:00,250
18.01.2020,21:00,251
18.01.2020,22:00,250
18.01.2020,23:00,250
19.01.2020,00:00,250
19.01.2020,01:00,251
19.01.2020,02:00,251
19.01.2020,03:00,251
19.01.2020,04:00,252
19.01.2020,05:00,252
19.01.2020,06:00,252
19.01.2020,07:00,252
19.01.2020,08:00,253
19.01.2020,09:00,253
19.01.2020,10:00,253
19.01.2020,11:00,253
19.01.2020,12:00,253
19.01.2020,13:00,253
19.01.2020,14:00,253
19.01.2020,15:00,254
19.01.2020,16:00,254
19.01.2020,17:00,254
19.01.2020,18:00,254
19.01.2020,19:00,254
19.01.2020,20:00,254
19.01.2020,21:00,255
19.01.2020,22:00,255
19.01.2020,23:00,255
20.01.2020,00:00,255
20.01.2020,01:00,255
20.01.2020,02:00,254
20.01.2020,03:00,254
20.01.2020,04:00,254
20.01.2020,05:00,254
20.01.2020,06:00,255
20.01.2020,07:00,254
20.01.2020,08:00,254
20.01.2020,09:00,254
20.01.2020,10:00,254
20.01.2020,11:00,254
20.01.2020,12:00,254
20.01.2020,13:00,253
20.01.2020,14:00,253
20.01.2020,15:00,254
20.01.2020,16:00,255
20.01.2020,17:00,255
20.01.2020,18:00,256
20.01.2020,19:00,257
20.01.2020,20:00,257
20.01.2020,21:00,257
20.01.2020,22:00,257
20.01.2020,23:00,258
21.01.2020,00:00,257
21.01.2020,01:00,258
21.01.2020,02:00,258
21.01.2020,03:00,259
21.01.2020,04:00,259
21.01.2020,05:00,259
21.01.2020,06:00,259
21.01.2020,07:00,258
21.01.2020,08:00,259
21.01.2020,09:00,258
21.01.2020,10:00,257
21.01.2020,11:00,256
21.01.2020,12:00,254
21.01.2020,13:00,252
21.01.2020,14:00,251
21.01.2020,15:00,251
21.01.2020,16:00,252
21.01.2020,17:00,253
21.01.2020,18:00,254
21.01.2020,19:00,255
21.01.2020,20:00,257
21.01.2020,21:00,257
21.01.2020,22:00,257
21.01.2020,23:00,257
22.01.2020,00:00,257
22.01.2020,01:00,257
22.01.2020,02:00,257
22.01.2020,03:00,257
22.01.2020,04:00,258
22.01.2020,05:00,258
22.01.2020,06:00,257
22.01.2020,07:00,257
22.01.2020,08:00,257
22.01.2020,09:00,254
22.01.2020,10:00,253
22.01.2020,11:00,253
22.01.2020,12:00,253
22.01.2020,13:00,252
22.01.2020,14:00,253
22.01.2020,15:00,253
22.01.2020,16:00,253
22.01.2020,17:00,253
22.01.2020,18:00,253
22.01.2020,19:00,253
22.01.2020,20:00,253
22.01.2020,21:00,253
22.01.2020,22:00,252
22.01.2020,23:00,253
23.01.2020,00:00,253
23.01.2020,01:00,253
23.01.2020,02:00,253
23.01.2020,03:00,253
23.01.2020,04:00,253
23.01.2020,05:00,253
23.01.2020,06:00,253
23.01.2020,07:00,252
23.01.2020,08:00,252
23.01.2020,09:00,252
23.01.2020,10:00,252
23.01.2020,11:00,252
23.01.2020,12:00,251
23.01.2020,13:00,251
23.01.2020,14:00,251
23.01.2020,15:00,251
23.01.2020,16:00,251
23.01.2020,17:00,251
23.01.2020,18:00,253
23.01.2020,19:00,254
23.01.2020,20:00,254
23.01.2020,21:00,255
23.01.2020,22:00,255
23.01.2020,23:00,255
24.01.2020,00:00,255
24.01.2020,01:00,255
24.01.2020,02:00,256
24.01.2020,03:00,256
24.01.2020,04:00,256
24.01.2020,05:00,256
24.01.2020,06:00,255
24.01.2020,07:00,256
24.01.2020,08:00,256
24.01.2020,09:00,254
24.01.2020,10:00,252
24.01.2020,11:00,250
24.01.2020,12:00,249
24.01.2020,13:00,249
24.01.2020,14:00,249
24.01.2020,15:00,251
24.01.2020,16:00,252
24.01.2020,17:00,253
24.01.2020,18:00,253
24.01.2020,19:00,254
24.01.2020,20:00,254
24.01.2020,21:00,253
24.01.2020,22:00,254
24.01.2020,23:00,254
25.01.2020,00:00,255
25.01.2020,01:00,255
25.01.2020,02:00,255
25.01.2020,03:00,256
25.01.2020,04:00,255
25.01.2020,05:00,256
25.01.2020,06:00,256
25.01.2020,07:00,256
25.01.2020,08:00,255
25.01.2020,09:00,254
25.01.2020,10:00,254
25.01.2020,11:00,253
25.01.2020,12:00,253
25.01.2020,13:00,252
25.01.2020,14:00,252
25.01.2020,15:00,253
25.01.2020,16:00,253
25.01.2020,17:00,253
25.01.2020,18:00,253
25.01.2020,19:00,254
25.01.2020,20:00,254
25.01.2020,21:00,254
25.01.2020,22:00,255
25.01.2020,23:00,255
26.01.2020,00:00,254
26.01.2020,01:00,254
26.01.2020,02:00,255
26.01.2020,03:00,256
26.01.2020,04:00,255
26.01.2020,05:00,255
26.01.2020,06:00,255
26.01.2020,07:00,255
26.01.2020,08:00,255
26.01.2020,09:00,253
26.01.2020,10:00,253
26.01.2020,11:00,252
26.01.2020,12:00,252
26.01.2020,13:00,251
26.01.2020,14:00,252
26.01.2020,15:00,252
26.01.2020,16:00,252
26.01.2020,17:00,252
26.01.2020,18:00,252
26.01.2020,19:00,252
26.01.2020,20:00,252
26.01.2020,21:00,252
26.01.2020,22:00,252
26.01.2020,23:00,252
27.01.2020,00:00,252
27.01.2020,01:00,252
27.01.2020,02:00,252
27.01.2020,03:00,251
27.01.2020,04:00,252
27.01.2020,05:00,251
27.01.2020,06:00,250
27.01.2020,07:00,250
27.01.2020,08:00,250
27.01.2020,09:00,249
27.01.2020,10:00,248
27.01.2020,11:00,246
27.01.2020,12:00,245
27.01.2020,13:00,244
27.01.2020,14:00,244
27.01.2020,15:00,245
27.01.2020,16:00,246
27.01.2020,17:00,246
27.01.2020,18:00,247
27.01.2020,19:00,246
27.01.2020,20:00,246
27.01.2020,21:00,246
27.01.2020,22:00,245
27.01.2020,23:00,245
28.01.2020,00:00,243
28.01.2020,01:00,243
28.01.2020,02:00,244
28.01.2020,03:00,245
28.01.2020,04:00,243
28.01.2020,05:00,243
28.01.2020,06:00,242
28.01.2020,07:00,242
28.01.2020,08:00,241
28.01.2020,09:00,241
28.01.2020,10:00,240
28.01.2020,11:00,240
28.01.2020,12:00,240
28.01.2020,13:00,236
28.01.2020,14:00,241
28.01.2020,15:00,240
28.01.2020,16:00,244
28.01.2020,17:00,244
28.01.2020,18:00,245
28.01.2020,19:00,245
28.01.2020,20:00,245
28.01.2020,21:00,245
28.01.2020,22:00,245
28.01.2020,23:00,245
29.01.2020,00:00,244
29.01.2020,01:00,244
29.01.2020,02:00,244
29.01.2020,03:00,244
29.01.2020,04:00,245
29.01.2020,05:00,246
29.01.2020,06:00,246
29.01.2020,07:00,246
29.01.2020,08:00,246
29.01.2020,09:00,245
29.01.2020,10:00,245
29.01.2020,11:00,245
29.01.2020,12:00,244
29.01.2020,13:00,245
29.01.2020,14:00,245
29.01.2020,15:00,245
29.01.2020,16:00,246
29.01.2020,17:00,246
29.01.2020,18:00,246
29.01.2020,19:00,247
29.01.2020,20:00,248
29.01.2020,21:00,249
29.01.2020,22:00,248
29.01.2020,23:00,248
30.01.2020,00:00,248
30.01.2020,01:00,249
30.01.2020,02:00,248
30.01.2020,03:00,249
30.01.2020,04:00,249
30.01.2020,05:00,248
30.01.2020,06:00,247
30.01.2020,07:00,247
30.01.2020,08:00,246
30.01.2020,09:00,246
30.01.2020,10:00,245
30.01.2020,11:00,245
30.01.2020,12:00,245
30.01.2020,13:00,244
30.01.2020,14:00,244
30.01.2020,15:00,244
30.01.2020,16:00,244
30.01.2020,17:00,245
30.01.2020,18:00,245
30.01.2020,19:00,246
30.01.2020,20:00,244
30.01.2020,21:00,246
30.01.2020,22:00,183
30.01.2020,23:00,150
31.01.2020,00:00,149
31.01.2020,01:00,149
31.01.2020,02:00,149
31.01.2020,03:00,148
31.01.2020,04:00,146
31.01.2020,05:00,175
31.01.2020,06:00,234
31.01.2020,07:00,238
31.01.2020,08:00,239
31.01.2020,09:00,238
31.01.2020,10:00,239
31.01.2020,11:00,238
31.01.2020,12:00,237
31.01.2020,13:00,237
31.01.2020,14:00,235
31.01.2020,15:00,232
31.01.2020,16:00,233
31.01.2020,17:00,239
31.01.2020,18:00,239
31.01.2020,19:00,233
31.01.2020,20:00,233
31.01.2020,21:00,229
31.01.2020,22:00,152
31.01.2020,23:00,120
01.02.2020,00:00,95
01.02.2020,01:00,96
01.02.2020,02:00,96
01.02.2020,03:00,96
01.02.2020,04:00,96
01.02.2020,05:00,95
01.02.2020,06:00,95
01.02.2020,07:00,96
01.02.2020,08:00,116
01.02.2020,09:00,151
01.02.2020,10:00,138
01.02.2020,11:00,77
01.02.2020,12:00,77
01.02.2020,13:00,77
01.02.2020,14:00,77
01.02.2020,15:00,76
01.02.2020,16:00,114
01.02.2020,17:00,132
01.02.2020,18:00,151
01.02.2020,19:00,114
01.02.2020,20:00,76
01.02.2020,21:00,76
01.02.2020,22:00,76
01.02.2020,23:00,77
02.02.2020,00:00,97
02.02.2020,01:00,96
02.02.2020,02:00,97
02.02.2020,03:00,97
02.02.2020,04:00,97
02.02.2020,05:00,97
02.02.2020,06:00,96
02.02.2020,07:00,96
02.02.2020,08:00,115
02.02.2020,09:00,161
02.02.2020,10:00,199
02.02.2020,11:00,231
02.02.2020,12:00,231
02.02.2020,13:00,231
02.02.2020,14:00,232
02.02.2020,15:00,241
02.02.2020,16:00,242
02.02.2020,17:00,243
02.02.2020,18:00,242
02.02.2020,19:00,243
02.02.2020,20:00,242
02.02.2020,21:00,240
02.02.2020,22:00,232
02.02.2020,23:00,223
03.02.2020,00:00,222
03.02.2020,01:00,222
03.02.2020,02:00,222
03.02.2020,03:00,223
03.02.2020,04:00,223
03.02.2020,05:00,224
03.02.2020,06:00,235
03.02.2020,07:00,237
03.02.2020,08:00,238
03.02.2020,09:00,243
03.02.2020,10:00,243
03.02.2020,11:00,244
03.02.2020,12:00,243
03.02.2020,13:00,241
03.02.2020,14:00,242
03.02.2020,15:00,242
03.02.2020,16:00,243
03.02.2020,17:00,243
03.02.2020,18:00,243
03.02.2020,19:00,243
03.02.2020,20:00,243
03.02.2020,21:00,242
03.02.2020,22:00,234
03.02.2020,23:00,234
04.02.2020,00:00,223
04.02.2020,01:00,223
04.02.2020,02:00,223
04.02.2020,03:00,224
04.02.2020,04:00,233
04.02.2020,05:00,244
04.02.2020,06:00,246
04.02.2020,07:00,247
04.02.2020,08:00,247
04.02.2020,09:00,247
04.02.2020,10:00,246
04.02.2020,11:00,247
04.02.2020,12:00,246
04.02.2020,13:00,246
04.02.2020,14:00,246
04.02.2020,15:00,246
04.02.2020,16:00,247
04.02.2020,17:00,247
04.02.2020,18:00,248
04.02.2020,19:00,248
04.02.2020,20:00,249
04.02.2020,21:00,249
04.02.2020,22:00,249
04.02.2020,23:00,249
05.02.2020,00:00,250
05.02.2020,01:00,250
05.02.2020,02:00,250
05.02.2020,03:00,251
05.02.2020,04:00,251
05.02.2020,05:00,251
05.02.2020,06:00,252
05.02.2020,07:00,252
05.02.2020,08:00,253
05.02.2020,09:00,252
05.02.2020,10:00,253
05.02.2020,11:00,252
05.02.2020,12:00,252
05.02.2020,13:00,252
05.02.2020,14:00,252
05.02.2020,15:00,252
05.02.2020,16:00,253
05.02.2020,17:00,253
05.02.2020,18:00,254
05.02.2020,19:00,255
05.02.2020,20:00,255
05.02.2020,21:00,255
05.02.2020,22:00,254
05.02.2020,23:00,253
06.02.2020,00:00,254
06.02.2020,01:00,254
06.02.2020,02:00,253
06.02.2020,03:00,253
06.02.2020,04:00,253
06.02.2020,05:00,252
06.02.2020,06:00,253
06.02.2020,07:00,252
06.02.2020,08:00,252
06.02.2020,09:00,252
06.02.2020,10:00,251
06.02.2020,11:00,252
06.02.2020,12:00,252
06.02.2020,13:00,252
06.02.2020,14:00,251
06.02.2020,15:00,251
06.02.2020,16:00,251
06.02.2020,17:00,250
06.02.2020,18:00,251
06.02.2020,19:00,252
06.02.2020,20:00,252
06.02.2020,21:00,252
06.02.2020,22:00,251
06.02.2020,23:00,251
07.02.2020,00:00,251
07.02.2020,01:00,251
07.02.2020,02:00,251
07.02.2020,03:00,251
07.02.2020,04:00,252
07.02.2020,05:00,252
07.02.2020,06:00,252
07.02.2020,07:00,252
07.02.2020,08:00,252
07.02.2020,09:00,252
07.02.2020,10:00,251
07.02.2020,11:00,251
07.02.2020,12:00,252
07.02.2020,13:00,251
07.02.2020,14:00,251
07.02.2020,15:00,251
07.02.2020,16:00,251
07.02.2020,17:00,251
07.02.2020,18:00,251
07.02.2020,19:00,251
07.02.2020,20:00,251
07.02.2020,21:00,252
07.02.2020,22:00,252
07.02.2020,23:00,253
08.02.2020,00:00,253
08.02.2020,01:00,253
08.02.2020,02:00,253
08.02.2020,03:00,254
08.02.2020,04:00,254
08.02.2020,05:00,254
08.02.2020,06:00,254
08.02.2020,07:00,254
08.02.2020,08:00,253
08.02.2020,09:00,252
08.02.2020,10:00,233
08.02.2020,11:00,213
08.02.2020,12:00,250
08.02.2020,13:00,251
08.02.2020,14:00,250
08.02.2020,15:00,250
08.02.2020,16:00,251
08.02.2020,17:00,252
08.02.2020,18:00,252
08.02.2020,19:00,253
08.02.2020,20:00,252
08.02.2020,21:00,253
08.02.2020,22:00,253
08.02.2020,23:00,252
09.02.2020,00:00,233
09.02.2020,01:00,163
09.02.2020,02:00,152
09.02.2020,03:00,152
09.02.2020,04:00,152
09.02.2020,05:00,152
09.02.2020,06:00,152
09.02.2020,07:00,152
09.02.2020,08:00,149
09.02.2020,09:00,87
09.02.2020,10:00,87
09.02.2020,11:00,86
09.02.2020,12:00,88
09.02.2020,13:00,88
09.02.2020,14:00,88
09.02.2020,15:00,88
09.02.2020,16:00,88
09.02.2020,17:00,88
09.02.2020,18:00,88
09.02.2020,19:00,93
09.02.2020,20:00,88
09.02.2020,21:00,86
09.02.2020,22:00,86
09.02.2020,23:00,86
10.02.2020,00:00,87
10.02.2020,01:00,87
10.02.2020,02:00,87
10.02.2020,03:00,87
10.02.2020,04:00,87
10.02.2020,05:00,109
10.02.2020,06:00,163
10.02.2020,07:00,198
10.02.2020,08:00,210
10.02.2020,09:00,215
10.02.2020,10:00,232
10.02.2020,11:00,236
10.02.2020,12:00,239
10.02.2020,13:00,235
10.02.2020,14:00,238
10.02.2020,15:00,239
10.02.2020,16:00,238
10.02.2020,17:00,241
10.02.2020,18:00,243
10.02.2020,19:00,242
10.02.2020,20:00,242
10.02.2020,21:00,230
10.02.2020,22:00,211
10.02.2020,23:00,143
11.02.2020,00:00,136
11.02.2020,01:00,137
11.02.2020,02:00,137
11.02.2020,03:00,137
11.02.2020,04:00,136
11.02.2020,05:00,136
11.02.2020,06:00,154
11.02.2020,07:00,241
11.02.2020,08:00,245
11.02.2020,09:00,244
11.02.2020,10:00,245
11.02.2020,11:00,244
11.02.2020,12:00,243
11.02.2020,13:00,243
11.02.2020,14:00,243
11.02.2020,15:00,244
11.02.2020,16:00,246
11.02.2020,17:00,246
11.02.2020,18:00,247
11.02.2020,19:00,246
11.02.2020,20:00,246
11.02.2020,21:00,195
11.02.2020,22:00,150
11.02.2020,23:00,142
12.02.2020,00:00,143
12.02.2020,01:00,143
12.02.2020,02:00,143
12.02.2020,03:00,143
12.02.2020,04:00,143
12.02.2020,05:00,170
12.02.2020,06:00,245
12.02.2020,07:00,248
12.02.2020,08:00,247
12.02.2020,09:00,247
12.02.2020,10:00,248
12.02.2020,11:00,246
12.02.2020,12:00,246
12.02.2020,13:00,247
12.02.2020,14:00,246
12.02.2020,15:00,246
12.02.2020,16:00,246
12.02.2020,17:00,248
12.02.2020,18:00,247
12.02.2020,19:00,248
12.02.2020,20:00,248
12.02.2020,21:00,248
12.02.2020,22:00,247
12.02.2020,23:00,249
13.02.2020,00:00,249
13.02.2020,01:00,249
13.02.2020,02:00,249
13.02.2020,03:00,249
13.02.2020,04:00,249
13.02.2020,05:00,250
13.02.2020,06:00,251
13.02.2020,07:00,250
13.02.2020,08:00,250
13.02.2020,09:00,248
13.02.2020,10:00,247
13.02.2020,11:00,245
13.02.2020,12:00,244
13.02.2020,13:00,247
13.02.2020,14:00,246
13.02.2020,15:00,246
13.02.2020,16:00,246
13.02.2020,17:00,246
13.02.2020,18:00,247
13.02.2020,19:00,246
13.02.2020,20:00,246
13.02.2020,21:00,246
13.02.2020,22:00,246
13.02.2020,23:00,247
14.02.2020,00:00,246
14.02.2020,01:00,247
14.02.2020,02:00,245
14.02.2020,03:00,246
14.02.2020,04:00,246
14.02.2020,05:00,247
14.02.2020,06:00,247
14.02.2020,07:00,247
14.02.2020,08:00,247
14.02.2020,09:00,247
14.02.2020,10:00,247
14.02.2020,11:00,247
14.02.2020,12:00,246
14.02.2020,13:00,247
14.02.2020,14:00,246
14.02.2020,15:00,247
14.02.2020,16:00,247
14.02.2020,17:00,248
14.02.2020,18:00,248
14.02.2020,19:00,249
14.02.2020,20:00,249
14.02.2020,21:00,249
14.02.2020,22:00,249
14.02.2020,23:00,249
15.02.2020,00:00,246
15.02.2020,01:00,246
15.02.2020,02:00,246
15.02.2020,03:00,246
15.02.2020,04:00,246
15.02.2020,05:00,247
15.02.2020,06:00,247
15.02.2020,07:00,247
15.02.2020,08:00,248
15.02.2020,09:00,252
15.02.2020,10:00,248
15.02.2020,11:00,139
15.02.2020,12:00,137
15.02.2020,13:00,138
15.02.2020,14:00,140
15.02.2020,15:00,140
15.02.2020,16:00,169
15.02.2020,17:00,238
15.02.2020,18:00,248
15.02.2020,19:00,248
15.02.2020,20:00,159
15.02.2020,21:00,141
15.02.2020,22:00,141
15.02.2020,23:00,141
16.02.2020,00:00,122
16.02.2020,01:00,110
16.02.2020,02:00,110
16.02.2020,03:00,110
16.02.2020,04:00,110
16.02.2020,05:00,110
16.02.2020,06:00,110
16.02.2020,07:00,110
16.02.2020,08:00,110
16.02.2020,09:00,110
16.02.2020,10:00,110
16.02.2020,11:00,110
16.02.2020,12:00,114
16.02.2020,13:00,111
16.02.2020,14:00,111
16.02.2020,15:00,111
16.02.2020,16:00,112
16.02.2020,17:00,131
16.02.2020,18:00,151
16.02.2020,19:00,122
16.02.2020,20:00,131
16.02.2020,21:00,112
16.02.2020,22:00,111
16.02.2020,23:00,124
17.02.2020,00:00,111
17.02.2020,01:00,111
17.02.2020,02:00,111
17.02.2020,03:00,111
17.02.2020,04:00,119
17.02.2020,05:00,130
17.02.2020,06:00,190
17.02.2020,07:00,223
17.02.2020,08:00,223
17.02.2020,09:00,236
17.02.2020,10:00,234
17.02.2020,11:00,235
17.02.2020,12:00,235
17.02.2020,13:00,235
17.02.2020,14:00,235
17.02.2020,15:00,234
17.02.2020,16:00,233
17.02.2020,17:00,233
17.02.2020,18:00,232
17.02.2020,19:00,232
17.02.2020,20:00,232
17.02.2020,21:00,225
17.02.2020,22:00,224
17.02.2020,23:00,182
18.02.2020,00:00,225
18.02.2020,01:00,167
18.02.2020,02:00,143
18.02.2020,03:00,143
18.02.2020,04:00,145
18.02.2020,05:00,202
18.02.2020,06:00,233
18.02.2020,07:00,236
18.02.2020,08:00,236
18.02.2020,09:00,234
18.02.2020,10:00,235
18.02.2020,11:00,235
18.02.2020,12:00,235
18.02.2020,13:00,234
18.02.2020,14:00,233
18.02.2020,15:00,234
18.02.2020,16:00,232
18.02.2020,17:00,235
18.02.2020,18:00,235
18.02.2020,19:00,236
18.02.2020,20:00,236
18.02.2020,21:00,236
18.02.2020,22:00,232
18.02.2020,23:00,232
19.02.2020,00:00,229
19.02.2020,01:00,232
19.02.2020,02:00,232
19.02.2020,03:00,232
19.02.2020,04:00,232
19.02.2020,05:00,232
19.02.2020,06:00,235
19.02.2020,07:00,245
19.02.2020,08:00,245
19.02.2020,09:00,245
19.02.2020,10:00,246
19.02.2020,11:00,246
19.02.2020,12:00,247
19.02.2020,13:00,247
19.02.2020,14:00,247
19.02.2020,15:00,247
19.02.2020,16:00,248
19.02.2020,17:00,247
19.02.2020,18:00,248
19.02.2020,19:00,249
19.02.2020,20:00,248
19.02.2020,21:00,249
19.02.2020,22:00,248
19.02.2020,23:00,247
20.02.2020,00:00,247
20.02.2020,01:00,247
20.02.2020,02:00,247
20.02.2020,03:00,248
20.02.2020,04:00,250
20.02.2020,05:00,250
20.02.2020,06:00,250
20.02.2020,07:00,250
20.02.2020,08:00,249
20.02.2020,09:00,248
20.02.2020,10:00,247
20.02.2020,11:00,246
20.02.2020,12:00,246
20.02.2020,13:00,246
20.02.2020,14:00,247
20.02.2020,15:00,246
20.02.2020,16:00,246
20.02.2020,17:00,246
20.02.2020,18:00,246
20.02.2020,19:00,247
20.02.2020,20:00,247
20.02.2020,21:00,247
20.02.2020,22:00,246
20.02.2020,23:00,232
21.02.2020,00:00,201
21.02.2020,01:00,144
21.02.2020,02:00,143
21.02.2020,03:00,144
21.02.2020,04:00,167
21.02.2020,05:00,239
21.02.2020,06:00,244
21.02.2020,07:00,245
21.02.2020,08:00,249
21.02.2020,09:00,237
21.02.2020,10:00,245
21.02.2020,11:00,247
21.02.2020,12:00,247
21.02.2020,13:00,247
21.02.2020,14:00,244
21.02.2020,15:00,243
21.02.2020,16:00,248
21.02.2020,17:00,248
21.02.2020,18:00,250
21.02.2020,19:00,250
21.02.2020,20:00,250
21.02.2020,21:00,246
21.02.2020,22:00,245
21.02.2020,23:00,235
22.02.2020,00:00,168
22.02.2020,01:00,129
22.02.2020,02:00,122
22.02.2020,03:00,122
22.02.2020,04:00,122
22.02.2020,05:00,121
22.02.2020,06:00,121
22.02.2020,07:00,120
22.02.2020,08:00,120
22.02.2020,09:00,120
22.02.2020,10:00,121
22.02.2020,11:00,120
22.02.2020,12:00,121
22.02.2020,13:00,121
22.02.2020,14:00,121
22.02.2020,15:00,121
22.02.2020,16:00,132
22.02.2020,17:00,127
22.02.2020,18:00,121
22.02.2020,19:00,128
22.02.2020,20:00,128
22.02.2020,21:00,121
22.02.2020,22:00,120
22.02.2020,23:00,119
23.02.2020,00:00,121
23.02.2020,01:00,121
23.02.2020,02:00,121
23.02.2020,03:00,121
23.02.2020,04:00,121
23.02.2020,05:00,121
23.02.2020,06:00,125
23.02.2020,07:00,128
23.02.2020,08:00,128
23.02.2020,09:00,219
23.02.2020,10:00,224
23.02.2020,11:00,224
23.02.2020,12:00,224
23.02.2020,13:00,199
23.02.2020,14:00,135
23.02.2020,15:00,121
23.02.2020,16:00,121
23.02.2020,17:00,121
23.02.2020,18:00,120
23.02.2020,19:00,120
23.02.2020,20:00,120
23.02.2020,21:00,121
23.02.2020,22:00,121
23.02.2020,23:00,121
24.02.2020,00:00,140
24.02.2020,01:00,139
24.02.2020,02:00,143
24.02.2020,03:00,143
24.02.2020,04:00,199
24.02.2020,05:00,224
24.02.2020,06:00,230
24.02.2020,07:00,239
24.02.2020,08:00,241
24.02.2020,09:00,242
24.02.2020,10:00,241
24.02.2020,11:00,241
24.02.2020,12:00,241
24.02.2020,13:00,239
24.02.2020,14:00,239
24.02.2020,15:00,231
24.02.2020,16:00,231
24.02.2020,17:00,232
24.02.2020,18:00,232
24.02.2020,19:00,231
24.02.2020,20:00,229
24.02.2020,21:00,229
24.02.2020,22:00,195
24.02.2020,23:00,145
25.02.2020,00:00,143
25.02.2020,01:00,142
25.02.2020,02:00,142
25.02.2020,03:00,142
25.02.2020,04:00,143
25.02.2020,05:00,163
25.02.2020,06:00,227
25.02.2020,07:00,226
25.02.2020,08:00,225
25.02.2020,09:00,223
25.02.2020,10:00,223
25.02.2020,11:00,224
25.02.2020,12:00,223
25.02.2020,13:00,221
25.02.2020,14:00,222
25.02.2020,15:00,222
25.02.2020,16:00,223
25.02.2020,17:00,223
25.02.2020,18:00,224
25.02.2020,19:00,225
25.02.2020,20:00,227
25.02.2020,21:00,227
25.02.2020,22:00,229
25.02.2020,23:00,230
26.02.2020,00:00,229
26.02.2020,01:00,229
26.02.2020,02:00,228
26.02.2020,03:00,230
26.02.2020,04:00,230
26.02.2020,05:00,231
26.02.2020,06:00,243
26.02.2020,07:00,245
26.02.2020,08:00,244
26.02.2020,09:00,245
26.02.2020,10:00,244
26.02.2020,11:00,242
26.02.2020,12:00,242
26.02.2020,13:00,243
26.02.2020,14:00,244
26.02.2020,15:00,244
26.02.2020,16:00,244
26.02.2020,17:00,246
26.02.2020,18:00,246
26.02.2020,19:00,247
26.02.2020,20:00,246
26.02.2020,21:00,247
26.02.2020,22:00,247
26.02.2020,23:00,245
27.02.2020,00:00,235
27.02.2020,01:00,234
27.02.2020,02:00,234
27.02.2020,03:00,234
27.02.2020,04:00,235
27.02.2020,05:00,235
27.02.2020,06:00,242
27.02.2020,07:00,247
27.02.2020,08:00,246
27.02.2020,09:00,246
27.02.2020,10:00,246
27.02.2020,11:00,245
27.02.2020,12:00,245
27.02.2020,13:00,245
27.02.2020,14:00,245
27.02.2020,15:00,244
27.02.2020,16:00,244
27.02.2020,17:00,244
27.02.2020,18:00,245
27.02.2020,19:00,244
27.02.2020,20:00,245
27.02.2020,21:00,246
27.02.2020,22:00,247
27.02.2020,23:00,245
28.02.2020,00:00,247
28.02.2020,01:00,248
28.02.2020,02:00,248
28.02.2020,03:00,249
28.02.2020,04:00,249
28.02.2020,05:00,249
28.02.2020,06:00,249
28.02.2020,07:00,249
28.02.2020,08:00,250
28.02.2020,09:00,249
28.02.2020,10:00,249
28.02.2020,11:00,245
28.02.2020,12:00,244
28.02.2020,13:00,248
28.02.2020,14:00,247
28.02.2020,15:00,247
28.02.2020,16:00,248
28.02.2020,17:00,248
28.02.2020,18:00,243
28.02.2020,19:00,249
28.02.2020,20:00,250
28.02.2020,21:00,251
28.02.2020,22:00,250
28.02.2020,23:00,246
29.02.2020,00:00,104
29.02.2020,01:00,84
29.02.2020,02:00,81
29.02.2020,03:00,84
29.02.2020,04:00,84
29.02.2020,05:00,84
29.02.2020,06:00,98
29.02.2020,07:00,140
29.02.2020,08:00,159
29.02.2020,09:00,139
29.02.2020,10:00,137
29.02.2020,11:00,86
29.02.2020,12:00,86
29.02.2020,13:00,87
29.02.2020,14:00,217
29.02.2020,15:00,219
29.02.2020,16:00,222
29.02.2020,17:00,192
29.02.2020,18:00,227
29.02.2020,19:00,187
29.02.2020,20:00,146
29.02.2020,21:00,100
29.02.2020,22:00,91
29.02.2020,23:00,90
01.03.2020,00:00,77
01.03.2020,01:00,79
01.03.2020,02:00,76
01.03.2020,03:00,76
01.03.2020,04:00,76
01.03.2020,05:00,76
01.03.2020,06:00,76
01.03.2020,07:00,76
01.03.2020,08:00,77
01.03.2020,09:00,106
01.03.2020,10:00,77
01.03.2020,11:00,76
01.03.2020,12:00,76
01.03.2020,13:00,76
01.03.2020,14:00,76
01.03.2020,15:00,79
01.03.2020,16:00,217
01.03.2020,17:00,221
01.03.2020,18:00,230
01.03.2020,19:00,231
01.03.2020,20:00,231
01.03.2020,21:00,232
01.03.2020,22:00,233
01.03.2020,23:00,233
02.03.2020,00:00,228
02.03.2020,01:00,228
02.03.2020,02:00,228
02.03.2020,03:00,228
02.03.2020,04:00,228
02.03.2020,05:00,233
02.03.2020,06:00,242
02.03.2020,07:00,242
02.03.2020,08:00,243
02.03.2020,09:00,243
02.03.2020,10:00,242
02.03.2020,11:00,234
02.03.2020,12:00,232
02.03.2020,13:00,231
02.03.2020,14:00,230
02.03.2020,15:00,230
02.03.2020,16:00,231
02.03.2020,17:00,239
02.03.2020,18:00,241
02.03.2020,19:00,242
02.03.2020,20:00,242
02.03.2020,21:00,242
02.03.2020,22:00,242
02.03.2020,23:00,241
03.03.2020,00:00,231
03.03.2020,01:00,230
03.03.2020,02:00,231
03.03.2020,03:00,231
03.03.2020,04:00,231
03.03.2020,05:00,242
03.03.2020,06:00,242
03.03.2020,07:00,244
03.03.2020,08:00,243
03.03.2020,09:00,243
03.03.2020,10:00,243
03.03.2020,11:00,243
03.03.2020,12:00,243
03.03.2020,13:00,240
03.03.2020,14:00,244
03.03.2020,15:00,245
03.03.2020,16:00,245
03.03.2020,17:00,244
03.03.2020,18:00,245
03.03.2020,19:00,245
03.03.2020,20:00,246
03.03.2020,21:00,246
03.03.2020,22:00,247
03.03.2020,23:00,247
04.03.2020,00:00,240
04.03.2020,01:00,240
04.03.2020,02:00,241
04.03.2020,03:00,241
04.03.2020,04:00,241
04.03.2020,05:00,242
04.03.2020,06:00,247
04.03.2020,07:00,247
04.03.2020,08:00,247
04.03.2020,09:00,246
04.03.2020,10:00,245
04.03.2020,11:00,244
04.03.2020,12:00,236
04.03.2020,13:00,237
04.03.2020,14:00,242
04.03.2020,15:00,241
04.03.2020,16:00,240
04.03.2020,17:00,245
04.03.2020,18:00,246
04.03.2020,19:00,246
04.03.2020,20:00,247
04.03.2020,21:00,248
04.03.2020,22:00,247
04.03.2020,23:00,241
05.03.2020,00:00,238
05.03.2020,01:00,238
05.03.2020,02:00,239
05.03.2020,03:00,240
05.03.2020,04:00,241
05.03.2020,05:00,249
05.03.2020,06:00,251
05.03.2020,07:00,250
05.03.2020,08:00,249
05.03.2020,09:00,247
05.03.2020,10:00,244
05.03.2020,11:00,243
05.03.2020,12:00,235
05.03.2020,13:00,234
05.03.2020,14:00,233
05.03.2020,15:00,233
05.03.2020,16:00,233
05.03.2020,17:00,233
05.03.2020,18:00,234
05.03.2020,19:00,234
05.03.2020,20:00,234
05.03.2020,21:00,222
05.03.2020,22:00,222
05.03.2020,23:00,223
06.03.2020,00:00,223
06.03.2020,01:00,223
06.03.2020,02:00,224
06.03.2020,03:00,223
06.03.2020,04:00,223
06.03.2020,05:00,224
06.03.2020,06:00,229
06.03.2020,07:00,236
06.03.2020,08:00,236
06.03.2020,09:00,243
06.03.2020,10:00,242
06.03.2020,11:00,234
06.03.2020,12:00,225
06.03.2020,13:00,225
06.03.2020,14:00,228
06.03.2020,15:00,230
06.03.2020,16:00,230
06.03.2020,17:00,235
06.03.2020,18:00,238
06.03.2020,19:00,239
06.03.2020,20:00,240
06.03.2020,21:00,233
06.03.2020,22:00,226
06.03.2020,23:00,226
07.03.2020,00:00,226
07.03.2020,01:00,227
07.03.2020,02:00,228
07.03.2020,03:00,227
07.03.2020,04:00,227
07.03.2020,05:00,227
07.03.2020,06:00,227
07.03.2020,07:00,240
07.03.2020,08:00,248
07.03.2020,09:00,248
07.03.2020,10:00,248
07.03.2020,11:00,248
07.03.2020,12:00,248
07.03.2020,13:00,247
07.03.2020,14:00,247
07.03.2020,15:00,247
07.03.2020,16:00,247
07.03.2020,17:00,249
07.03.2020,18:00,249
07.03.2020,19:00,246
07.03.2020,20:00,250
07.03.2020,21:00,245
07.03.2020,22:00,245
07.03.2020,23:00,235
08.03.2020,00:00,234
08.03.2020,01:00,234
08.03.2020,02:00,225
08.03.2020,03:00,200
08.03.2020,04:00,196
08.03.2020,05:00,200
08.03.2020,06:00,198
08.03.2020,07:00,200
08.03.2020,08:00,200
08.03.2020,09:00,200
08.03.2020,10:00,187
08.03.2020,11:00,178
08.03.2020,12:00,142
08.03.2020,13:00,144
08.03.2020,14:00,156
08.03.2020,15:00,168
08.03.2020,16:00,235
08.03.2020,17:00,243
08.03.2020,18:00,246
08.03.2020,19:00,246
08.03.2020,20:00,246
08.03.2020,21:00,246
08.03.2020,22:00,247
08.03.2020,23:00,241
09.03.2020,00:00,228
09.03.2020,01:00,228
09.03.2020,02:00,228
09.03.2020,03:00,228
09.03.2020,04:00,228
09.03.2020,05:00,235
09.03.2020,06:00,242
09.03.2020,07:00,245
09.03.2020,08:00,244
09.03.2020,09:00,244
09.03.2020,10:00,243
09.03.2020,11:00,241
09.03.2020,12:00,232
09.03.2020,13:00,232
09.03.2020,14:00,240
09.03.2020,15:00,240
09.03.2020,16:00,238
09.03.2020,17:00,240
09.03.2020,18:00,243
09.03.2020,19:00,248
09.03.2020,20:00,245
09.03.2020,21:00,235
09.03.2020,22:00,228
09.03.2020,23:00,227
10.03.2020,00:00,227
10.03.2020,01:00,229
10.03.2020,02:00,232
10.03.2020,03:00,231
10.03.2020,04:00,230
10.03.2020,05:00,236
10.03.2020,06:00,246
10.03.2020,07:00,247
10.03.2020,08:00,244
10.03.2020,09:00,244
10.03.2020,10:00,245
10.03.2020,11:00,245
10.03.2020,12:00,243
10.03.2020,13:00,243
10.03.2020,14:00,234
10.03.2020,15:00,242
10.03.2020,16:00,242
10.03.2020,17:00,243
10.03.2020,18:00,244
10.03.2020,19:00,248
10.03.2020,20:00,227
10.03.2020,21:00,221
10.03.2020,22:00,162
10.03.2020,23:00,141
11.03.2020,00:00,141
11.03.2020,01:00,142
11.03.2020,02:00,145
11.03.2020,03:00,145
11.03.2020,04:00,147
11.03.2020,05:00,217
11.03.2020,06:00,240
11.03.2020,07:00,241
11.03.2020,08:00,230
11.03.2020,09:00,224
11.03.2020,10:00,200
11.03.2020,11:00,199
11.03.2020,12:00,199
11.03.2020,13:00,203
11.03.2020,14:00,237
11.03.2020,15:00,237
11.03.2020,16:00,226
11.03.2020,17:00,222
11.03.2020,18:00,222
11.03.2020,19:00,223
11.03.2020,20:00,222
11.03.2020,21:00,222
11.03.2020,22:00,210
11.03.2020,23:00,151
12.03.2020,00:00,101
12.03.2020,01:00,97
12.03.2020,02:00,95
12.03.2020,03:00,93
12.03.2020,04:00,92
12.03.2020,05:00,192
12.03.2020,06:00,196
12.03.2020,07:00,218
12.03.2020,08:00,215
12.03.2020,09:00,201
12.03.2020,10:00,201
12.03.2020,11:00,170
12.03.2020,12:00,177
12.03.2020,13:00,177
12.03.2020,14:00,169
12.03.2020,15:00,196
12.03.2020,16:00,219
12.03.2020,17:00,220
12.03.2020,18:00,224
12.03.2020,19:00,226
12.03.2020,20:00,227
12.03.2020,21:00,226
12.03.2020,22:00,225
12.03.2020,23:00,147
13.03.2020,00:00,147
13.03.2020,01:00,148
13.03.2020,02:00,143
13.03.2020,03:00,143
13.03.2020,04:00,145
13.03.2020,05:00,166
13.03.2020,06:00,217
13.03.2020,07:00,226
13.03.2020,08:00,222
13.03.2020,09:00,222
13.03.2020,10:00,225
13.03.2020,11:00,222
13.03.2020,12:00,212
13.03.2020,13:00,126
13.03.2020,14:00,146
13.03.2020,15:00,153
13.03.2020,16:00,224
13.03.2020,17:00,223
13.03.2020,18:00,223
13.03.2020,19:00,228
13.03.2020,20:00,229
13.03.2020,21:00,229
13.03.2020,22:00,230
13.03.2020,23:00,230
14.03.2020,00:00,230
14.03.2020,01:00,231
14.03.2020,02:00,231
14.03.2020,03:00,232
14.03.2020,04:00,233
14.03.2020,05:00,234
14.03.2020,06:00,239
14.03.2020,07:00,244
14.03.2020,08:00,248
14.03.2020,09:00,249
14.03.2020,10:00,239
14.03.2020,11:00,233
14.03.2020,12:00,232
14.03.2020,13:00,231
14.03.2020,14:00,231
14.03.2020,15:00,231
14.03.2020,16:00,231
14.03.2020,17:00,241
14.03.2020,18:00,248
14.03.2020,19:00,250
14.03.2020,20:00,245
14.03.2020,21:00,239
14.03.2020,22:00,239
14.03.2020,23:00,238
15.03.2020,00:00,205
15.03.2020,01:00,179
15.03.2020,02:00,171
15.03.2020,03:00,171
15.03.2020,04:00,171
15.03.2020,05:00,171
15.03.2020,06:00,170
15.03.2020,07:00,170
15.03.2020,08:00,170
15.03.2020,09:00,113
15.03.2020,10:00,108
15.03.2020,11:00,105
15.03.2020,12:00,100
15.03.2020,13:00,88
15.03.2020,14:00,107
15.03.2020,15:00,108
15.03.2020,16:00,102
15.03.2020,17:00,170
15.03.2020,18:00,239
15.03.2020,19:00,241
15.03.2020,20:00,239
15.03.2020,21:00,236
15.03.2020,22:00,233
15.03.2020,23:00,233
16.03.2020,00:00,231
16.03.2020,01:00,230
16.03.2020,02:00,231
16.03.2020,03:00,231
16.03.2020,04:00,236
16.03.2020,05:00,236
16.03.2020,06:00,234
16.03.2020,07:00,234
16.03.2020,08:00,219
16.03.2020,09:00,228
16.03.2020,10:00,225
16.03.2020,11:00,224
16.03.2020,12:00,219
16.03.2020,13:00,222
16.03.2020,14:00,220
16.03.2020,15:00,215
16.03.2020,16:00,221
16.03.2020,17:00,218
16.03.2020,18:00,226
16.03.2020,19:00,234
16.03.2020,20:00,226
16.03.2020,21:00,232
16.03.2020,22:00,230
16.03.2020,23:00,192
17.03.2020,00:00,192
17.03.2020,01:00,192
17.03.2020,02:00,192
17.03.2020,03:00,192
17.03.2020,04:00,190
17.03.2020,05:00,202
17.03.2020,06:00,231
17.03.2020,07:00,231
17.03.2020,08:00,231
17.03.2020,09:00,230
17.03.2020,10:00,228
17.03.2020,11:00,227
17.03.2020,12:00,224
17.03.2020,13:00,223
17.03.2020,14:00,224
17.03.2020,15:00,225
17.03.2020,16:00,225
17.03.2020,17:00,225
17.03.2020,18:00,226
17.03.2020,19:00,226
17.03.2020,20:00,228
17.03.2020,21:00,230
17.03.2020,22:00,196
17.03.2020,23:00,191
18.03.2020,00:00,191
18.03.2020,01:00,191
18.03.2020,02:00,191
18.03.2020,03:00,191
18.03.2020,04:00,191
18.03.2020,05:00,189
18.03.2020,06:00,207
18.03.2020,07:00,211
18.03.2020,08:00,230
18.03.2020,09:00,231
18.03.2020,10:00,221
18.03.2020,11:00,203
18.03.2020,12:00,214
18.03.2020,13:00,220
18.03.2020,14:00,219
18.03.2020,15:00,217
18.03.2020,16:00,211
18.03.2020,17:00,219
18.03.2020,18:00,221
18.03.2020,19:00,223
18.03.2020,20:00,224
18.03.2020,21:00,225
18.03.2020,22:00,213
18.03.2020,23:00,141
19.03.2020,00:00,140
19.03.2020,01:00,140
19.03.2020,02:00,140
19.03.2020,03:00,140
19.03.2020,04:00,141
19.03.2020,05:00,200
19.03.2020,06:00,213
19.03.2020,07:00,228
19.03.2020,08:00,227
19.03.2020,09:00,212
19.03.2020,10:00,171
19.03.2020,11:00,171
19.03.2020,12:00,171
19.03.2020,13:00,171
19.03.2020,14:00,171
19.03.2020,15:00,171
19.03.2020,16:00,171
19.03.2020,17:00,221
19.03.2020,18:00,222
19.03.2020,19:00,222
19.03.2020,20:00,212
19.03.2020,21:00,201
19.03.2020,22:00,181
19.03.2020,23:00,181
20.03.2020,00:00,151
20.03.2020,01:00,151
20.03.2020,02:00,151
20.03.2020,03:00,151
20.03.2020,04:00,151
20.03.2020,05:00,192
20.03.2020,06:00,226
20.03.2020,07:00,227
20.03.2020,08:00,227
20.03.2020,09:00,227
20.03.2020,10:00,197
20.03.2020,11:00,214
20.03.2020,12:00,212
20.03.2020,13:00,194
20.03.2020,14:00,191
20.03.2020,15:00,191
20.03.2020,16:00,193
20.03.2020,17:00,234
20.03.2020,18:00,238
20.03.2020,19:00,239
20.03.2020,20:00,239
20.03.2020,21:00,239
20.03.2020,22:00,239
20.03.2020,23:00,236
21.03.2020,00:00,211
21.03.2020,01:00,198
21.03.2020,02:00,162
21.03.2020,03:00,162
21.03.2020,04:00,161
21.03.2020,05:00,192
21.03.2020,06:00,208
21.03.2020,07:00,220
21.03.2020,08:00,220
21.03.2020,09:00,140
21.03.2020,10:00,140
21.03.2020,11:00,140
21.03.2020,12:00,169
21.03.2020,13:00,161
21.03.2020,14:00,141
21.03.2020,15:00,189
21.03.2020,16:00,199
21.03.2020,17:00,238
21.03.2020,18:00,253
21.03.2020,19:00,254
21.03.2020,20:00,254
21.03.2020,21:00,254
21.03.2020,22:00,245
21.03.2020,23:00,191
22.03.2020,00:00,150
22.03.2020,01:00,150
22.03.2020,02:00,150
22.03.2020,03:00,150
22.03.2020,04:00,148
22.03.2020,05:00,150
22.03.2020,06:00,140
22.03.2020,07:00,123
22.03.2020,08:00,122
22.03.2020,09:00,119
22.03.2020,10:00,122
22.03.2020,11:00,106
22.03.2020,12:00,104
22.03.2020,13:00,108
22.03.2020,14:00,106
22.03.2020,15:00,109
22.03.2020,16:00,108
22.03.2020,17:00,230
22.03.2020,18:00,256
22.03.2020,19:00,256
22.03.2020,20:00,257
22.03.2020,21:00,256
22.03.2020,22:00,257
22.03.2020,23:00,256
23.03.2020,00:00,219
23.03.2020,01:00,199
23.03.2020,02:00,199
23.03.2020,03:00,208
23.03.2020,04:00,246
23.03.2020,05:00,247
23.03.2020,06:00,249
23.03.2020,07:00,254
23.03.2020,08:00,250
23.03.2020,09:00,237
23.03.2020,10:00,238
23.03.2020,11:00,246
23.03.2020,12:00,255
23.03.2020,13:00,255
23.03.2020,14:00,255
23.03.2020,15:00,247
23.03.2020,16:00,249
23.03.2020,17:00,254
23.03.2020,18:00,255
23.03.2020,19:00,251
23.03.2020,20:00,247
23.03.2020,21:00,256
23.03.2020,22:00,257
23.03.2020,23:00,258
24.03.2020,00:00,246
24.03.2020,01:00,247
24.03.2020,02:00,248
24.03.2020,03:00,248
24.03.2020,04:00,248
24.03.2020,05:00,250
24.03.2020,06:00,253
24.03.2020,07:00,254
24.03.2020,08:00,253
24.03.2020,09:00,249
24.03.2020,10:00,245
24.03.2020,11:00,254
24.03.2020,12:00,252
24.03.2020,13:00,252
24.03.2020,14:00,251
24.03.2020,15:00,251
24.03.2020,16:00,251
24.03.2020,17:00,250
24.03.2020,18:00,252
24.03.2020,19:00,252
24.03.2020,20:00,253
24.03.2020,21:00,251
24.03.2020,22:00,251
24.03.2020,23:00,252
25.03.2020,00:00,256
25.03.2020,01:00,257
25.03.2020,02:00,256
25.03.2020,03:00,251
25.03.2020,04:00,254
25.03.2020,05:00,254
25.03.2020,06:00,252
25.03.2020,07:00,254
25.03.2020,08:00,252
25.03.2020,09:00,243
25.03.2020,10:00,250
25.03.2020,11:00,246
25.03.2020,12:00,244
25.03.2020,13:00,212
25.03.2020,14:00,202
25.03.2020,15:00,240
25.03.2020,16:00,243
25.03.2020,17:00,241
25.03.2020,18:00,247
25.03.2020,19:00,247
25.03.2020,20:00,248
25.03.2020,21:00,249
25.03.2020,22:00,249
25.03.2020,23:00,250
26.03.2020,00:00,243
26.03.2020,01:00,243
26.03.2020,02:00,243
26.03.2020,03:00,244
26.03.2020,04:00,250
26.03.2020,05:00,256
26.03.2020,06:00,255
26.03.2020,07:00,254
26.03.2020,08:00,253
26.03.2020,09:00,251
26.03.2020,10:00,246
26.03.2020,11:00,191
26.03.2020,12:00,213
26.03.2020,13:00,235
26.03.2020,14:00,236
26.03.2020,15:00,236
26.03.2020,16:00,237
26.03.2020,17:00,249
26.03.2020,18:00,249
26.03.2020,19:00,250
26.03.2020,20:00,240
26.03.2020,21:00,240
26.03.2020,22:00,235
26.03.2020,23:00,235
27.03.2020,00:00,236
27.03.2020,01:00,236
27.03.2020,02:00,235
27.03.2020,03:00,235
27.03.2020,04:00,235
27.03.2020,05:00,244
27.03.2020,06:00,244
27.03.2020,07:00,244
27.03.2020,08:00,231
27.03.2020,09:00,228
27.03.2020,10:00,224
27.03.2020,11:00,222
27.03.2020,12:00,221
27.03.2020,13:00,220
27.03.2020,14:00,219
27.03.2020,15:00,219
27.03.2020,16:00,219
27.03.2020,17:00,220
27.03.2020,18:00,221
27.03.2020,19:00,223
27.03.2020,20:00,223
27.03.2020,21:00,225
27.03.2020,22:00,227
27.03.2020,23:00,228
28.03.2020,00:00,229
28.03.2020,01:00,230
28.03.2020,02:00,231
28.03.2020,03:00,204
28.03.2020,04:00,215
28.03.2020,05:00,232
28.03.2020,06:00,232
28.03.2020,07:00,232
28.03.2020,08:00,230
28.03.2020,09:00,225
28.03.2020,10:00,208
28.03.2020,11:00,173
28.03.2020,12:00,179
28.03.2020,13:00,157
28.03.2020,14:00,144
28.03.2020,15:00,142
28.03.2020,16:00,162
28.03.2020,17:00,222
28.03.2020,18:00,223
28.03.2020,19:00,228
28.03.2020,20:00,230
28.03.2020,21:00,230
28.03.2020,22:00,229
28.03.2020,23:00,225
29.03.2020,00:00,134
29.03.2020,01:00,124
29.03.2020,03:00,140
29.03.2020,04:00,117
29.03.2020,05:00,116
29.03.2020,06:00,117
29.03.2020,07:00,110
29.03.2020,08:00,110
29.03.2020,09:00,110
29.03.2020,10:00,140
29.03.2020,11:00,140
29.03.2020,12:00,140
29.03.2020,13:00,140
29.03.2020,14:00,140
29.03.2020,15:00,160
29.03.2020,16:00,111
29.03.2020,17:00,199
29.03.2020,18:00,236
29.03.2020,19:00,211
29.03.2020,20:00,239
29.03.2020,21:00,238
29.03.2020,22:00,237
29.03.2020,23:00,237
30.03.2020,00:00,237
30.03.2020,01:00,238
30.03.2020,02:00,238
30.03.2020,03:00,238
30.03.2020,04:00,252
30.03.2020,05:00,257
30.03.2020,06:00,257
30.03.2020,07:00,256
30.03.2020,08:00,256
30.03.2020,09:00,255
30.03.2020,10:00,254
30.03.2020,11:00,253
30.03.2020,12:00,253
30.03.2020,13:00,252
30.03.2020,14:00,252
30.03.2020,15:00,251
30.03.2020,16:00,248
30.03.2020,17:00,251
30.03.2020,18:00,251
30.03.2020,19:00,252
30.03.2020,20:00,252
30.03.2020,21:00,253
30.03.2020,22:00,253
30.03.2020,23:00,253
31.03.2020,00:00,253
31.03.2020,01:00,253
31.03.2020,02:00,248
31.03.2020,03:00,240
31.03.2020,04:00,235
31.03.2020,05:00,240
31.03.2020,06:00,253
31.03.2020,07:00,255
31.03.2020,08:00,255
31.03.2020,09:00,248
31.03.2020,10:00,254
31.03.2020,11:00,255
31.03.2020,12:00,254
31.03.2020,13:00,254
31.03.2020,14:00,252
31.03.2020,15:00,247
31.03.2020,16:00,253
31.03.2020,17:00,252
31.03.2020,18:00,253
31.03.2020,19:00,254
31.03.2020,20:00,254
31.03.2020,21:00,254
31.03.2020,22:00,255
31.03.2020,23:00,256
01.04.2020,00:00,256
01.04.2020,01:00,257
01.04.2020,02:00,257
01.04.2020,03:00,257
01.04.2020,04:00,257
01.04.2020,05:00,258
01.04.2020,06:00,251
01.04.2020,07:00,251
01.04.2020,08:00,249
01.04.2020,09:00,247
01.04.2020,10:00,243
01.04.2020,11:00,243
01.04.2020,12:00,233
01.04.2020,13:00,243
01.04.2020,14:00,242
01.04.2020,15:00,241
01.04.2020,16:00,241
01.04.2020,17:00,240
01.04.2020,18:00,241
01.04.2020,19:00,242
01.04.2020,20:00,243
01.04.2020,21:00,244
01.04.2020,22:00,245
01.04.2020,23:00,245
02.04.2020,00:00,246
02.04.2020,01:00,246
02.04.2020,02:00,246
02.04.2020,03:00,246
02.04.2020,04:00,247
02.04.2020,05:00,247
02.04.2020,06:00,235
02.04.2020,07:00,234
02.04.2020,08:00,233
02.04.2020,09:00,231
02.04.2020,10:00,228
02.04.2020,11:00,226
02.04.2020,12:00,225
02.04.2020,13:00,224
02.04.2020,14:00,223
02.04.2020,15:00,223
02.04.2020,16:00,222
02.04.2020,17:00,222
02.04.2020,18:00,223
02.04.2020,19:00,223
02.04.2020,20:00,225
02.04.2020,21:00,226
02.04.2020,22:00,225
02.04.2020,23:00,227
03.04.2020,00:00,229
03.04.2020,01:00,228
03.04.2020,02:00,228
03.04.2020,03:00,228
03.04.2020,04:00,228
03.04.2020,05:00,228
03.04.2020,06:00,228
03.04.2020,07:00,228
03.04.2020,08:00,228
03.04.2020,09:00,228
03.04.2020,10:00,228
03.04.2020,11:00,228
03.04.2020,12:00,227
03.04.2020,13:00,227
03.04.2020,14:00,227
03.04.2020,15:00,227
03.04.2020,16:00,226
03.04.2020,17:00,227
03.04.2020,18:00,227
03.04.2020,19:00,227
03.04.2020,20:00,228
03.04.2020,21:00,228
03.04.2020,22:00,228
03.04.2020,23:00,228
04.04.2020,00:00,228
04.04.2020,01:00,229
04.04.2020,02:00,230
04.04.2020,03:00,230
04.04.2020,04:00,231
04.04.2020,05:00,231
04.04.2020,06:00,232
04.04.2020,07:00,232
04.04.2020,08:00,232
04.04.2020,09:00,231
04.04.2020,10:00,210
04.04.2020,11:00,171
04.04.2020,12:00,161
04.04.2020,13:00,127
04.04.2020,14:00,135
04.04.2020,15:00,133
04.04.2020,16:00,211
04.04.2020,17:00,227
04.04.2020,18:00,227
04.04.2020,19:00,228
04.04.2020,20:00,229
04.04.2020,21:00,230
04.04.2020,22:00,231
04.04.2020,23:00,224
05.04.2020,00:00,146
05.04.2020,01:00,149
05.04.2020,02:00,147
05.04.2020,03:00,114
05.04.2020,04:00,110
05.04.2020,05:00,110
05.04.2020,06:00,109
05.04.2020,07:00,103
05.04.2020,08:00,80
05.04.2020,09:00,104
05.04.2020,10:00,121
05.04.2020,11:00,77
05.04.2020,12:00,78
05.04.2020,13:00,74
05.04.2020,14:00,76
05.04.2020,15:00,78
05.04.2020,16:00,76
05.04.2020,17:00,80
05.04.2020,18:00,142
05.04.2020,19:00,83
05.04.2020,20:00,145
05.04.2020,21:00,144
05.04.2020,22:00,148
05.04.2020,23:00,111
06.04.2020,00:00,111
06.04.2020,01:00,111
06.04.2020,02:00,111
06.04.2020,03:00,102
06.04.2020,04:00,107
06.04.2020,05:00,107
06.04.2020,06:00,138
06.04.2020,07:00,151
06.04.2020,08:00,152
06.04.2020,09:00,145
06.04.2020,10:00,145
06.04.2020,11:00,144
06.04.2020,12:00,143
06.04.2020,13:00,142
06.04.2020,14:00,133
06.04.2020,15:00,100
06.04.2020,16:00,109
06.04.2020,17:00,136
06.04.2020,18:00,146
06.04.2020,19:00,147
06.04.2020,20:00,148
06.04.2020,21:00,150
06.04.2020,22:00,152
06.04.2020,23:00,150
07.04.2020,00:00,111
07.04.2020,01:00,110
07.04.2020,02:00,110
07.04.2020,03:00,110
07.04.2020,04:00,111
07.04.2020,05:00,149
07.04.2020,06:00,148
07.04.2020,07:00,144
07.04.2020,08:00,147
07.04.2020,09:00,145
07.04.2020,10:00,112
07.04.2020,11:00,112
07.04.2020,12:00,111
07.04.2020,13:00,111
07.04.2020,14:00,111
07.04.2020,15:00,111
07.04.2020,16:00,112
07.04.2020,17:00,141
07.04.2020,18:00,141
07.04.2020,19:00,143
07.04.2020,20:00,144
07.04.2020,21:00,145
07.04.2020,22:00,145
07.04.2020,23:00,110
08.04.2020,00:00,109
08.04.2020,01:00,108
08.04.2020,02:00,110
08.04.2020,03:00,110
08.04.2020,04:00,111
08.04.2020,05:00,150
08.04.2020,06:00,150
08.04.2020,07:00,150
08.04.2020,08:00,149
08.04.2020,09:00,146
08.04.2020,10:00,97
08.04.2020,11:00,96
08.04.2020,12:00,95
08.04.2020,13:00,96
08.04.2020,14:00,96
08.04.2020,15:00,96
08.04.2020,16:00,97
08.04.2020,17:00,140
08.04.2020,18:00,140
08.04.2020,19:00,141
08.04.2020,20:00,142
08.04.2020,21:00,144
08.04.2020,22:00,145
08.04.2020,23:00,120
09.04.2020,00:00,111
09.04.2020,01:00,111
09.04.2020,02:00,111
09.04.2020,03:00,111
09.04.2020,04:00,112
09.04.2020,05:00,149
09.04.2020,06:00,149
09.04.2020,07:00,148
09.04.2020,08:00,147
09.04.2020,09:00,145
09.04.2020,10:00,143
09.04.2020,11:00,143
09.04.2020,12:00,139
09.04.2020,13:00,142
09.04.2020,14:00,111
09.04.2020,15:00,111
09.04.2020,16:00,111
09.04.2020,17:00,142
09.04.2020,18:00,143
09.04.2020,19:00,143
09.04.2020,20:00,144
09.04.2020,21:00,145
09.04.2020,22:00,145
09.04.2020,23:00,146
10.04.2020,00:00,92
10.04.2020,01:00,91
10.04.2020,02:00,91
10.04.2020,03:00,91
10.04.2020,04:00,106
10.04.2020,05:00,150
10.04.2020,06:00,151
10.04.2020,07:00,151
10.04.2020,08:00,150
10.04.2020,09:00,147
10.04.2020,10:00,75
10.04.2020,11:00,74
10.04.2020,12:00,74
10.04.2020,13:00,74
10.04.2020,14:00,75
10.04.2020,15:00,73
10.04.2020,16:00,72
10.04.2020,17:00,79
10.04.2020,18:00,144
10.04.2020,19:00,145
10.04.2020,20:00,146
10.04.2020,21:00,146
10.04.2020,22:00,147
10.04.2020,23:00,147
11.04.2020,00:00,148
11.04.2020,01:00,148
11.04.2020,02:00,149
11.04.2020,03:00,149
11.04.2020,04:00,150
11.04.2020,05:00,150
11.04.2020,06:00,151
11.04.2020,07:00,151
11.04.2020,08:00,150
11.04.2020,09:00,149
11.04.2020,10:00,139
11.04.2020,11:00,75
11.04.2020,12:00,74
11.04.2020,13:00,74
11.04.2020,14:00,75
11.04.2020,15:00,75
11.04.2020,16:00,75
11.04.2020,17:00,126
11.04.2020,18:00,144
11.04.2020,19:00,145
11.04.2020,20:00,146
11.04.2020,21:00,147
11.04.2020,22:00,148
11.04.2020,23:00,149
12.04.2020,00:00,149
12.04.2020,01:00,150
12.04.2020,02:00,102
12.04.2020,03:00,101
12.04.2020,04:00,101
12.04.2020,05:00,101
12.04.2020,06:00,101
12.04.2020,07:00,101
12.04.2020,08:00,101
12.04.2020,09:00,95
12.04.2020,10:00,75
12.04.2020,11:00,100
12.04.2020,12:00,100
12.04.2020,13:00,74
12.04.2020,14:00,74
12.04.2020,15:00,74
12.04.2020,16:00,74
12.04.2020,17:00,101
12.04.2020,18:00,138
12.04.2020,19:00,138
12.04.2020,20:00,140
12.04.2020,21:00,141
12.04.2020,22:00,142
12.04.2020,23:00,92
13.04.2020,00:00,75
13.04.2020,01:00,57
13.04.2020,02:00,51
13.04.2020,03:00,50
13.04.2020,04:00,51
13.04.2020,05:00,51
13.04.2020,06:00,51
13.04.2020,07:00,51
13.04.2020,08:00,51
13.04.2020,09:00,51
13.04.2020,10:00,51
13.04.2020,11:00,51
13.04.2020,12:00,51
13.04.2020,13:00,50
13.04.2020,14:00,50
13.04.2020,15:00,50
13.04.2020,16:00,50
13.04.2020,17:00,50
13.04.2020,18:00,51
13.04.2020,19:00,114
13.04.2020,20:00,116
13.04.2020,21:00,116
13.04.2020,22:00,117
13.04.2020,23:00,117
14.04.2020,00:00,111
14.04.2020,01:00,111
14.04.2020,02:00,111
14.04.2020,03:00,111
14.04.2020,04:00,111
14.04.2020,05:00,117
14.04.2020,06:00,119
14.04.2020,07:00,119
14.04.2020,08:00,119
14.04.2020,09:00,118
14.04.2020,10:00,118
14.04.2020,11:00,117
14.04.2020,12:00,116
14.04.2020,13:00,116
14.04.2020,14:00,116
14.04.2020,15:00,52
14.04.2020,16:00,99
14.04.2020,17:00,116
14.04.2020,18:00,116
14.04.2020,19:00,116
14.04.2020,20:00,116
14.04.2020,21:00,118
14.04.2020,22:00,118
14.04.2020,23:00,118
15.04.2020,00:00,118
15.04.2020,01:00,118
15.04.2020,02:00,118
15.04.2020,03:00,119
15.04.2020,04:00,119
15.04.2020,05:00,119
15.04.2020,06:00,119
15.04.2020,07:00,119
15.04.2020,08:00,118
15.04.2020,09:00,117
15.04.2020,10:00,116
15.04.2020,11:00,115
15.04.2020,12:00,66
15.04.2020,13:00,57
15.04.2020,14:00,72
15.04.2020,15:00,112
15.04.2020,16:00,112
15.04.2020,17:00,112
15.04.2020,18:00,112
15.04.2020,19:00,114
15.04.2020,20:00,115
15.04.2020,21:00,116
15.04.2020,22:00,117
15.04.2020,23:00,117
16.04.2020,00:00,118
16.04.2020,01:00,91
16.04.2020,02:00,90
16.04.2020,03:00,90
16.04.2020,04:00,91
16.04.2020,05:00,119
16.04.2020,06:00,120
16.04.2020,07:00,119
16.04.2020,08:00,118
16.04.2020,09:00,116
16.04.2020,10:00,113
16.04.2020,11:00,111
16.04.2020,12:00,110
16.04.2020,13:00,91
16.04.2020,14:00,91
16.04.2020,15:00,91
16.04.2020,16:00,91
16.04.2020,17:00,107
16.04.2020,18:00,107
16.04.2020,19:00,109
16.04.2020,20:00,111
16.04.2020,21:00,112
16.04.2020,22:00,113
16.04.2020,23:00,114
17.04.2020,00:00,115
17.04.2020,01:00,116
17.04.2020,02:00,116
17.04.2020,03:00,117
17.04.2020,04:00,117
17.04.2020,05:00,117
17.04.2020,06:00,118
17.04.2020,07:00,117
17.04.2020,08:00,116
17.04.2020,09:00,91
17.04.2020,10:00,91
17.04.2020,11:00,91
17.04.2020,12:00,91
17.04.2020,13:00,72
17.04.2020,14:00,51
17.04.2020,15:00,51
17.04.2020,16:00,52
17.04.2020,17:00,108
17.04.2020,18:00,109
17.04.2020,19:00,110
17.04.2020,20:00,113
17.04.2020,21:00,113
17.04.2020,22:00,71
17.04.2020,23:00,71
18.04.2020,00:00,71
18.04.2020,01:00,71
18.04.2020,02:00,71
18.04.2020,03:00,71
18.04.2020,04:00,71
18.04.2020,05:00,71
18.04.2020,06:00,110
18.04.2020,07:00,110
18.04.2020,08:00,110
18.04.2020,09:00,110
18.04.2020,10:00,100
18.04.2020,11:00,90
18.04.2020,12:00,110
18.04.2020,13:00,110
18.04.2020,14:00,120
18.04.2020,15:00,120
18.04.2020,16:00,121
18.04.2020,17:00,106
18.04.2020,18:00,100
18.04.2020,19:00,71
18.04.2020,20:00,72
18.04.2020,21:00,72
18.04.2020,22:00,73
18.04.2020,23:00,73
19.04.2020,00:00,72
19.04.2020,01:00,72
19.04.2020,02:00,72
19.04.2020,03:00,72
19.04.2020,04:00,72
19.04.2020,05:00,72
19.04.2020,06:00,72
19.04.2020,07:00,91
19.04.2020,08:00,110
19.04.2020,09:00,110
19.04.2020,10:00,110
19.04.2020,11:00,71
19.04.2020,12:00,71
19.04.2020,13:00,66
19.04.2020,14:00,51
19.04.2020,15:00,51
19.04.2020,16:00,51
19.04.2020,17:00,51
19.04.2020,18:00,51
19.04.2020,19:00,110
19.04.2020,20:00,111
19.04.2020,21:00,111
19.04.2020,22:00,101
19.04.2020,23:00,81
20.04.2020,00:00,51
20.04.2020,01:00,51
20.04.2020,02:00,51
20.04.2020,03:00,51
20.04.2020,04:00,51
20.04.2020,05:00,73
20.04.2020,06:00,121
20.04.2020,07:00,120
20.04.2020,08:00,119
20.04.2020,09:00,118
20.04.2020,10:00,116
20.04.2020,11:00,52
20.04.2020,12:00,51
20.04.2020,13:00,51
20.04.2020,14:00,51
20.04.2020,15:00,51
20.04.2020,16:00,51
20.04.2020,17:00,52
20.04.2020,18:00,114
20.04.2020,19:00,115
20.04.2020,20:00,115
20.04.2020,21:00,116
20.04.2020,22:00,100
20.04.2020,23:00,51
21.04.2020,00:00,51
21.04.2020,01:00,51
21.04.2020,02:00,51
21.04.2020,03:00,51
21.04.2020,04:00,51
21.04.2020,05:00,51
21.04.2020,06:00,101
21.04.2020,07:00,119
21.04.2020,08:00,102
21.04.2020,09:00,51
21.04.2020,10:00,51
21.04.2020,11:00,51
21.04.2020,12:00,51
21.04.2020,13:00,51
21.04.2020,14:00,51
21.04.2020,15:00,51
21.04.2020,16:00,51
21.04.2020,17:00,51
21.04.2020,18:00,52
21.04.2020,19:00,113
21.04.2020,20:00,114
21.04.2020,21:00,115
21.04.2020,22:00,116
21.04.2020,23:00,115
22.04.2020,00:00,53
22.04.2020,01:00,52
22.04.2020,02:00,52
22.04.2020,03:00,51
22.04.2020,04:00,51
22.04.2020,05:00,67
22.04.2020,06:00,120
22.04.2020,07:00,119
22.04.2020,08:00,118
22.04.2020,09:00,116
22.04.2020,10:00,56
22.04.2020,11:00,60
22.04.2020,12:00,71
22.04.2020,13:00,68
22.04.2020,14:00,68
22.04.2020,15:00,69
22.04.2020,16:00,111
22.04.2020,17:00,126
22.04.2020,18:00,140
22.04.2020,19:00,141
22.04.2020,20:00,141
22.04.2020,21:00,143
22.04.2020,22:00,148
22.04.2020,23:00,149
23.04.2020,00:00,149
23.04.2020,01:00,150
23.04.2020,02:00,151
23.04.2020,03:00,152
23.04.2020,04:00,153
23.04.2020,05:00,153
23.04.2020,06:00,152
23.04.2020,07:00,151
23.04.2020,08:00,150
23.04.2020,09:00,146
23.04.2020,10:00,137
23.04.2020,11:00,137
23.04.2020,12:00,137
23.04.2020,13:00,136
23.04.2020,14:00,113
23.04.2020,15:00,115
23.04.2020,16:00,137
23.04.2020,17:00,142
23.04.2020,18:00,117
23.04.2020,19:00,117
23.04.2020,20:00,132
23.04.2020,21:00,131
23.04.2020,22:00,131
23.04.2020,23:00,131
24.04.2020,00:00,131
24.04.2020,01:00,131
24.04.2020,02:00,131
24.04.2020,03:00,131
24.04.2020,04:00,131
24.04.2020,05:00,131
24.04.2020,06:00,131
24.04.2020,07:00,131
24.04.2020,08:00,131
24.04.2020,09:00,131
24.04.2020,10:00,130
24.04.2020,11:00,131
24.04.2020,12:00,84
24.04.2020,13:00,71
24.04.2020,14:00,71
24.04.2020,15:00,71
24.04.2020,16:00,71
24.04.2020,17:00,73
24.04.2020,18:00,138
24.04.2020,19:00,139
24.04.2020,20:00,140
24.04.2020,21:00,141
24.04.2020,22:00,142
24.04.2020,23:00,111
25.04.2020,00:00,111
25.04.2020,01:00,111
25.04.2020,02:00,111
25.04.2020,03:00,111
25.04.2020,04:00,111
25.04.2020,05:00,112
25.04.2020,06:00,148
25.04.2020,07:00,148
25.04.2020,08:00,148
25.04.2020,09:00,147
25.04.2020,10:00,148
25.04.2020,11:00,147
25.04.2020,12:00,147
25.04.2020,13:00,146
25.04.2020,14:00,73
25.04.2020,15:00,72
25.04.2020,16:00,74
25.04.2020,17:00,143
25.04.2020,18:00,145
25.04.2020,19:00,145
25.04.2020,20:00,145
25.04.2020,21:00,145
25.04.2020,22:00,145
25.04.2020,23:00,145
26.04.2020,00:00,146
26.04.2020,01:00,146
26.04.2020,02:00,147
26.04.2020,03:00,147
26.04.2020,04:00,148
26.04.2020,05:00,148
26.04.2020,06:00,148
26.04.2020,07:00,147
26.04.2020,08:00,147
26.04.2020,09:00,147
26.04.2020,10:00,147
26.04.2020,11:00,146
26.04.2020,12:00,73
26.04.2020,13:00,68
26.04.2020,14:00,64
26.04.2020,15:00,72
26.04.2020,16:00,72
26.04.2020,17:00,141
26.04.2020,18:00,142
26.04.2020,19:00,143
26.04.2020,20:00,143
26.04.2020,21:00,144
26.04.2020,22:00,146
26.04.2020,23:00,147
27.04.2020,00:00,147
27.04.2020,01:00,147
27.04.2020,02:00,147
27.04.2020,03:00,149
27.04.2020,04:00,149
27.04.2020,05:00,149
27.04.2020,06:00,148
27.04.2020,07:00,147
27.04.2020,08:00,145
27.04.2020,09:00,144
27.04.2020,10:00,141
27.04.2020,11:00,89
27.04.2020,12:00,89
27.04.2020,13:00,89
27.04.2020,14:00,89
27.04.2020,15:00,89
27.04.2020,16:00,89
27.04.2020,17:00,137
27.04.2020,18:00,134
27.04.2020,19:00,138
27.04.2020,20:00,139
27.04.2020,21:00,141
27.04.2020,22:00,142
27.04.2020,23:00,141
28.04.2020,00:00,81
28.04.2020,01:00,80
28.04.2020,02:00,80
28.04.2020,03:00,80
28.04.2020,04:00,80
28.04.2020,05:00,81
28.04.2020,06:00,144
28.04.2020,07:00,144
28.04.2020,08:00,142
28.04.2020,09:00,140
28.04.2020,10:00,138
28.04.2020,11:00,137
28.04.2020,12:00,135
28.04.2020,13:00,121
28.04.2020,14:00,136
28.04.2020,15:00,136
28.04.2020,16:00,136
28.04.2020,17:00,136
28.04.2020,18:00,132
28.04.2020,19:00,129
28.04.2020,20:00,129
28.04.2020,21:00,104
28.04.2020,22:00,80
28.04.2020,23:00,70
29.04.2020,00:00,71
29.04.2020,01:00,71
29.04.2020,02:00,71
29.04.2020,03:00,71
29.04.2020,04:00,71
29.04.2020,05:00,80
29.04.2020,06:00,87
29.04.2020,07:00,111
29.04.2020,08:00,141
29.04.2020,09:00,141
29.04.2020,10:00,110
29.04.2020,11:00,110
29.04.2020,12:00,100
29.04.2020,13:00,80
29.04.2020,14:00,80
29.04.2020,15:00,80
29.04.2020,16:00,80
29.04.2020,17:00,81
29.04.2020,18:00,142
29.04.2020,19:00,143
29.04.2020,20:00,143
29.04.2020,21:00,144
29.04.2020,22:00,111
29.04.2020,23:00,100
30.04.2020,00:00,100
30.04.2020,01:00,96
30.04.2020,02:00,92
30.04.2020,03:00,78
30.04.2020,04:00,99
30.04.2020,05:00,100
30.04.2020,06:00,96
30.04.2020,07:00,143
30.04.2020,08:00,143
30.04.2020,09:00,139
30.04.2020,10:00,91
30.04.2020,11:00,56
30.04.2020,12:00,60
30.04.2020,13:00,60
30.04.2020,14:00,97
30.04.2020,15:00,92
30.04.2020,16:00,99
30.04.2020,17:00,100
30.04.2020,18:00,101
30.04.2020,19:00,137
30.04.2020,20:00,101
30.04.2020,21:00,99
30.04.2020,22:00,89
30.04.2020,23:00,85
