Datum,Uhrzeit,Generation_DE Gas0und0Dampfturbinen[MW],Generation_DE Niehl 3[MW]
01.01.2020,00:00,0,303
01.01.2020,01:00,0,306
01.01.2020,02:00,0,308
01.01.2020,03:00,0,308
01.01.2020,04:00,0,238
01.01.2020,05:00,0,254
01.01.2020,06:00,0,251
01.01.2020,07:00,0,290
01.01.2020,08:00,0,274
01.01.2020,09:00,0,275
01.01.2020,10:00,0,261
01.01.2020,11:00,0,276
01.01.2020,12:00,0,252
01.01.2020,13:00,0,240
01.01.2020,14:00,0,309
01.01.2020,15:00,0,306
01.01.2020,16:00,0,301
01.01.2020,17:00,0,302
01.01.2020,18:00,0,303
01.01.2020,19:00,0,288
01.01.2020,20:00,0,305
01.01.2020,21:00,0,310
01.01.2020,22:00,0,312
01.01.2020,23:00,0,281
02.01.2020,00:00,0,302
02.01.2020,01:00,0,321
02.01.2020,02:00,0,323
02.01.2020,03:00,0,252
02.01.2020,04:00,0,322
02.01.2020,05:00,0,315
02.01.2020,06:00,0,302
02.01.2020,07:00,0,302
02.01.2020,08:00,0,308
02.01.2020,09:00,0,312
02.01.2020,10:00,0,311
02.01.2020,11:00,0,308
02.01.2020,12:00,0,301
02.01.2020,13:00,0,299
02.01.2020,14:00,0,298
02.01.2020,15:00,0,295
02.01.2020,16:00,0,293
02.01.2020,17:00,0,306
02.01.2020,18:00,0,308
02.01.2020,19:00,0,294
02.01.2020,20:00,0,305
02.01.2020,21:00,0,310
02.01.2020,22:00,0,309
02.01.2020,23:00,0,202
03.01.2020,00:00,0,329
03.01.2020,01:00,0,157
03.01.2020,02:00,0,160
03.01.2020,03:00,0,159
03.01.2020,04:00,0,175
03.01.2020,05:00,0,203
03.01.2020,06:00,0,254
03.01.2020,07:00,0,243
03.01.2020,08:00,0,249
03.01.2020,09:00,0,283
03.01.2020,10:00,0,274
03.01.2020,11:00,0,271
03.01.2020,12:00,0,303
03.01.2020,13:00,0,307
03.01.2020,14:00,0,220
03.01.2020,15:00,0,205
03.01.2020,16:00,0,288
03.01.2020,17:00,0,202
03.01.2020,18:00,0,201
03.01.2020,19:00,0,190
03.01.2020,20:00,0,225
03.01.2020,21:00,0,174
03.01.2020,22:00,0,162
03.01.2020,23:00,0,139
04.01.2020,00:00,0,0
04.01.2020,01:00,0,0
04.01.2020,02:00,0,0
04.01.2020,03:00,0,0
04.01.2020,04:00,0,0
04.01.2020,05:00,0,0
04.01.2020,06:00,0,0
04.01.2020,07:00,0,0
04.01.2020,08:00,0,0
04.01.2020,09:00,0,0
04.01.2020,10:00,0,0
04.01.2020,11:00,0,0
04.01.2020,12:00,0,0
04.01.2020,13:00,0,0
04.01.2020,14:00,0,0
04.01.2020,15:00,0,0
04.01.2020,16:00,0,0
04.01.2020,17:00,0,0
04.01.2020,18:00,0,0
04.01.2020,19:00,0,0
04.01.2020,20:00,0,0
04.01.2020,21:00,0,0
04.01.2020,22:00,0,0
04.01.2020,23:00,0,0
05.01.2020,00:00,226,0
05.01.2020,01:00,228,0
05.01.2020,02:00,132,0
05.01.2020,03:00,206,0
05.01.2020,04:00,149,0
05.01.2020,05:00,179,0
05.01.2020,06:00,247,0
05.01.2020,07:00,248,0
05.01.2020,08:00,248,0
05.01.2020,09:00,250,0
05.01.2020,10:00,246,0
05.01.2020,11:00,248,0
05.01.2020,12:00,246,0
05.01.2020,13:00,246,0
05.01.2020,14:00,246,0
05.01.2020,15:00,246,0
05.01.2020,16:00,246,0
05.01.2020,17:00,246,0
05.01.2020,18:00,246,0
05.01.2020,19:00,246,0
05.01.2020,20:00,246,0
05.01.2020,21:00,247,0
05.01.2020,22:00,248,0
05.01.2020,23:00,250,0
06.01.2020,00:00,245,0
06.01.2020,01:00,185,0
06.01.2020,02:00,183,0
06.01.2020,03:00,187,0
06.01.2020,04:00,204,0
06.01.2020,05:00,244,0
06.01.2020,06:00,260,0
06.01.2020,07:00,268,0
06.01.2020,08:00,269,0
06.01.2020,09:00,270,0
06.01.2020,10:00,270,0
06.01.2020,11:00,262,0
06.01.2020,12:00,242,0
06.01.2020,13:00,242,0
06.01.2020,14:00,245,0
06.01.2020,15:00,244,0
06.01.2020,16:00,242,0
06.01.2020,17:00,253,0
06.01.2020,18:00,268,0
06.01.2020,19:00,268,0
06.01.2020,20:00,268,0
06.01.2020,21:00,269,0
06.01.2020,22:00,269,0
06.01.2020,23:00,266,0
07.01.2020,00:00,261,272
07.01.2020,01:00,203,140
07.01.2020,02:00,202,120
07.01.2020,03:00,129,120
07.01.2020,04:00,132,115
07.01.2020,05:00,205,155
07.01.2020,06:00,266,301
07.01.2020,07:00,267,289
07.01.2020,08:00,268,281
07.01.2020,09:00,268,281
07.01.2020,10:00,268,281
07.01.2020,11:00,268,286
07.01.2020,12:00,268,299
07.01.2020,13:00,268,311
07.01.2020,14:00,268,309
07.01.2020,15:00,267,290
07.01.2020,16:00,267,282
07.01.2020,17:00,268,264
07.01.2020,18:00,269,250
07.01.2020,19:00,269,239
07.01.2020,20:00,268,277
07.01.2020,21:00,228,208
07.01.2020,22:00,266,291
07.01.2020,23:00,234,139
08.01.2020,00:00,241,247
08.01.2020,01:00,124,118
08.01.2020,02:00,125,161
08.01.2020,03:00,164,165
08.01.2020,04:00,161,193
08.01.2020,05:00,213,330
08.01.2020,06:00,219,313
08.01.2020,07:00,265,292
08.01.2020,08:00,265,281
08.01.2020,09:00,265,270
08.01.2020,10:00,266,283
08.01.2020,11:00,266,284
08.01.2020,12:00,266,282
08.01.2020,13:00,266,285
08.01.2020,14:00,265,286
08.01.2020,15:00,265,285
08.01.2020,16:00,266,289
08.01.2020,17:00,266,279
08.01.2020,18:00,265,276
08.01.2020,19:00,266,284
08.01.2020,20:00,266,240
08.01.2020,21:00,266,281
08.01.2020,22:00,266,301
08.01.2020,23:00,266,302
09.01.2020,00:00,266,334
09.01.2020,01:00,266,344
09.01.2020,02:00,265,348
09.01.2020,03:00,251,329
09.01.2020,04:00,168,139
09.01.2020,05:00,263,330
09.01.2020,06:00,264,315
09.01.2020,07:00,263,292
09.01.2020,08:00,263,237
09.01.2020,09:00,263,199
09.01.2020,10:00,262,253
09.01.2020,11:00,212,206
09.01.2020,12:00,232,164
09.01.2020,13:00,147,207
09.01.2020,14:00,217,215
09.01.2020,15:00,260,243
09.01.2020,16:00,262,277
09.01.2020,17:00,262,273
09.01.2020,18:00,262,276
09.01.2020,19:00,262,281
09.01.2020,20:00,263,288
09.01.2020,21:00,263,295
09.01.2020,22:00,263,305
09.01.2020,23:00,263,306
10.01.2020,00:00,0,311
10.01.2020,01:00,213,235
10.01.2020,02:00,159,111
10.01.2020,03:00,126,95
10.01.2020,04:00,149,220
10.01.2020,05:00,261,325
10.01.2020,06:00,263,262
10.01.2020,07:00,264,286
10.01.2020,08:00,264,271
10.01.2020,09:00,264,278
10.01.2020,10:00,265,271
10.01.2020,11:00,265,206
10.01.2020,12:00,265,263
10.01.2020,13:00,265,284
10.01.2020,14:00,266,283
10.01.2020,15:00,266,188
10.01.2020,16:00,267,183
10.01.2020,17:00,267,167
10.01.2020,18:00,268,280
10.01.2020,19:00,269,279
10.01.2020,20:00,269,232
10.01.2020,21:00,270,212
10.01.2020,22:00,271,290
10.01.2020,23:00,271,316
11.01.2020,00:00,0,334
11.01.2020,01:00,0,345
11.01.2020,02:00,0,343
11.01.2020,03:00,0,241
11.01.2020,04:00,0,137
11.01.2020,05:00,0,252
11.01.2020,06:00,0,243
11.01.2020,07:00,0,250
11.01.2020,08:00,0,261
11.01.2020,09:00,0,302
11.01.2020,10:00,0,244
11.01.2020,11:00,0,198
11.01.2020,12:00,0,236
11.01.2020,13:00,0,170
11.01.2020,14:00,0,287
11.01.2020,15:00,0,287
11.01.2020,16:00,0,272
11.01.2020,17:00,0,239
11.01.2020,18:00,0,258
11.01.2020,19:00,0,230
11.01.2020,20:00,0,301
11.01.2020,21:00,0,304
11.01.2020,22:00,0,318
11.01.2020,23:00,0,299
12.01.2020,00:00,0,154
12.01.2020,01:00,0,173
12.01.2020,02:00,0,165
12.01.2020,03:00,0,211
12.01.2020,04:00,0,172
12.01.2020,05:00,0,202
12.01.2020,06:00,0,236
12.01.2020,07:00,0,268
12.01.2020,08:00,0,254
12.01.2020,09:00,0,280
12.01.2020,10:00,0,282
12.01.2020,11:00,0,268
12.01.2020,12:00,0,256
12.01.2020,13:00,0,286
12.01.2020,14:00,0,245
12.01.2020,15:00,0,178
12.01.2020,16:00,0,208
12.01.2020,17:00,0,197
12.01.2020,18:00,0,256
12.01.2020,19:00,0,304
12.01.2020,20:00,0,189
12.01.2020,21:00,0,185
12.01.2020,22:00,0,159
12.01.2020,23:00,0,234
13.01.2020,00:00,0,148
13.01.2020,01:00,0,314
13.01.2020,02:00,0,133
13.01.2020,03:00,0,197
13.01.2020,04:00,0,148
13.01.2020,05:00,0,185
13.01.2020,06:00,0,307
13.01.2020,07:00,0,290
13.01.2020,08:00,0,284
13.01.2020,09:00,0,280
13.01.2020,10:00,0,278
13.01.2020,11:00,0,277
13.01.2020,12:00,0,286
13.01.2020,13:00,0,283
13.01.2020,14:00,0,282
13.01.2020,15:00,0,284
13.01.2020,16:00,0,281
13.01.2020,17:00,0,278
13.01.2020,18:00,0,240
13.01.2020,19:00,0,253
13.01.2020,20:00,0,157
13.01.2020,21:00,0,191
13.01.2020,22:00,0,298
13.01.2020,23:00,0,282
14.01.2020,00:00,0,225
14.01.2020,01:00,0,264
14.01.2020,02:00,0,93
14.01.2020,03:00,0,100
14.01.2020,04:00,0,189
14.01.2020,05:00,0,251
14.01.2020,06:00,0,174
14.01.2020,07:00,0,281
14.01.2020,08:00,0,263
14.01.2020,09:00,0,199
14.01.2020,10:00,0,227
14.01.2020,11:00,0,166
14.01.2020,12:00,0,138
14.01.2020,13:00,0,212
14.01.2020,14:00,0,267
14.01.2020,15:00,0,233
14.01.2020,16:00,0,244
14.01.2020,17:00,0,249
14.01.2020,18:00,0,283
14.01.2020,19:00,0,299
14.01.2020,20:00,0,240
14.01.2020,21:00,0,234
14.01.2020,22:00,0,204
14.01.2020,23:00,0,114
15.01.2020,00:00,0,113
15.01.2020,01:00,0,292
15.01.2020,02:00,0,113
15.01.2020,03:00,0,236
15.01.2020,04:00,0,223
15.01.2020,05:00,0,164
15.01.2020,06:00,0,321
15.01.2020,07:00,0,318
15.01.2020,08:00,0,305
15.01.2020,09:00,0,300
15.01.2020,10:00,0,246
15.01.2020,11:00,0,299
15.01.2020,12:00,0,262
15.01.2020,13:00,0,227
15.01.2020,14:00,0,294
15.01.2020,15:00,0,295
15.01.2020,16:00,0,298
15.01.2020,17:00,0,298
15.01.2020,18:00,0,279
15.01.2020,19:00,0,266
15.01.2020,20:00,0,310
15.01.2020,21:00,0,168
15.01.2020,22:00,0,349
15.01.2020,23:00,0,357
16.01.2020,00:00,24,359
16.01.2020,01:00,62,342
16.01.2020,02:00,61,338
16.01.2020,03:00,61,342
16.01.2020,04:00,61,349
16.01.2020,05:00,142,345
16.01.2020,06:00,266,311
16.01.2020,07:00,0,280
16.01.2020,08:00,271,269
16.01.2020,09:00,271,276
16.01.2020,10:00,267,284
16.01.2020,11:00,266,290
16.01.2020,12:00,265,212
16.01.2020,13:00,265,266
16.01.2020,14:00,264,281
16.01.2020,15:00,0,281
16.01.2020,16:00,265,279
16.01.2020,17:00,265,280
16.01.2020,18:00,266,268
16.01.2020,19:00,266,277
16.01.2020,20:00,266,264
16.01.2020,21:00,266,217
16.01.2020,22:00,266,294
16.01.2020,23:00,263,243
17.01.2020,00:00,191,123
17.01.2020,01:00,150,154
17.01.2020,02:00,0,173
17.01.2020,03:00,213,259
17.01.2020,04:00,217,211
17.01.2020,05:00,257,283
17.01.2020,06:00,256,260
17.01.2020,07:00,262,286
17.01.2020,08:00,261,266
17.01.2020,09:00,261,261
17.01.2020,10:00,260,231
17.01.2020,11:00,262,272
17.01.2020,12:00,259,236
17.01.2020,13:00,262,274
17.01.2020,14:00,262,274
17.01.2020,15:00,262,275
17.01.2020,16:00,262,273
17.01.2020,17:00,262,277
17.01.2020,18:00,262,274
17.01.2020,19:00,261,259
17.01.2020,20:00,255,203
17.01.2020,21:00,161,132
17.01.2020,22:00,0,176
17.01.2020,23:00,206,220
18.01.2020,00:00,187,145
18.01.2020,01:00,178,323
18.01.2020,02:00,150,234
18.01.2020,03:00,162,184
18.01.2020,04:00,258,327
18.01.2020,05:00,192,240
18.01.2020,06:00,218,172
18.01.2020,07:00,264,318
18.01.2020,08:00,263,308
18.01.2020,09:00,265,301
18.01.2020,10:00,264,303
18.01.2020,11:00,258,281
18.01.2020,12:00,264,293
18.01.2020,13:00,265,297
18.01.2020,14:00,257,278
18.01.2020,15:00,260,286
18.01.2020,16:00,263,299
18.01.2020,17:00,0,0
18.01.2020,18:00,260,281
18.01.2020,19:00,257,268
18.01.2020,20:00,264,302
18.01.2020,21:00,256,290
18.01.2020,22:00,265,319
18.01.2020,23:00,260,319
19.01.2020,00:00,268,338
19.01.2020,01:00,269,304
19.01.2020,02:00,269,348
19.01.2020,03:00,270,349
19.01.2020,04:00,270,331
19.01.2020,05:00,0,306
19.01.2020,06:00,269,336
19.01.2020,07:00,269,337
19.01.2020,08:00,269,318
19.01.2020,09:00,269,331
19.01.2020,10:00,270,329
19.01.2020,11:00,268,321
19.01.2020,12:00,268,315
19.01.2020,13:00,267,317
19.01.2020,14:00,266,322
19.01.2020,15:00,266,322
19.01.2020,16:00,265,314
19.01.2020,17:00,265,311
19.01.2020,18:00,265,314
19.01.2020,19:00,266,313
19.01.2020,20:00,266,314
19.01.2020,21:00,267,316
19.01.2020,22:00,268,320
19.01.2020,23:00,268,309
20.01.2020,00:00,269,354
20.01.2020,01:00,269,357
20.01.2020,02:00,270,359
20.01.2020,03:00,272,360
20.01.2020,04:00,269,353
20.01.2020,05:00,270,343
20.01.2020,06:00,272,319
20.01.2020,07:00,0,293
20.01.2020,08:00,273,288
20.01.2020,09:00,274,284
20.01.2020,10:00,272,277
20.01.2020,11:00,272,283
20.01.2020,12:00,242,277
20.01.2020,13:00,271,292
20.01.2020,14:00,271,286
20.01.2020,15:00,271,295
20.01.2020,16:00,271,293
20.01.2020,17:00,270,279
20.01.2020,18:00,226,277
20.01.2020,19:00,182,284
20.01.2020,20:00,182,290
20.01.2020,21:00,179,290
20.01.2020,22:00,136,267
20.01.2020,23:00,143,312
21.01.2020,00:00,213,235
21.01.2020,01:00,205,239
21.01.2020,02:00,195,241
21.01.2020,03:00,195,249
21.01.2020,04:00,205,248
21.01.2020,05:00,214,246
21.01.2020,06:00,218,309
21.01.2020,07:00,267,291
21.01.2020,08:00,268,290
21.01.2020,09:00,268,291
21.01.2020,10:00,268,292
21.01.2020,11:00,267,292
21.01.2020,12:00,266,293
21.01.2020,13:00,0,295
21.01.2020,14:00,265,295
21.01.2020,15:00,264,294
21.01.2020,16:00,259,287
21.01.2020,17:00,0,286
21.01.2020,18:00,214,288
21.01.2020,19:00,207,290
21.01.2020,20:00,150,294
21.01.2020,21:00,149,300
21.01.2020,22:00,140,305
21.01.2020,23:00,139,292
22.01.2020,00:00,123,316
22.01.2020,01:00,123,319
22.01.2020,02:00,124,329
22.01.2020,03:00,123,331
22.01.2020,04:00,123,325
22.01.2020,05:00,0,319
22.01.2020,06:00,147,302
22.01.2020,07:00,260,293
22.01.2020,08:00,261,283
22.01.2020,09:00,261,277
22.01.2020,10:00,261,281
22.01.2020,11:00,262,279
22.01.2020,12:00,264,281
22.01.2020,13:00,265,288
22.01.2020,14:00,264,288
22.01.2020,15:00,264,287
22.01.2020,16:00,266,287
22.01.2020,17:00,267,285
22.01.2020,18:00,267,285
22.01.2020,19:00,267,287
22.01.2020,20:00,267,294
22.01.2020,21:00,267,300
22.01.2020,22:00,267,307
22.01.2020,23:00,263,312
23.01.2020,00:00,215,238
23.01.2020,01:00,215,242
23.01.2020,02:00,215,251
23.01.2020,03:00,215,253
23.01.2020,04:00,215,252
23.01.2020,05:00,218,250
23.01.2020,06:00,264,312
23.01.2020,07:00,266,289
23.01.2020,08:00,266,284
23.01.2020,09:00,266,283
23.01.2020,10:00,266,280
23.01.2020,11:00,266,280
23.01.2020,12:00,266,279
23.01.2020,13:00,266,280
23.01.2020,14:00,266,284
23.01.2020,15:00,266,287
23.01.2020,16:00,265,289
23.01.2020,17:00,266,280
23.01.2020,18:00,266,281
23.01.2020,19:00,266,283
23.01.2020,20:00,267,285
23.01.2020,21:00,267,290
23.01.2020,22:00,267,298
23.01.2020,23:00,263,306
24.01.2020,00:00,219,264
24.01.2020,01:00,219,273
24.01.2020,02:00,218,242
24.01.2020,03:00,219,268
24.01.2020,04:00,0,277
24.01.2020,05:00,221,269
24.01.2020,06:00,253,290
24.01.2020,07:00,263,275
24.01.2020,08:00,263,276
24.01.2020,09:00,263,274
24.01.2020,10:00,264,271
24.01.2020,11:00,264,271
24.01.2020,12:00,266,266
24.01.2020,13:00,267,268
24.01.2020,14:00,267,266
24.01.2020,15:00,267,268
24.01.2020,16:00,267,267
24.01.2020,17:00,267,264
24.01.2020,18:00,267,268
24.01.2020,19:00,267,271
24.01.2020,20:00,267,279
24.01.2020,21:00,268,288
24.01.2020,22:00,260,296
24.01.2020,23:00,242,311
25.01.2020,00:00,261,314
25.01.2020,01:00,207,232
25.01.2020,02:00,207,241
25.01.2020,03:00,207,246
25.01.2020,04:00,207,250
25.01.2020,05:00,207,246
25.01.2020,06:00,213,247
25.01.2020,07:00,265,319
25.01.2020,08:00,266,303
25.01.2020,09:00,267,288
25.01.2020,10:00,267,274
25.01.2020,11:00,267,273
25.01.2020,12:00,266,276
25.01.2020,13:00,266,280
25.01.2020,14:00,265,282
25.01.2020,15:00,265,281
25.01.2020,16:00,265,280
25.01.2020,17:00,265,279
25.01.2020,18:00,264,290
25.01.2020,19:00,263,291
25.01.2020,20:00,264,296
25.01.2020,21:00,263,301
25.01.2020,22:00,264,306
25.01.2020,23:00,258,308
26.01.2020,00:00,0,0
26.01.2020,01:00,200,0
26.01.2020,02:00,204,0
26.01.2020,03:00,204,0
26.01.2020,04:00,204,0
26.01.2020,05:00,204,0
26.01.2020,06:00,204,0
26.01.2020,07:00,209,0
26.01.2020,08:00,263,0
26.01.2020,09:00,265,0
26.01.2020,10:00,264,0
26.01.2020,11:00,264,0
26.01.2020,12:00,257,0
26.01.2020,13:00,0,0
26.01.2020,14:00,204,0
26.01.2020,15:00,260,0
26.01.2020,16:00,261,0
26.01.2020,17:00,260,0
26.01.2020,18:00,228,0
26.01.2020,19:00,226,0
26.01.2020,20:00,195,0
26.01.2020,21:00,189,0
26.01.2020,22:00,193,0
26.01.2020,23:00,243,0
27.01.2020,00:00,244,0
27.01.2020,01:00,243,0
27.01.2020,02:00,208,0
27.01.2020,03:00,155,0
27.01.2020,04:00,215,0
27.01.2020,05:00,239,0
27.01.2020,06:00,238,0
27.01.2020,07:00,240,0
27.01.2020,08:00,239,0
27.01.2020,09:00,239,0
27.01.2020,10:00,180,0
27.01.2020,11:00,240,0
27.01.2020,12:00,238,0
27.01.2020,13:00,236,0
27.01.2020,14:00,236,0
27.01.2020,15:00,237,0
27.01.2020,16:00,237,0
27.01.2020,17:00,237,0
27.01.2020,18:00,240,0
27.01.2020,19:00,240,0
27.01.2020,20:00,244,0
27.01.2020,21:00,245,0
27.01.2020,22:00,245,0
27.01.2020,23:00,239,0
28.01.2020,00:00,0,0
28.01.2020,01:00,0,0
28.01.2020,02:00,0,0
28.01.2020,03:00,0,0
28.01.2020,04:00,0,0
28.01.2020,05:00,0,0
28.01.2020,06:00,0,0
28.01.2020,07:00,0,0
28.01.2020,08:00,0,0
28.01.2020,09:00,0,0
28.01.2020,10:00,0,0
28.01.2020,11:00,0,0
28.01.2020,12:00,0,0
28.01.2020,13:00,0,0
28.01.2020,14:00,0,0
28.01.2020,15:00,0,0
28.01.2020,16:00,0,0
28.01.2020,17:00,0,0
28.01.2020,18:00,0,0
28.01.2020,19:00,0,0
28.01.2020,20:00,0,0
28.01.2020,21:00,0,0
28.01.2020,22:00,0,0
28.01.2020,23:00,0,0
29.01.2020,00:00,0,229
29.01.2020,01:00,0,307
29.01.2020,02:00,0,313
29.01.2020,03:00,0,313
29.01.2020,04:00,0,251
29.01.2020,05:00,0,290
29.01.2020,06:00,0,259
29.01.2020,07:00,0,270
29.01.2020,08:00,0,272
29.01.2020,09:00,0,267
29.01.2020,10:00,0,263
29.01.2020,11:00,0,267
29.01.2020,12:00,0,274
29.01.2020,13:00,0,274
29.01.2020,14:00,0,273
29.01.2020,15:00,0,199
29.01.2020,16:00,0,266
29.01.2020,17:00,0,271
29.01.2020,18:00,0,266
29.01.2020,19:00,0,272
29.01.2020,20:00,0,273
29.01.2020,21:00,0,164
29.01.2020,22:00,0,134
29.01.2020,23:00,0,120
30.01.2020,00:00,0,189
30.01.2020,01:00,0,199
30.01.2020,02:00,0,229
30.01.2020,03:00,0,146
30.01.2020,04:00,0,159
30.01.2020,05:00,0,261
30.01.2020,06:00,0,252
30.01.2020,07:00,0,262
30.01.2020,08:00,0,210
30.01.2020,09:00,0,233
30.01.2020,10:00,0,181
30.01.2020,11:00,0,152
30.01.2020,12:00,0,196
30.01.2020,13:00,0,139
30.01.2020,14:00,0,228
30.01.2020,15:00,0,263
30.01.2020,16:00,0,201
30.01.2020,17:00,0,267
30.01.2020,18:00,0,208
30.01.2020,19:00,0,195
30.01.2020,20:00,0,163
30.01.2020,21:00,0,246
30.01.2020,22:00,0,228
30.01.2020,23:00,0,171
31.01.2020,00:00,0,41
31.01.2020,01:00,0,38
31.01.2020,02:00,0,38
31.01.2020,03:00,0,38
31.01.2020,04:00,0,35
31.01.2020,05:00,0,44
31.01.2020,06:00,0,191
31.01.2020,07:00,0,306
31.01.2020,08:00,0,310
31.01.2020,09:00,0,300
31.01.2020,10:00,0,219
31.01.2020,11:00,0,224
31.01.2020,12:00,0,158
31.01.2020,13:00,0,110
31.01.2020,14:00,0,215
31.01.2020,15:00,0,283
31.01.2020,16:00,0,284
31.01.2020,17:00,0,280
31.01.2020,18:00,0,261
31.01.2020,19:00,0,144
31.01.2020,20:00,0,262
31.01.2020,21:00,0,283
31.01.2020,22:00,0,298
31.01.2020,23:00,0,113
01.02.2020,00:00,0,103
01.02.2020,01:00,0,87
01.02.2020,02:00,0,76
01.02.2020,03:00,0,73
01.02.2020,04:00,0,85
01.02.2020,05:00,0,101
01.02.2020,06:00,0,116
01.02.2020,07:00,0,103
01.02.2020,08:00,0,111
01.02.2020,09:00,0,118
01.02.2020,10:00,0,0
01.02.2020,11:00,0,125
01.02.2020,12:00,0,116
01.02.2020,13:00,0,103
01.02.2020,14:00,0,93
01.02.2020,15:00,0,93
01.02.2020,16:00,0,135
01.02.2020,17:00,0,0
01.02.2020,18:00,0,123
01.02.2020,19:00,0,110
01.02.2020,20:00,0,112
01.02.2020,21:00,0,45
01.02.2020,22:00,0,54
01.02.2020,23:00,0,65
02.02.2020,00:00,0,73
02.02.2020,01:00,0,76
02.02.2020,02:00,0,77
02.02.2020,03:00,0,78
02.02.2020,04:00,0,78
02.02.2020,05:00,0,77
02.02.2020,06:00,0,71
02.02.2020,07:00,0,89
02.02.2020,08:00,0,322
02.02.2020,09:00,0,311
02.02.2020,10:00,0,287
02.02.2020,11:00,0,285
02.02.2020,12:00,0,290
02.02.2020,13:00,0,295
02.02.2020,14:00,0,296
02.02.2020,15:00,0,300
02.02.2020,16:00,0,302
02.02.2020,17:00,0,297
02.02.2020,18:00,0,291
02.02.2020,19:00,0,295
02.02.2020,20:00,0,330
02.02.2020,21:00,0,336
02.02.2020,22:00,0,321
02.02.2020,23:00,0,182
03.02.2020,00:00,0,336
03.02.2020,01:00,0,327
03.02.2020,02:00,0,101
03.02.2020,03:00,0,166
03.02.2020,04:00,0,112
03.02.2020,05:00,0,138
03.02.2020,06:00,0,163
03.02.2020,07:00,0,179
03.02.2020,08:00,0,301
03.02.2020,09:00,0,299
03.02.2020,10:00,0,289
03.02.2020,11:00,0,297
03.02.2020,12:00,0,290
03.02.2020,13:00,0,286
03.02.2020,14:00,0,211
03.02.2020,15:00,0,292
03.02.2020,16:00,0,292
03.02.2020,17:00,0,290
03.02.2020,18:00,0,283
03.02.2020,19:00,0,286
03.02.2020,20:00,0,286
03.02.2020,21:00,0,294
03.02.2020,22:00,0,306
03.02.2020,23:00,0,300
04.02.2020,00:00,0,165
04.02.2020,01:00,0,216
04.02.2020,02:00,0,167
04.02.2020,03:00,0,232
04.02.2020,04:00,0,162
04.02.2020,05:00,0,175
04.02.2020,06:00,0,209
04.02.2020,07:00,0,290
04.02.2020,08:00,0,292
04.02.2020,09:00,0,292
04.02.2020,10:00,0,288
04.02.2020,11:00,0,296
04.02.2020,12:00,0,293
04.02.2020,13:00,0,236
04.02.2020,14:00,0,164
04.02.2020,15:00,0,284
04.02.2020,16:00,0,270
04.02.2020,17:00,0,266
04.02.2020,18:00,0,142
04.02.2020,19:00,0,150
04.02.2020,20:00,0,213
04.02.2020,21:00,0,217
04.02.2020,22:00,0,287
04.02.2020,23:00,0,105
05.02.2020,00:00,120,123
05.02.2020,01:00,121,123
05.02.2020,02:00,122,139
05.02.2020,03:00,164,151
05.02.2020,04:00,181,152
05.02.2020,05:00,173,240
05.02.2020,06:00,266,298
05.02.2020,07:00,268,301
05.02.2020,08:00,269,292
05.02.2020,09:00,269,286
05.02.2020,10:00,261,253
05.02.2020,11:00,262,280
05.02.2020,12:00,262,254
05.02.2020,13:00,268,222
05.02.2020,14:00,270,224
05.02.2020,15:00,271,254
05.02.2020,16:00,271,288
05.02.2020,17:00,271,263
05.02.2020,18:00,271,289
05.02.2020,19:00,271,283
05.02.2020,20:00,271,258
05.02.2020,21:00,271,266
05.02.2020,22:00,271,304
05.02.2020,23:00,271,311
06.02.2020,00:00,271,300
06.02.2020,01:00,271,252
06.02.2020,02:00,271,241
06.02.2020,03:00,261,200
06.02.2020,04:00,224,207
06.02.2020,05:00,219,226
06.02.2020,06:00,269,291
06.02.2020,07:00,270,266
06.02.2020,08:00,270,284
06.02.2020,09:00,270,281
06.02.2020,10:00,269,287
06.02.2020,11:00,254,306
06.02.2020,12:00,248,295
06.02.2020,13:00,255,292
06.02.2020,14:00,269,197
06.02.2020,15:00,269,268
06.02.2020,16:00,269,282
06.02.2020,17:00,269,251
06.02.2020,18:00,269,256
06.02.2020,19:00,269,288
06.02.2020,20:00,269,290
06.02.2020,21:00,269,264
06.02.2020,22:00,270,304
06.02.2020,23:00,270,326
07.02.2020,00:00,269,340
07.02.2020,01:00,270,348
07.02.2020,02:00,270,349
07.02.2020,03:00,270,350
07.02.2020,04:00,270,352
07.02.2020,05:00,269,331
07.02.2020,06:00,269,307
07.02.2020,07:00,268,283
07.02.2020,08:00,267,267
07.02.2020,09:00,245,189
07.02.2020,10:00,245,193
07.02.2020,11:00,244,191
07.02.2020,12:00,262,241
07.02.2020,13:00,265,284
07.02.2020,14:00,259,264
07.02.2020,15:00,248,203
07.02.2020,16:00,264,286
07.02.2020,17:00,258,255
07.02.2020,18:00,264,273
07.02.2020,19:00,267,292
07.02.2020,20:00,267,273
07.02.2020,21:00,267,238
07.02.2020,22:00,267,305
07.02.2020,23:00,266,307
08.02.2020,00:00,218,227
08.02.2020,01:00,129,186
08.02.2020,02:00,161,178
08.02.2020,03:00,182,232
08.02.2020,04:00,257,182
08.02.2020,05:00,185,203
08.02.2020,06:00,263,263
08.02.2020,07:00,267,172
08.02.2020,08:00,267,250
08.02.2020,09:00,266,299
08.02.2020,10:00,266,293
08.02.2020,11:00,265,281
08.02.2020,12:00,265,278
08.02.2020,13:00,264,295
08.02.2020,14:00,263,294
08.02.2020,15:00,263,302
08.02.2020,16:00,263,290
08.02.2020,17:00,264,144
08.02.2020,18:00,255,288
08.02.2020,19:00,187,110
08.02.2020,20:00,261,208
08.02.2020,21:00,247,294
08.02.2020,22:00,231,320
08.02.2020,23:00,118,300
09.02.2020,00:00,0,197
09.02.2020,01:00,0,133
09.02.2020,02:00,0,138
09.02.2020,03:00,0,49
09.02.2020,04:00,0,31
09.02.2020,05:00,0,31
09.02.2020,06:00,0,38
09.02.2020,07:00,0,33
09.02.2020,08:00,0,31
09.02.2020,09:00,0,31
09.02.2020,10:00,0,37
09.02.2020,11:00,0,30
09.02.2020,12:00,0,35
09.02.2020,13:00,0,36
09.02.2020,14:00,0,39
09.02.2020,15:00,0,39
09.02.2020,16:00,0,39
09.02.2020,17:00,0,34
09.02.2020,18:00,0,100
09.02.2020,19:00,0,35
09.02.2020,20:00,0,39
09.02.2020,21:00,0,44
09.02.2020,22:00,0,83
09.02.2020,23:00,0,124
10.02.2020,00:00,0,32
10.02.2020,01:00,0,35
10.02.2020,02:00,0,36
10.02.2020,03:00,0,35
10.02.2020,04:00,0,34
10.02.2020,05:00,0,66
10.02.2020,06:00,0,289
10.02.2020,07:00,0,272
10.02.2020,08:00,0,270
10.02.2020,09:00,0,224
10.02.2020,10:00,0,269
10.02.2020,11:00,0,265
10.02.2020,12:00,0,208
10.02.2020,13:00,0,256
10.02.2020,14:00,0,268
10.02.2020,15:00,0,162
10.02.2020,16:00,0,250
10.02.2020,17:00,0,279
10.02.2020,18:00,0,277
10.02.2020,19:00,0,286
10.02.2020,20:00,0,274
10.02.2020,21:00,0,216
10.02.2020,22:00,0,249
10.02.2020,23:00,0,144
11.02.2020,00:00,0,54
11.02.2020,01:00,0,29
11.02.2020,02:00,0,30
11.02.2020,03:00,0,31
11.02.2020,04:00,0,35
11.02.2020,05:00,0,53
11.02.2020,06:00,0,138
11.02.2020,07:00,0,143
11.02.2020,08:00,0,135
11.02.2020,09:00,0,125
11.02.2020,10:00,0,136
11.02.2020,11:00,0,109
11.02.2020,12:00,0,137
11.02.2020,13:00,0,167
11.02.2020,14:00,0,173
11.02.2020,15:00,0,161
11.02.2020,16:00,0,99
11.02.2020,17:00,0,108
11.02.2020,18:00,0,169
11.02.2020,19:00,0,252
11.02.2020,20:00,0,258
11.02.2020,21:00,0,272
11.02.2020,22:00,0,245
11.02.2020,23:00,0,262
12.02.2020,00:00,0,289
12.02.2020,01:00,0,205
12.02.2020,02:00,0,146
12.02.2020,03:00,0,143
12.02.2020,04:00,0,160
12.02.2020,05:00,0,137
12.02.2020,06:00,0,224
12.02.2020,07:00,0,286
12.02.2020,08:00,0,287
12.02.2020,09:00,0,291
12.02.2020,10:00,0,280
12.02.2020,11:00,0,291
12.02.2020,12:00,0,290
12.02.2020,13:00,0,290
12.02.2020,14:00,0,227
12.02.2020,15:00,0,284
12.02.2020,16:00,0,279
12.02.2020,17:00,0,276
12.02.2020,18:00,0,280
12.02.2020,19:00,0,282
12.02.2020,20:00,0,286
12.02.2020,21:00,0,278
12.02.2020,22:00,0,295
12.02.2020,23:00,0,180
13.02.2020,00:00,125,118
13.02.2020,01:00,124,110
13.02.2020,02:00,125,121
13.02.2020,03:00,125,117
13.02.2020,04:00,125,160
13.02.2020,05:00,149,165
13.02.2020,06:00,264,280
13.02.2020,07:00,265,279
13.02.2020,08:00,265,274
13.02.2020,09:00,265,284
13.02.2020,10:00,264,288
13.02.2020,11:00,263,290
13.02.2020,12:00,263,283
13.02.2020,13:00,221,187
13.02.2020,14:00,260,282
13.02.2020,15:00,259,272
13.02.2020,16:00,259,268
13.02.2020,17:00,259,267
13.02.2020,18:00,259,269
13.02.2020,19:00,259,268
13.02.2020,20:00,260,272
13.02.2020,21:00,261,277
13.02.2020,22:00,261,292
13.02.2020,23:00,261,275
14.02.2020,00:00,261,0
14.02.2020,01:00,261,0
14.02.2020,02:00,261,0
14.02.2020,03:00,261,0
14.02.2020,04:00,262,0
14.02.2020,05:00,265,0
14.02.2020,06:00,265,0
14.02.2020,07:00,265,0
14.02.2020,08:00,266,0
14.02.2020,09:00,266,0
14.02.2020,10:00,266,0
14.02.2020,11:00,266,0
14.02.2020,12:00,266,0
14.02.2020,13:00,255,0
14.02.2020,14:00,240,0
14.02.2020,15:00,243,0
14.02.2020,16:00,242,0
14.02.2020,17:00,244,0
14.02.2020,18:00,260,0
14.02.2020,19:00,266,0
14.02.2020,20:00,266,0
14.02.2020,21:00,266,0
14.02.2020,22:00,266,0
14.02.2020,23:00,228,0
15.02.2020,00:00,0,0
15.02.2020,01:00,0,0
15.02.2020,02:00,0,0
15.02.2020,03:00,0,0
15.02.2020,04:00,0,0
15.02.2020,05:00,0,0
15.02.2020,06:00,0,0
15.02.2020,07:00,0,0
15.02.2020,08:00,0,0
15.02.2020,09:00,0,0
15.02.2020,10:00,0,0
15.02.2020,11:00,0,0
15.02.2020,12:00,0,0
15.02.2020,13:00,0,0
15.02.2020,14:00,0,0
15.02.2020,15:00,0,0
15.02.2020,16:00,0,0
15.02.2020,17:00,0,0
15.02.2020,18:00,0,0
15.02.2020,19:00,0,0
15.02.2020,20:00,0,0
15.02.2020,21:00,0,0
15.02.2020,22:00,0,0
15.02.2020,23:00,0,0
16.02.2020,00:00,0,40
16.02.2020,01:00,0,39
16.02.2020,02:00,0,40
16.02.2020,03:00,0,41
16.02.2020,04:00,0,42
16.02.2020,05:00,0,41
16.02.2020,06:00,0,41
16.02.2020,07:00,0,36
16.02.2020,08:00,0,33
16.02.2020,09:00,0,31
16.02.2020,10:00,0,34
16.02.2020,11:00,0,30
16.02.2020,12:00,0,36
16.02.2020,13:00,0,41
16.02.2020,14:00,0,38
16.02.2020,15:00,0,38
16.02.2020,16:00,0,38
16.02.2020,17:00,0,33
16.02.2020,18:00,0,40
16.02.2020,19:00,0,38
16.02.2020,20:00,0,36
16.02.2020,21:00,0,35
16.02.2020,22:00,0,35
16.02.2020,23:00,0,35
17.02.2020,00:00,0,37
17.02.2020,01:00,0,34
17.02.2020,02:00,0,35
17.02.2020,03:00,0,34
17.02.2020,04:00,0,83
17.02.2020,05:00,0,118
17.02.2020,06:00,0,205
17.02.2020,07:00,0,287
17.02.2020,08:00,0,284
17.02.2020,09:00,0,286
17.02.2020,10:00,0,294
17.02.2020,11:00,0,296
17.02.2020,12:00,0,297
17.02.2020,13:00,0,297
17.02.2020,14:00,0,289
17.02.2020,15:00,0,291
17.02.2020,16:00,0,289
17.02.2020,17:00,0,289
17.02.2020,18:00,0,292
17.02.2020,19:00,0,294
17.02.2020,20:00,0,271
17.02.2020,21:00,0,303
17.02.2020,22:00,0,286
17.02.2020,23:00,0,301
18.02.2020,00:00,0,221
18.02.2020,01:00,0,98
18.02.2020,02:00,0,94
18.02.2020,03:00,0,130
18.02.2020,04:00,0,117
18.02.2020,05:00,0,229
18.02.2020,06:00,0,296
18.02.2020,07:00,0,267
18.02.2020,08:00,0,206
18.02.2020,09:00,0,285
18.02.2020,10:00,0,284
18.02.2020,11:00,0,184
18.02.2020,12:00,0,167
18.02.2020,13:00,0,167
18.02.2020,14:00,0,295
18.02.2020,15:00,0,295
18.02.2020,16:00,0,297
18.02.2020,17:00,0,298
18.02.2020,18:00,0,292
18.02.2020,19:00,0,288
18.02.2020,20:00,0,186
18.02.2020,21:00,0,278
18.02.2020,22:00,0,159
18.02.2020,23:00,0,144
19.02.2020,00:00,0,238
19.02.2020,01:00,0,240
19.02.2020,02:00,0,181
19.02.2020,03:00,0,139
19.02.2020,04:00,0,179
19.02.2020,05:00,0,234
19.02.2020,06:00,0,296
19.02.2020,07:00,0,275
19.02.2020,08:00,0,206
19.02.2020,09:00,0,274
19.02.2020,10:00,0,280
19.02.2020,11:00,0,286
19.02.2020,12:00,0,272
19.02.2020,13:00,0,127
19.02.2020,14:00,0,197
19.02.2020,15:00,0,123
19.02.2020,16:00,0,290
19.02.2020,17:00,0,289
19.02.2020,18:00,0,284
19.02.2020,19:00,0,287
19.02.2020,20:00,0,287
19.02.2020,21:00,0,171
19.02.2020,22:00,0,118
19.02.2020,23:00,0,235
20.02.2020,00:00,266,307
20.02.2020,01:00,263,175
20.02.2020,02:00,204,86
20.02.2020,03:00,235,306
20.02.2020,04:00,265,316
20.02.2020,05:00,175,163
20.02.2020,06:00,167,239
20.02.2020,07:00,258,291
20.02.2020,08:00,264,282
20.02.2020,09:00,264,283
20.02.2020,10:00,264,285
20.02.2020,11:00,264,284
20.02.2020,12:00,264,269
20.02.2020,13:00,261,254
20.02.2020,14:00,261,288
20.02.2020,15:00,261,289
20.02.2020,16:00,261,288
20.02.2020,17:00,261,286
20.02.2020,18:00,261,284
20.02.2020,19:00,262,285
20.02.2020,20:00,263,272
20.02.2020,21:00,262,283
20.02.2020,22:00,263,293
20.02.2020,23:00,246,213
21.02.2020,00:00,0,214
21.02.2020,01:00,0,131
21.02.2020,02:00,0,133
21.02.2020,03:00,0,165
21.02.2020,04:00,0,182
21.02.2020,05:00,0,196
21.02.2020,06:00,0,302
21.02.2020,07:00,0,293
21.02.2020,08:00,0,228
21.02.2020,09:00,0,287
21.02.2020,10:00,0,221
21.02.2020,11:00,0,299
21.02.2020,12:00,0,303
21.02.2020,13:00,0,185
21.02.2020,14:00,0,196
21.02.2020,15:00,0,179
21.02.2020,16:00,0,301
21.02.2020,17:00,0,301
21.02.2020,18:00,0,297
21.02.2020,19:00,0,295
21.02.2020,20:00,0,191
21.02.2020,21:00,0,304
21.02.2020,22:00,0,295
21.02.2020,23:00,0,120
22.02.2020,00:00,0,65
22.02.2020,01:00,0,31
22.02.2020,02:00,0,33
22.02.2020,03:00,0,35
22.02.2020,04:00,0,39
22.02.2020,05:00,0,52
22.02.2020,06:00,0,78
22.02.2020,07:00,0,30
22.02.2020,08:00,0,30
22.02.2020,09:00,0,30
22.02.2020,10:00,0,28
22.02.2020,11:00,0,31
22.02.2020,12:00,0,30
22.02.2020,13:00,0,34
22.02.2020,14:00,0,36
22.02.2020,15:00,0,28
22.02.2020,16:00,0,33
22.02.2020,17:00,0,58
22.02.2020,18:00,0,55
22.02.2020,19:00,0,29
22.02.2020,20:00,0,36
22.02.2020,21:00,0,35
22.02.2020,22:00,0,35
22.02.2020,23:00,0,34
23.02.2020,00:00,0,36
23.02.2020,01:00,0,35
23.02.2020,02:00,0,36
23.02.2020,03:00,0,36
23.02.2020,04:00,0,37
23.02.2020,05:00,0,36
23.02.2020,06:00,0,35
23.02.2020,07:00,0,35
23.02.2020,08:00,0,234
23.02.2020,09:00,0,143
23.02.2020,10:00,0,279
23.02.2020,11:00,0,277
23.02.2020,12:00,0,283
23.02.2020,13:00,0,252
23.02.2020,14:00,0,137
23.02.2020,15:00,0,138
23.02.2020,16:00,0,144
23.02.2020,17:00,0,146
23.02.2020,18:00,0,221
23.02.2020,19:00,0,158
23.02.2020,20:00,0,164
23.02.2020,21:00,0,165
23.02.2020,22:00,0,161
23.02.2020,23:00,0,181
24.02.2020,00:00,0,123
24.02.2020,01:00,0,123
24.02.2020,02:00,0,126
24.02.2020,03:00,0,172
24.02.2020,04:00,0,152
24.02.2020,05:00,0,234
24.02.2020,06:00,0,304
24.02.2020,07:00,0,243
24.02.2020,08:00,0,313
24.02.2020,09:00,0,298
24.02.2020,10:00,0,288
24.02.2020,11:00,0,241
24.02.2020,12:00,0,289
24.02.2020,13:00,0,282
24.02.2020,14:00,0,204
24.02.2020,15:00,0,203
24.02.2020,16:00,0,260
24.02.2020,17:00,0,236
24.02.2020,18:00,0,278
24.02.2020,19:00,0,206
24.02.2020,20:00,0,74
24.02.2020,21:00,0,79
24.02.2020,22:00,0,87
24.02.2020,23:00,0,91
25.02.2020,00:00,0,98
25.02.2020,01:00,0,98
25.02.2020,02:00,0,99
25.02.2020,03:00,0,102
25.02.2020,04:00,0,115
25.02.2020,05:00,0,137
25.02.2020,06:00,0,169
25.02.2020,07:00,0,278
25.02.2020,08:00,0,272
25.02.2020,09:00,0,270
25.02.2020,10:00,0,202
25.02.2020,11:00,0,186
25.02.2020,12:00,0,281
25.02.2020,13:00,0,275
25.02.2020,14:00,0,129
25.02.2020,15:00,0,136
25.02.2020,16:00,0,274
25.02.2020,17:00,0,277
25.02.2020,18:00,0,278
25.02.2020,19:00,0,281
25.02.2020,20:00,0,288
25.02.2020,21:00,0,290
25.02.2020,22:00,0,288
25.02.2020,23:00,0,289
26.02.2020,00:00,0,235
26.02.2020,01:00,0,306
26.02.2020,02:00,0,258
26.02.2020,03:00,0,208
26.02.2020,04:00,0,233
26.02.2020,05:00,0,299
26.02.2020,06:00,0,276
26.02.2020,07:00,0,263
26.02.2020,08:00,0,261
26.02.2020,09:00,0,262
26.02.2020,10:00,0,263
26.02.2020,11:00,0,264
26.02.2020,12:00,0,256
26.02.2020,13:00,0,271
26.02.2020,14:00,0,273
26.02.2020,15:00,0,270
26.02.2020,16:00,0,273
26.02.2020,17:00,0,272
26.02.2020,18:00,0,269
26.02.2020,19:00,0,272
26.02.2020,20:00,0,279
26.02.2020,21:00,0,288
26.02.2020,22:00,0,302
26.02.2020,23:00,0,313
27.02.2020,00:00,0,240
27.02.2020,01:00,0,324
27.02.2020,02:00,0,323
27.02.2020,03:00,0,240
27.02.2020,04:00,0,315
27.02.2020,05:00,0,314
27.02.2020,06:00,0,289
27.02.2020,07:00,0,287
27.02.2020,08:00,0,279
27.02.2020,09:00,0,273
27.02.2020,10:00,0,259
27.02.2020,11:00,0,276
27.02.2020,12:00,0,264
27.02.2020,13:00,0,270
27.02.2020,14:00,0,264
27.02.2020,15:00,0,257
27.02.2020,16:00,0,265
27.02.2020,17:00,0,279
27.02.2020,18:00,0,287
27.02.2020,19:00,0,258
27.02.2020,20:00,0,263
27.02.2020,21:00,0,252
27.02.2020,22:00,0,286
27.02.2020,23:00,0,302
28.02.2020,00:00,260,298
28.02.2020,01:00,259,300
28.02.2020,02:00,241,298
28.02.2020,03:00,258,163
28.02.2020,04:00,261,238
28.02.2020,05:00,265,302
28.02.2020,06:00,266,275
28.02.2020,07:00,266,276
28.02.2020,08:00,264,279
28.02.2020,09:00,251,245
28.02.2020,10:00,245,268
28.02.2020,11:00,248,241
28.02.2020,12:00,227,176
28.02.2020,13:00,136,187
28.02.2020,14:00,144,191
28.02.2020,15:00,232,216
28.02.2020,16:00,254,269
28.02.2020,17:00,213,281
28.02.2020,18:00,195,147
28.02.2020,19:00,182,190
28.02.2020,20:00,118,274
28.02.2020,21:00,118,264
28.02.2020,22:00,118,283
28.02.2020,23:00,118,288
29.02.2020,00:00,0,283
29.02.2020,01:00,0,116
29.02.2020,02:00,0,113
29.02.2020,03:00,0,116
29.02.2020,04:00,0,126
29.02.2020,05:00,0,142
29.02.2020,06:00,0,159
29.02.2020,07:00,0,160
29.02.2020,08:00,0,145
29.02.2020,09:00,0,129
29.02.2020,10:00,0,137
29.02.2020,11:00,0,124
29.02.2020,12:00,0,115
29.02.2020,13:00,0,121
29.02.2020,14:00,0,263
29.02.2020,15:00,0,167
29.02.2020,16:00,0,152
29.02.2020,17:00,0,133
29.02.2020,18:00,0,145
29.02.2020,19:00,0,180
29.02.2020,20:00,0,166
29.02.2020,21:00,0,126
29.02.2020,22:00,0,183
29.02.2020,23:00,0,32
01.03.2020,00:00,0,37
01.03.2020,01:00,0,34
01.03.2020,02:00,0,35
01.03.2020,03:00,0,35
01.03.2020,04:00,0,36
01.03.2020,05:00,0,36
01.03.2020,06:00,0,51
01.03.2020,07:00,0,46
01.03.2020,08:00,0,47
01.03.2020,09:00,0,94
01.03.2020,10:00,0,50
01.03.2020,11:00,0,38
01.03.2020,12:00,0,31
01.03.2020,13:00,0,31
01.03.2020,14:00,0,32
01.03.2020,15:00,0,54
01.03.2020,16:00,0,297
01.03.2020,17:00,0,267
01.03.2020,18:00,0,269
01.03.2020,19:00,0,222
01.03.2020,20:00,0,160
01.03.2020,21:00,0,281
01.03.2020,22:00,0,288
01.03.2020,23:00,0,291
02.03.2020,00:00,0,189
02.03.2020,01:00,0,282
02.03.2020,02:00,0,188
02.03.2020,03:00,0,230
02.03.2020,04:00,0,249
02.03.2020,05:00,0,242
02.03.2020,06:00,0,279
02.03.2020,07:00,0,281
02.03.2020,08:00,0,246
02.03.2020,09:00,0,267
02.03.2020,10:00,0,292
02.03.2020,11:00,0,253
02.03.2020,12:00,0,266
02.03.2020,13:00,0,270
02.03.2020,14:00,0,256
02.03.2020,15:00,0,234
02.03.2020,16:00,0,274
02.03.2020,17:00,0,270
02.03.2020,18:00,0,274
02.03.2020,19:00,0,277
02.03.2020,20:00,0,283
02.03.2020,21:00,0,292
02.03.2020,22:00,0,269
02.03.2020,23:00,0,244
03.03.2020,00:00,0,297
03.03.2020,01:00,0,221
03.03.2020,02:00,0,234
03.03.2020,03:00,0,234
03.03.2020,04:00,0,281
03.03.2020,05:00,0,282
03.03.2020,06:00,0,281
03.03.2020,07:00,0,280
03.03.2020,08:00,0,284
03.03.2020,09:00,0,298
03.03.2020,10:00,0,297
03.03.2020,11:00,0,298
03.03.2020,12:00,0,296
03.03.2020,13:00,0,293
03.03.2020,14:00,0,279
03.03.2020,15:00,0,277
03.03.2020,16:00,0,278
03.03.2020,17:00,0,272
03.03.2020,18:00,0,272
03.03.2020,19:00,0,286
03.03.2020,20:00,0,284
03.03.2020,21:00,0,290
03.03.2020,22:00,0,270
03.03.2020,23:00,0,281
04.03.2020,00:00,266,317
04.03.2020,01:00,266,316
04.03.2020,02:00,267,325
04.03.2020,03:00,266,254
04.03.2020,04:00,240,241
04.03.2020,05:00,265,299
04.03.2020,06:00,265,289
04.03.2020,07:00,265,285
04.03.2020,08:00,265,294
04.03.2020,09:00,264,273
04.03.2020,10:00,264,268
04.03.2020,11:00,263,285
04.03.2020,12:00,247,284
04.03.2020,13:00,227,284
04.03.2020,14:00,261,293
04.03.2020,15:00,262,293
04.03.2020,16:00,264,277
04.03.2020,17:00,263,264
04.03.2020,18:00,263,288
04.03.2020,19:00,264,296
04.03.2020,20:00,264,298
04.03.2020,21:00,265,287
04.03.2020,22:00,265,279
04.03.2020,23:00,265,275
05.03.2020,00:00,265,333
05.03.2020,01:00,264,341
05.03.2020,02:00,264,336
05.03.2020,03:00,264,328
05.03.2020,04:00,264,321
05.03.2020,05:00,263,309
05.03.2020,06:00,263,294
05.03.2020,07:00,263,286
05.03.2020,08:00,248,264
05.03.2020,09:00,243,273
05.03.2020,10:00,251,282
05.03.2020,11:00,245,272
05.03.2020,12:00,238,252
05.03.2020,13:00,255,276
05.03.2020,14:00,235,203
05.03.2020,15:00,233,185
05.03.2020,16:00,255,281
05.03.2020,17:00,258,287
05.03.2020,18:00,254,277
05.03.2020,19:00,251,271
05.03.2020,20:00,241,243
05.03.2020,21:00,241,197
05.03.2020,22:00,243,253
05.03.2020,23:00,237,268
06.03.2020,00:00,160,160
06.03.2020,01:00,213,223
06.03.2020,02:00,149,152
06.03.2020,03:00,172,219
06.03.2020,04:00,183,216
06.03.2020,05:00,247,292
06.03.2020,06:00,255,291
06.03.2020,07:00,256,283
06.03.2020,08:00,257,284
06.03.2020,09:00,257,280
06.03.2020,10:00,258,281
06.03.2020,11:00,258,282
06.03.2020,12:00,259,279
06.03.2020,13:00,260,283
06.03.2020,14:00,260,289
06.03.2020,15:00,259,293
06.03.2020,16:00,260,295
06.03.2020,17:00,260,296
06.03.2020,18:00,260,294
06.03.2020,19:00,261,298
06.03.2020,20:00,262,299
06.03.2020,21:00,263,311
06.03.2020,22:00,264,318
06.03.2020,23:00,264,319
07.03.2020,00:00,265,254
07.03.2020,01:00,265,332
07.03.2020,02:00,265,328
07.03.2020,03:00,265,256
07.03.2020,04:00,266,281
07.03.2020,05:00,266,240
07.03.2020,06:00,265,327
07.03.2020,07:00,266,321
07.03.2020,08:00,266,313
07.03.2020,09:00,265,308
07.03.2020,10:00,265,308
07.03.2020,11:00,265,314
07.03.2020,12:00,262,310
07.03.2020,13:00,216,224
07.03.2020,14:00,263,287
07.03.2020,15:00,263,314
07.03.2020,16:00,263,267
07.03.2020,17:00,264,313
07.03.2020,18:00,264,308
07.03.2020,19:00,264,293
07.03.2020,20:00,228,238
07.03.2020,21:00,121,338
07.03.2020,22:00,121,368
07.03.2020,23:00,111,298
08.03.2020,00:00,0,181
08.03.2020,01:00,0,222
08.03.2020,02:00,0,178
08.03.2020,03:00,0,178
08.03.2020,04:00,0,188
08.03.2020,05:00,0,204
08.03.2020,06:00,0,224
08.03.2020,07:00,0,200
08.03.2020,08:00,0,159
08.03.2020,09:00,0,151
08.03.2020,10:00,0,146
08.03.2020,11:00,0,136
08.03.2020,12:00,0,124
08.03.2020,13:00,0,112
08.03.2020,14:00,0,105
08.03.2020,15:00,0,104
08.03.2020,16:00,0,122
08.03.2020,17:00,0,299
08.03.2020,18:00,0,297
08.03.2020,19:00,0,298
08.03.2020,20:00,0,307
08.03.2020,21:00,0,312
08.03.2020,22:00,0,322
08.03.2020,23:00,0,317
09.03.2020,00:00,0,194
09.03.2020,01:00,0,278
09.03.2020,02:00,0,151
09.03.2020,03:00,0,267
09.03.2020,04:00,0,268
09.03.2020,05:00,0,344
09.03.2020,06:00,0,323
09.03.2020,07:00,0,310
09.03.2020,08:00,0,307
09.03.2020,09:00,0,308
09.03.2020,10:00,0,229
09.03.2020,11:00,0,164
09.03.2020,12:00,0,298
09.03.2020,13:00,0,292
09.03.2020,14:00,0,291
09.03.2020,15:00,0,291
09.03.2020,16:00,0,290
09.03.2020,17:00,0,264
09.03.2020,18:00,0,290
09.03.2020,19:00,0,292
09.03.2020,20:00,0,292
09.03.2020,21:00,0,296
09.03.2020,22:00,0,277
09.03.2020,23:00,0,127
10.03.2020,00:00,0,218
10.03.2020,01:00,0,122
10.03.2020,02:00,0,124
10.03.2020,03:00,0,125
10.03.2020,04:00,0,139
10.03.2020,05:00,0,166
10.03.2020,06:00,0,197
10.03.2020,07:00,0,219
10.03.2020,08:00,0,279
10.03.2020,09:00,0,278
10.03.2020,10:00,0,264
10.03.2020,11:00,0,280
10.03.2020,12:00,0,282
10.03.2020,13:00,0,295
10.03.2020,14:00,0,302
10.03.2020,15:00,0,294
10.03.2020,16:00,0,277
10.03.2020,17:00,0,210
10.03.2020,18:00,0,270
10.03.2020,19:00,0,283
10.03.2020,20:00,0,301
10.03.2020,21:00,0,291
10.03.2020,22:00,0,86
10.03.2020,23:00,0,74
11.03.2020,00:00,0,76
11.03.2020,01:00,0,69
11.03.2020,02:00,0,96
11.03.2020,03:00,0,99
11.03.2020,04:00,0,170
11.03.2020,05:00,0,98
11.03.2020,06:00,0,289
11.03.2020,07:00,0,290
11.03.2020,08:00,0,253
11.03.2020,09:00,0,266
11.03.2020,10:00,0,166
11.03.2020,11:00,0,213
11.03.2020,12:00,0,291
11.03.2020,13:00,0,289
11.03.2020,14:00,0,291
11.03.2020,15:00,0,294
11.03.2020,16:00,0,307
11.03.2020,17:00,0,310
11.03.2020,18:00,0,306
11.03.2020,19:00,0,304
11.03.2020,20:00,0,200
11.03.2020,21:00,0,110
11.03.2020,22:00,0,269
11.03.2020,23:00,0,133
12.03.2020,00:00,0,71
12.03.2020,01:00,0,268
12.03.2020,02:00,0,45
12.03.2020,03:00,0,46
12.03.2020,04:00,0,51
12.03.2020,05:00,0,93
12.03.2020,06:00,0,293
12.03.2020,07:00,0,295
12.03.2020,08:00,0,264
12.03.2020,09:00,0,135
12.03.2020,10:00,0,140
12.03.2020,11:00,0,100
12.03.2020,12:00,0,95
12.03.2020,13:00,0,81
12.03.2020,14:00,0,88
12.03.2020,15:00,0,100
12.03.2020,16:00,0,223
12.03.2020,17:00,0,278
12.03.2020,18:00,0,299
12.03.2020,19:00,0,301
12.03.2020,20:00,0,304
12.03.2020,21:00,0,195
12.03.2020,22:00,0,300
12.03.2020,23:00,0,120
13.03.2020,00:00,0,319
13.03.2020,01:00,0,298
13.03.2020,02:00,0,123
13.03.2020,03:00,0,99
13.03.2020,04:00,0,300
13.03.2020,05:00,0,250
13.03.2020,06:00,0,307
13.03.2020,07:00,0,297
13.03.2020,08:00,0,228
13.03.2020,09:00,0,211
13.03.2020,10:00,0,259
13.03.2020,11:00,0,278
13.03.2020,12:00,0,151
13.03.2020,13:00,0,114
13.03.2020,14:00,0,47
13.03.2020,15:00,0,54
13.03.2020,16:00,0,242
13.03.2020,17:00,0,292
13.03.2020,18:00,0,144
13.03.2020,19:00,0,224
13.03.2020,20:00,0,301
13.03.2020,21:00,0,301
13.03.2020,22:00,0,308
13.03.2020,23:00,0,315
14.03.2020,00:00,266,0
14.03.2020,01:00,267,0
14.03.2020,02:00,267,0
14.03.2020,03:00,267,0
14.03.2020,04:00,267,0
14.03.2020,05:00,268,0
14.03.2020,06:00,268,0
14.03.2020,07:00,265,0
14.03.2020,08:00,183,0
14.03.2020,09:00,128,0
14.03.2020,10:00,205,0
14.03.2020,11:00,124,0
14.03.2020,12:00,155,0
14.03.2020,13:00,122,0
14.03.2020,14:00,146,0
14.03.2020,15:00,237,0
14.03.2020,16:00,147,0
14.03.2020,17:00,262,0
14.03.2020,18:00,257,0
14.03.2020,19:00,252,0
14.03.2020,20:00,252,0
14.03.2020,21:00,252,0
14.03.2020,22:00,253,0
14.03.2020,23:00,252,0
15.03.2020,00:00,215,0
15.03.2020,01:00,136,0
15.03.2020,02:00,160,0
15.03.2020,03:00,109,0
15.03.2020,04:00,108,0
15.03.2020,05:00,122,0
15.03.2020,06:00,144,0
15.03.2020,07:00,151,0
15.03.2020,08:00,142,0
15.03.2020,09:00,131,0
15.03.2020,10:00,117,0
15.03.2020,11:00,107,0
15.03.2020,12:00,108,0
15.03.2020,13:00,109,0
15.03.2020,14:00,109,0
15.03.2020,15:00,109,0
15.03.2020,16:00,109,0
15.03.2020,17:00,110,0
15.03.2020,18:00,225,0
15.03.2020,19:00,245,0
15.03.2020,20:00,251,0
15.03.2020,21:00,258,0
15.03.2020,22:00,263,0
15.03.2020,23:00,248,0
16.03.2020,00:00,196,102
16.03.2020,01:00,192,81
16.03.2020,02:00,150,80
16.03.2020,03:00,151,56
16.03.2020,04:00,159,131
16.03.2020,05:00,240,133
16.03.2020,06:00,203,201
16.03.2020,07:00,239,222
16.03.2020,08:00,239,195
16.03.2020,09:00,257,228
16.03.2020,10:00,251,284
16.03.2020,11:00,245,276
16.03.2020,12:00,246,266
16.03.2020,13:00,232,85
16.03.2020,14:00,148,67
16.03.2020,15:00,239,74
16.03.2020,16:00,246,129
16.03.2020,17:00,234,217
16.03.2020,18:00,244,242
16.03.2020,19:00,246,270
16.03.2020,20:00,239,226
16.03.2020,21:00,248,272
16.03.2020,22:00,250,292
16.03.2020,23:00,251,305
17.03.2020,00:00,265,332
17.03.2020,01:00,265,327
17.03.2020,02:00,265,270
17.03.2020,03:00,265,265
17.03.2020,04:00,262,258
17.03.2020,05:00,257,332
17.03.2020,06:00,240,314
17.03.2020,07:00,263,252
17.03.2020,08:00,265,311
17.03.2020,09:00,265,303
17.03.2020,10:00,265,299
17.03.2020,11:00,265,294
17.03.2020,12:00,265,294
17.03.2020,13:00,265,303
17.03.2020,14:00,263,271
17.03.2020,15:00,262,304
17.03.2020,16:00,259,302
17.03.2020,17:00,256,293
17.03.2020,18:00,260,303
17.03.2020,19:00,256,284
17.03.2020,20:00,242,225
17.03.2020,21:00,258,302
17.03.2020,22:00,261,319
17.03.2020,23:00,264,301
18.03.2020,00:00,0,320
18.03.2020,01:00,0,324
18.03.2020,02:00,0,249
18.03.2020,03:00,0,288
18.03.2020,04:00,0,354
18.03.2020,05:00,0,345
18.03.2020,06:00,0,317
18.03.2020,07:00,0,240
18.03.2020,08:00,0,172
18.03.2020,09:00,0,111
18.03.2020,10:00,0,281
18.03.2020,11:00,0,145
18.03.2020,12:00,0,82
18.03.2020,13:00,0,32
18.03.2020,14:00,0,35
18.03.2020,15:00,0,109
18.03.2020,16:00,0,126
18.03.2020,17:00,0,287
18.03.2020,18:00,0,261
18.03.2020,19:00,0,296
18.03.2020,20:00,0,299
18.03.2020,21:00,0,265
18.03.2020,22:00,0,298
18.03.2020,23:00,0,233
19.03.2020,00:00,266,332
19.03.2020,01:00,267,338
19.03.2020,02:00,268,338
19.03.2020,03:00,267,259
19.03.2020,04:00,268,347
19.03.2020,05:00,268,344
19.03.2020,06:00,268,340
19.03.2020,07:00,268,325
19.03.2020,08:00,267,266
19.03.2020,09:00,267,206
19.03.2020,10:00,265,271
19.03.2020,11:00,264,251
19.03.2020,12:00,251,149
19.03.2020,13:00,199,189
19.03.2020,14:00,261,200
19.03.2020,15:00,261,279
19.03.2020,16:00,261,290
19.03.2020,17:00,262,271
19.03.2020,18:00,263,242
19.03.2020,19:00,264,280
19.03.2020,20:00,265,262
19.03.2020,21:00,265,284
19.03.2020,22:00,265,321
19.03.2020,23:00,266,334
20.03.2020,00:00,265,338
20.03.2020,01:00,265,339
20.03.2020,02:00,266,345
20.03.2020,03:00,266,352
20.03.2020,04:00,266,349
20.03.2020,05:00,266,344
20.03.2020,06:00,266,332
20.03.2020,07:00,266,317
20.03.2020,08:00,266,298
20.03.2020,09:00,265,300
20.03.2020,10:00,265,306
20.03.2020,11:00,265,304
20.03.2020,12:00,265,301
20.03.2020,13:00,265,295
20.03.2020,14:00,265,235
20.03.2020,15:00,266,291
20.03.2020,16:00,266,284
20.03.2020,17:00,266,238
20.03.2020,18:00,266,259
20.03.2020,19:00,268,280
20.03.2020,20:00,234,307
20.03.2020,21:00,120,257
20.03.2020,22:00,120,312
20.03.2020,23:00,75,316
21.03.2020,00:00,0,110
21.03.2020,01:00,0,89
21.03.2020,02:00,0,91
21.03.2020,03:00,0,99
21.03.2020,04:00,0,111
21.03.2020,05:00,0,129
21.03.2020,06:00,0,163
21.03.2020,07:00,0,279
21.03.2020,08:00,0,157
21.03.2020,09:00,0,143
21.03.2020,10:00,0,131
21.03.2020,11:00,0,134
21.03.2020,12:00,0,285
21.03.2020,13:00,0,114
21.03.2020,14:00,0,244
21.03.2020,15:00,0,105
21.03.2020,16:00,0,111
21.03.2020,17:00,0,174
21.03.2020,18:00,0,305
21.03.2020,19:00,0,304
21.03.2020,20:00,0,292
21.03.2020,21:00,0,124
21.03.2020,22:00,0,119
21.03.2020,23:00,0,118
22.03.2020,00:00,0,140
22.03.2020,01:00,0,144
22.03.2020,02:00,0,156
22.03.2020,03:00,0,163
22.03.2020,04:00,0,184
22.03.2020,05:00,0,219
22.03.2020,06:00,0,255
22.03.2020,07:00,0,248
22.03.2020,08:00,0,80
22.03.2020,09:00,0,49
22.03.2020,10:00,0,42
22.03.2020,11:00,0,35
22.03.2020,12:00,0,34
22.03.2020,13:00,0,35
22.03.2020,14:00,0,36
22.03.2020,15:00,0,43
22.03.2020,16:00,0,127
22.03.2020,17:00,0,137
22.03.2020,18:00,0,317
22.03.2020,19:00,0,157
22.03.2020,20:00,0,161
22.03.2020,21:00,0,161
22.03.2020,22:00,0,156
22.03.2020,23:00,0,153
23.03.2020,00:00,0,185
23.03.2020,01:00,0,191
23.03.2020,02:00,0,313
23.03.2020,03:00,0,238
23.03.2020,04:00,0,221
23.03.2020,05:00,0,222
23.03.2020,06:00,0,253
23.03.2020,07:00,0,272
23.03.2020,08:00,0,257
23.03.2020,09:00,0,274
23.03.2020,10:00,0,248
23.03.2020,11:00,0,219
23.03.2020,12:00,0,301
23.03.2020,13:00,0,307
23.03.2020,14:00,0,307
23.03.2020,15:00,0,239
23.03.2020,16:00,0,153
23.03.2020,17:00,0,300
23.03.2020,18:00,0,302
23.03.2020,19:00,0,305
23.03.2020,20:00,0,305
23.03.2020,21:00,0,190
23.03.2020,22:00,0,307
23.03.2020,23:00,0,164
24.03.2020,00:00,0,306
24.03.2020,01:00,0,311
24.03.2020,02:00,0,161
24.03.2020,03:00,0,176
24.03.2020,04:00,0,304
24.03.2020,05:00,0,316
24.03.2020,06:00,0,254
24.03.2020,07:00,0,304
24.03.2020,08:00,0,322
24.03.2020,09:00,0,317
24.03.2020,10:00,0,246
24.03.2020,11:00,0,311
24.03.2020,12:00,0,169
24.03.2020,13:00,0,151
24.03.2020,14:00,0,140
24.03.2020,15:00,0,256
24.03.2020,16:00,0,309
24.03.2020,17:00,0,293
24.03.2020,18:00,0,307
24.03.2020,19:00,0,303
24.03.2020,20:00,0,308
24.03.2020,21:00,0,210
24.03.2020,22:00,0,323
24.03.2020,23:00,0,305
25.03.2020,00:00,0,173
25.03.2020,01:00,0,277
25.03.2020,02:00,0,286
25.03.2020,03:00,0,183
25.03.2020,04:00,0,244
25.03.2020,05:00,0,308
25.03.2020,06:00,0,303
25.03.2020,07:00,0,291
25.03.2020,08:00,0,307
25.03.2020,09:00,0,247
25.03.2020,10:00,0,217
25.03.2020,11:00,0,281
25.03.2020,12:00,0,217
25.03.2020,13:00,0,139
25.03.2020,14:00,0,125
25.03.2020,15:00,0,118
25.03.2020,16:00,0,138
25.03.2020,17:00,0,133
25.03.2020,18:00,0,304
25.03.2020,19:00,0,234
25.03.2020,20:00,0,298
25.03.2020,21:00,0,180
25.03.2020,22:00,0,337
25.03.2020,23:00,0,327
26.03.2020,00:00,0,167
26.03.2020,01:00,0,184
26.03.2020,02:00,0,171
26.03.2020,03:00,0,169
26.03.2020,04:00,0,188
26.03.2020,05:00,0,227
26.03.2020,06:00,0,243
26.03.2020,07:00,0,304
26.03.2020,08:00,0,300
26.03.2020,09:00,0,298
26.03.2020,10:00,0,292
26.03.2020,11:00,0,164
26.03.2020,12:00,0,224
26.03.2020,13:00,0,286
26.03.2020,14:00,0,146
26.03.2020,15:00,0,246
26.03.2020,16:00,0,132
26.03.2020,17:00,0,115
26.03.2020,18:00,0,142
26.03.2020,19:00,0,297
26.03.2020,20:00,0,287
26.03.2020,21:00,0,311
26.03.2020,22:00,0,315
26.03.2020,23:00,0,316
27.03.2020,00:00,0,317
27.03.2020,01:00,0,226
27.03.2020,02:00,0,111
27.03.2020,03:00,0,219
27.03.2020,04:00,0,132
27.03.2020,05:00,0,225
27.03.2020,06:00,0,312
27.03.2020,07:00,0,291
27.03.2020,08:00,0,294
27.03.2020,09:00,0,279
27.03.2020,10:00,0,192
27.03.2020,11:00,0,143
27.03.2020,12:00,0,206
27.03.2020,13:00,0,157
27.03.2020,14:00,0,119
27.03.2020,15:00,0,112
27.03.2020,16:00,0,93
27.03.2020,17:00,0,113
27.03.2020,18:00,0,272
27.03.2020,19:00,0,276
27.03.2020,20:00,0,303
27.03.2020,21:00,0,250
27.03.2020,22:00,0,307
27.03.2020,23:00,0,265
28.03.2020,00:00,0,179
28.03.2020,01:00,0,175
28.03.2020,02:00,0,326
28.03.2020,03:00,0,313
28.03.2020,04:00,0,160
28.03.2020,05:00,0,288
28.03.2020,06:00,0,317
28.03.2020,07:00,0,224
28.03.2020,08:00,0,227
28.03.2020,09:00,0,189
28.03.2020,10:00,0,107
28.03.2020,11:00,0,94
28.03.2020,12:00,0,113
28.03.2020,13:00,0,44
28.03.2020,14:00,0,43
28.03.2020,15:00,0,57
28.03.2020,16:00,0,57
28.03.2020,17:00,0,127
28.03.2020,18:00,0,233
28.03.2020,19:00,0,88
28.03.2020,20:00,0,93
28.03.2020,21:00,0,96
28.03.2020,22:00,0,91
28.03.2020,23:00,0,84
29.03.2020,00:00,0,122
29.03.2020,01:00,0,122
29.03.2020,03:00,0,132
29.03.2020,04:00,0,147
29.03.2020,05:00,0,207
29.03.2020,06:00,0,304
29.03.2020,07:00,0,222
29.03.2020,08:00,0,213
29.03.2020,09:00,0,74
29.03.2020,10:00,0,209
29.03.2020,11:00,0,42
29.03.2020,12:00,0,210
29.03.2020,13:00,0,248
29.03.2020,14:00,0,45
29.03.2020,15:00,0,267
29.03.2020,16:00,0,39
29.03.2020,17:00,0,290
29.03.2020,18:00,0,305
29.03.2020,19:00,0,214
29.03.2020,20:00,0,195
29.03.2020,21:00,0,193
29.03.2020,22:00,0,213
29.03.2020,23:00,0,179
30.03.2020,00:00,17,186
30.03.2020,01:00,65,193
30.03.2020,02:00,65,203
30.03.2020,03:00,65,261
30.03.2020,04:00,66,289
30.03.2020,05:00,145,332
30.03.2020,06:00,269,280
30.03.2020,07:00,271,321
30.03.2020,08:00,271,316
30.03.2020,09:00,270,317
30.03.2020,10:00,270,310
30.03.2020,11:00,246,207
30.03.2020,12:00,269,312
30.03.2020,13:00,269,307
30.03.2020,14:00,269,187
30.03.2020,15:00,266,297
30.03.2020,16:00,209,113
30.03.2020,17:00,267,313
30.03.2020,18:00,267,309
30.03.2020,19:00,267,308
30.03.2020,20:00,267,313
30.03.2020,21:00,267,322
30.03.2020,22:00,267,335
30.03.2020,23:00,267,344
31.03.2020,00:00,267,261
31.03.2020,01:00,267,349
31.03.2020,02:00,267,352
31.03.2020,03:00,267,334
31.03.2020,04:00,267,328
31.03.2020,05:00,267,282
31.03.2020,06:00,269,302
31.03.2020,07:00,271,289
31.03.2020,08:00,271,311
31.03.2020,09:00,270,276
31.03.2020,10:00,264,249
31.03.2020,11:00,211,258
31.03.2020,12:00,268,316
31.03.2020,13:00,268,315
31.03.2020,14:00,267,181
31.03.2020,15:00,257,108
31.03.2020,16:00,179,124
31.03.2020,17:00,263,181
31.03.2020,18:00,263,243
31.03.2020,19:00,263,256
31.03.2020,20:00,263,306
31.03.2020,21:00,264,297
31.03.2020,22:00,268,324
31.03.2020,23:00,270,341
01.04.2020,00:00,269,351
01.04.2020,01:00,269,353
01.04.2020,02:00,269,355
01.04.2020,03:00,269,359
01.04.2020,04:00,269,360
01.04.2020,05:00,269,352
01.04.2020,06:00,271,333
01.04.2020,07:00,271,297
01.04.2020,08:00,271,314
01.04.2020,09:00,270,291
01.04.2020,10:00,261,228
01.04.2020,11:00,144,114
01.04.2020,12:00,129,147
01.04.2020,13:00,199,138
01.04.2020,14:00,231,152
01.04.2020,15:00,235,163
01.04.2020,16:00,229,233
01.04.2020,17:00,261,305
01.04.2020,18:00,261,301
01.04.2020,19:00,261,303
01.04.2020,20:00,261,316
01.04.2020,21:00,261,320
01.04.2020,22:00,261,296
01.04.2020,23:00,261,340
02.04.2020,00:00,0,0
02.04.2020,01:00,0,0
02.04.2020,02:00,0,0
02.04.2020,03:00,0,0
02.04.2020,04:00,0,0
02.04.2020,05:00,0,0
02.04.2020,06:00,0,0
02.04.2020,07:00,0,0
02.04.2020,08:00,0,0
02.04.2020,09:00,0,0
02.04.2020,10:00,0,0
02.04.2020,11:00,0,0
02.04.2020,12:00,0,0
02.04.2020,13:00,0,0
02.04.2020,14:00,0,0
02.04.2020,15:00,0,0
02.04.2020,16:00,0,0
02.04.2020,17:00,0,0
02.04.2020,18:00,0,0
02.04.2020,19:00,0,0
02.04.2020,20:00,0,0
02.04.2020,21:00,0,0
02.04.2020,22:00,0,0
02.04.2020,23:00,0,0
03.04.2020,00:00,0,0
03.04.2020,01:00,0,0
03.04.2020,02:00,0,0
03.04.2020,03:00,0,0
03.04.2020,04:00,0,0
03.04.2020,05:00,0,0
03.04.2020,06:00,0,0
03.04.2020,07:00,0,0
03.04.2020,08:00,0,0
03.04.2020,09:00,0,0
03.04.2020,10:00,0,0
03.04.2020,11:00,0,0
03.04.2020,12:00,0,0
03.04.2020,13:00,0,0
03.04.2020,14:00,0,0
03.04.2020,15:00,0,0
03.04.2020,16:00,0,0
03.04.2020,17:00,0,0
03.04.2020,18:00,0,0
03.04.2020,19:00,0,0
03.04.2020,20:00,0,0
03.04.2020,21:00,0,0
03.04.2020,22:00,0,0
03.04.2020,23:00,0,0
04.04.2020,00:00,0,0
04.04.2020,01:00,0,0
04.04.2020,02:00,0,0
04.04.2020,03:00,0,0
04.04.2020,04:00,0,0
04.04.2020,05:00,0,0
04.04.2020,06:00,0,0
04.04.2020,07:00,0,0
04.04.2020,08:00,0,0
04.04.2020,09:00,0,0
04.04.2020,10:00,0,0
04.04.2020,11:00,0,0
04.04.2020,12:00,0,0
04.04.2020,13:00,0,0
04.04.2020,14:00,0,0
04.04.2020,15:00,0,0
04.04.2020,16:00,0,0
04.04.2020,17:00,0,0
04.04.2020,18:00,0,0
04.04.2020,19:00,0,0
04.04.2020,20:00,0,0
04.04.2020,21:00,0,0
04.04.2020,22:00,0,0
04.04.2020,23:00,0,0
05.04.2020,00:00,0,331
05.04.2020,01:00,0,306
05.04.2020,02:00,0,63
05.04.2020,03:00,0,69
05.04.2020,04:00,0,80
05.04.2020,05:00,0,101
05.04.2020,06:00,0,124
05.04.2020,07:00,0,127
05.04.2020,08:00,0,102
05.04.2020,09:00,0,109
05.04.2020,10:00,0,231
05.04.2020,11:00,0,62
05.04.2020,12:00,0,44
05.04.2020,13:00,0,34
05.04.2020,14:00,0,37
05.04.2020,15:00,0,27
05.04.2020,16:00,0,32
05.04.2020,17:00,0,32
05.04.2020,18:00,0,38
05.04.2020,19:00,0,314
05.04.2020,20:00,0,278
05.04.2020,21:00,0,32
05.04.2020,22:00,0,35
05.04.2020,23:00,0,35
06.04.2020,00:00,0,226
06.04.2020,01:00,0,40
06.04.2020,02:00,0,211
06.04.2020,03:00,0,42
06.04.2020,04:00,0,58
06.04.2020,05:00,0,177
06.04.2020,06:00,0,325
06.04.2020,07:00,0,219
06.04.2020,08:00,0,315
06.04.2020,09:00,0,298
06.04.2020,10:00,0,302
06.04.2020,11:00,0,118
06.04.2020,12:00,0,288
06.04.2020,13:00,0,184
06.04.2020,14:00,0,40
06.04.2020,15:00,0,31
06.04.2020,16:00,0,37
06.04.2020,17:00,0,52
06.04.2020,18:00,0,161
06.04.2020,19:00,0,295
06.04.2020,20:00,0,300
06.04.2020,21:00,0,306
06.04.2020,22:00,0,321
06.04.2020,23:00,0,339
07.04.2020,00:00,243,340
07.04.2020,01:00,263,351
07.04.2020,02:00,265,354
07.04.2020,03:00,265,355
07.04.2020,04:00,265,357
07.04.2020,05:00,265,351
07.04.2020,06:00,266,347
07.04.2020,07:00,267,277
07.04.2020,08:00,210,232
07.04.2020,09:00,238,291
07.04.2020,10:00,148,51
07.04.2020,11:00,256,316
07.04.2020,12:00,204,72
07.04.2020,13:00,156,33
07.04.2020,14:00,137,39
07.04.2020,15:00,232,145
07.04.2020,16:00,253,302
07.04.2020,17:00,253,312
07.04.2020,18:00,253,237
07.04.2020,19:00,253,317
07.04.2020,20:00,253,308
07.04.2020,21:00,253,246
07.04.2020,22:00,253,152
07.04.2020,23:00,253,330
08.04.2020,00:00,205,188
08.04.2020,01:00,203,170
08.04.2020,02:00,204,220
08.04.2020,03:00,145,182
08.04.2020,04:00,164,169
08.04.2020,05:00,267,347
08.04.2020,06:00,257,291
08.04.2020,07:00,257,287
08.04.2020,08:00,258,283
08.04.2020,09:00,268,321
08.04.2020,10:00,265,309
08.04.2020,11:00,257,308
08.04.2020,12:00,247,294
08.04.2020,13:00,234,107
08.04.2020,14:00,162,48
08.04.2020,15:00,248,287
08.04.2020,16:00,246,143
08.04.2020,17:00,246,214
08.04.2020,18:00,246,280
08.04.2020,19:00,247,276
08.04.2020,20:00,254,301
08.04.2020,21:00,255,293
08.04.2020,22:00,251,268
08.04.2020,23:00,254,285
09.04.2020,00:00,261,338
09.04.2020,01:00,262,346
09.04.2020,02:00,264,348
09.04.2020,03:00,264,337
09.04.2020,04:00,265,342
09.04.2020,05:00,265,353
09.04.2020,06:00,261,326
09.04.2020,07:00,258,293
09.04.2020,08:00,265,301
09.04.2020,09:00,263,247
09.04.2020,10:00,237,105
09.04.2020,11:00,211,140
09.04.2020,12:00,236,206
09.04.2020,13:00,128,54
09.04.2020,14:00,167,144
09.04.2020,15:00,148,66
09.04.2020,16:00,247,143
09.04.2020,17:00,248,290
09.04.2020,18:00,250,300
09.04.2020,19:00,256,307
09.04.2020,20:00,257,308
09.04.2020,21:00,260,273
09.04.2020,22:00,262,235
09.04.2020,23:00,262,295
10.04.2020,00:00,186,171
10.04.2020,01:00,267,358
10.04.2020,02:00,269,360
10.04.2020,03:00,269,307
10.04.2020,04:00,269,376
10.04.2020,05:00,267,374
10.04.2020,06:00,267,319
10.04.2020,07:00,267,375
10.04.2020,08:00,267,372
10.04.2020,09:00,243,348
10.04.2020,10:00,132,193
10.04.2020,11:00,211,230
10.04.2020,12:00,107,31
10.04.2020,13:00,118,57
10.04.2020,14:00,125,29
10.04.2020,15:00,130,36
10.04.2020,16:00,165,87
10.04.2020,17:00,216,150
10.04.2020,18:00,258,339
10.04.2020,19:00,260,337
10.04.2020,20:00,260,335
10.04.2020,21:00,260,336
10.04.2020,22:00,258,300
10.04.2020,23:00,234,184
11.04.2020,00:00,199,176
11.04.2020,01:00,149,61
11.04.2020,02:00,127,62
11.04.2020,03:00,153,36
11.04.2020,04:00,200,106
11.04.2020,05:00,264,214
11.04.2020,06:00,213,333
11.04.2020,07:00,262,322
11.04.2020,08:00,191,94
11.04.2020,09:00,125,76
11.04.2020,10:00,125,47
11.04.2020,11:00,125,30
11.04.2020,12:00,126,34
11.04.2020,13:00,149,144
11.04.2020,14:00,134,76
11.04.2020,15:00,125,31
11.04.2020,16:00,126,56
11.04.2020,17:00,162,266
11.04.2020,18:00,252,325
11.04.2020,19:00,253,325
11.04.2020,20:00,253,328
11.04.2020,21:00,257,348
11.04.2020,22:00,231,352
11.04.2020,23:00,116,353
12.04.2020,00:00,0,350
12.04.2020,01:00,0,150
12.04.2020,02:00,0,49
12.04.2020,03:00,0,26
12.04.2020,04:00,0,28
12.04.2020,05:00,0,80
12.04.2020,06:00,0,34
12.04.2020,07:00,0,39
12.04.2020,08:00,0,44
12.04.2020,09:00,0,56
12.04.2020,10:00,0,31
12.04.2020,11:00,0,53
12.04.2020,12:00,0,270
12.04.2020,13:00,0,32
12.04.2020,14:00,0,62
12.04.2020,15:00,0,32
12.04.2020,16:00,0,62
12.04.2020,17:00,0,305
12.04.2020,18:00,0,140
12.04.2020,19:00,0,96
12.04.2020,20:00,0,287
12.04.2020,21:00,0,55
12.04.2020,22:00,0,29
12.04.2020,23:00,0,59
13.04.2020,00:00,0,35
13.04.2020,01:00,0,33
13.04.2020,02:00,0,31
13.04.2020,03:00,0,31
13.04.2020,04:00,0,29
13.04.2020,05:00,0,32
13.04.2020,06:00,0,48
13.04.2020,07:00,0,53
13.04.2020,08:00,0,57
13.04.2020,09:00,0,72
13.04.2020,10:00,0,31
13.04.2020,11:00,0,29
13.04.2020,12:00,0,27
13.04.2020,13:00,0,33
13.04.2020,14:00,0,33
13.04.2020,15:00,0,31
13.04.2020,16:00,0,30
13.04.2020,17:00,0,33
13.04.2020,18:00,0,60
13.04.2020,19:00,0,63
13.04.2020,20:00,0,68
13.04.2020,21:00,0,216
13.04.2020,22:00,0,70
13.04.2020,23:00,0,59
14.04.2020,00:00,0,55
14.04.2020,01:00,0,322
14.04.2020,02:00,0,37
14.04.2020,03:00,0,37
14.04.2020,04:00,0,36
14.04.2020,05:00,0,53
14.04.2020,06:00,0,163
14.04.2020,07:00,0,326
14.04.2020,08:00,0,325
14.04.2020,09:00,0,306
14.04.2020,10:00,0,126
14.04.2020,11:00,0,325
14.04.2020,12:00,0,320
14.04.2020,13:00,0,299
14.04.2020,14:00,0,98
14.04.2020,15:00,0,81
14.04.2020,16:00,0,84
14.04.2020,17:00,0,107
14.04.2020,18:00,0,268
14.04.2020,19:00,0,233
14.04.2020,20:00,0,317
14.04.2020,21:00,0,319
14.04.2020,22:00,0,327
14.04.2020,23:00,0,333
15.04.2020,00:00,0,258
15.04.2020,01:00,0,275
15.04.2020,02:00,0,343
15.04.2020,03:00,0,344
15.04.2020,04:00,0,336
15.04.2020,05:00,0,239
15.04.2020,06:00,0,322
15.04.2020,07:00,0,321
15.04.2020,08:00,0,321
15.04.2020,09:00,0,302
15.04.2020,10:00,0,108
15.04.2020,11:00,0,319
15.04.2020,12:00,0,318
15.04.2020,13:00,0,281
15.04.2020,14:00,0,137
15.04.2020,15:00,0,295
15.04.2020,16:00,0,161
15.04.2020,17:00,0,307
15.04.2020,18:00,0,312
15.04.2020,19:00,0,320
15.04.2020,20:00,0,320
15.04.2020,21:00,0,321
15.04.2020,22:00,0,289
15.04.2020,23:00,0,343
16.04.2020,00:00,265,354
16.04.2020,01:00,266,357
16.04.2020,02:00,266,361
16.04.2020,03:00,266,363
16.04.2020,04:00,266,360
16.04.2020,05:00,266,355
16.04.2020,06:00,266,348
16.04.2020,07:00,266,342
16.04.2020,08:00,266,323
16.04.2020,09:00,250,212
16.04.2020,10:00,252,321
16.04.2020,11:00,256,297
16.04.2020,12:00,133,48
16.04.2020,13:00,211,75
16.04.2020,14:00,186,91
16.04.2020,15:00,200,177
16.04.2020,16:00,247,290
16.04.2020,17:00,208,72
16.04.2020,18:00,215,225
16.04.2020,19:00,252,313
16.04.2020,20:00,254,315
16.04.2020,21:00,256,320
16.04.2020,22:00,257,285
16.04.2020,23:00,257,191
17.04.2020,00:00,260,333
17.04.2020,01:00,261,306
17.04.2020,02:00,262,349
17.04.2020,03:00,262,321
17.04.2020,04:00,263,357
17.04.2020,05:00,264,322
17.04.2020,06:00,264,309
17.04.2020,07:00,264,281
17.04.2020,08:00,259,313
17.04.2020,09:00,262,268
17.04.2020,10:00,246,219
17.04.2020,11:00,254,318
17.04.2020,12:00,247,267
17.04.2020,13:00,182,50
17.04.2020,14:00,161,162
17.04.2020,15:00,249,335
17.04.2020,16:00,251,317
17.04.2020,17:00,251,307
17.04.2020,18:00,251,323
17.04.2020,19:00,251,289
17.04.2020,20:00,255,336
17.04.2020,21:00,257,348
17.04.2020,22:00,257,358
17.04.2020,23:00,259,363
18.04.2020,00:00,0,371
18.04.2020,01:00,0,371
18.04.2020,02:00,0,318
18.04.2020,03:00,0,140
18.04.2020,04:00,0,256
18.04.2020,05:00,0,165
18.04.2020,06:00,0,368
18.04.2020,07:00,0,370
18.04.2020,08:00,0,368
18.04.2020,09:00,0,357
18.04.2020,10:00,0,198
18.04.2020,11:00,0,51
18.04.2020,12:00,0,243
18.04.2020,13:00,0,54
18.04.2020,14:00,0,270
18.04.2020,15:00,0,231
18.04.2020,16:00,0,22
18.04.2020,17:00,0,61
18.04.2020,18:00,0,339
18.04.2020,19:00,0,339
18.04.2020,20:00,0,340
18.04.2020,21:00,0,345
18.04.2020,22:00,0,352
18.04.2020,23:00,0,330
19.04.2020,00:00,0,47
19.04.2020,01:00,0,50
19.04.2020,02:00,0,93
19.04.2020,03:00,0,82
19.04.2020,04:00,0,86
19.04.2020,05:00,0,51
19.04.2020,06:00,0,59
19.04.2020,07:00,0,63
19.04.2020,08:00,0,56
19.04.2020,09:00,0,57
19.04.2020,10:00,0,298
19.04.2020,11:00,0,292
19.04.2020,12:00,0,45
19.04.2020,13:00,0,157
19.04.2020,14:00,0,19
19.04.2020,15:00,0,21
19.04.2020,16:00,0,20
19.04.2020,17:00,0,21
19.04.2020,18:00,0,45
19.04.2020,19:00,0,23
19.04.2020,20:00,0,111
19.04.2020,21:00,0,28
19.04.2020,22:00,0,38
19.04.2020,23:00,0,49
20.04.2020,00:00,0,56
20.04.2020,01:00,0,91
20.04.2020,02:00,0,93
20.04.2020,03:00,0,64
20.04.2020,04:00,0,79
20.04.2020,05:00,0,192
20.04.2020,06:00,0,123
20.04.2020,07:00,0,313
20.04.2020,08:00,0,316
20.04.2020,09:00,0,284
20.04.2020,10:00,0,27
20.04.2020,11:00,0,27
20.04.2020,12:00,0,35
20.04.2020,13:00,0,35
20.04.2020,14:00,0,37
20.04.2020,15:00,0,34
20.04.2020,16:00,0,32
20.04.2020,17:00,0,30
20.04.2020,18:00,0,30
20.04.2020,19:00,0,51
20.04.2020,20:00,0,296
20.04.2020,21:00,0,32
20.04.2020,22:00,0,37
20.04.2020,23:00,0,36
21.04.2020,00:00,0,0
21.04.2020,01:00,0,0
21.04.2020,02:00,0,0
21.04.2020,03:00,0,0
21.04.2020,04:00,0,0
21.04.2020,05:00,0,0
21.04.2020,06:00,0,0
21.04.2020,07:00,0,0
21.04.2020,08:00,0,0
21.04.2020,09:00,0,0
21.04.2020,10:00,0,0
21.04.2020,11:00,0,0
21.04.2020,12:00,0,0
21.04.2020,13:00,0,0
21.04.2020,14:00,0,0
21.04.2020,15:00,0,0
21.04.2020,16:00,0,0
21.04.2020,17:00,0,0
21.04.2020,18:00,0,0
21.04.2020,19:00,0,0
21.04.2020,20:00,0,0
21.04.2020,21:00,0,0
21.04.2020,22:00,0,0
21.04.2020,23:00,0,0
22.04.2020,00:00,0,46
22.04.2020,01:00,0,223
22.04.2020,02:00,0,40
22.04.2020,03:00,0,40
22.04.2020,04:00,0,38
22.04.2020,05:00,0,175
22.04.2020,06:00,0,43
22.04.2020,07:00,0,244
22.04.2020,08:00,0,320
22.04.2020,09:00,0,322
22.04.2020,10:00,0,323
22.04.2020,11:00,0,287
22.04.2020,12:00,0,39
22.04.2020,13:00,0,73
22.04.2020,14:00,0,141
22.04.2020,15:00,0,32
22.04.2020,16:00,0,39
22.04.2020,17:00,0,62
22.04.2020,18:00,0,294
22.04.2020,19:00,0,298
22.04.2020,20:00,0,295
22.04.2020,21:00,0,300
22.04.2020,22:00,0,301
22.04.2020,23:00,0,191
23.04.2020,00:00,23,101
23.04.2020,01:00,63,166
23.04.2020,02:00,63,194
23.04.2020,03:00,63,177
23.04.2020,04:00,83,134
23.04.2020,05:00,151,159
23.04.2020,06:00,260,300
23.04.2020,07:00,263,261
23.04.2020,08:00,263,315
23.04.2020,09:00,262,282
23.04.2020,10:00,259,266
23.04.2020,11:00,237,185
23.04.2020,12:00,249,153
23.04.2020,13:00,253,292
23.04.2020,14:00,250,204
23.04.2020,15:00,227,255
23.04.2020,16:00,249,300
23.04.2020,17:00,249,293
23.04.2020,18:00,249,293
23.04.2020,19:00,249,292
23.04.2020,20:00,249,292
23.04.2020,21:00,249,301
23.04.2020,22:00,249,309
23.04.2020,23:00,249,311
24.04.2020,00:00,0,310
24.04.2020,01:00,0,238
24.04.2020,02:00,0,316
24.04.2020,03:00,0,319
24.04.2020,04:00,0,311
24.04.2020,05:00,0,308
24.04.2020,06:00,0,299
24.04.2020,07:00,0,313
24.04.2020,08:00,0,325
24.04.2020,09:00,0,298
24.04.2020,10:00,0,157
24.04.2020,11:00,0,285
24.04.2020,12:00,0,138
24.04.2020,13:00,0,81
24.04.2020,14:00,0,93
24.04.2020,15:00,0,87
24.04.2020,16:00,0,103
24.04.2020,17:00,0,153
24.04.2020,18:00,0,191
24.04.2020,19:00,0,163
24.04.2020,20:00,0,292
24.04.2020,21:00,0,250
24.04.2020,22:00,0,182
24.04.2020,23:00,0,225
25.04.2020,00:00,0,81
25.04.2020,01:00,0,127
25.04.2020,02:00,0,193
25.04.2020,03:00,0,299
25.04.2020,04:00,0,163
25.04.2020,05:00,0,159
25.04.2020,06:00,0,121
25.04.2020,07:00,0,175
25.04.2020,08:00,0,126
25.04.2020,09:00,0,34
25.04.2020,10:00,0,60
25.04.2020,11:00,0,32
25.04.2020,12:00,0,53
25.04.2020,13:00,0,35
25.04.2020,14:00,0,39
25.04.2020,15:00,0,105
25.04.2020,16:00,0,28
25.04.2020,17:00,0,59
25.04.2020,18:00,0,187
25.04.2020,19:00,0,315
25.04.2020,20:00,0,331
25.04.2020,21:00,0,339
25.04.2020,22:00,0,344
25.04.2020,23:00,0,343
26.04.2020,00:00,0,220
26.04.2020,01:00,0,350
26.04.2020,02:00,0,346
26.04.2020,03:00,0,347
26.04.2020,04:00,0,348
26.04.2020,05:00,0,348
26.04.2020,06:00,0,348
26.04.2020,07:00,0,332
26.04.2020,08:00,0,38
26.04.2020,09:00,0,42
26.04.2020,10:00,0,285
26.04.2020,11:00,0,41
26.04.2020,12:00,0,185
26.04.2020,13:00,0,33
26.04.2020,14:00,0,28
26.04.2020,15:00,0,36
26.04.2020,16:00,0,118
26.04.2020,17:00,0,114
26.04.2020,18:00,0,326
26.04.2020,19:00,0,340
26.04.2020,20:00,0,331
26.04.2020,21:00,0,333
26.04.2020,22:00,0,336
26.04.2020,23:00,0,352
27.04.2020,00:00,261,363
27.04.2020,01:00,261,367
27.04.2020,02:00,249,337
27.04.2020,03:00,178,187
27.04.2020,04:00,261,281
27.04.2020,05:00,263,331
27.04.2020,06:00,263,352
27.04.2020,07:00,262,338
27.04.2020,08:00,234,253
27.04.2020,09:00,260,325
27.04.2020,10:00,258,316
27.04.2020,11:00,258,314
27.04.2020,12:00,255,313
27.04.2020,13:00,251,311
27.04.2020,14:00,250,308
27.04.2020,15:00,249,308
27.04.2020,16:00,248,246
27.04.2020,17:00,249,306
27.04.2020,18:00,251,307
27.04.2020,19:00,252,310
27.04.2020,20:00,253,314
27.04.2020,21:00,256,316
27.04.2020,22:00,256,321
27.04.2020,23:00,256,328
28.04.2020,00:00,256,333
28.04.2020,01:00,256,339
28.04.2020,02:00,257,345
28.04.2020,03:00,259,350
28.04.2020,04:00,259,349
28.04.2020,05:00,259,307
28.04.2020,06:00,259,301
28.04.2020,07:00,259,308
28.04.2020,08:00,259,319
28.04.2020,09:00,257,312
28.04.2020,10:00,256,289
28.04.2020,11:00,254,300
28.04.2020,12:00,252,301
28.04.2020,13:00,253,307
28.04.2020,14:00,253,306
28.04.2020,15:00,256,308
28.04.2020,16:00,258,314
28.04.2020,17:00,258,316
28.04.2020,18:00,257,317
28.04.2020,19:00,256,315
28.04.2020,20:00,257,229
28.04.2020,21:00,258,227
28.04.2020,22:00,259,271
28.04.2020,23:00,259,313
29.04.2020,00:00,259,341
29.04.2020,01:00,259,270
29.04.2020,02:00,259,321
29.04.2020,03:00,259,364
29.04.2020,04:00,259,362
29.04.2020,05:00,254,291
29.04.2020,06:00,256,307
29.04.2020,07:00,259,333
29.04.2020,08:00,259,323
29.04.2020,09:00,259,313
29.04.2020,10:00,259,307
29.04.2020,11:00,260,304
29.04.2020,12:00,259,302
29.04.2020,13:00,258,303
29.04.2020,14:00,257,293
29.04.2020,15:00,256,187
29.04.2020,16:00,258,306
29.04.2020,17:00,259,305
29.04.2020,18:00,258,307
29.04.2020,19:00,257,299
29.04.2020,20:00,258,267
29.04.2020,21:00,258,269
29.04.2020,22:00,258,315
29.04.2020,23:00,233,235
30.04.2020,00:00,214,155
30.04.2020,01:00,187,104
30.04.2020,02:00,125,26
30.04.2020,03:00,125,27
30.04.2020,04:00,125,30
30.04.2020,05:00,127,56
30.04.2020,06:00,185,209
30.04.2020,07:00,245,243
30.04.2020,08:00,256,219
30.04.2020,09:00,240,166
30.04.2020,10:00,119,43
30.04.2020,11:00,116,40
30.04.2020,12:00,117,34
30.04.2020,13:00,136,80
30.04.2020,14:00,239,278
30.04.2020,15:00,145,37
30.04.2020,16:00,199,32
30.04.2020,17:00,187,62
30.04.2020,18:00,256,307
30.04.2020,19:00,247,308
30.04.2020,20:00,172,164
30.04.2020,21:00,229,247
30.04.2020,22:00,111,179
30.04.2020,23:00,108,198
