Datum,Uhrzeit,Generation_DE KKI 2[MW]
01.01.2020,00:00,1425
01.01.2020,01:00,1426
01.01.2020,02:00,1428
01.01.2020,03:00,1426
01.01.2020,04:00,1425
01.01.2020,05:00,1426
01.01.2020,06:00,1428
01.01.2020,07:00,1427
01.01.2020,08:00,1428
01.01.2020,09:00,1427
01.01.2020,10:00,1356
01.01.2020,11:00,1220
01.01.2020,12:00,1215
01.01.2020,13:00,1378
01.01.2020,14:00,1418
01.01.2020,15:00,1426
01.01.2020,16:00,1425
01.01.2020,17:00,1425
01.01.2020,18:00,1425
01.01.2020,19:00,1427
01.01.2020,20:00,1423
01.01.2020,21:00,1427
01.01.2020,22:00,1426
01.01.2020,23:00,1427
02.01.2020,00:00,1428
02.01.2020,01:00,1429
02.01.2020,02:00,1429
02.01.2020,03:00,1428
02.01.2020,04:00,1429
02.01.2020,05:00,1430
02.01.2020,06:00,1370
02.01.2020,07:00,1427
02.01.2020,08:00,1430
02.01.2020,09:00,1431
02.01.2020,10:00,1431
02.01.2020,11:00,1429
02.01.2020,12:00,1430
02.01.2020,13:00,1430
02.01.2020,14:00,1429
02.01.2020,15:00,1428
02.01.2020,16:00,1429
02.01.2020,17:00,1428
02.01.2020,18:00,1429
02.01.2020,19:00,1429
02.01.2020,20:00,1413
02.01.2020,21:00,1424
02.01.2020,22:00,1429
02.01.2020,23:00,1428
03.01.2020,00:00,1428
03.01.2020,01:00,1428
03.01.2020,02:00,1423
03.01.2020,03:00,1369
03.01.2020,04:00,1278
03.01.2020,05:00,1349
03.01.2020,06:00,1367
03.01.2020,07:00,1323
03.01.2020,08:00,1275
03.01.2020,09:00,1418
03.01.2020,10:00,1416
03.01.2020,11:00,1399
03.01.2020,12:00,1428
03.01.2020,13:00,1384
03.01.2020,14:00,1367
03.01.2020,15:00,1340
03.01.2020,16:00,1359
03.01.2020,17:00,1229
03.01.2020,18:00,1226
03.01.2020,19:00,1234
03.01.2020,20:00,1321
03.01.2020,21:00,1294
03.01.2020,22:00,1234
03.01.2020,23:00,1287
04.01.2020,00:00,1311
04.01.2020,01:00,1394
04.01.2020,02:00,1393
04.01.2020,03:00,1362
04.01.2020,04:00,1297
04.01.2020,05:00,1371
04.01.2020,06:00,1355
04.01.2020,07:00,1364
04.01.2020,08:00,1370
04.01.2020,09:00,1357
04.01.2020,10:00,1323
04.01.2020,11:00,1341
04.01.2020,12:00,1389
04.01.2020,13:00,1382
04.01.2020,14:00,1342
04.01.2020,15:00,1324
04.01.2020,16:00,1405
04.01.2020,17:00,1390
04.01.2020,18:00,1397
04.01.2020,19:00,1415
04.01.2020,20:00,1374
04.01.2020,21:00,1410
04.01.2020,22:00,1415
04.01.2020,23:00,1403
05.01.2020,00:00,1367
05.01.2020,01:00,1369
05.01.2020,02:00,1372
05.01.2020,03:00,1416
05.01.2020,04:00,1409
05.01.2020,05:00,1405
05.01.2020,06:00,1416
05.01.2020,07:00,1416
05.01.2020,08:00,1411
05.01.2020,09:00,1393
05.01.2020,10:00,1409
05.01.2020,11:00,1421
05.01.2020,12:00,1420
05.01.2020,13:00,1420
05.01.2020,14:00,1420
05.01.2020,15:00,1420
05.01.2020,16:00,1418
05.01.2020,17:00,1420
05.01.2020,18:00,1420
05.01.2020,19:00,1420
05.01.2020,20:00,1389
05.01.2020,21:00,1410
05.01.2020,22:00,1414
05.01.2020,23:00,1407
06.01.2020,00:00,1410
06.01.2020,01:00,1414
06.01.2020,02:00,1414
06.01.2020,03:00,1402
06.01.2020,04:00,1425
06.01.2020,05:00,1424
06.01.2020,06:00,1428
06.01.2020,07:00,1425
06.01.2020,08:00,1429
06.01.2020,09:00,1429
06.01.2020,10:00,1428
06.01.2020,11:00,1429
06.01.2020,12:00,1427
06.01.2020,13:00,1426
06.01.2020,14:00,1426
06.01.2020,15:00,1425
06.01.2020,16:00,1426
06.01.2020,17:00,1428
06.01.2020,18:00,1429
06.01.2020,19:00,1427
06.01.2020,20:00,1409
06.01.2020,21:00,1423
06.01.2020,22:00,1412
06.01.2020,23:00,1426
07.01.2020,00:00,1424
07.01.2020,01:00,1424
07.01.2020,02:00,1428
07.01.2020,03:00,1382
07.01.2020,04:00,1351
07.01.2020,05:00,1414
07.01.2020,06:00,1425
07.01.2020,07:00,1426
07.01.2020,08:00,1426
07.01.2020,09:00,1426
07.01.2020,10:00,1425
07.01.2020,11:00,1397
07.01.2020,12:00,1322
07.01.2020,13:00,1416
07.01.2020,14:00,1422
07.01.2020,15:00,1421
07.01.2020,16:00,1421
07.01.2020,17:00,1421
07.01.2020,18:00,1422
07.01.2020,19:00,1421
07.01.2020,20:00,1410
07.01.2020,21:00,1412
07.01.2020,22:00,1418
07.01.2020,23:00,1420
08.01.2020,00:00,1414
08.01.2020,01:00,1399
08.01.2020,02:00,1339
08.01.2020,03:00,1391
08.01.2020,04:00,1424
08.01.2020,05:00,1423
08.01.2020,06:00,1423
08.01.2020,07:00,1422
08.01.2020,08:00,1422
08.01.2020,09:00,1423
08.01.2020,10:00,1423
08.01.2020,11:00,1423
08.01.2020,12:00,1423
08.01.2020,13:00,1423
08.01.2020,14:00,1423
08.01.2020,15:00,1420
08.01.2020,16:00,1420
08.01.2020,17:00,1420
08.01.2020,18:00,1419
08.01.2020,19:00,1419
08.01.2020,20:00,1418
08.01.2020,21:00,1420
08.01.2020,22:00,1430
08.01.2020,23:00,1429
09.01.2020,00:00,1428
09.01.2020,01:00,1426
09.01.2020,02:00,1426
09.01.2020,03:00,1425
09.01.2020,04:00,1426
09.01.2020,05:00,1425
09.01.2020,06:00,1424
09.01.2020,07:00,1423
09.01.2020,08:00,1423
09.01.2020,09:00,1423
09.01.2020,10:00,1420
09.01.2020,11:00,1418
09.01.2020,12:00,1416
09.01.2020,13:00,1412
09.01.2020,14:00,1412
09.01.2020,15:00,1412
09.01.2020,16:00,1413
09.01.2020,17:00,1414
09.01.2020,18:00,1412
09.01.2020,19:00,1412
09.01.2020,20:00,1412
09.01.2020,21:00,1413
09.01.2020,22:00,1413
09.01.2020,23:00,1410
10.01.2020,00:00,1414
10.01.2020,01:00,1412
10.01.2020,02:00,1404
10.01.2020,03:00,1368
10.01.2020,04:00,1401
10.01.2020,05:00,1421
10.01.2020,06:00,1418
10.01.2020,07:00,1418
10.01.2020,08:00,1414
10.01.2020,09:00,1419
10.01.2020,10:00,1419
10.01.2020,11:00,1409
10.01.2020,12:00,1412
10.01.2020,13:00,1410
10.01.2020,14:00,1410
10.01.2020,15:00,1393
10.01.2020,16:00,1406
10.01.2020,17:00,1406
10.01.2020,18:00,1407
10.01.2020,19:00,1408
10.01.2020,20:00,1402
10.01.2020,21:00,1409
10.01.2020,22:00,1409
10.01.2020,23:00,1408
11.01.2020,00:00,1407
11.01.2020,01:00,1408
11.01.2020,02:00,1407
11.01.2020,03:00,1390
11.01.2020,04:00,1403
11.01.2020,05:00,1371
11.01.2020,06:00,1408
11.01.2020,07:00,1408
11.01.2020,08:00,1415
11.01.2020,09:00,1416
11.01.2020,10:00,1392
11.01.2020,11:00,1356
11.01.2020,12:00,1357
11.01.2020,13:00,1335
11.01.2020,14:00,1419
11.01.2020,15:00,1415
11.01.2020,16:00,1418
11.01.2020,17:00,1421
11.01.2020,18:00,1418
11.01.2020,19:00,1419
11.01.2020,20:00,1422
11.01.2020,21:00,1421
11.01.2020,22:00,1424
11.01.2020,23:00,1412
12.01.2020,00:00,1362
12.01.2020,01:00,1328
12.01.2020,02:00,1326
12.01.2020,03:00,1323
12.01.2020,04:00,1330
12.01.2020,05:00,1331
12.01.2020,06:00,1348
12.01.2020,07:00,1392
12.01.2020,08:00,1355
12.01.2020,09:00,1369
12.01.2020,10:00,1329
12.01.2020,11:00,1368
12.01.2020,12:00,1329
12.01.2020,13:00,1349
12.01.2020,14:00,1407
12.01.2020,15:00,1417
12.01.2020,16:00,1426
12.01.2020,17:00,1425
12.01.2020,18:00,1425
12.01.2020,19:00,1421
12.01.2020,20:00,1332
12.01.2020,21:00,1279
12.01.2020,22:00,1354
12.01.2020,23:00,1416
13.01.2020,00:00,1378
13.01.2020,01:00,1425
13.01.2020,02:00,1425
13.01.2020,03:00,1424
13.01.2020,04:00,1424
13.01.2020,05:00,1424
13.01.2020,06:00,1423
13.01.2020,07:00,1423
13.01.2020,08:00,1423
13.01.2020,09:00,1423
13.01.2020,10:00,1423
13.01.2020,11:00,1422
13.01.2020,12:00,1422
13.01.2020,13:00,1422
13.01.2020,14:00,1420
13.01.2020,15:00,1419
13.01.2020,16:00,1418
13.01.2020,17:00,1419
13.01.2020,18:00,1419
13.01.2020,19:00,1419
13.01.2020,20:00,1418
13.01.2020,21:00,1398
13.01.2020,22:00,1420
13.01.2020,23:00,1420
14.01.2020,00:00,1421
14.01.2020,01:00,1397
14.01.2020,02:00,1314
14.01.2020,03:00,1190
14.01.2020,04:00,1365
14.01.2020,05:00,1377
14.01.2020,06:00,1392
14.01.2020,07:00,1425
14.01.2020,08:00,1425
14.01.2020,09:00,1424
14.01.2020,10:00,1392
14.01.2020,11:00,1374
14.01.2020,12:00,1332
14.01.2020,13:00,1370
14.01.2020,14:00,1409
14.01.2020,15:00,1417
14.01.2020,16:00,1418
14.01.2020,17:00,1419
14.01.2020,18:00,1420
14.01.2020,19:00,1421
14.01.2020,20:00,1422
14.01.2020,21:00,1422
14.01.2020,22:00,1422
14.01.2020,23:00,1345
15.01.2020,00:00,1302
15.01.2020,01:00,1350
15.01.2020,02:00,1318
15.01.2020,03:00,1334
15.01.2020,04:00,1342
15.01.2020,05:00,1332
15.01.2020,06:00,1425
15.01.2020,07:00,1426
15.01.2020,08:00,1426
15.01.2020,09:00,1428
15.01.2020,10:00,1428
15.01.2020,11:00,1427
15.01.2020,12:00,1426
15.01.2020,13:00,1425
15.01.2020,14:00,1425
15.01.2020,15:00,1423
15.01.2020,16:00,1423
15.01.2020,17:00,1422
15.01.2020,18:00,1424
15.01.2020,19:00,1424
15.01.2020,20:00,1424
15.01.2020,21:00,1372
15.01.2020,22:00,1424
15.01.2020,23:00,1425
16.01.2020,00:00,1425
16.01.2020,01:00,1424
16.01.2020,02:00,1425
16.01.2020,03:00,1425
16.01.2020,04:00,1423
16.01.2020,05:00,1408
16.01.2020,06:00,1418
16.01.2020,07:00,1423
16.01.2020,08:00,1423
16.01.2020,09:00,1424
16.01.2020,10:00,1423
16.01.2020,11:00,1411
16.01.2020,12:00,1400
16.01.2020,13:00,1421
16.01.2020,14:00,1414
16.01.2020,15:00,1413
16.01.2020,16:00,1407
16.01.2020,17:00,1322
16.01.2020,18:00,1376
16.01.2020,19:00,1414
16.01.2020,20:00,1414
16.01.2020,21:00,1413
16.01.2020,22:00,1415
16.01.2020,23:00,1415
17.01.2020,00:00,1370
17.01.2020,01:00,1374
17.01.2020,02:00,1396
17.01.2020,03:00,1418
17.01.2020,04:00,1419
17.01.2020,05:00,1415
17.01.2020,06:00,1420
17.01.2020,07:00,1420
17.01.2020,08:00,1402
17.01.2020,09:00,1224
17.01.2020,10:00,1424
17.01.2020,11:00,1426
17.01.2020,12:00,1423
17.01.2020,13:00,1421
17.01.2020,14:00,1420
17.01.2020,15:00,1416
17.01.2020,16:00,1416
17.01.2020,17:00,1416
17.01.2020,18:00,1418
17.01.2020,19:00,1385
17.01.2020,20:00,1365
17.01.2020,21:00,1360
17.01.2020,22:00,1370
17.01.2020,23:00,1369
18.01.2020,00:00,1347
18.01.2020,01:00,1318
18.01.2020,02:00,1341
18.01.2020,03:00,1389
18.01.2020,04:00,1379
18.01.2020,05:00,1388
18.01.2020,06:00,1414
18.01.2020,07:00,1415
18.01.2020,08:00,1416
18.01.2020,09:00,1419
18.01.2020,10:00,1418
18.01.2020,11:00,1418
18.01.2020,12:00,1418
18.01.2020,13:00,1418
18.01.2020,14:00,1419
18.01.2020,15:00,1418
18.01.2020,16:00,1419
18.01.2020,17:00,1418
18.01.2020,18:00,1418
18.01.2020,19:00,1407
18.01.2020,20:00,1414
18.01.2020,21:00,1397
18.01.2020,22:00,1416
18.01.2020,23:00,1371
19.01.2020,00:00,1363
19.01.2020,01:00,1358
19.01.2020,02:00,1359
19.01.2020,03:00,1359
19.01.2020,04:00,1410
19.01.2020,05:00,1420
19.01.2020,06:00,1423
19.01.2020,07:00,1423
19.01.2020,08:00,1424
19.01.2020,09:00,1424
19.01.2020,10:00,1423
19.01.2020,11:00,1424
19.01.2020,12:00,1423
19.01.2020,13:00,1421
19.01.2020,14:00,1423
19.01.2020,15:00,1425
19.01.2020,16:00,1424
19.01.2020,17:00,1424
19.01.2020,18:00,1424
19.01.2020,19:00,1414
19.01.2020,20:00,1382
19.01.2020,21:00,1402
19.01.2020,22:00,1402
19.01.2020,23:00,1393
20.01.2020,00:00,1394
20.01.2020,01:00,1394
20.01.2020,02:00,1394
20.01.2020,03:00,1400
20.01.2020,04:00,1422
20.01.2020,05:00,1421
20.01.2020,06:00,1421
20.01.2020,07:00,1421
20.01.2020,08:00,1425
20.01.2020,09:00,1426
20.01.2020,10:00,1425
20.01.2020,11:00,1426
20.01.2020,12:00,1424
20.01.2020,13:00,1424
20.01.2020,14:00,1425
20.01.2020,15:00,1423
20.01.2020,16:00,1419
20.01.2020,17:00,1420
20.01.2020,18:00,1420
20.01.2020,19:00,1420
20.01.2020,20:00,1422
20.01.2020,21:00,1424
20.01.2020,22:00,1424
20.01.2020,23:00,1425
21.01.2020,00:00,1425
21.01.2020,01:00,1425
21.01.2020,02:00,1425
21.01.2020,03:00,1427
21.01.2020,04:00,1428
21.01.2020,05:00,1428
21.01.2020,06:00,1428
21.01.2020,07:00,1428
21.01.2020,08:00,1431
21.01.2020,09:00,1433
21.01.2020,10:00,1433
21.01.2020,11:00,1432
21.01.2020,12:00,1432
21.01.2020,13:00,1432
21.01.2020,14:00,1432
21.01.2020,15:00,1431
21.01.2020,16:00,1432
21.01.2020,17:00,1433
21.01.2020,18:00,1433
21.01.2020,19:00,1433
21.01.2020,20:00,1432
21.01.2020,21:00,1432
21.01.2020,22:00,1434
21.01.2020,23:00,1433
22.01.2020,00:00,1431
22.01.2020,01:00,1431
22.01.2020,02:00,1430
22.01.2020,03:00,1431
22.01.2020,04:00,1431
22.01.2020,05:00,1432
22.01.2020,06:00,1432
22.01.2020,07:00,1432
22.01.2020,08:00,1433
22.01.2020,09:00,1434
22.01.2020,10:00,1435
22.01.2020,11:00,1432
22.01.2020,12:00,1433
22.01.2020,13:00,1433
22.01.2020,14:00,1431
22.01.2020,15:00,1423
22.01.2020,16:00,1416
22.01.2020,17:00,1428
22.01.2020,18:00,1428
22.01.2020,19:00,1428
22.01.2020,20:00,1428
22.01.2020,21:00,1429
22.01.2020,22:00,1429
22.01.2020,23:00,1429
23.01.2020,00:00,1427
23.01.2020,01:00,1428
23.01.2020,02:00,1429
23.01.2020,03:00,1429
23.01.2020,04:00,1429
23.01.2020,05:00,1428
23.01.2020,06:00,1427
23.01.2020,07:00,1427
23.01.2020,08:00,1428
23.01.2020,09:00,1427
23.01.2020,10:00,1429
23.01.2020,11:00,1428
23.01.2020,12:00,1426
23.01.2020,13:00,1426
23.01.2020,14:00,1428
23.01.2020,15:00,1425
23.01.2020,16:00,1424
23.01.2020,17:00,1425
23.01.2020,18:00,1426
23.01.2020,19:00,1425
23.01.2020,20:00,1427
23.01.2020,21:00,1428
23.01.2020,22:00,1427
23.01.2020,23:00,1426
24.01.2020,00:00,1427
24.01.2020,01:00,1421
24.01.2020,02:00,1421
24.01.2020,03:00,1428
24.01.2020,04:00,1429
24.01.2020,05:00,1428
24.01.2020,06:00,1425
24.01.2020,07:00,1425
24.01.2020,08:00,1426
24.01.2020,09:00,1426
24.01.2020,10:00,1426
24.01.2020,11:00,1427
24.01.2020,12:00,1427
24.01.2020,13:00,1425
24.01.2020,14:00,1425
24.01.2020,15:00,1425
24.01.2020,16:00,1425
24.01.2020,17:00,1426
24.01.2020,18:00,1427
24.01.2020,19:00,1428
24.01.2020,20:00,1427
24.01.2020,21:00,1427
24.01.2020,22:00,1428
24.01.2020,23:00,1427
25.01.2020,00:00,1428
25.01.2020,01:00,1427
25.01.2020,02:00,1427
25.01.2020,03:00,1428
25.01.2020,04:00,1427
25.01.2020,05:00,1428
25.01.2020,06:00,1428
25.01.2020,07:00,1427
25.01.2020,08:00,1429
25.01.2020,09:00,1429
25.01.2020,10:00,1429
25.01.2020,11:00,1428
25.01.2020,12:00,1427
25.01.2020,13:00,1426
25.01.2020,14:00,1425
25.01.2020,15:00,1423
25.01.2020,16:00,1423
25.01.2020,17:00,1423
25.01.2020,18:00,1424
25.01.2020,19:00,1423
25.01.2020,20:00,1425
25.01.2020,21:00,1425
25.01.2020,22:00,1424
25.01.2020,23:00,1425
26.01.2020,00:00,1426
26.01.2020,01:00,1426
26.01.2020,02:00,1428
26.01.2020,03:00,1428
26.01.2020,04:00,1428
26.01.2020,05:00,1426
26.01.2020,06:00,1425
26.01.2020,07:00,1425
26.01.2020,08:00,1427
26.01.2020,09:00,1427
26.01.2020,10:00,1426
26.01.2020,11:00,1425
26.01.2020,12:00,1424
26.01.2020,13:00,1423
26.01.2020,14:00,1422
26.01.2020,15:00,1420
26.01.2020,16:00,1420
26.01.2020,17:00,1420
26.01.2020,18:00,1422
26.01.2020,19:00,1422
26.01.2020,20:00,1422
26.01.2020,21:00,1420
26.01.2020,22:00,1423
26.01.2020,23:00,1423
27.01.2020,00:00,1421
27.01.2020,01:00,1424
27.01.2020,02:00,1425
27.01.2020,03:00,1409
27.01.2020,04:00,1381
27.01.2020,05:00,1419
27.01.2020,06:00,1422
27.01.2020,07:00,1422
27.01.2020,08:00,1421
27.01.2020,09:00,1422
27.01.2020,10:00,1421
27.01.2020,11:00,1420
27.01.2020,12:00,1417
27.01.2020,13:00,1414
27.01.2020,14:00,1411
27.01.2020,15:00,1409
27.01.2020,16:00,1410
27.01.2020,17:00,1410
27.01.2020,18:00,1410
27.01.2020,19:00,1410
27.01.2020,20:00,1416
27.01.2020,21:00,1391
27.01.2020,22:00,1405
27.01.2020,23:00,1389
28.01.2020,00:00,1396
28.01.2020,01:00,1351
28.01.2020,02:00,1338
28.01.2020,03:00,1345
28.01.2020,04:00,1323
28.01.2020,05:00,1350
28.01.2020,06:00,1407
28.01.2020,07:00,1408
28.01.2020,08:00,1409
28.01.2020,09:00,1412
28.01.2020,10:00,1411
28.01.2020,11:00,1409
28.01.2020,12:00,1407
28.01.2020,13:00,1394
28.01.2020,14:00,1380
28.01.2020,15:00,1411
28.01.2020,16:00,1411
28.01.2020,17:00,1417
28.01.2020,18:00,1417
28.01.2020,19:00,1416
28.01.2020,20:00,1417
28.01.2020,21:00,1416
28.01.2020,22:00,1417
28.01.2020,23:00,1419
29.01.2020,00:00,1419
29.01.2020,01:00,1409
29.01.2020,02:00,1420
29.01.2020,03:00,1419
29.01.2020,04:00,1415
29.01.2020,05:00,1392
29.01.2020,06:00,1399
29.01.2020,07:00,1397
29.01.2020,08:00,1404
29.01.2020,09:00,1420
29.01.2020,10:00,1420
29.01.2020,11:00,1420
29.01.2020,12:00,1417
29.01.2020,13:00,1416
29.01.2020,14:00,1416
29.01.2020,15:00,1413
29.01.2020,16:00,1417
29.01.2020,17:00,1417
29.01.2020,18:00,1419
29.01.2020,19:00,1416
29.01.2020,20:00,1393
29.01.2020,21:00,1364
29.01.2020,22:00,1372
29.01.2020,23:00,1356
30.01.2020,00:00,1339
30.01.2020,01:00,1356
30.01.2020,02:00,1409
30.01.2020,03:00,1404
30.01.2020,04:00,1359
30.01.2020,05:00,1407
30.01.2020,06:00,1418
30.01.2020,07:00,1416
30.01.2020,08:00,1416
30.01.2020,09:00,1415
30.01.2020,10:00,1408
30.01.2020,11:00,1410
30.01.2020,12:00,1386
30.01.2020,13:00,1375
30.01.2020,14:00,1412
30.01.2020,15:00,1412
30.01.2020,16:00,1411
30.01.2020,17:00,1414
30.01.2020,18:00,1415
30.01.2020,19:00,1408
30.01.2020,20:00,1301
30.01.2020,21:00,1276
30.01.2020,22:00,1299
30.01.2020,23:00,1308
31.01.2020,00:00,1267
31.01.2020,01:00,1200
31.01.2020,02:00,1040
31.01.2020,03:00,983
31.01.2020,04:00,1154
31.01.2020,05:00,1306
31.01.2020,06:00,1355
31.01.2020,07:00,1392
31.01.2020,08:00,1398
31.01.2020,09:00,1393
31.01.2020,10:00,1387
31.01.2020,11:00,1357
31.01.2020,12:00,1326
31.01.2020,13:00,1328
31.01.2020,14:00,1339
31.01.2020,15:00,1393
31.01.2020,16:00,1394
31.01.2020,17:00,1393
31.01.2020,18:00,1380
31.01.2020,19:00,1361
31.01.2020,20:00,1362
31.01.2020,21:00,1370
31.01.2020,22:00,1337
31.01.2020,23:00,1248
01.02.2020,00:00,1189
01.02.2020,01:00,1157
01.02.2020,02:00,1199
01.02.2020,03:00,1055
01.02.2020,04:00,1075
01.02.2020,05:00,1109
01.02.2020,06:00,1126
01.02.2020,07:00,1240
01.02.2020,08:00,1295
01.02.2020,09:00,1289
01.02.2020,10:00,1244
01.02.2020,11:00,1169
01.02.2020,12:00,1287
01.02.2020,13:00,1283
01.02.2020,14:00,1233
01.02.2020,15:00,1311
01.02.2020,16:00,1287
01.02.2020,17:00,1295
01.02.2020,18:00,1305
01.02.2020,19:00,1271
01.02.2020,20:00,1165
01.02.2020,21:00,1060
01.02.2020,22:00,1027
01.02.2020,23:00,1019
02.02.2020,00:00,1034
02.02.2020,01:00,967
02.02.2020,02:00,1034
02.02.2020,03:00,1048
02.02.2020,04:00,983
02.02.2020,05:00,962
02.02.2020,06:00,974
02.02.2020,07:00,1200
02.02.2020,08:00,1286
02.02.2020,09:00,1375
02.02.2020,10:00,1382
02.02.2020,11:00,1404
02.02.2020,12:00,1404
02.02.2020,13:00,1402
02.02.2020,14:00,1402
02.02.2020,15:00,1401
02.02.2020,16:00,1397
02.02.2020,17:00,1395
02.02.2020,18:00,1396
02.02.2020,19:00,1384
02.02.2020,20:00,1392
02.02.2020,21:00,1392
02.02.2020,22:00,1393
02.02.2020,23:00,1341
03.02.2020,00:00,1381
03.02.2020,01:00,1381
03.02.2020,02:00,1324
03.02.2020,03:00,1333
03.02.2020,04:00,1280
03.02.2020,05:00,1202
03.02.2020,06:00,1303
03.02.2020,07:00,1410
03.02.2020,08:00,1409
03.02.2020,09:00,1406
03.02.2020,10:00,1409
03.02.2020,11:00,1409
03.02.2020,12:00,1407
03.02.2020,13:00,1393
03.02.2020,14:00,1407
03.02.2020,15:00,1406
03.02.2020,16:00,1408
03.02.2020,17:00,1406
03.02.2020,18:00,1406
03.02.2020,19:00,1404
03.02.2020,20:00,1406
03.02.2020,21:00,1407
03.02.2020,22:00,1419
03.02.2020,23:00,1417
04.02.2020,00:00,1415
04.02.2020,01:00,1414
04.02.2020,02:00,1410
04.02.2020,03:00,1399
04.02.2020,04:00,1396
04.02.2020,05:00,1399
04.02.2020,06:00,1406
04.02.2020,07:00,1412
04.02.2020,08:00,1414
04.02.2020,09:00,1417
04.02.2020,10:00,1420
04.02.2020,11:00,1422
04.02.2020,12:00,1419
04.02.2020,13:00,1416
04.02.2020,14:00,1373
04.02.2020,15:00,1417
04.02.2020,16:00,1418
04.02.2020,17:00,1416
04.02.2020,18:00,1413
04.02.2020,19:00,1407
04.02.2020,20:00,1344
04.02.2020,21:00,1341
04.02.2020,22:00,1341
04.02.2020,23:00,1338
05.02.2020,00:00,1288
05.02.2020,01:00,1281
05.02.2020,02:00,1276
05.02.2020,03:00,1291
05.02.2020,04:00,1266
05.02.2020,05:00,1325
05.02.2020,06:00,1382
05.02.2020,07:00,1416
05.02.2020,08:00,1423
05.02.2020,09:00,1426
05.02.2020,10:00,1426
05.02.2020,11:00,1425
05.02.2020,12:00,1424
05.02.2020,13:00,1412
05.02.2020,14:00,1406
05.02.2020,15:00,1420
05.02.2020,16:00,1420
05.02.2020,17:00,1420
05.02.2020,18:00,1422
05.02.2020,19:00,1424
05.02.2020,20:00,1425
05.02.2020,21:00,1426
05.02.2020,22:00,1426
05.02.2020,23:00,1427
06.02.2020,00:00,1427
06.02.2020,01:00,1428
06.02.2020,02:00,1427
06.02.2020,03:00,1426
06.02.2020,04:00,1425
06.02.2020,05:00,1415
06.02.2020,06:00,1424
06.02.2020,07:00,1426
06.02.2020,08:00,1426
06.02.2020,09:00,1426
06.02.2020,10:00,1424
06.02.2020,11:00,1425
06.02.2020,12:00,1422
06.02.2020,13:00,1416
06.02.2020,14:00,1416
06.02.2020,15:00,1418
06.02.2020,16:00,1417
06.02.2020,17:00,1405
06.02.2020,18:00,1415
06.02.2020,19:00,1419
06.02.2020,20:00,1423
06.02.2020,21:00,1422
06.02.2020,22:00,1423
06.02.2020,23:00,1419
07.02.2020,00:00,1420
07.02.2020,01:00,1421
07.02.2020,02:00,1422
07.02.2020,03:00,1425
07.02.2020,04:00,1426
07.02.2020,05:00,1426
07.02.2020,06:00,1426
07.02.2020,07:00,1426
07.02.2020,08:00,1419
07.02.2020,09:00,1402
07.02.2020,10:00,1424
07.02.2020,11:00,1396
07.02.2020,12:00,1323
07.02.2020,13:00,1320
07.02.2020,14:00,1321
07.02.2020,15:00,1318
07.02.2020,16:00,1321
07.02.2020,17:00,1375
07.02.2020,18:00,1420
07.02.2020,19:00,1422
07.02.2020,20:00,1422
07.02.2020,21:00,1394
07.02.2020,22:00,1377
07.02.2020,23:00,1423
08.02.2020,00:00,1393
08.02.2020,01:00,1352
08.02.2020,02:00,1334
08.02.2020,03:00,1300
08.02.2020,04:00,1302
08.02.2020,05:00,1318
08.02.2020,06:00,1318
08.02.2020,07:00,1326
08.02.2020,08:00,1332
08.02.2020,09:00,1333
08.02.2020,10:00,1354
08.02.2020,11:00,1379
08.02.2020,12:00,1365
08.02.2020,13:00,1375
08.02.2020,14:00,1419
08.02.2020,15:00,1419
08.02.2020,16:00,1418
08.02.2020,17:00,1417
08.02.2020,18:00,1418
08.02.2020,19:00,1334
08.02.2020,20:00,1341
08.02.2020,21:00,1325
08.02.2020,22:00,1344
08.02.2020,23:00,1424
09.02.2020,00:00,1424
09.02.2020,01:00,1406
09.02.2020,02:00,1403
09.02.2020,03:00,1279
09.02.2020,04:00,1320
09.02.2020,05:00,1319
09.02.2020,06:00,1252
09.02.2020,07:00,1210
09.02.2020,08:00,1115
09.02.2020,09:00,1161
09.02.2020,10:00,1133
09.02.2020,11:00,955
09.02.2020,12:00,881
09.02.2020,13:00,976
09.02.2020,14:00,1024
09.02.2020,15:00,1214
09.02.2020,16:00,1252
09.02.2020,17:00,1269
09.02.2020,18:00,1317
09.02.2020,19:00,1267
09.02.2020,20:00,1302
09.02.2020,21:00,1256
09.02.2020,22:00,1270
09.02.2020,23:00,1267
10.02.2020,00:00,1281
10.02.2020,01:00,1222
10.02.2020,02:00,1191
10.02.2020,03:00,1255
10.02.2020,04:00,1264
10.02.2020,05:00,1304
10.02.2020,06:00,1371
10.02.2020,07:00,1375
10.02.2020,08:00,1391
10.02.2020,09:00,1392
10.02.2020,10:00,1383
10.02.2020,11:00,1380
10.02.2020,12:00,1324
10.02.2020,13:00,1353
10.02.2020,14:00,1350
10.02.2020,15:00,1313
10.02.2020,16:00,1325
10.02.2020,17:00,1403
10.02.2020,18:00,1404
10.02.2020,19:00,1411
10.02.2020,20:00,1352
10.02.2020,21:00,1335
10.02.2020,22:00,1331
10.02.2020,23:00,1328
11.02.2020,00:00,1239
11.02.2020,01:00,1139
11.02.2020,02:00,1184
11.02.2020,03:00,1199
11.02.2020,04:00,1276
11.02.2020,05:00,1317
11.02.2020,06:00,1354
11.02.2020,07:00,1410
11.02.2020,08:00,1411
11.02.2020,09:00,1409
11.02.2020,10:00,1411
11.02.2020,11:00,1404
11.02.2020,12:00,1353
11.02.2020,13:00,1309
11.02.2020,14:00,1314
11.02.2020,15:00,1308
11.02.2020,16:00,1385
11.02.2020,17:00,1411
11.02.2020,18:00,1413
11.02.2020,19:00,1406
11.02.2020,20:00,1328
11.02.2020,21:00,1306
11.02.2020,22:00,1329
11.02.2020,23:00,1330
12.02.2020,00:00,1319
12.02.2020,01:00,1300
12.02.2020,02:00,1301
12.02.2020,03:00,1303
12.02.2020,04:00,1342
12.02.2020,05:00,1332
12.02.2020,06:00,1385
12.02.2020,07:00,1421
12.02.2020,08:00,1404
12.02.2020,09:00,1406
12.02.2020,10:00,1419
12.02.2020,11:00,1417
12.02.2020,12:00,1415
12.02.2020,13:00,1407
12.02.2020,14:00,1348
12.02.2020,15:00,1386
12.02.2020,16:00,1375
12.02.2020,17:00,1417
12.02.2020,18:00,1419
12.02.2020,19:00,1392
12.02.2020,20:00,1409
12.02.2020,21:00,1352
12.02.2020,22:00,1344
12.02.2020,23:00,1303
13.02.2020,00:00,1246
13.02.2020,01:00,1300
13.02.2020,02:00,1295
13.02.2020,03:00,1294
13.02.2020,04:00,1310
13.02.2020,05:00,1344
13.02.2020,06:00,1386
13.02.2020,07:00,1414
13.02.2020,08:00,1370
13.02.2020,09:00,1423
13.02.2020,10:00,1422
13.02.2020,11:00,1420
13.02.2020,12:00,1407
13.02.2020,13:00,1374
13.02.2020,14:00,1375
13.02.2020,15:00,1414
13.02.2020,16:00,1413
13.02.2020,17:00,1412
13.02.2020,18:00,1412
13.02.2020,19:00,1408
13.02.2020,20:00,1412
13.02.2020,21:00,1409
13.02.2020,22:00,1374
13.02.2020,23:00,1349
14.02.2020,00:00,1383
14.02.2020,01:00,1381
14.02.2020,02:00,1399
14.02.2020,03:00,1398
14.02.2020,04:00,1398
14.02.2020,05:00,1405
14.02.2020,06:00,1412
14.02.2020,07:00,1411
14.02.2020,08:00,1410
14.02.2020,09:00,1412
14.02.2020,10:00,1412
14.02.2020,11:00,1413
14.02.2020,12:00,1413
14.02.2020,13:00,1413
14.02.2020,14:00,1413
14.02.2020,15:00,1413
14.02.2020,16:00,1414
14.02.2020,17:00,1413
14.02.2020,18:00,1414
14.02.2020,19:00,1331
14.02.2020,20:00,1413
14.02.2020,21:00,1411
14.02.2020,22:00,1400
14.02.2020,23:00,1362
15.02.2020,00:00,1374
15.02.2020,01:00,1414
15.02.2020,02:00,1413
15.02.2020,03:00,1412
15.02.2020,04:00,1413
15.02.2020,05:00,1413
15.02.2020,06:00,1403
15.02.2020,07:00,1417
15.02.2020,08:00,1407
15.02.2020,09:00,1423
15.02.2020,10:00,1320
15.02.2020,11:00,1221
15.02.2020,12:00,1176
15.02.2020,13:00,1123
15.02.2020,14:00,1200
15.02.2020,15:00,1286
15.02.2020,16:00,1306
15.02.2020,17:00,1413
15.02.2020,18:00,1388
15.02.2020,19:00,1239
15.02.2020,20:00,1068
15.02.2020,21:00,973
15.02.2020,22:00,956
15.02.2020,23:00,1106
16.02.2020,00:00,1195
16.02.2020,01:00,984
16.02.2020,02:00,1040
16.02.2020,03:00,961
16.02.2020,04:00,964
16.02.2020,05:00,1027
16.02.2020,06:00,1107
16.02.2020,07:00,1228
16.02.2020,08:00,1126
16.02.2020,09:00,1261
16.02.2020,10:00,1237
16.02.2020,11:00,1117
16.02.2020,12:00,1142
16.02.2020,13:00,1195
16.02.2020,14:00,1179
16.02.2020,15:00,1200
16.02.2020,16:00,1164
16.02.2020,17:00,1189
16.02.2020,18:00,1216
16.02.2020,19:00,1241
16.02.2020,20:00,1218
16.02.2020,21:00,1196
16.02.2020,22:00,1222
16.02.2020,23:00,1255
17.02.2020,00:00,1212
17.02.2020,01:00,1080
17.02.2020,02:00,979
17.02.2020,03:00,979
17.02.2020,04:00,1264
17.02.2020,05:00,1258
17.02.2020,06:00,1320
17.02.2020,07:00,1400
17.02.2020,08:00,1402
17.02.2020,09:00,1400
17.02.2020,10:00,1404
17.02.2020,11:00,1404
17.02.2020,12:00,1404
17.02.2020,13:00,1404
17.02.2020,14:00,1403
17.02.2020,15:00,1403
17.02.2020,16:00,1404
17.02.2020,17:00,1404
17.02.2020,18:00,1407
17.02.2020,19:00,1408
17.02.2020,20:00,1407
17.02.2020,21:00,1410
17.02.2020,22:00,1412
17.02.2020,23:00,1414
18.02.2020,00:00,1413
18.02.2020,01:00,1415
18.02.2020,02:00,1416
18.02.2020,03:00,1416
18.02.2020,04:00,1420
18.02.2020,05:00,1420
18.02.2020,06:00,1417
18.02.2020,07:00,1415
18.02.2020,08:00,1415
18.02.2020,09:00,1415
18.02.2020,10:00,1413
18.02.2020,11:00,1412
18.02.2020,12:00,1415
18.02.2020,13:00,1416
18.02.2020,14:00,1415
18.02.2020,15:00,1414
18.02.2020,16:00,1347
18.02.2020,17:00,1323
18.02.2020,18:00,1381
18.02.2020,19:00,1387
18.02.2020,20:00,1380
18.02.2020,21:00,1381
18.02.2020,22:00,1352
18.02.2020,23:00,1304
19.02.2020,00:00,1377
19.02.2020,01:00,1410
19.02.2020,02:00,1368
19.02.2020,03:00,1294
19.02.2020,04:00,1251
19.02.2020,05:00,1364
19.02.2020,06:00,1411
19.02.2020,07:00,1319
19.02.2020,08:00,1412
19.02.2020,09:00,1410
19.02.2020,10:00,1407
19.02.2020,11:00,1374
19.02.2020,12:00,1254
19.02.2020,13:00,1375
19.02.2020,14:00,1347
19.02.2020,15:00,1336
19.02.2020,16:00,1410
19.02.2020,17:00,1322
19.02.2020,18:00,1405
19.02.2020,19:00,1408
19.02.2020,20:00,1346
19.02.2020,21:00,1265
19.02.2020,22:00,1318
19.02.2020,23:00,1342
20.02.2020,00:00,1418
20.02.2020,01:00,1392
20.02.2020,02:00,1319
20.02.2020,03:00,1415
20.02.2020,04:00,1409
20.02.2020,05:00,1395
20.02.2020,06:00,1381
20.02.2020,07:00,1420
20.02.2020,08:00,1419
20.02.2020,09:00,1419
20.02.2020,10:00,1395
20.02.2020,11:00,1385
20.02.2020,12:00,1364
20.02.2020,13:00,1353
20.02.2020,14:00,1413
20.02.2020,15:00,1395
20.02.2020,16:00,1373
20.02.2020,17:00,1401
20.02.2020,18:00,1409
20.02.2020,19:00,1414
20.02.2020,20:00,1415
20.02.2020,21:00,1415
20.02.2020,22:00,1391
20.02.2020,23:00,1356
21.02.2020,00:00,1363
21.02.2020,01:00,1357
21.02.2020,02:00,1357
21.02.2020,03:00,1277
21.02.2020,04:00,1273
21.02.2020,05:00,1365
21.02.2020,06:00,1411
21.02.2020,07:00,1338
21.02.2020,08:00,1360
21.02.2020,09:00,1246
21.02.2020,10:00,1276
21.02.2020,11:00,1339
21.02.2020,12:00,1354
21.02.2020,13:00,1348
21.02.2020,14:00,1351
21.02.2020,15:00,1336
21.02.2020,16:00,1407
21.02.2020,17:00,1413
21.02.2020,18:00,1409
21.02.2020,19:00,1401
21.02.2020,20:00,1376
21.02.2020,21:00,1408
21.02.2020,22:00,1407
21.02.2020,23:00,1347
22.02.2020,00:00,1204
22.02.2020,01:00,1220
22.02.2020,02:00,1173
22.02.2020,03:00,1082
22.02.2020,04:00,1170
22.02.2020,05:00,1163
22.02.2020,06:00,1154
22.02.2020,07:00,1205
22.02.2020,08:00,1218
22.02.2020,09:00,1140
22.02.2020,10:00,1210
22.02.2020,11:00,1207
22.02.2020,12:00,1195
22.02.2020,13:00,1165
22.02.2020,14:00,1217
22.02.2020,15:00,1214
22.02.2020,16:00,1195
22.02.2020,17:00,1209
22.02.2020,18:00,1238
22.02.2020,19:00,1221
22.02.2020,20:00,978
22.02.2020,21:00,907
22.02.2020,22:00,1201
22.02.2020,23:00,1230
23.02.2020,00:00,1245
23.02.2020,01:00,1240
23.02.2020,02:00,1243
23.02.2020,03:00,1209
23.02.2020,04:00,1168
23.02.2020,05:00,1168
23.02.2020,06:00,1226
23.02.2020,07:00,1259
23.02.2020,08:00,1267
23.02.2020,09:00,1266
23.02.2020,10:00,1318
23.02.2020,11:00,1362
23.02.2020,12:00,1400
23.02.2020,13:00,1366
23.02.2020,14:00,1183
23.02.2020,15:00,1172
23.02.2020,16:00,1203
23.02.2020,17:00,1280
23.02.2020,18:00,1330
23.02.2020,19:00,1263
23.02.2020,20:00,1238
23.02.2020,21:00,1145
23.02.2020,22:00,1268
23.02.2020,23:00,1266
24.02.2020,00:00,1283
24.02.2020,01:00,1258
24.02.2020,02:00,1290
24.02.2020,03:00,1308
24.02.2020,04:00,1317
24.02.2020,05:00,1412
24.02.2020,06:00,1413
24.02.2020,07:00,1413
24.02.2020,08:00,1417
24.02.2020,09:00,1413
24.02.2020,10:00,1418
24.02.2020,11:00,1418
24.02.2020,12:00,1415
24.02.2020,13:00,1415
24.02.2020,14:00,1405
24.02.2020,15:00,1401
24.02.2020,16:00,1381
24.02.2020,17:00,1414
24.02.2020,18:00,1410
24.02.2020,19:00,1365
24.02.2020,20:00,1310
24.02.2020,21:00,1163
24.02.2020,22:00,1126
24.02.2020,23:00,1140
25.02.2020,00:00,1226
25.02.2020,01:00,1234
25.02.2020,02:00,1171
25.02.2020,03:00,1160
25.02.2020,04:00,1166
25.02.2020,05:00,1234
25.02.2020,06:00,1286
25.02.2020,07:00,1404
25.02.2020,08:00,1411
25.02.2020,09:00,1395
25.02.2020,10:00,1352
25.02.2020,11:00,1306
25.02.2020,12:00,1337
25.02.2020,13:00,1345
25.02.2020,14:00,1250
25.02.2020,15:00,1300
25.02.2020,16:00,1403
25.02.2020,17:00,1404
25.02.2020,18:00,1405
25.02.2020,19:00,1403
25.02.2020,20:00,1372
25.02.2020,21:00,1389
25.02.2020,22:00,1403
25.02.2020,23:00,1400
26.02.2020,00:00,1403
26.02.2020,01:00,1362
26.02.2020,02:00,1270
26.02.2020,03:00,1316
26.02.2020,04:00,1411
26.02.2020,05:00,1388
26.02.2020,06:00,1389
26.02.2020,07:00,1407
26.02.2020,08:00,1408
26.02.2020,09:00,1402
26.02.2020,10:00,1408
26.02.2020,11:00,1408
26.02.2020,12:00,1413
26.02.2020,13:00,1404
26.02.2020,14:00,1410
26.02.2020,15:00,1414
26.02.2020,16:00,1415
26.02.2020,17:00,1416
26.02.2020,18:00,1414
26.02.2020,19:00,1412
26.02.2020,20:00,1418
26.02.2020,21:00,1417
26.02.2020,22:00,1418
26.02.2020,23:00,1415
27.02.2020,00:00,1410
27.02.2020,01:00,1412
27.02.2020,02:00,1411
27.02.2020,03:00,1413
27.02.2020,04:00,1413
27.02.2020,05:00,1410
27.02.2020,06:00,1417
27.02.2020,07:00,1417
27.02.2020,08:00,1414
27.02.2020,09:00,1416
27.02.2020,10:00,1414
27.02.2020,11:00,1417
27.02.2020,12:00,1417
27.02.2020,13:00,1418
27.02.2020,14:00,1419
27.02.2020,15:00,1419
27.02.2020,16:00,1418
27.02.2020,17:00,1418
27.02.2020,18:00,1420
27.02.2020,19:00,1416
27.02.2020,20:00,1419
27.02.2020,21:00,1412
27.02.2020,22:00,1416
27.02.2020,23:00,1417
28.02.2020,00:00,1415
28.02.2020,01:00,1415
28.02.2020,02:00,1378
28.02.2020,03:00,1377
28.02.2020,04:00,1418
28.02.2020,05:00,1419
28.02.2020,06:00,1418
28.02.2020,07:00,1416
28.02.2020,08:00,1419
28.02.2020,09:00,1418
28.02.2020,10:00,1420
28.02.2020,11:00,1415
28.02.2020,12:00,1253
28.02.2020,13:00,1261
28.02.2020,14:00,1338
28.02.2020,15:00,1416
28.02.2020,16:00,1389
28.02.2020,17:00,1420
28.02.2020,18:00,1373
28.02.2020,19:00,1320
28.02.2020,20:00,1325
28.02.2020,21:00,1342
28.02.2020,22:00,1411
28.02.2020,23:00,1421
29.02.2020,00:00,1417
29.02.2020,01:00,1349
29.02.2020,02:00,1268
29.02.2020,03:00,1271
29.02.2020,04:00,1298
29.02.2020,05:00,1302
29.02.2020,06:00,1300
29.02.2020,07:00,1299
29.02.2020,08:00,1278
29.02.2020,09:00,1269
29.02.2020,10:00,1297
29.02.2020,11:00,1311
29.02.2020,12:00,1263
29.02.2020,13:00,1312
29.02.2020,14:00,1381
29.02.2020,15:00,1340
29.02.2020,16:00,1291
29.02.2020,17:00,1307
29.02.2020,18:00,1309
29.02.2020,19:00,1342
29.02.2020,20:00,1311
29.02.2020,21:00,1317
29.02.2020,22:00,1340
29.02.2020,23:00,1309
01.03.2020,00:00,1288
01.03.2020,01:00,1263
01.03.2020,02:00,1254
01.03.2020,03:00,1273
01.03.2020,04:00,1270
01.03.2020,05:00,1263
01.03.2020,06:00,1263
01.03.2020,07:00,1270
01.03.2020,08:00,1287
01.03.2020,09:00,1265
01.03.2020,10:00,1244
01.03.2020,11:00,1229
01.03.2020,12:00,1112
01.03.2020,13:00,1018
01.03.2020,14:00,1047
01.03.2020,15:00,1237
01.03.2020,16:00,1359
01.03.2020,17:00,1407
01.03.2020,18:00,1407
01.03.2020,19:00,1399
01.03.2020,20:00,1380
01.03.2020,21:00,1408
01.03.2020,22:00,1409
01.03.2020,23:00,1390
02.03.2020,00:00,1338
02.03.2020,01:00,1305
02.03.2020,02:00,1281
02.03.2020,03:00,1285
02.03.2020,04:00,1328
02.03.2020,05:00,1349
02.03.2020,06:00,1415
02.03.2020,07:00,1418
02.03.2020,08:00,1420
02.03.2020,09:00,1419
02.03.2020,10:00,1419
02.03.2020,11:00,1413
02.03.2020,12:00,1412
02.03.2020,13:00,1408
02.03.2020,14:00,1407
02.03.2020,15:00,1408
02.03.2020,16:00,1403
02.03.2020,17:00,1404
02.03.2020,18:00,1405
02.03.2020,19:00,1402
02.03.2020,20:00,1406
02.03.2020,21:00,1418
02.03.2020,22:00,1418
02.03.2020,23:00,1417
03.03.2020,00:00,1415
03.03.2020,01:00,1414
03.03.2020,02:00,1416
03.03.2020,03:00,1418
03.03.2020,04:00,1419
03.03.2020,05:00,1418
03.03.2020,06:00,1418
03.03.2020,07:00,1420
03.03.2020,08:00,1420
03.03.2020,09:00,1420
03.03.2020,10:00,1419
03.03.2020,11:00,1422
03.03.2020,12:00,1421
03.03.2020,13:00,1420
03.03.2020,14:00,1418
03.03.2020,15:00,1416
03.03.2020,16:00,1418
03.03.2020,17:00,1417
03.03.2020,18:00,1418
03.03.2020,19:00,1414
03.03.2020,20:00,1419
03.03.2020,21:00,1420
03.03.2020,22:00,1413
03.03.2020,23:00,1399
04.03.2020,00:00,1421
04.03.2020,01:00,1424
04.03.2020,02:00,1417
04.03.2020,03:00,1395
04.03.2020,04:00,1402
04.03.2020,05:00,1423
04.03.2020,06:00,1422
04.03.2020,07:00,1420
04.03.2020,08:00,1421
04.03.2020,09:00,1417
04.03.2020,10:00,1416
04.03.2020,11:00,1403
04.03.2020,12:00,1404
04.03.2020,13:00,1408
04.03.2020,14:00,1416
04.03.2020,15:00,1415
04.03.2020,16:00,1416
04.03.2020,17:00,1416
04.03.2020,18:00,1416
04.03.2020,19:00,1416
04.03.2020,20:00,1417
04.03.2020,21:00,1419
04.03.2020,22:00,1419
04.03.2020,23:00,1419
05.03.2020,00:00,1421
05.03.2020,01:00,1422
05.03.2020,02:00,1423
05.03.2020,03:00,1423
05.03.2020,04:00,1424
05.03.2020,05:00,1423
05.03.2020,06:00,1424
05.03.2020,07:00,1421
05.03.2020,08:00,1424
05.03.2020,09:00,1425
05.03.2020,10:00,1424
05.03.2020,11:00,1420
05.03.2020,12:00,1412
05.03.2020,13:00,1411
05.03.2020,14:00,1396
05.03.2020,15:00,1408
05.03.2020,16:00,1413
05.03.2020,17:00,1412
05.03.2020,18:00,1409
05.03.2020,19:00,1409
05.03.2020,20:00,1403
05.03.2020,21:00,1395
05.03.2020,22:00,1411
05.03.2020,23:00,1367
06.03.2020,00:00,1305
06.03.2020,01:00,1351
06.03.2020,02:00,1288
06.03.2020,03:00,1328
06.03.2020,04:00,1360
06.03.2020,05:00,1408
06.03.2020,06:00,1404
06.03.2020,07:00,1409
06.03.2020,08:00,1409
06.03.2020,09:00,1408
06.03.2020,10:00,1407
06.03.2020,11:00,1408
06.03.2020,12:00,1408
06.03.2020,13:00,1409
06.03.2020,14:00,1409
06.03.2020,15:00,1408
06.03.2020,16:00,1408
06.03.2020,17:00,1408
06.03.2020,18:00,1409
06.03.2020,19:00,1411
06.03.2020,20:00,1413
06.03.2020,21:00,1414
06.03.2020,22:00,1414
06.03.2020,23:00,1414
07.03.2020,00:00,1395
07.03.2020,01:00,1413
07.03.2020,02:00,1412
07.03.2020,03:00,1379
07.03.2020,04:00,1411
07.03.2020,05:00,1381
07.03.2020,06:00,1412
07.03.2020,07:00,1414
07.03.2020,08:00,1413
07.03.2020,09:00,1414
07.03.2020,10:00,1414
07.03.2020,11:00,1414
07.03.2020,12:00,1403
07.03.2020,13:00,1360
07.03.2020,14:00,1377
07.03.2020,15:00,1378
07.03.2020,16:00,1377
07.03.2020,17:00,1407
07.03.2020,18:00,1417
07.03.2020,19:00,1405
07.03.2020,20:00,1371
07.03.2020,21:00,1412
07.03.2020,22:00,1398
07.03.2020,23:00,1386
08.03.2020,00:00,1347
08.03.2020,01:00,1276
08.03.2020,02:00,1260
08.03.2020,03:00,1257
08.03.2020,04:00,1211
08.03.2020,05:00,1256
08.03.2020,06:00,1260
08.03.2020,07:00,1259
08.03.2020,08:00,1260
08.03.2020,09:00,1254
08.03.2020,10:00,1225
08.03.2020,11:00,1212
08.03.2020,12:00,1230
08.03.2020,13:00,1197
08.03.2020,14:00,1246
08.03.2020,15:00,1265
08.03.2020,16:00,1288
08.03.2020,17:00,1359
08.03.2020,18:00,1405
08.03.2020,19:00,1414
08.03.2020,20:00,1413
08.03.2020,21:00,1413
08.03.2020,22:00,1404
08.03.2020,23:00,1358
09.03.2020,00:00,1359
09.03.2020,01:00,1363
09.03.2020,02:00,1345
09.03.2020,03:00,1372
09.03.2020,04:00,1418
09.03.2020,05:00,1419
09.03.2020,06:00,1418
09.03.2020,07:00,1416
09.03.2020,08:00,1416
09.03.2020,09:00,1414
09.03.2020,10:00,1411
09.03.2020,11:00,1376
09.03.2020,12:00,1347
09.03.2020,13:00,1359
09.03.2020,14:00,1403
09.03.2020,15:00,1407
09.03.2020,16:00,1397
09.03.2020,17:00,1407
09.03.2020,18:00,1411
09.03.2020,19:00,1410
09.03.2020,20:00,1413
09.03.2020,21:00,1413
09.03.2020,22:00,1413
09.03.2020,23:00,1391
10.03.2020,00:00,1349
10.03.2020,01:00,1313
10.03.2020,02:00,1274
10.03.2020,03:00,1277
10.03.2020,04:00,1271
10.03.2020,05:00,1292
10.03.2020,06:00,1333
10.03.2020,07:00,1394
10.03.2020,08:00,1411
10.03.2020,09:00,1359
10.03.2020,10:00,1359
10.03.2020,11:00,1363
10.03.2020,12:00,1357
10.03.2020,13:00,1372
10.03.2020,14:00,1360
10.03.2020,15:00,1413
10.03.2020,16:00,1404
10.03.2020,17:00,1377
10.03.2020,18:00,1403
10.03.2020,19:00,1409
10.03.2020,20:00,1354
10.03.2020,21:00,1284
10.03.2020,22:00,1260
10.03.2020,23:00,1259
11.03.2020,00:00,1241
11.03.2020,01:00,1253
11.03.2020,02:00,1254
11.03.2020,03:00,1257
11.03.2020,04:00,1234
11.03.2020,05:00,1288
11.03.2020,06:00,1393
11.03.2020,07:00,1374
11.03.2020,08:00,1384
11.03.2020,09:00,1380
11.03.2020,10:00,1372
11.03.2020,11:00,1342
11.03.2020,12:00,1344
11.03.2020,13:00,1385
11.03.2020,14:00,1386
11.03.2020,15:00,1386
11.03.2020,16:00,1387
11.03.2020,17:00,1391
11.03.2020,18:00,1393
11.03.2020,19:00,1392
11.03.2020,20:00,1342
11.03.2020,21:00,1339
11.03.2020,22:00,1320
11.03.2020,23:00,1255
12.03.2020,00:00,1246
12.03.2020,01:00,1248
12.03.2020,02:00,1250
12.03.2020,03:00,1245
12.03.2020,04:00,1188
12.03.2020,05:00,1232
12.03.2020,06:00,1317
12.03.2020,07:00,1379
12.03.2020,08:00,1378
12.03.2020,09:00,1264
12.03.2020,10:00,956
12.03.2020,11:00,827
12.03.2020,12:00,809
12.03.2020,13:00,808
12.03.2020,14:00,911
12.03.2020,15:00,1240
12.03.2020,16:00,1282
12.03.2020,17:00,1365
12.03.2020,18:00,1377
12.03.2020,19:00,1391
12.03.2020,20:00,1396
12.03.2020,21:00,1395
12.03.2020,22:00,1377
12.03.2020,23:00,1305
13.03.2020,00:00,1316
13.03.2020,01:00,1308
13.03.2020,02:00,1305
13.03.2020,03:00,1266
13.03.2020,04:00,1319
13.03.2020,05:00,1322
13.03.2020,06:00,1374
13.03.2020,07:00,1419
13.03.2020,08:00,1422
13.03.2020,09:00,1423
13.03.2020,10:00,1420
13.03.2020,11:00,1415
13.03.2020,12:00,1412
13.03.2020,13:00,1411
13.03.2020,14:00,1413
13.03.2020,15:00,1413
13.03.2020,16:00,1414
13.03.2020,17:00,1414
13.03.2020,18:00,1415
13.03.2020,19:00,1418
13.03.2020,20:00,1421
13.03.2020,21:00,1422
13.03.2020,22:00,1423
13.03.2020,23:00,1423
14.03.2020,00:00,1422
14.03.2020,01:00,1424
14.03.2020,02:00,1426
14.03.2020,03:00,1429
14.03.2020,04:00,1428
14.03.2020,05:00,1429
14.03.2020,06:00,1429
14.03.2020,07:00,1428
14.03.2020,08:00,1429
14.03.2020,09:00,1428
14.03.2020,10:00,1427
14.03.2020,11:00,1424
14.03.2020,12:00,1422
14.03.2020,13:00,1421
14.03.2020,14:00,1421
14.03.2020,15:00,1419
14.03.2020,16:00,1421
14.03.2020,17:00,1422
14.03.2020,18:00,1422
14.03.2020,19:00,1421
14.03.2020,20:00,1422
14.03.2020,21:00,1424
14.03.2020,22:00,1422
14.03.2020,23:00,1424
15.03.2020,00:00,1423
15.03.2020,01:00,1424
15.03.2020,02:00,1425
15.03.2020,03:00,1426
15.03.2020,04:00,1428
15.03.2020,05:00,1428
15.03.2020,06:00,1429
15.03.2020,07:00,1429
15.03.2020,08:00,1430
15.03.2020,09:00,1427
15.03.2020,10:00,1424
15.03.2020,11:00,1424
15.03.2020,12:00,1420
15.03.2020,13:00,1419
15.03.2020,14:00,1418
15.03.2020,15:00,1416
15.03.2020,16:00,1416
15.03.2020,17:00,1416
15.03.2020,18:00,1418
15.03.2020,19:00,1419
15.03.2020,20:00,1421
15.03.2020,21:00,1421
15.03.2020,22:00,1421
15.03.2020,23:00,1421
16.03.2020,00:00,1420
16.03.2020,01:00,1419
16.03.2020,02:00,1423
16.03.2020,03:00,1424
16.03.2020,04:00,1426
16.03.2020,05:00,1427
16.03.2020,06:00,1428
16.03.2020,07:00,1428
16.03.2020,08:00,1426
16.03.2020,09:00,1426
16.03.2020,10:00,1421
16.03.2020,11:00,1415
16.03.2020,12:00,1411
16.03.2020,13:00,1407
16.03.2020,14:00,1404
16.03.2020,15:00,1403
16.03.2020,16:00,1401
16.03.2020,17:00,1401
16.03.2020,18:00,1403
16.03.2020,19:00,1406
16.03.2020,20:00,1408
16.03.2020,21:00,1410
16.03.2020,22:00,1412
16.03.2020,23:00,1414
17.03.2020,00:00,1415
17.03.2020,01:00,1417
17.03.2020,02:00,1417
17.03.2020,03:00,1418
17.03.2020,04:00,1419
17.03.2020,05:00,1418
17.03.2020,06:00,1419
17.03.2020,07:00,1419
17.03.2020,08:00,1419
17.03.2020,09:00,1416
17.03.2020,10:00,1416
17.03.2020,11:00,1413
17.03.2020,12:00,1410
17.03.2020,13:00,1408
17.03.2020,14:00,1406
17.03.2020,15:00,1406
17.03.2020,16:00,1405
17.03.2020,17:00,1406
17.03.2020,18:00,1407
17.03.2020,19:00,1409
17.03.2020,20:00,1411
17.03.2020,21:00,1407
17.03.2020,22:00,1406
17.03.2020,23:00,1408
18.03.2020,00:00,1413
18.03.2020,01:00,1418
18.03.2020,02:00,1419
18.03.2020,03:00,1423
18.03.2020,04:00,1423
18.03.2020,05:00,1423
18.03.2020,06:00,1426
18.03.2020,07:00,1426
18.03.2020,08:00,1424
18.03.2020,09:00,1422
18.03.2020,10:00,1419
18.03.2020,11:00,1411
18.03.2020,12:00,1403
18.03.2020,13:00,1401
18.03.2020,14:00,1400
18.03.2020,15:00,1399
18.03.2020,16:00,1399
18.03.2020,17:00,1400
18.03.2020,18:00,1402
18.03.2020,19:00,1405
18.03.2020,20:00,1409
18.03.2020,21:00,1411
18.03.2020,22:00,1412
18.03.2020,23:00,1414
19.03.2020,00:00,1416
19.03.2020,01:00,1416
19.03.2020,02:00,1417
19.03.2020,03:00,1417
19.03.2020,04:00,1418
19.03.2020,05:00,1420
19.03.2020,06:00,1420
19.03.2020,07:00,1419
19.03.2020,08:00,1418
19.03.2020,09:00,1414
19.03.2020,10:00,1407
19.03.2020,11:00,1397
19.03.2020,12:00,1399
19.03.2020,13:00,1397
19.03.2020,14:00,1396
19.03.2020,15:00,1396
19.03.2020,16:00,1396
19.03.2020,17:00,1397
19.03.2020,18:00,1399
19.03.2020,19:00,1403
19.03.2020,20:00,1404
19.03.2020,21:00,1405
19.03.2020,22:00,1408
19.03.2020,23:00,1410
20.03.2020,00:00,1410
20.03.2020,01:00,1410
20.03.2020,02:00,1410
20.03.2020,03:00,1414
20.03.2020,04:00,1416
20.03.2020,05:00,1419
20.03.2020,06:00,1421
20.03.2020,07:00,1422
20.03.2020,08:00,1419
20.03.2020,09:00,1416
20.03.2020,10:00,1409
20.03.2020,11:00,1400
20.03.2020,12:00,1396
20.03.2020,13:00,1395
20.03.2020,14:00,1393
20.03.2020,15:00,1394
20.03.2020,16:00,1393
20.03.2020,17:00,1392
20.03.2020,18:00,1395
20.03.2020,19:00,1398
20.03.2020,20:00,1401
20.03.2020,21:00,1404
20.03.2020,22:00,1392
20.03.2020,23:00,1321
21.03.2020,00:00,1241
21.03.2020,01:00,1253
21.03.2020,02:00,1282
21.03.2020,03:00,1280
21.03.2020,04:00,1222
21.03.2020,05:00,1266
21.03.2020,06:00,1287
21.03.2020,07:00,1331
21.03.2020,08:00,1178
21.03.2020,09:00,1121
21.03.2020,10:00,1224
21.03.2020,11:00,1269
21.03.2020,12:00,1310
21.03.2020,13:00,1283
21.03.2020,14:00,1211
21.03.2020,15:00,1209
21.03.2020,16:00,1222
21.03.2020,17:00,1280
21.03.2020,18:00,1292
21.03.2020,19:00,1360
21.03.2020,20:00,1314
21.03.2020,21:00,1231
21.03.2020,22:00,1293
21.03.2020,23:00,1283
22.03.2020,00:00,1228
22.03.2020,01:00,1253
22.03.2020,02:00,1258
22.03.2020,03:00,1249
22.03.2020,04:00,1257
22.03.2020,05:00,1257
22.03.2020,06:00,1242
22.03.2020,07:00,1175
22.03.2020,08:00,1098
22.03.2020,09:00,994
22.03.2020,10:00,849
22.03.2020,11:00,857
22.03.2020,12:00,862
22.03.2020,13:00,858
22.03.2020,14:00,889
22.03.2020,15:00,927
22.03.2020,16:00,1070
22.03.2020,17:00,1290
22.03.2020,18:00,1389
22.03.2020,19:00,1288
22.03.2020,20:00,1272
22.03.2020,21:00,1256
22.03.2020,22:00,1280
22.03.2020,23:00,1289
23.03.2020,00:00,1290
23.03.2020,01:00,1304
23.03.2020,02:00,1305
23.03.2020,03:00,1304
23.03.2020,04:00,1304
23.03.2020,05:00,1300
23.03.2020,06:00,1240
23.03.2020,07:00,1260
23.03.2020,08:00,1285
23.03.2020,09:00,1226
23.03.2020,10:00,1197
23.03.2020,11:00,1299
23.03.2020,12:00,1388
23.03.2020,13:00,1404
23.03.2020,14:00,1425
23.03.2020,15:00,1346
23.03.2020,16:00,1388
23.03.2020,17:00,1423
23.03.2020,18:00,1423
23.03.2020,19:00,1418
23.03.2020,20:00,1317
23.03.2020,21:00,1300
23.03.2020,22:00,1351
23.03.2020,23:00,1316
24.03.2020,00:00,1321
24.03.2020,01:00,1321
24.03.2020,02:00,1304
24.03.2020,03:00,1309
24.03.2020,04:00,1351
24.03.2020,05:00,1371
24.03.2020,06:00,1386
24.03.2020,07:00,1367
24.03.2020,08:00,1391
24.03.2020,09:00,1343
24.03.2020,10:00,1307
24.03.2020,11:00,1365
24.03.2020,12:00,1305
24.03.2020,13:00,1312
24.03.2020,14:00,1301
24.03.2020,15:00,1341
24.03.2020,16:00,1395
24.03.2020,17:00,1391
24.03.2020,18:00,1421
24.03.2020,19:00,1416
24.03.2020,20:00,1358
24.03.2020,21:00,1287
24.03.2020,22:00,1291
24.03.2020,23:00,1265
25.03.2020,00:00,1204
25.03.2020,01:00,1263
25.03.2020,02:00,1254
25.03.2020,03:00,1251
25.03.2020,04:00,1298
25.03.2020,05:00,1309
25.03.2020,06:00,1320
25.03.2020,07:00,1332
25.03.2020,08:00,1365
25.03.2020,09:00,1292
25.03.2020,10:00,1330
25.03.2020,11:00,1297
25.03.2020,12:00,1305
25.03.2020,13:00,1232
25.03.2020,14:00,1246
25.03.2020,15:00,1256
25.03.2020,16:00,1254
25.03.2020,17:00,1268
25.03.2020,18:00,1292
25.03.2020,19:00,1273
25.03.2020,20:00,1293
25.03.2020,21:00,1284
25.03.2020,22:00,1300
25.03.2020,23:00,1325
26.03.2020,00:00,1276
26.03.2020,01:00,1275
26.03.2020,02:00,1264
26.03.2020,03:00,1272
26.03.2020,04:00,1273
26.03.2020,05:00,1273
26.03.2020,06:00,1302
26.03.2020,07:00,1335
26.03.2020,08:00,1339
26.03.2020,09:00,1340
26.03.2020,10:00,1281
26.03.2020,11:00,1295
26.03.2020,12:00,1295
26.03.2020,13:00,1321
26.03.2020,14:00,1295
26.03.2020,15:00,1285
26.03.2020,16:00,1276
26.03.2020,17:00,1263
26.03.2020,18:00,1333
26.03.2020,19:00,1373
26.03.2020,20:00,1318
26.03.2020,21:00,1292
26.03.2020,22:00,1335
26.03.2020,23:00,1300
27.03.2020,00:00,1374
27.03.2020,01:00,1317
27.03.2020,02:00,1296
27.03.2020,03:00,1298
27.03.2020,04:00,1284
27.03.2020,05:00,1294
27.03.2020,06:00,1320
27.03.2020,07:00,1326
27.03.2020,08:00,1333
27.03.2020,09:00,1351
27.03.2020,10:00,1306
27.03.2020,11:00,1232
27.03.2020,12:00,1208
27.03.2020,13:00,1133
27.03.2020,14:00,1124
27.03.2020,15:00,1123
27.03.2020,16:00,1133
27.03.2020,17:00,1235
27.03.2020,18:00,1316
27.03.2020,19:00,1292
27.03.2020,20:00,1272
27.03.2020,21:00,1272
27.03.2020,22:00,1313
27.03.2020,23:00,1313
28.03.2020,00:00,1282
28.03.2020,01:00,1281
28.03.2020,02:00,1329
28.03.2020,03:00,1387
28.03.2020,04:00,1301
28.03.2020,05:00,1340
28.03.2020,06:00,1340
28.03.2020,07:00,1312
28.03.2020,08:00,1273
28.03.2020,09:00,1296
28.03.2020,10:00,1227
28.03.2020,11:00,1242
28.03.2020,12:00,1261
28.03.2020,13:00,1150
28.03.2020,14:00,1038
28.03.2020,15:00,1057
28.03.2020,16:00,1246
28.03.2020,17:00,1277
28.03.2020,18:00,1275
28.03.2020,19:00,1275
28.03.2020,20:00,1276
28.03.2020,21:00,1275
28.03.2020,22:00,1279
28.03.2020,23:00,1280
29.03.2020,00:00,1284
29.03.2020,01:00,1284
29.03.2020,03:00,1323
29.03.2020,04:00,1326
29.03.2020,05:00,1236
29.03.2020,06:00,1264
29.03.2020,07:00,1216
29.03.2020,08:00,1188
29.03.2020,09:00,1103
29.03.2020,10:00,1110
29.03.2020,11:00,1096
29.03.2020,12:00,1121
29.03.2020,13:00,1102
29.03.2020,14:00,1089
29.03.2020,15:00,1068
29.03.2020,16:00,970
29.03.2020,17:00,1092
29.03.2020,18:00,1170
29.03.2020,19:00,1263
29.03.2020,20:00,1280
29.03.2020,21:00,1279
29.03.2020,22:00,1284
29.03.2020,23:00,1280
30.03.2020,00:00,1285
30.03.2020,01:00,1282
30.03.2020,02:00,1288
30.03.2020,03:00,1301
30.03.2020,04:00,1283
30.03.2020,05:00,1314
30.03.2020,06:00,1314
30.03.2020,07:00,1376
30.03.2020,08:00,1416
30.03.2020,09:00,1327
30.03.2020,10:00,1323
30.03.2020,11:00,1298
30.03.2020,12:00,1297
30.03.2020,13:00,1297
30.03.2020,14:00,1297
30.03.2020,15:00,1320
30.03.2020,16:00,1300
30.03.2020,17:00,1351
30.03.2020,18:00,1416
30.03.2020,19:00,1422
30.03.2020,20:00,1424
30.03.2020,21:00,1426
30.03.2020,22:00,1430
30.03.2020,23:00,1430
31.03.2020,00:00,1431
31.03.2020,01:00,1432
31.03.2020,02:00,1425
31.03.2020,03:00,1425
31.03.2020,04:00,1424
31.03.2020,05:00,1424
31.03.2020,06:00,1424
31.03.2020,07:00,1424
31.03.2020,08:00,1424
31.03.2020,09:00,1425
31.03.2020,10:00,1425
31.03.2020,11:00,1424
31.03.2020,12:00,1424
31.03.2020,13:00,1427
31.03.2020,14:00,1427
31.03.2020,15:00,1427
31.03.2020,16:00,1292
31.03.2020,17:00,1292
31.03.2020,18:00,1330
31.03.2020,19:00,1334
31.03.2020,20:00,1408
31.03.2020,21:00,1400
31.03.2020,22:00,1311
31.03.2020,23:00,1325
01.04.2020,00:00,1335
01.04.2020,01:00,1286
01.04.2020,02:00,1289
01.04.2020,03:00,1325
01.04.2020,04:00,1328
01.04.2020,05:00,1376
01.04.2020,06:00,1420
01.04.2020,07:00,1381
01.04.2020,08:00,1424
01.04.2020,09:00,1397
01.04.2020,10:00,1390
01.04.2020,11:00,1289
01.04.2020,12:00,1291
01.04.2020,13:00,1291
01.04.2020,14:00,1290
01.04.2020,15:00,1290
01.04.2020,16:00,1289
01.04.2020,17:00,1289
01.04.2020,18:00,1301
01.04.2020,19:00,1412
01.04.2020,20:00,1417
01.04.2020,21:00,1418
01.04.2020,22:00,1406
01.04.2020,23:00,1407
02.04.2020,00:00,1410
02.04.2020,01:00,1408
02.04.2020,02:00,1349
02.04.2020,03:00,1378
02.04.2020,04:00,1415
02.04.2020,05:00,1414
02.04.2020,06:00,1414
02.04.2020,07:00,1382
02.04.2020,08:00,1388
02.04.2020,09:00,1341
02.04.2020,10:00,1395
02.04.2020,11:00,1364
02.04.2020,12:00,1365
02.04.2020,13:00,1306
02.04.2020,14:00,1260
02.04.2020,15:00,1260
02.04.2020,16:00,1260
02.04.2020,17:00,1263
02.04.2020,18:00,1331
02.04.2020,19:00,1410
02.04.2020,20:00,1387
02.04.2020,21:00,1359
02.04.2020,22:00,1283
02.04.2020,23:00,1326
03.04.2020,00:00,1297
03.04.2020,01:00,1262
03.04.2020,02:00,1266
03.04.2020,03:00,1261
03.04.2020,04:00,1270
03.04.2020,05:00,1269
03.04.2020,06:00,1298
03.04.2020,07:00,1390
03.04.2020,08:00,1342
03.04.2020,09:00,1377
03.04.2020,10:00,1317
03.04.2020,11:00,1355
03.04.2020,12:00,1256
03.04.2020,13:00,1257
03.04.2020,14:00,1257
03.04.2020,15:00,1299
03.04.2020,16:00,1295
03.04.2020,17:00,1365
03.04.2020,18:00,1396
03.04.2020,19:00,1402
03.04.2020,20:00,1403
03.04.2020,21:00,1386
03.04.2020,22:00,1389
03.04.2020,23:00,1349
04.04.2020,00:00,1332
04.04.2020,01:00,1312
04.04.2020,02:00,1261
04.04.2020,03:00,1261
04.04.2020,04:00,1261
04.04.2020,05:00,1261
04.04.2020,06:00,1264
04.04.2020,07:00,1267
04.04.2020,08:00,1268
04.04.2020,09:00,1267
04.04.2020,10:00,1107
04.04.2020,11:00,1070
04.04.2020,12:00,1058
04.04.2020,13:00,1037
04.04.2020,14:00,1055
04.04.2020,15:00,1090
04.04.2020,16:00,1238
04.04.2020,17:00,1285
04.04.2020,18:00,1399
04.04.2020,19:00,1407
04.04.2020,20:00,1406
04.04.2020,21:00,1376
04.04.2020,22:00,1261
04.04.2020,23:00,1315
05.04.2020,00:00,1265
05.04.2020,01:00,1292
05.04.2020,02:00,1253
05.04.2020,03:00,1255
05.04.2020,04:00,1264
05.04.2020,05:00,1263
05.04.2020,06:00,1236
05.04.2020,07:00,1265
05.04.2020,08:00,1235
05.04.2020,09:00,1252
05.04.2020,10:00,1126
05.04.2020,11:00,1037
05.04.2020,12:00,930
05.04.2020,13:00,919
05.04.2020,14:00,947
05.04.2020,15:00,1060
05.04.2020,16:00,1172
05.04.2020,17:00,1193
05.04.2020,18:00,1219
05.04.2020,19:00,1245
05.04.2020,20:00,1287
05.04.2020,21:00,1243
05.04.2020,22:00,1253
05.04.2020,23:00,1272
06.04.2020,00:00,1307
06.04.2020,01:00,1254
06.04.2020,02:00,1254
06.04.2020,03:00,1254
06.04.2020,04:00,1254
06.04.2020,05:00,1257
06.04.2020,06:00,1314
06.04.2020,07:00,1271
06.04.2020,08:00,1271
06.04.2020,09:00,1280
06.04.2020,10:00,1280
06.04.2020,11:00,1278
06.04.2020,12:00,1292
06.04.2020,13:00,1280
06.04.2020,14:00,1236
06.04.2020,15:00,1239
06.04.2020,16:00,1233
06.04.2020,17:00,1229
06.04.2020,18:00,1324
06.04.2020,19:00,1381
06.04.2020,20:00,1368
06.04.2020,21:00,1327
06.04.2020,22:00,1346
06.04.2020,23:00,1319
07.04.2020,00:00,1256
07.04.2020,01:00,1292
07.04.2020,02:00,1251
07.04.2020,03:00,1249
07.04.2020,04:00,1258
07.04.2020,05:00,1273
07.04.2020,06:00,1342
07.04.2020,07:00,1301
07.04.2020,08:00,1312
07.04.2020,09:00,1287
07.04.2020,10:00,1290
07.04.2020,11:00,1286
07.04.2020,12:00,1278
07.04.2020,13:00,1267
07.04.2020,14:00,1261
07.04.2020,15:00,1259
07.04.2020,16:00,1257
07.04.2020,17:00,1269
07.04.2020,18:00,1355
07.04.2020,19:00,1362
07.04.2020,20:00,1358
07.04.2020,21:00,1326
07.04.2020,22:00,1332
07.04.2020,23:00,1295
08.04.2020,00:00,1239
08.04.2020,01:00,1237
08.04.2020,02:00,1245
08.04.2020,03:00,1249
08.04.2020,04:00,1255
08.04.2020,05:00,1289
08.04.2020,06:00,1390
08.04.2020,07:00,1404
08.04.2020,08:00,1383
08.04.2020,09:00,1295
08.04.2020,10:00,1268
08.04.2020,11:00,1289
08.04.2020,12:00,1254
08.04.2020,13:00,1250
08.04.2020,14:00,1248
08.04.2020,15:00,1246
08.04.2020,16:00,1244
08.04.2020,17:00,1274
08.04.2020,18:00,1367
08.04.2020,19:00,1369
08.04.2020,20:00,1389
08.04.2020,21:00,1397
08.04.2020,22:00,1398
08.04.2020,23:00,1401
09.04.2020,00:00,1337
09.04.2020,01:00,1283
09.04.2020,02:00,1284
09.04.2020,03:00,1289
09.04.2020,04:00,1289
09.04.2020,05:00,1318
09.04.2020,06:00,1396
09.04.2020,07:00,1411
09.04.2020,08:00,1411
09.04.2020,09:00,1299
09.04.2020,10:00,1250
09.04.2020,11:00,1246
09.04.2020,12:00,1237
09.04.2020,13:00,1239
09.04.2020,14:00,1238
09.04.2020,15:00,1244
09.04.2020,16:00,1297
09.04.2020,17:00,1303
09.04.2020,18:00,1358
09.04.2020,19:00,1388
09.04.2020,20:00,1389
09.04.2020,21:00,1386
09.04.2020,22:00,1346
09.04.2020,23:00,1342
10.04.2020,00:00,1267
10.04.2020,01:00,1255
10.04.2020,02:00,1258
10.04.2020,03:00,1259
10.04.2020,04:00,1290
10.04.2020,05:00,1282
10.04.2020,06:00,1278
10.04.2020,07:00,1342
10.04.2020,08:00,1338
10.04.2020,09:00,1267
10.04.2020,10:00,1252
10.04.2020,11:00,1253
10.04.2020,12:00,1249
10.04.2020,13:00,1244
10.04.2020,14:00,1244
10.04.2020,15:00,1244
10.04.2020,16:00,1235
10.04.2020,17:00,1239
10.04.2020,18:00,1265
10.04.2020,19:00,1369
10.04.2020,20:00,1375
10.04.2020,21:00,1372
10.04.2020,22:00,1316
10.04.2020,23:00,1279
11.04.2020,00:00,1253
11.04.2020,01:00,1256
11.04.2020,02:00,1257
11.04.2020,03:00,1259
11.04.2020,04:00,1261
11.04.2020,05:00,1262
11.04.2020,06:00,1263
11.04.2020,07:00,1256
11.04.2020,08:00,1220
11.04.2020,09:00,1224
11.04.2020,10:00,1224
11.04.2020,11:00,1207
11.04.2020,12:00,1195
11.04.2020,13:00,1207
11.04.2020,14:00,1227
11.04.2020,15:00,1171
11.04.2020,16:00,1154
11.04.2020,17:00,1232
11.04.2020,18:00,1311
11.04.2020,19:00,1385
11.04.2020,20:00,1389
11.04.2020,21:00,1354
11.04.2020,22:00,1343
11.04.2020,23:00,1342
12.04.2020,00:00,1307
12.04.2020,01:00,1252
12.04.2020,02:00,1259
12.04.2020,03:00,1258
12.04.2020,04:00,1259
12.04.2020,05:00,1260
12.04.2020,06:00,1262
12.04.2020,07:00,1268
12.04.2020,08:00,1261
12.04.2020,09:00,1261
12.04.2020,10:00,1252
12.04.2020,11:00,1242
12.04.2020,12:00,1204
12.04.2020,13:00,1126
12.04.2020,14:00,1237
12.04.2020,15:00,1202
12.04.2020,16:00,1220
12.04.2020,17:00,1261
12.04.2020,18:00,1212
12.04.2020,19:00,1239
12.04.2020,20:00,1241
12.04.2020,21:00,1240
12.04.2020,22:00,1241
12.04.2020,23:00,1242
13.04.2020,00:00,1217
13.04.2020,01:00,1069
13.04.2020,02:00,994
13.04.2020,03:00,982
13.04.2020,04:00,873
13.04.2020,05:00,963
13.04.2020,06:00,932
13.04.2020,07:00,955
13.04.2020,08:00,916
13.04.2020,09:00,888
13.04.2020,10:00,942
13.04.2020,11:00,967
13.04.2020,12:00,977
13.04.2020,13:00,921
13.04.2020,14:00,881
13.04.2020,15:00,858
13.04.2020,16:00,834
13.04.2020,17:00,921
13.04.2020,18:00,1071
13.04.2020,19:00,1280
13.04.2020,20:00,1317
13.04.2020,21:00,1333
13.04.2020,22:00,1222
13.04.2020,23:00,1214
14.04.2020,00:00,1224
14.04.2020,01:00,1222
14.04.2020,02:00,1214
14.04.2020,03:00,1195
14.04.2020,04:00,1253
14.04.2020,05:00,1254
14.04.2020,06:00,1268
14.04.2020,07:00,1308
14.04.2020,08:00,1412
14.04.2020,09:00,1227
14.04.2020,10:00,1341
14.04.2020,11:00,1377
14.04.2020,12:00,1410
14.04.2020,13:00,1327
14.04.2020,14:00,1187
14.04.2020,15:00,1078
14.04.2020,16:00,1015
14.04.2020,17:00,919
14.04.2020,18:00,1044
14.04.2020,19:00,1214
14.04.2020,20:00,1353
14.04.2020,21:00,1370
14.04.2020,22:00,1365
14.04.2020,23:00,1311
15.04.2020,00:00,1298
15.04.2020,01:00,1331
15.04.2020,02:00,1388
15.04.2020,03:00,1337
15.04.2020,04:00,1318
15.04.2020,05:00,1285
15.04.2020,06:00,1378
15.04.2020,07:00,1394
15.04.2020,08:00,1396
15.04.2020,09:00,1382
15.04.2020,10:00,1326
15.04.2020,11:00,1324
15.04.2020,12:00,1303
15.04.2020,13:00,1273
15.04.2020,14:00,1260
15.04.2020,15:00,1300
15.04.2020,16:00,1201
15.04.2020,17:00,1217
15.04.2020,18:00,1340
15.04.2020,19:00,1389
15.04.2020,20:00,1379
15.04.2020,21:00,1344
15.04.2020,22:00,1367
15.04.2020,23:00,1357
16.04.2020,00:00,1231
16.04.2020,01:00,1222
16.04.2020,02:00,1229
16.04.2020,03:00,1249
16.04.2020,04:00,1300
16.04.2020,05:00,1329
16.04.2020,06:00,1383
16.04.2020,07:00,1397
16.04.2020,08:00,1385
16.04.2020,09:00,1331
16.04.2020,10:00,1273
16.04.2020,11:00,1263
16.04.2020,12:00,1254
16.04.2020,13:00,1267
16.04.2020,14:00,1242
16.04.2020,15:00,1247
16.04.2020,16:00,1215
16.04.2020,17:00,1304
16.04.2020,18:00,1329
16.04.2020,19:00,1385
16.04.2020,20:00,1388
16.04.2020,21:00,1387
16.04.2020,22:00,1376
16.04.2020,23:00,1354
17.04.2020,00:00,1253
17.04.2020,01:00,1228
17.04.2020,02:00,1248
17.04.2020,03:00,1240
17.04.2020,04:00,1251
17.04.2020,05:00,1291
17.04.2020,06:00,1320
17.04.2020,07:00,1371
17.04.2020,08:00,1381
17.04.2020,09:00,1372
17.04.2020,10:00,1309
17.04.2020,11:00,1275
17.04.2020,12:00,1245
17.04.2020,13:00,1237
17.04.2020,14:00,1233
17.04.2020,15:00,1240
17.04.2020,16:00,1271
17.04.2020,17:00,1315
17.04.2020,18:00,1355
17.04.2020,19:00,1357
17.04.2020,20:00,1359
17.04.2020,21:00,1322
17.04.2020,22:00,1286
17.04.2020,23:00,1321
18.04.2020,00:00,1262
18.04.2020,01:00,1267
18.04.2020,02:00,1266
18.04.2020,03:00,1253
18.04.2020,04:00,1239
18.04.2020,05:00,1258
18.04.2020,06:00,1256
18.04.2020,07:00,1250
18.04.2020,08:00,1303
18.04.2020,09:00,1217
18.04.2020,10:00,1210
18.04.2020,11:00,1246
18.04.2020,12:00,1243
18.04.2020,13:00,1241
18.04.2020,14:00,1246
18.04.2020,15:00,1282
18.04.2020,16:00,1243
18.04.2020,17:00,1236
18.04.2020,18:00,1263
18.04.2020,19:00,1306
18.04.2020,20:00,1305
18.04.2020,21:00,1246
18.04.2020,22:00,1245
18.04.2020,23:00,1232
19.04.2020,00:00,1240
19.04.2020,01:00,1238
19.04.2020,02:00,1233
19.04.2020,03:00,1239
19.04.2020,04:00,1239
19.04.2020,05:00,1238
19.04.2020,06:00,1222
19.04.2020,07:00,1191
19.04.2020,08:00,1217
19.04.2020,09:00,1238
19.04.2020,10:00,1304
19.04.2020,11:00,1324
19.04.2020,12:00,1215
19.04.2020,13:00,1093
19.04.2020,14:00,958
19.04.2020,15:00,839
19.04.2020,16:00,964
19.04.2020,17:00,1165
19.04.2020,18:00,1248
19.04.2020,19:00,1223
19.04.2020,20:00,1239
19.04.2020,21:00,1205
19.04.2020,22:00,1243
19.04.2020,23:00,1254
20.04.2020,00:00,1249
20.04.2020,01:00,1236
20.04.2020,02:00,1219
20.04.2020,03:00,1237
20.04.2020,04:00,1259
20.04.2020,05:00,1258
20.04.2020,06:00,1235
20.04.2020,07:00,1278
20.04.2020,08:00,1360
20.04.2020,09:00,1385
20.04.2020,10:00,1189
20.04.2020,11:00,1134
20.04.2020,12:00,1059
20.04.2020,13:00,944
20.04.2020,14:00,949
20.04.2020,15:00,931
20.04.2020,16:00,928
20.04.2020,17:00,963
20.04.2020,18:00,1054
20.04.2020,19:00,1168
20.04.2020,20:00,1338
20.04.2020,21:00,1338
20.04.2020,22:00,1398
20.04.2020,23:00,1411
21.04.2020,00:00,1412
21.04.2020,01:00,1413
21.04.2020,02:00,1413
21.04.2020,03:00,1413
21.04.2020,04:00,1412
21.04.2020,05:00,1415
21.04.2020,06:00,1415
21.04.2020,07:00,1413
21.04.2020,08:00,1413
21.04.2020,09:00,1406
21.04.2020,10:00,1404
21.04.2020,11:00,1403
21.04.2020,12:00,1397
21.04.2020,13:00,1392
21.04.2020,14:00,1391
21.04.2020,15:00,1238
21.04.2020,16:00,1024
21.04.2020,17:00,1051
21.04.2020,18:00,1114
21.04.2020,19:00,1254
21.04.2020,20:00,1278
21.04.2020,21:00,1265
21.04.2020,22:00,1255
21.04.2020,23:00,1229
22.04.2020,00:00,1239
22.04.2020,01:00,1236
22.04.2020,02:00,1244
22.04.2020,03:00,1248
22.04.2020,04:00,1252
22.04.2020,05:00,1251
22.04.2020,06:00,1248
22.04.2020,07:00,1294
22.04.2020,08:00,1368
22.04.2020,09:00,1353
22.04.2020,10:00,1350
22.04.2020,11:00,1242
22.04.2020,12:00,1267
22.04.2020,13:00,1168
22.04.2020,14:00,1210
22.04.2020,15:00,1191
22.04.2020,16:00,1210
22.04.2020,17:00,1228
22.04.2020,18:00,1285
22.04.2020,19:00,1355
22.04.2020,20:00,1352
22.04.2020,21:00,1309
22.04.2020,22:00,1281
22.04.2020,23:00,1212
23.04.2020,00:00,1210
23.04.2020,01:00,1213
23.04.2020,02:00,1235
23.04.2020,03:00,1245
23.04.2020,04:00,1244
23.04.2020,05:00,1245
23.04.2020,06:00,1272
23.04.2020,07:00,1323
23.04.2020,08:00,1281
23.04.2020,09:00,1301
23.04.2020,10:00,1262
23.04.2020,11:00,1195
23.04.2020,12:00,1242
23.04.2020,13:00,1243
23.04.2020,14:00,1243
23.04.2020,15:00,1248
23.04.2020,16:00,1249
23.04.2020,17:00,1286
23.04.2020,18:00,1384
23.04.2020,19:00,1391
23.04.2020,20:00,1393
23.04.2020,21:00,1391
23.04.2020,22:00,1387
23.04.2020,23:00,1393
24.04.2020,00:00,1330
24.04.2020,01:00,1267
24.04.2020,02:00,1260
24.04.2020,03:00,1263
24.04.2020,04:00,1264
24.04.2020,05:00,1318
24.04.2020,06:00,1324
24.04.2020,07:00,1381
24.04.2020,08:00,1364
24.04.2020,09:00,1264
24.04.2020,10:00,1256
24.04.2020,11:00,1272
24.04.2020,12:00,1232
24.04.2020,13:00,1218
24.04.2020,14:00,1230
24.04.2020,15:00,1238
24.04.2020,16:00,1237
24.04.2020,17:00,1219
24.04.2020,18:00,1237
24.04.2020,19:00,1232
24.04.2020,20:00,1302
24.04.2020,21:00,1265
24.04.2020,22:00,1226
24.04.2020,23:00,1229
25.04.2020,00:00,1226
25.04.2020,01:00,1242
25.04.2020,02:00,1256
25.04.2020,03:00,1257
25.04.2020,04:00,1253
25.04.2020,05:00,1255
25.04.2020,06:00,1254
25.04.2020,07:00,1256
25.04.2020,08:00,1231
25.04.2020,09:00,1247
25.04.2020,10:00,1249
25.04.2020,11:00,1249
25.04.2020,12:00,1251
25.04.2020,13:00,1235
25.04.2020,14:00,1250
25.04.2020,15:00,1250
25.04.2020,16:00,1236
25.04.2020,17:00,1225
25.04.2020,18:00,1250
25.04.2020,19:00,1257
25.04.2020,20:00,1337
25.04.2020,21:00,1343
25.04.2020,22:00,1297
25.04.2020,23:00,1252
26.04.2020,00:00,1293
26.04.2020,01:00,1352
26.04.2020,02:00,1315
26.04.2020,03:00,1324
26.04.2020,04:00,1397
26.04.2020,05:00,1415
26.04.2020,06:00,1365
26.04.2020,07:00,1361
26.04.2020,08:00,1361
26.04.2020,09:00,1360
26.04.2020,10:00,1384
26.04.2020,11:00,1367
26.04.2020,12:00,1306
26.04.2020,13:00,1246
26.04.2020,14:00,1196
26.04.2020,15:00,1223
26.04.2020,16:00,1266
26.04.2020,17:00,1257
26.04.2020,18:00,1260
26.04.2020,19:00,1347
26.04.2020,20:00,1382
26.04.2020,21:00,1382
26.04.2020,22:00,1382
26.04.2020,23:00,1317
27.04.2020,00:00,1272
27.04.2020,01:00,1253
27.04.2020,02:00,1253
27.04.2020,03:00,1261
27.04.2020,04:00,1263
27.04.2020,05:00,1265
27.04.2020,06:00,1323
27.04.2020,07:00,1359
27.04.2020,08:00,1310
27.04.2020,09:00,1305
27.04.2020,10:00,1291
27.04.2020,11:00,1286
27.04.2020,12:00,1283
27.04.2020,13:00,1284
27.04.2020,14:00,1283
27.04.2020,15:00,1302
27.04.2020,16:00,1280
27.04.2020,17:00,1295
27.04.2020,18:00,1340
27.04.2020,19:00,1385
27.04.2020,20:00,1386
27.04.2020,21:00,1389
27.04.2020,22:00,1390
27.04.2020,23:00,1390
28.04.2020,00:00,1265
28.04.2020,01:00,1260
28.04.2020,02:00,1265
28.04.2020,03:00,1264
28.04.2020,04:00,1258
28.04.2020,05:00,1254
28.04.2020,06:00,1330
28.04.2020,07:00,1367
28.04.2020,08:00,1379
28.04.2020,09:00,1378
28.04.2020,10:00,1374
28.04.2020,11:00,1374
28.04.2020,12:00,1368
28.04.2020,13:00,1363
28.04.2020,14:00,1340
28.04.2020,15:00,1373
28.04.2020,16:00,1372
28.04.2020,17:00,1371
28.04.2020,18:00,1371
28.04.2020,19:00,1374
28.04.2020,20:00,1369
28.04.2020,21:00,1366
28.04.2020,22:00,1325
28.04.2020,23:00,1358
29.04.2020,00:00,1299
29.04.2020,01:00,1255
29.04.2020,02:00,1249
29.04.2020,03:00,1249
29.04.2020,04:00,1250
29.04.2020,05:00,1289
29.04.2020,06:00,1370
29.04.2020,07:00,1381
29.04.2020,08:00,1383
29.04.2020,09:00,1373
29.04.2020,10:00,1319
29.04.2020,11:00,1337
29.04.2020,12:00,1258
29.04.2020,13:00,1304
29.04.2020,14:00,1293
29.04.2020,15:00,1286
29.04.2020,16:00,1292
29.04.2020,17:00,1298
29.04.2020,18:00,1368
29.04.2020,19:00,1368
29.04.2020,20:00,1330
29.04.2020,21:00,1309
29.04.2020,22:00,1308
29.04.2020,23:00,1255
30.04.2020,00:00,1253
30.04.2020,01:00,1248
30.04.2020,02:00,1239
30.04.2020,03:00,1223
30.04.2020,04:00,1224
30.04.2020,05:00,1249
30.04.2020,06:00,1243
30.04.2020,07:00,1255
30.04.2020,08:00,1280
30.04.2020,09:00,1269
30.04.2020,10:00,1273
30.04.2020,11:00,1251
30.04.2020,12:00,1193
30.04.2020,13:00,1251
30.04.2020,14:00,1243
30.04.2020,15:00,1247
30.04.2020,16:00,1247
30.04.2020,17:00,1251
30.04.2020,18:00,1364
30.04.2020,19:00,1374
30.04.2020,20:00,1311
30.04.2020,21:00,1328
30.04.2020,22:00,1250
30.04.2020,23:00,1230
