Datum,Uhrzeit,Generation_DE KKE[MW]
01.01.2020,00:00,1358
01.01.2020,01:00,1358
01.01.2020,02:00,1358
01.01.2020,03:00,1358
01.01.2020,04:00,1358
01.01.2020,05:00,1358
01.01.2020,06:00,1358
01.01.2020,07:00,1358
01.01.2020,08:00,1358
01.01.2020,09:00,1360
01.01.2020,10:00,1358
01.01.2020,11:00,1357
01.01.2020,12:00,1359
01.01.2020,13:00,1360
01.01.2020,14:00,1360
01.01.2020,15:00,1360
01.01.2020,16:00,1360
01.01.2020,17:00,1359
01.01.2020,18:00,1358
01.01.2020,19:00,1358
01.01.2020,20:00,1358
01.01.2020,21:00,1355
01.01.2020,22:00,1355
01.01.2020,23:00,1354
02.01.2020,00:00,1357
02.01.2020,01:00,1358
02.01.2020,02:00,1359
02.01.2020,03:00,1359
02.01.2020,04:00,1358
02.01.2020,05:00,1359
02.01.2020,06:00,1357
02.01.2020,07:00,1356
02.01.2020,08:00,1357
02.01.2020,09:00,1356
02.01.2020,10:00,1357
02.01.2020,11:00,1357
02.01.2020,12:00,1357
02.01.2020,13:00,1357
02.01.2020,14:00,1358
02.01.2020,15:00,1358
02.01.2020,16:00,1356
02.01.2020,17:00,1356
02.01.2020,18:00,1354
02.01.2020,19:00,1352
02.01.2020,20:00,1352
02.01.2020,21:00,1352
02.01.2020,22:00,1352
02.01.2020,23:00,1349
03.01.2020,00:00,1350
03.01.2020,01:00,1350
03.01.2020,02:00,1350
03.01.2020,03:00,1348
03.01.2020,04:00,1344
03.01.2020,05:00,1345
03.01.2020,06:00,1344
03.01.2020,07:00,1344
03.01.2020,08:00,1343
03.01.2020,09:00,1344
03.01.2020,10:00,1344
03.01.2020,11:00,1343
03.01.2020,12:00,1342
03.01.2020,13:00,1343
03.01.2020,14:00,1346
03.01.2020,15:00,1343
03.01.2020,16:00,1342
03.01.2020,17:00,1343
03.01.2020,18:00,1345
03.01.2020,19:00,1350
03.01.2020,20:00,1349
03.01.2020,21:00,1348
03.01.2020,22:00,1351
03.01.2020,23:00,1352
04.01.2020,00:00,1353
04.01.2020,01:00,1352
04.01.2020,02:00,1352
04.01.2020,03:00,1352
04.01.2020,04:00,1352
04.01.2020,05:00,1352
04.01.2020,06:00,1352
04.01.2020,07:00,1351
04.01.2020,08:00,1351
04.01.2020,09:00,1348
04.01.2020,10:00,1349
04.01.2020,11:00,1347
04.01.2020,12:00,1343
04.01.2020,13:00,1346
04.01.2020,14:00,1344
04.01.2020,15:00,1344
04.01.2020,16:00,1345
04.01.2020,17:00,1347
04.01.2020,18:00,1349
04.01.2020,19:00,1352
04.01.2020,20:00,1353
04.01.2020,21:00,1354
04.01.2020,22:00,1353
04.01.2020,23:00,1354
05.01.2020,00:00,1354
05.01.2020,01:00,1354
05.01.2020,02:00,1354
05.01.2020,03:00,1353
05.01.2020,04:00,1356
05.01.2020,05:00,1356
05.01.2020,06:00,1356
05.01.2020,07:00,1355
05.01.2020,08:00,1354
05.01.2020,09:00,1353
05.01.2020,10:00,1353
05.01.2020,11:00,1350
05.01.2020,12:00,1350
05.01.2020,13:00,1350
05.01.2020,14:00,1350
05.01.2020,15:00,1349
05.01.2020,16:00,1349
05.01.2020,17:00,1349
05.01.2020,18:00,1349
05.01.2020,19:00,1350
05.01.2020,20:00,1351
05.01.2020,21:00,1351
05.01.2020,22:00,1351
05.01.2020,23:00,1350
06.01.2020,00:00,1351
06.01.2020,01:00,1352
06.01.2020,02:00,1352
06.01.2020,03:00,1351
06.01.2020,04:00,1351
06.01.2020,05:00,1351
06.01.2020,06:00,1351
06.01.2020,07:00,1350
06.01.2020,08:00,1350
06.01.2020,09:00,1351
06.01.2020,10:00,1350
06.01.2020,11:00,1351
06.01.2020,12:00,1351
06.01.2020,13:00,1350
06.01.2020,14:00,1350
06.01.2020,15:00,1351
06.01.2020,16:00,1353
06.01.2020,17:00,1353
06.01.2020,18:00,1353
06.01.2020,19:00,1352
06.01.2020,20:00,1352
06.01.2020,21:00,1351
06.01.2020,22:00,1351
06.01.2020,23:00,1352
07.01.2020,00:00,1352
07.01.2020,01:00,1351
07.01.2020,02:00,1351
07.01.2020,03:00,1351
07.01.2020,04:00,1352
07.01.2020,05:00,1350
07.01.2020,06:00,1349
07.01.2020,07:00,1349
07.01.2020,08:00,1349
07.01.2020,09:00,1352
07.01.2020,10:00,1347
07.01.2020,11:00,1346
07.01.2020,12:00,1345
07.01.2020,13:00,1347
07.01.2020,14:00,1348
07.01.2020,15:00,1347
07.01.2020,16:00,1347
07.01.2020,17:00,1347
07.01.2020,18:00,1346
07.01.2020,19:00,1345
07.01.2020,20:00,1345
07.01.2020,21:00,1344
07.01.2020,22:00,1346
07.01.2020,23:00,1347
08.01.2020,00:00,1345
08.01.2020,01:00,1344
08.01.2020,02:00,1344
08.01.2020,03:00,1343
08.01.2020,04:00,1343
08.01.2020,05:00,1341
08.01.2020,06:00,1340
08.01.2020,07:00,1340
08.01.2020,08:00,1337
08.01.2020,09:00,1339
08.01.2020,10:00,1338
08.01.2020,11:00,1338
08.01.2020,12:00,1340
08.01.2020,13:00,1339
08.01.2020,14:00,1339
08.01.2020,15:00,1339
08.01.2020,16:00,1340
08.01.2020,17:00,1340
08.01.2020,18:00,1339
08.01.2020,19:00,1340
08.01.2020,20:00,1341
08.01.2020,21:00,1342
08.01.2020,22:00,1343
08.01.2020,23:00,1343
09.01.2020,00:00,1343
09.01.2020,01:00,1342
09.01.2020,02:00,1342
09.01.2020,03:00,1346
09.01.2020,04:00,1344
09.01.2020,05:00,1342
09.01.2020,06:00,1339
09.01.2020,07:00,1336
09.01.2020,08:00,1337
09.01.2020,09:00,1336
09.01.2020,10:00,1334
09.01.2020,11:00,1333
09.01.2020,12:00,1333
09.01.2020,13:00,1333
09.01.2020,14:00,1335
09.01.2020,15:00,1335
09.01.2020,16:00,1334
09.01.2020,17:00,1332
09.01.2020,18:00,1333
09.01.2020,19:00,1334
09.01.2020,20:00,1332
09.01.2020,21:00,1335
09.01.2020,22:00,1336
09.01.2020,23:00,1335
10.01.2020,00:00,1337
10.01.2020,01:00,1338
10.01.2020,02:00,1337
10.01.2020,03:00,1338
10.01.2020,04:00,1343
10.01.2020,05:00,1346
10.01.2020,06:00,1345
10.01.2020,07:00,1343
10.01.2020,08:00,1343
10.01.2020,09:00,1344
10.01.2020,10:00,1344
10.01.2020,11:00,1344
10.01.2020,12:00,1344
10.01.2020,13:00,1345
10.01.2020,14:00,1345
10.01.2020,15:00,1346
10.01.2020,16:00,1347
10.01.2020,17:00,1348
10.01.2020,18:00,1349
10.01.2020,19:00,1350
10.01.2020,20:00,1351
10.01.2020,21:00,1351
10.01.2020,22:00,1352
10.01.2020,23:00,1350
11.01.2020,00:00,1353
11.01.2020,01:00,1353
11.01.2020,02:00,1353
11.01.2020,03:00,1352
11.01.2020,04:00,1354
11.01.2020,05:00,1354
11.01.2020,06:00,1352
11.01.2020,07:00,1351
11.01.2020,08:00,1349
11.01.2020,09:00,1350
11.01.2020,10:00,1352
11.01.2020,11:00,1353
11.01.2020,12:00,1351
11.01.2020,13:00,1349
11.01.2020,14:00,1351
11.01.2020,15:00,1349
11.01.2020,16:00,1349
11.01.2020,17:00,1349
11.01.2020,18:00,1349
11.01.2020,19:00,1348
11.01.2020,20:00,1346
11.01.2020,21:00,1348
11.01.2020,22:00,1348
11.01.2020,23:00,1347
12.01.2020,00:00,1347
12.01.2020,01:00,1348
12.01.2020,02:00,1350
12.01.2020,03:00,1351
12.01.2020,04:00,1353
12.01.2020,05:00,1353
12.01.2020,06:00,1351
12.01.2020,07:00,1351
12.01.2020,08:00,1350
12.01.2020,09:00,1349
12.01.2020,10:00,1349
12.01.2020,11:00,1349
12.01.2020,12:00,1348
12.01.2020,13:00,1347
12.01.2020,14:00,1348
12.01.2020,15:00,1349
12.01.2020,16:00,1348
12.01.2020,17:00,1343
12.01.2020,18:00,1337
12.01.2020,19:00,1340
12.01.2020,20:00,1342
12.01.2020,21:00,1345
12.01.2020,22:00,1348
12.01.2020,23:00,1348
13.01.2020,00:00,1349
13.01.2020,01:00,1348
13.01.2020,02:00,1347
13.01.2020,03:00,1346
13.01.2020,04:00,1348
13.01.2020,05:00,1348
13.01.2020,06:00,1348
13.01.2020,07:00,1346
13.01.2020,08:00,1348
13.01.2020,09:00,1348
13.01.2020,10:00,1348
13.01.2020,11:00,1349
13.01.2020,12:00,1349
13.01.2020,13:00,1349
13.01.2020,14:00,1348
13.01.2020,15:00,1348
13.01.2020,16:00,1347
13.01.2020,17:00,1348
13.01.2020,18:00,1347
13.01.2020,19:00,1345
13.01.2020,20:00,1346
13.01.2020,21:00,1345
13.01.2020,22:00,1345
13.01.2020,23:00,1343
14.01.2020,00:00,1342
14.01.2020,01:00,1340
14.01.2020,02:00,1334
14.01.2020,03:00,1195
14.01.2020,04:00,1191
14.01.2020,05:00,1271
14.01.2020,06:00,1341
14.01.2020,07:00,1341
14.01.2020,08:00,1341
14.01.2020,09:00,1341
14.01.2020,10:00,1342
14.01.2020,11:00,1342
14.01.2020,12:00,1341
14.01.2020,13:00,1341
14.01.2020,14:00,1341
14.01.2020,15:00,1340
14.01.2020,16:00,1340
14.01.2020,17:00,1342
14.01.2020,18:00,1341
14.01.2020,19:00,1339
14.01.2020,20:00,1338
14.01.2020,21:00,1338
14.01.2020,22:00,1337
14.01.2020,23:00,1337
15.01.2020,00:00,1335
15.01.2020,01:00,1336
15.01.2020,02:00,1335
15.01.2020,03:00,1337
15.01.2020,04:00,1337
15.01.2020,05:00,1335
15.01.2020,06:00,1334
15.01.2020,07:00,1332
15.01.2020,08:00,1334
15.01.2020,09:00,1336
15.01.2020,10:00,1335
15.01.2020,11:00,1335
15.01.2020,12:00,1335
15.01.2020,13:00,1337
15.01.2020,14:00,1337
15.01.2020,15:00,1336
15.01.2020,16:00,1336
15.01.2020,17:00,1336
15.01.2020,18:00,1337
15.01.2020,19:00,1344
15.01.2020,20:00,1346
15.01.2020,21:00,1346
15.01.2020,22:00,1345
15.01.2020,23:00,1345
16.01.2020,00:00,1346
16.01.2020,01:00,1347
16.01.2020,02:00,1347
16.01.2020,03:00,1347
16.01.2020,04:00,1349
16.01.2020,05:00,1350
16.01.2020,06:00,1349
16.01.2020,07:00,1351
16.01.2020,08:00,1348
16.01.2020,09:00,1351
16.01.2020,10:00,1350
16.01.2020,11:00,1348
16.01.2020,12:00,1347
16.01.2020,13:00,1347
16.01.2020,14:00,1348
16.01.2020,15:00,1346
16.01.2020,16:00,1344
16.01.2020,17:00,1342
16.01.2020,18:00,1342
16.01.2020,19:00,1342
16.01.2020,20:00,1341
16.01.2020,21:00,1341
16.01.2020,22:00,1342
16.01.2020,23:00,1342
17.01.2020,00:00,1342
17.01.2020,01:00,1342
17.01.2020,02:00,1342
17.01.2020,03:00,1342
17.01.2020,04:00,1342
17.01.2020,05:00,1345
17.01.2020,06:00,1343
17.01.2020,07:00,1343
17.01.2020,08:00,1344
17.01.2020,09:00,1344
17.01.2020,10:00,1344
17.01.2020,11:00,1344
17.01.2020,12:00,1344
17.01.2020,13:00,1343
17.01.2020,14:00,1345
17.01.2020,15:00,1345
17.01.2020,16:00,1344
17.01.2020,17:00,1344
17.01.2020,18:00,1344
17.01.2020,19:00,1342
17.01.2020,20:00,1342
17.01.2020,21:00,1343
17.01.2020,22:00,1344
17.01.2020,23:00,1348
18.01.2020,00:00,1350
18.01.2020,01:00,1349
18.01.2020,02:00,1349
18.01.2020,03:00,1350
18.01.2020,04:00,1351
18.01.2020,05:00,1353
18.01.2020,06:00,1352
18.01.2020,07:00,1350
18.01.2020,08:00,1351
18.01.2020,09:00,1351
18.01.2020,10:00,1353
18.01.2020,11:00,1352
18.01.2020,12:00,1352
18.01.2020,13:00,1353
18.01.2020,14:00,1354
18.01.2020,15:00,1353
18.01.2020,16:00,1353
18.01.2020,17:00,1349
18.01.2020,18:00,1350
18.01.2020,19:00,1353
18.01.2020,20:00,1354
18.01.2020,21:00,1355
18.01.2020,22:00,1355
18.01.2020,23:00,1355
19.01.2020,00:00,1355
19.01.2020,01:00,1355
19.01.2020,02:00,1357
19.01.2020,03:00,1353
19.01.2020,04:00,1353
19.01.2020,05:00,1354
19.01.2020,06:00,1354
19.01.2020,07:00,1354
19.01.2020,08:00,1353
19.01.2020,09:00,1352
19.01.2020,10:00,1350
19.01.2020,11:00,1353
19.01.2020,12:00,1352
19.01.2020,13:00,1351
19.01.2020,14:00,1349
19.01.2020,15:00,1349
19.01.2020,16:00,1349
19.01.2020,17:00,1352
19.01.2020,18:00,1352
19.01.2020,19:00,1353
19.01.2020,20:00,1353
19.01.2020,21:00,1353
19.01.2020,22:00,1354
19.01.2020,23:00,1354
20.01.2020,00:00,1352
20.01.2020,01:00,1353
20.01.2020,02:00,1354
20.01.2020,03:00,1354
20.01.2020,04:00,1356
20.01.2020,05:00,1356
20.01.2020,06:00,1356
20.01.2020,07:00,1357
20.01.2020,08:00,1357
20.01.2020,09:00,1356
20.01.2020,10:00,1355
20.01.2020,11:00,1354
20.01.2020,12:00,1353
20.01.2020,13:00,1352
20.01.2020,14:00,1351
20.01.2020,15:00,1350
20.01.2020,16:00,1351
20.01.2020,17:00,1352
20.01.2020,18:00,1352
20.01.2020,19:00,1352
20.01.2020,20:00,1352
20.01.2020,21:00,1352
20.01.2020,22:00,1352
20.01.2020,23:00,1355
21.01.2020,00:00,1355
21.01.2020,01:00,1356
21.01.2020,02:00,1355
21.01.2020,03:00,1355
21.01.2020,04:00,1355
21.01.2020,05:00,1355
21.01.2020,06:00,1352
21.01.2020,07:00,1351
21.01.2020,08:00,1357
21.01.2020,09:00,1358
21.01.2020,10:00,1357
21.01.2020,11:00,1356
21.01.2020,12:00,1356
21.01.2020,13:00,1355
21.01.2020,14:00,1354
21.01.2020,15:00,1354
21.01.2020,16:00,1354
21.01.2020,17:00,1355
21.01.2020,18:00,1355
21.01.2020,19:00,1355
21.01.2020,20:00,1355
21.01.2020,21:00,1355
21.01.2020,22:00,1354
21.01.2020,23:00,1354
22.01.2020,00:00,1353
22.01.2020,01:00,1357
22.01.2020,02:00,1356
22.01.2020,03:00,1357
22.01.2020,04:00,1356
22.01.2020,05:00,1355
22.01.2020,06:00,1354
22.01.2020,07:00,1355
22.01.2020,08:00,1357
22.01.2020,09:00,1354
22.01.2020,10:00,1356
22.01.2020,11:00,1358
22.01.2020,12:00,1353
22.01.2020,13:00,1353
22.01.2020,14:00,1352
22.01.2020,15:00,1353
22.01.2020,16:00,1356
22.01.2020,17:00,1353
22.01.2020,18:00,1352
22.01.2020,19:00,1350
22.01.2020,20:00,1352
22.01.2020,21:00,1352
22.01.2020,22:00,1353
22.01.2020,23:00,1354
23.01.2020,00:00,1354
23.01.2020,01:00,1355
23.01.2020,02:00,1354
23.01.2020,03:00,1354
23.01.2020,04:00,1353
23.01.2020,05:00,1353
23.01.2020,06:00,1354
23.01.2020,07:00,1354
23.01.2020,08:00,1356
23.01.2020,09:00,1357
23.01.2020,10:00,1356
23.01.2020,11:00,1356
23.01.2020,12:00,1356
23.01.2020,13:00,1356
23.01.2020,14:00,1355
23.01.2020,15:00,1354
23.01.2020,16:00,1356
23.01.2020,17:00,1356
23.01.2020,18:00,1356
23.01.2020,19:00,1356
23.01.2020,20:00,1357
23.01.2020,21:00,1357
23.01.2020,22:00,1358
23.01.2020,23:00,1358
24.01.2020,00:00,1358
24.01.2020,01:00,1358
24.01.2020,02:00,1358
24.01.2020,03:00,1358
24.01.2020,04:00,1358
24.01.2020,05:00,1359
24.01.2020,06:00,1358
24.01.2020,07:00,1357
24.01.2020,08:00,1358
24.01.2020,09:00,1356
24.01.2020,10:00,1355
24.01.2020,11:00,1356
24.01.2020,12:00,1356
24.01.2020,13:00,1356
24.01.2020,14:00,1358
24.01.2020,15:00,1357
24.01.2020,16:00,1357
24.01.2020,17:00,1356
24.01.2020,18:00,1357
24.01.2020,19:00,1357
24.01.2020,20:00,1357
24.01.2020,21:00,1358
24.01.2020,22:00,1356
24.01.2020,23:00,1356
25.01.2020,00:00,1357
25.01.2020,01:00,1358
25.01.2020,02:00,1358
25.01.2020,03:00,1357
25.01.2020,04:00,1358
25.01.2020,05:00,1358
25.01.2020,06:00,1358
25.01.2020,07:00,1358
25.01.2020,08:00,1358
25.01.2020,09:00,1358
25.01.2020,10:00,1358
25.01.2020,11:00,1357
25.01.2020,12:00,1356
25.01.2020,13:00,1356
25.01.2020,14:00,1357
25.01.2020,15:00,1357
25.01.2020,16:00,1357
25.01.2020,17:00,1358
25.01.2020,18:00,1359
25.01.2020,19:00,1360
25.01.2020,20:00,1357
25.01.2020,21:00,1357
25.01.2020,22:00,1357
25.01.2020,23:00,1357
26.01.2020,00:00,1359
26.01.2020,01:00,1359
26.01.2020,02:00,1359
26.01.2020,03:00,1358
26.01.2020,04:00,1358
26.01.2020,05:00,1358
26.01.2020,06:00,1359
26.01.2020,07:00,1356
26.01.2020,08:00,1355
26.01.2020,09:00,1355
26.01.2020,10:00,1356
26.01.2020,11:00,1355
26.01.2020,12:00,1355
26.01.2020,13:00,1354
26.01.2020,14:00,1352
26.01.2020,15:00,1349
26.01.2020,16:00,1348
26.01.2020,17:00,1348
26.01.2020,18:00,1347
26.01.2020,19:00,1349
26.01.2020,20:00,1347
26.01.2020,21:00,1347
26.01.2020,22:00,1348
26.01.2020,23:00,1347
27.01.2020,00:00,1348
27.01.2020,01:00,1347
27.01.2020,02:00,1346
27.01.2020,03:00,1347
27.01.2020,04:00,1347
27.01.2020,05:00,1347
27.01.2020,06:00,1345
27.01.2020,07:00,1345
27.01.2020,08:00,1346
27.01.2020,09:00,1346
27.01.2020,10:00,1346
27.01.2020,11:00,1345
27.01.2020,12:00,1343
27.01.2020,13:00,1342
27.01.2020,14:00,1343
27.01.2020,15:00,1346
27.01.2020,16:00,1345
27.01.2020,17:00,1346
27.01.2020,18:00,1346
27.01.2020,19:00,1346
27.01.2020,20:00,1345
27.01.2020,21:00,1346
27.01.2020,22:00,1347
27.01.2020,23:00,1350
28.01.2020,00:00,1347
28.01.2020,01:00,1344
28.01.2020,02:00,1343
28.01.2020,03:00,1272
28.01.2020,04:00,1145
28.01.2020,05:00,1230
28.01.2020,06:00,1338
28.01.2020,07:00,1347
28.01.2020,08:00,1347
28.01.2020,09:00,1346
28.01.2020,10:00,1346
28.01.2020,11:00,1347
28.01.2020,12:00,1347
28.01.2020,13:00,1346
28.01.2020,14:00,1349
28.01.2020,15:00,1350
28.01.2020,16:00,1350
28.01.2020,17:00,1349
28.01.2020,18:00,1349
28.01.2020,19:00,1349
28.01.2020,20:00,1351
28.01.2020,21:00,1353
28.01.2020,22:00,1355
28.01.2020,23:00,1353
29.01.2020,00:00,1353
29.01.2020,01:00,1351
29.01.2020,02:00,1353
29.01.2020,03:00,1353
29.01.2020,04:00,1352
29.01.2020,05:00,1351
29.01.2020,06:00,1350
29.01.2020,07:00,1347
29.01.2020,08:00,1347
29.01.2020,09:00,1348
29.01.2020,10:00,1349
29.01.2020,11:00,1350
29.01.2020,12:00,1350
29.01.2020,13:00,1349
29.01.2020,14:00,1349
29.01.2020,15:00,1348
29.01.2020,16:00,1347
29.01.2020,17:00,1348
29.01.2020,18:00,1351
29.01.2020,19:00,1350
29.01.2020,20:00,1349
29.01.2020,21:00,1348
29.01.2020,22:00,1348
29.01.2020,23:00,1349
30.01.2020,00:00,1349
30.01.2020,01:00,1349
30.01.2020,02:00,1348
30.01.2020,03:00,1346
30.01.2020,04:00,1346
30.01.2020,05:00,1345
30.01.2020,06:00,1344
30.01.2020,07:00,1344
30.01.2020,08:00,1343
30.01.2020,09:00,1343
30.01.2020,10:00,1344
30.01.2020,11:00,1345
30.01.2020,12:00,1345
30.01.2020,13:00,1344
30.01.2020,14:00,1342
30.01.2020,15:00,1341
30.01.2020,16:00,1339
30.01.2020,17:00,1339
30.01.2020,18:00,1340
30.01.2020,19:00,1343
30.01.2020,20:00,1343
30.01.2020,21:00,1111
30.01.2020,22:00,690
30.01.2020,23:00,422
31.01.2020,00:00,365
31.01.2020,01:00,365
31.01.2020,02:00,364
31.01.2020,03:00,368
31.01.2020,04:00,375
31.01.2020,05:00,564
31.01.2020,06:00,849
31.01.2020,07:00,1132
31.01.2020,08:00,1290
31.01.2020,09:00,1247
31.01.2020,10:00,1330
31.01.2020,11:00,1323
31.01.2020,12:00,1336
31.01.2020,13:00,1334
31.01.2020,14:00,1334
31.01.2020,15:00,1335
31.01.2020,16:00,1335
31.01.2020,17:00,1334
31.01.2020,18:00,1334
31.01.2020,19:00,1334
31.01.2020,20:00,1334
31.01.2020,21:00,1334
31.01.2020,22:00,1333
31.01.2020,23:00,1333
01.02.2020,00:00,1334
01.02.2020,01:00,1205
01.02.2020,02:00,1206
01.02.2020,03:00,883
01.02.2020,04:00,833
01.02.2020,05:00,833
01.02.2020,06:00,833
01.02.2020,07:00,859
01.02.2020,08:00,1234
01.02.2020,09:00,1333
01.02.2020,10:00,1313
01.02.2020,11:00,983
01.02.2020,12:00,978
01.02.2020,13:00,1298
01.02.2020,14:00,1337
01.02.2020,15:00,1337
01.02.2020,16:00,1337
01.02.2020,17:00,1337
01.02.2020,18:00,1340
01.02.2020,19:00,1166
01.02.2020,20:00,829
01.02.2020,21:00,656
01.02.2020,22:00,602
01.02.2020,23:00,602
02.02.2020,00:00,602
02.02.2020,01:00,604
02.02.2020,02:00,603
02.02.2020,03:00,681
02.02.2020,04:00,936
02.02.2020,05:00,1136
02.02.2020,06:00,1293
02.02.2020,07:00,1314
02.02.2020,08:00,1313
02.02.2020,09:00,1313
02.02.2020,10:00,1338
02.02.2020,11:00,1344
02.02.2020,12:00,1345
02.02.2020,13:00,1346
02.02.2020,14:00,1347
02.02.2020,15:00,1348
02.02.2020,16:00,1347
02.02.2020,17:00,1346
02.02.2020,18:00,1341
02.02.2020,19:00,1338
02.02.2020,20:00,1338
02.02.2020,21:00,1339
02.02.2020,22:00,1341
02.02.2020,23:00,1341
03.02.2020,00:00,1340
03.02.2020,01:00,1338
03.02.2020,02:00,1337
03.02.2020,03:00,1336
03.02.2020,04:00,1336
03.02.2020,05:00,1336
03.02.2020,06:00,1336
03.02.2020,07:00,1335
03.02.2020,08:00,1339
03.02.2020,09:00,1340
03.02.2020,10:00,1338
03.02.2020,11:00,1337
03.02.2020,12:00,1337
03.02.2020,13:00,1335
03.02.2020,14:00,1334
03.02.2020,15:00,1336
03.02.2020,16:00,1337
03.02.2020,17:00,1338
03.02.2020,18:00,1340
03.02.2020,19:00,1341
03.02.2020,20:00,1341
03.02.2020,21:00,1343
03.02.2020,22:00,1344
03.02.2020,23:00,1347
04.02.2020,00:00,1347
04.02.2020,01:00,1345
04.02.2020,02:00,1345
04.02.2020,03:00,1346
04.02.2020,04:00,1345
04.02.2020,05:00,1347
04.02.2020,06:00,1346
04.02.2020,07:00,1343
04.02.2020,08:00,1344
04.02.2020,09:00,1345
04.02.2020,10:00,1346
04.02.2020,11:00,1347
04.02.2020,12:00,1348
04.02.2020,13:00,1346
04.02.2020,14:00,1346
04.02.2020,15:00,1347
04.02.2020,16:00,1347
04.02.2020,17:00,1347
04.02.2020,18:00,1347
04.02.2020,19:00,1348
04.02.2020,20:00,1350
04.02.2020,21:00,1348
04.02.2020,22:00,1347
04.02.2020,23:00,1344
05.02.2020,00:00,1346
05.02.2020,01:00,1349
05.02.2020,02:00,1347
05.02.2020,03:00,1347
05.02.2020,04:00,1347
05.02.2020,05:00,1348
05.02.2020,06:00,1349
05.02.2020,07:00,1350
05.02.2020,08:00,1352
05.02.2020,09:00,1352
05.02.2020,10:00,1353
05.02.2020,11:00,1351
05.02.2020,12:00,1348
05.02.2020,13:00,1347
05.02.2020,14:00,1348
05.02.2020,15:00,1349
05.02.2020,16:00,1348
05.02.2020,17:00,1349
05.02.2020,18:00,1349
05.02.2020,19:00,1350
05.02.2020,20:00,1348
05.02.2020,21:00,1347
05.02.2020,22:00,1345
05.02.2020,23:00,1348
06.02.2020,00:00,1348
06.02.2020,01:00,1346
06.02.2020,02:00,1348
06.02.2020,03:00,1351
06.02.2020,04:00,1348
06.02.2020,05:00,1348
06.02.2020,06:00,1347
06.02.2020,07:00,1347
06.02.2020,08:00,1347
06.02.2020,09:00,1347
06.02.2020,10:00,1349
06.02.2020,11:00,1350
06.02.2020,12:00,1349
06.02.2020,13:00,1347
06.02.2020,14:00,1347
06.02.2020,15:00,1347
06.02.2020,16:00,1347
06.02.2020,17:00,1347
06.02.2020,18:00,1348
06.02.2020,19:00,1349
06.02.2020,20:00,1349
06.02.2020,21:00,1350
06.02.2020,22:00,1350
06.02.2020,23:00,1350
07.02.2020,00:00,1350
07.02.2020,01:00,1350
07.02.2020,02:00,1350
07.02.2020,03:00,1350
07.02.2020,04:00,1350
07.02.2020,05:00,1350
07.02.2020,06:00,1350
07.02.2020,07:00,1350
07.02.2020,08:00,1350
07.02.2020,09:00,1350
07.02.2020,10:00,1350
07.02.2020,11:00,1349
07.02.2020,12:00,1348
07.02.2020,13:00,1348
07.02.2020,14:00,1346
07.02.2020,15:00,1345
07.02.2020,16:00,1344
07.02.2020,17:00,1345
07.02.2020,18:00,1343
07.02.2020,19:00,1343
07.02.2020,20:00,1345
07.02.2020,21:00,1348
07.02.2020,22:00,1347
07.02.2020,23:00,1346
08.02.2020,00:00,1348
08.02.2020,01:00,1349
08.02.2020,02:00,1349
08.02.2020,03:00,1349
08.02.2020,04:00,1350
08.02.2020,05:00,1350
08.02.2020,06:00,1349
08.02.2020,07:00,1348
08.02.2020,08:00,1349
08.02.2020,09:00,1348
08.02.2020,10:00,1349
08.02.2020,11:00,1349
08.02.2020,12:00,1346
08.02.2020,13:00,1346
08.02.2020,14:00,1343
08.02.2020,15:00,1340
08.02.2020,16:00,1340
08.02.2020,17:00,1339
08.02.2020,18:00,1338
08.02.2020,19:00,1341
08.02.2020,20:00,1340
08.02.2020,21:00,1339
08.02.2020,22:00,1342
08.02.2020,23:00,1339
09.02.2020,00:00,1303
09.02.2020,01:00,1302
09.02.2020,02:00,1300
09.02.2020,03:00,1275
09.02.2020,04:00,908
09.02.2020,05:00,834
09.02.2020,06:00,827
09.02.2020,07:00,623
09.02.2020,08:00,416
09.02.2020,09:00,408
09.02.2020,10:00,408
09.02.2020,11:00,408
09.02.2020,12:00,408
09.02.2020,13:00,408
09.02.2020,14:00,410
09.02.2020,15:00,421
09.02.2020,16:00,651
09.02.2020,17:00,875
09.02.2020,18:00,1145
09.02.2020,19:00,1235
09.02.2020,20:00,1235
09.02.2020,21:00,1235
09.02.2020,22:00,1237
09.02.2020,23:00,1233
10.02.2020,00:00,1281
10.02.2020,01:00,1312
10.02.2020,02:00,1313
10.02.2020,03:00,1312
10.02.2020,04:00,1312
10.02.2020,05:00,1315
10.02.2020,06:00,1312
10.02.2020,07:00,1311
10.02.2020,08:00,1310
10.02.2020,09:00,1309
10.02.2020,10:00,1312
10.02.2020,11:00,1313
10.02.2020,12:00,1313
10.02.2020,13:00,1315
10.02.2020,14:00,1314
10.02.2020,15:00,1314
10.02.2020,16:00,1315
10.02.2020,17:00,1317
10.02.2020,18:00,1316
10.02.2020,19:00,1315
10.02.2020,20:00,1317
10.02.2020,21:00,1317
10.02.2020,22:00,1318
10.02.2020,23:00,1317
11.02.2020,00:00,1311
11.02.2020,01:00,1317
11.02.2020,02:00,1315
11.02.2020,03:00,1315
11.02.2020,04:00,1316
11.02.2020,05:00,1316
11.02.2020,06:00,1314
11.02.2020,07:00,1312
11.02.2020,08:00,1311
11.02.2020,09:00,1312
11.02.2020,10:00,1312
11.02.2020,11:00,1312
11.02.2020,12:00,1315
11.02.2020,13:00,1315
11.02.2020,14:00,1310
11.02.2020,15:00,1312
11.02.2020,16:00,1308
11.02.2020,17:00,1308
11.02.2020,18:00,1308
11.02.2020,19:00,1309
11.02.2020,20:00,1312
11.02.2020,21:00,1310
11.02.2020,22:00,1311
11.02.2020,23:00,1310
12.02.2020,00:00,1315
12.02.2020,01:00,1315
12.02.2020,02:00,1316
12.02.2020,03:00,1316
12.02.2020,04:00,1315
12.02.2020,05:00,1316
12.02.2020,06:00,1334
12.02.2020,07:00,1347
12.02.2020,08:00,1347
12.02.2020,09:00,1348
12.02.2020,10:00,1349
12.02.2020,11:00,1348
12.02.2020,12:00,1347
12.02.2020,13:00,1349
12.02.2020,14:00,1347
12.02.2020,15:00,1349
12.02.2020,16:00,1350
12.02.2020,17:00,1351
12.02.2020,18:00,1352
12.02.2020,19:00,1351
12.02.2020,20:00,1352
12.02.2020,21:00,1352
12.02.2020,22:00,1352
12.02.2020,23:00,1353
13.02.2020,00:00,1353
13.02.2020,01:00,1353
13.02.2020,02:00,1354
13.02.2020,03:00,1354
13.02.2020,04:00,1355
13.02.2020,05:00,1354
13.02.2020,06:00,1352
13.02.2020,07:00,1352
13.02.2020,08:00,1354
13.02.2020,09:00,1353
13.02.2020,10:00,1350
13.02.2020,11:00,1350
13.02.2020,12:00,1349
13.02.2020,13:00,1351
13.02.2020,14:00,1351
13.02.2020,15:00,1352
13.02.2020,16:00,1350
13.02.2020,17:00,1349
13.02.2020,18:00,1351
13.02.2020,19:00,1352
13.02.2020,20:00,1351
13.02.2020,21:00,1349
13.02.2020,22:00,1348
13.02.2020,23:00,1352
14.02.2020,00:00,1352
14.02.2020,01:00,1351
14.02.2020,02:00,1350
14.02.2020,03:00,1350
14.02.2020,04:00,1348
14.02.2020,05:00,1347
14.02.2020,06:00,1348
14.02.2020,07:00,1350
14.02.2020,08:00,1354
14.02.2020,09:00,1352
14.02.2020,10:00,1351
14.02.2020,11:00,1350
14.02.2020,12:00,1350
14.02.2020,13:00,1352
14.02.2020,14:00,1353
14.02.2020,15:00,1352
14.02.2020,16:00,1351
14.02.2020,17:00,1351
14.02.2020,18:00,1350
14.02.2020,19:00,1349
14.02.2020,20:00,1352
14.02.2020,21:00,1350
14.02.2020,22:00,1349
14.02.2020,23:00,1347
15.02.2020,00:00,1347
15.02.2020,01:00,1350
15.02.2020,02:00,1350
15.02.2020,03:00,1349
15.02.2020,04:00,1347
15.02.2020,05:00,1347
15.02.2020,06:00,1346
15.02.2020,07:00,1347
15.02.2020,08:00,1347
15.02.2020,09:00,1347
15.02.2020,10:00,1349
15.02.2020,11:00,1345
15.02.2020,12:00,1169
15.02.2020,13:00,936
15.02.2020,14:00,934
15.02.2020,15:00,936
15.02.2020,16:00,981
15.02.2020,17:00,1134
15.02.2020,18:00,1133
15.02.2020,19:00,1047
15.02.2020,20:00,861
15.02.2020,21:00,833
15.02.2020,22:00,832
15.02.2020,23:00,664
16.02.2020,00:00,404
16.02.2020,01:00,386
16.02.2020,02:00,387
16.02.2020,03:00,388
16.02.2020,04:00,388
16.02.2020,05:00,388
16.02.2020,06:00,388
16.02.2020,07:00,388
16.02.2020,08:00,388
16.02.2020,09:00,388
16.02.2020,10:00,388
16.02.2020,11:00,388
16.02.2020,12:00,388
16.02.2020,13:00,388
16.02.2020,14:00,388
16.02.2020,15:00,388
16.02.2020,16:00,387
16.02.2020,17:00,534
16.02.2020,18:00,790
16.02.2020,19:00,834
16.02.2020,20:00,834
16.02.2020,21:00,834
16.02.2020,22:00,834
16.02.2020,23:00,834
17.02.2020,00:00,882
17.02.2020,01:00,933
17.02.2020,02:00,1011
17.02.2020,03:00,1176
17.02.2020,04:00,1319
17.02.2020,05:00,1333
17.02.2020,06:00,1336
17.02.2020,07:00,1335
17.02.2020,08:00,1337
17.02.2020,09:00,1341
17.02.2020,10:00,1342
17.02.2020,11:00,1341
17.02.2020,12:00,1339
17.02.2020,13:00,1339
17.02.2020,14:00,1340
17.02.2020,15:00,1341
17.02.2020,16:00,1343
17.02.2020,17:00,1344
17.02.2020,18:00,1345
17.02.2020,19:00,1342
17.02.2020,20:00,1344
17.02.2020,21:00,1342
17.02.2020,22:00,1343
17.02.2020,23:00,1344
18.02.2020,00:00,1344
18.02.2020,01:00,1344
18.02.2020,02:00,1344
18.02.2020,03:00,1344
18.02.2020,04:00,1345
18.02.2020,05:00,1347
18.02.2020,06:00,1348
18.02.2020,07:00,1349
18.02.2020,08:00,1350
18.02.2020,09:00,1348
18.02.2020,10:00,1346
18.02.2020,11:00,1346
18.02.2020,12:00,1346
18.02.2020,13:00,1346
18.02.2020,14:00,1346
18.02.2020,15:00,1346
18.02.2020,16:00,1347
18.02.2020,17:00,1347
18.02.2020,18:00,1346
18.02.2020,19:00,1348
18.02.2020,20:00,1348
18.02.2020,21:00,1346
18.02.2020,22:00,1343
18.02.2020,23:00,1343
19.02.2020,00:00,1344
19.02.2020,01:00,1346
19.02.2020,02:00,1345
19.02.2020,03:00,1349
19.02.2020,04:00,1353
19.02.2020,05:00,1354
19.02.2020,06:00,1351
19.02.2020,07:00,1352
19.02.2020,08:00,1351
19.02.2020,09:00,1350
19.02.2020,10:00,1347
19.02.2020,11:00,1346
19.02.2020,12:00,1344
19.02.2020,13:00,1345
19.02.2020,14:00,1346
19.02.2020,15:00,1347
19.02.2020,16:00,1347
19.02.2020,17:00,1348
19.02.2020,18:00,1351
19.02.2020,19:00,1352
19.02.2020,20:00,1353
19.02.2020,21:00,1350
19.02.2020,22:00,1352
19.02.2020,23:00,1353
20.02.2020,00:00,1351
20.02.2020,01:00,1352
20.02.2020,02:00,1351
20.02.2020,03:00,1350
20.02.2020,04:00,1350
20.02.2020,05:00,1347
20.02.2020,06:00,1344
20.02.2020,07:00,1343
20.02.2020,08:00,1343
20.02.2020,09:00,1343
20.02.2020,10:00,1342
20.02.2020,11:00,1342
20.02.2020,12:00,1342
20.02.2020,13:00,1342
20.02.2020,14:00,1342
20.02.2020,15:00,1343
20.02.2020,16:00,1341
20.02.2020,17:00,1341
20.02.2020,18:00,1338
20.02.2020,19:00,1338
20.02.2020,20:00,1342
20.02.2020,21:00,1343
20.02.2020,22:00,1348
20.02.2020,23:00,1349
21.02.2020,00:00,1349
21.02.2020,01:00,1350
21.02.2020,02:00,1351
21.02.2020,03:00,1350
21.02.2020,04:00,1351
21.02.2020,05:00,1350
21.02.2020,06:00,1349
21.02.2020,07:00,1350
21.02.2020,08:00,1350
21.02.2020,09:00,1351
21.02.2020,10:00,1351
21.02.2020,11:00,1348
21.02.2020,12:00,1347
21.02.2020,13:00,1346
21.02.2020,14:00,1347
21.02.2020,15:00,1347
21.02.2020,16:00,1348
21.02.2020,17:00,1347
21.02.2020,18:00,1343
21.02.2020,19:00,1343
21.02.2020,20:00,1343
21.02.2020,21:00,1342
21.02.2020,22:00,1344
21.02.2020,23:00,1343
22.02.2020,00:00,1327
22.02.2020,01:00,1320
22.02.2020,02:00,1034
22.02.2020,03:00,977
22.02.2020,04:00,1154
22.02.2020,05:00,1306
22.02.2020,06:00,1327
22.02.2020,07:00,1307
22.02.2020,08:00,900
22.02.2020,09:00,557
22.02.2020,10:00,419
22.02.2020,11:00,418
22.02.2020,12:00,418
22.02.2020,13:00,417
22.02.2020,14:00,417
22.02.2020,15:00,417
22.02.2020,16:00,454
22.02.2020,17:00,691
22.02.2020,18:00,764
22.02.2020,19:00,765
22.02.2020,20:00,706
22.02.2020,21:00,462
22.02.2020,22:00,414
22.02.2020,23:00,410
23.02.2020,00:00,419
23.02.2020,01:00,415
23.02.2020,02:00,424
23.02.2020,03:00,624
23.02.2020,04:00,875
23.02.2020,05:00,913
23.02.2020,06:00,951
23.02.2020,07:00,1184
23.02.2020,08:00,1309
23.02.2020,09:00,1322
23.02.2020,10:00,1323
23.02.2020,11:00,1324
23.02.2020,12:00,1321
23.02.2020,13:00,1316
23.02.2020,14:00,1272
23.02.2020,15:00,977
23.02.2020,16:00,1042
23.02.2020,17:00,1290
23.02.2020,18:00,1316
23.02.2020,19:00,1321
23.02.2020,20:00,1322
23.02.2020,21:00,1324
23.02.2020,22:00,1322
23.02.2020,23:00,1322
24.02.2020,00:00,1346
24.02.2020,01:00,1349
24.02.2020,02:00,1348
24.02.2020,03:00,1347
24.02.2020,04:00,1347
24.02.2020,05:00,1347
24.02.2020,06:00,1347
24.02.2020,07:00,1349
24.02.2020,08:00,1350
24.02.2020,09:00,1351
24.02.2020,10:00,1349
24.02.2020,11:00,1349
24.02.2020,12:00,1348
24.02.2020,13:00,1347
24.02.2020,14:00,1347
24.02.2020,15:00,1347
24.02.2020,16:00,1344
24.02.2020,17:00,1337
24.02.2020,18:00,1330
24.02.2020,19:00,1331
24.02.2020,20:00,1334
24.02.2020,21:00,1334
24.02.2020,22:00,1335
24.02.2020,23:00,1310
25.02.2020,00:00,1051
25.02.2020,01:00,832
25.02.2020,02:00,831
25.02.2020,03:00,832
25.02.2020,04:00,832
25.02.2020,05:00,1012
25.02.2020,06:00,1282
25.02.2020,07:00,1343
25.02.2020,08:00,1345
25.02.2020,09:00,1345
25.02.2020,10:00,1346
25.02.2020,11:00,1346
25.02.2020,12:00,1343
25.02.2020,13:00,1343
25.02.2020,14:00,1343
25.02.2020,15:00,1343
25.02.2020,16:00,1345
25.02.2020,17:00,1345
25.02.2020,18:00,1347
25.02.2020,19:00,1348
25.02.2020,20:00,1348
25.02.2020,21:00,1350
25.02.2020,22:00,1350
25.02.2020,23:00,1351
26.02.2020,00:00,1351
26.02.2020,01:00,1353
26.02.2020,02:00,1353
26.02.2020,03:00,1353
26.02.2020,04:00,1353
26.02.2020,05:00,1355
26.02.2020,06:00,1356
26.02.2020,07:00,1355
26.02.2020,08:00,1355
26.02.2020,09:00,1353
26.02.2020,10:00,1354
26.02.2020,11:00,1352
26.02.2020,12:00,1350
26.02.2020,13:00,1348
26.02.2020,14:00,1351
26.02.2020,15:00,1351
26.02.2020,16:00,1350
26.02.2020,17:00,1350
26.02.2020,18:00,1350
26.02.2020,19:00,1351
26.02.2020,20:00,1353
26.02.2020,21:00,1353
26.02.2020,22:00,1352
26.02.2020,23:00,1351
27.02.2020,00:00,1353
27.02.2020,01:00,1354
27.02.2020,02:00,1354
27.02.2020,03:00,1354
27.02.2020,04:00,1354
27.02.2020,05:00,1353
27.02.2020,06:00,1353
27.02.2020,07:00,1354
27.02.2020,08:00,1355
27.02.2020,09:00,1355
27.02.2020,10:00,1354
27.02.2020,11:00,1353
27.02.2020,12:00,1352
27.02.2020,13:00,1352
27.02.2020,14:00,1355
27.02.2020,15:00,1356
27.02.2020,16:00,1356
27.02.2020,17:00,1355
27.02.2020,18:00,1355
27.02.2020,19:00,1357
27.02.2020,20:00,1358
27.02.2020,21:00,1356
27.02.2020,22:00,1356
27.02.2020,23:00,1352
28.02.2020,00:00,1354
28.02.2020,01:00,1355
28.02.2020,02:00,1354
28.02.2020,03:00,1354
28.02.2020,04:00,1353
28.02.2020,05:00,1355
28.02.2020,06:00,1355
28.02.2020,07:00,1355
28.02.2020,08:00,1353
28.02.2020,09:00,1352
28.02.2020,10:00,1353
28.02.2020,11:00,1352
28.02.2020,12:00,1351
28.02.2020,13:00,1351
28.02.2020,14:00,1351
28.02.2020,15:00,1352
28.02.2020,16:00,1353
28.02.2020,17:00,1352
28.02.2020,18:00,1352
28.02.2020,19:00,1350
28.02.2020,20:00,1350
28.02.2020,21:00,1350
28.02.2020,22:00,1355
28.02.2020,23:00,1348
29.02.2020,00:00,1350
29.02.2020,01:00,1346
29.02.2020,02:00,1347
29.02.2020,03:00,1346
29.02.2020,04:00,1344
29.02.2020,05:00,1341
29.02.2020,06:00,1340
29.02.2020,07:00,1341
29.02.2020,08:00,1340
29.02.2020,09:00,1337
29.02.2020,10:00,1340
29.02.2020,11:00,1342
29.02.2020,12:00,1339
29.02.2020,13:00,1337
29.02.2020,14:00,1336
29.02.2020,15:00,1334
29.02.2020,16:00,1334
29.02.2020,17:00,1339
29.02.2020,18:00,1346
29.02.2020,19:00,1348
29.02.2020,20:00,1349
29.02.2020,21:00,1347
29.02.2020,22:00,1347
29.02.2020,23:00,1348
01.03.2020,00:00,1318
01.03.2020,01:00,1317
01.03.2020,02:00,1316
01.03.2020,03:00,1315
01.03.2020,04:00,1317
01.03.2020,05:00,1316
01.03.2020,06:00,1223
01.03.2020,07:00,1220
01.03.2020,08:00,1281
01.03.2020,09:00,1318
01.03.2020,10:00,1319
01.03.2020,11:00,1321
01.03.2020,12:00,1278
01.03.2020,13:00,1079
01.03.2020,14:00,1072
01.03.2020,15:00,1134
01.03.2020,16:00,1305
01.03.2020,17:00,1316
01.03.2020,18:00,1314
01.03.2020,19:00,1315
01.03.2020,20:00,1316
01.03.2020,21:00,1317
01.03.2020,22:00,1317
01.03.2020,23:00,1315
02.03.2020,00:00,1348
02.03.2020,01:00,1353
02.03.2020,02:00,1355
02.03.2020,03:00,1355
02.03.2020,04:00,1352
02.03.2020,05:00,1351
02.03.2020,06:00,1352
02.03.2020,07:00,1352
02.03.2020,08:00,1352
02.03.2020,09:00,1352
02.03.2020,10:00,1353
02.03.2020,11:00,1353
02.03.2020,12:00,1351
02.03.2020,13:00,1350
02.03.2020,14:00,1348
02.03.2020,15:00,1348
02.03.2020,16:00,1349
02.03.2020,17:00,1349
02.03.2020,18:00,1349
02.03.2020,19:00,1349
02.03.2020,20:00,1350
02.03.2020,21:00,1349
02.03.2020,22:00,1347
02.03.2020,23:00,1350
03.03.2020,00:00,1350
03.03.2020,01:00,1350
03.03.2020,02:00,1353
03.03.2020,03:00,1352
03.03.2020,04:00,1351
03.03.2020,05:00,1353
03.03.2020,06:00,1353
03.03.2020,07:00,1353
03.03.2020,08:00,1356
03.03.2020,09:00,1356
03.03.2020,10:00,1354
03.03.2020,11:00,1351
03.03.2020,12:00,1352
03.03.2020,13:00,1350
03.03.2020,14:00,1350
03.03.2020,15:00,1351
03.03.2020,16:00,1350
03.03.2020,17:00,1351
03.03.2020,18:00,1351
03.03.2020,19:00,1355
03.03.2020,20:00,1354
03.03.2020,21:00,1352
03.03.2020,22:00,1354
03.03.2020,23:00,1351
04.03.2020,00:00,1351
04.03.2020,01:00,1353
04.03.2020,02:00,1352
04.03.2020,03:00,1351
04.03.2020,04:00,1351
04.03.2020,05:00,1355
04.03.2020,06:00,1354
04.03.2020,07:00,1353
04.03.2020,08:00,1352
04.03.2020,09:00,1353
04.03.2020,10:00,1354
04.03.2020,11:00,1352
04.03.2020,12:00,1351
04.03.2020,13:00,1349
04.03.2020,14:00,1348
04.03.2020,15:00,1348
04.03.2020,16:00,1349
04.03.2020,17:00,1350
04.03.2020,18:00,1351
04.03.2020,19:00,1355
04.03.2020,20:00,1354
04.03.2020,21:00,1353
04.03.2020,22:00,1355
04.03.2020,23:00,1355
05.03.2020,00:00,1354
05.03.2020,01:00,1354
05.03.2020,02:00,1355
05.03.2020,03:00,1354
05.03.2020,04:00,1354
05.03.2020,05:00,1357
05.03.2020,06:00,1357
05.03.2020,07:00,1356
05.03.2020,08:00,1353
05.03.2020,09:00,1353
05.03.2020,10:00,1352
05.03.2020,11:00,1351
05.03.2020,12:00,1351
05.03.2020,13:00,1350
05.03.2020,14:00,1350
05.03.2020,15:00,1349
05.03.2020,16:00,1348
05.03.2020,17:00,1348
05.03.2020,18:00,1349
05.03.2020,19:00,1349
05.03.2020,20:00,1348
05.03.2020,21:00,1348
05.03.2020,22:00,1350
05.03.2020,23:00,1349
06.03.2020,00:00,1350
06.03.2020,01:00,1350
06.03.2020,02:00,1349
06.03.2020,03:00,1350
06.03.2020,04:00,1354
06.03.2020,05:00,1354
06.03.2020,06:00,1353
06.03.2020,07:00,1350
06.03.2020,08:00,1350
06.03.2020,09:00,1352
06.03.2020,10:00,1352
06.03.2020,11:00,1352
06.03.2020,12:00,1351
06.03.2020,13:00,1350
06.03.2020,14:00,1350
06.03.2020,15:00,1349
06.03.2020,16:00,1349
06.03.2020,17:00,1350
06.03.2020,18:00,1351
06.03.2020,19:00,1352
06.03.2020,20:00,1353
06.03.2020,21:00,1354
06.03.2020,22:00,1354
06.03.2020,23:00,1354
07.03.2020,00:00,1355
07.03.2020,01:00,1354
07.03.2020,02:00,1350
07.03.2020,03:00,1350
07.03.2020,04:00,1350
07.03.2020,05:00,1352
07.03.2020,06:00,1354
07.03.2020,07:00,1353
07.03.2020,08:00,1352
07.03.2020,09:00,1351
07.03.2020,10:00,1352
07.03.2020,11:00,1351
07.03.2020,12:00,1351
07.03.2020,13:00,1350
07.03.2020,14:00,1350
07.03.2020,15:00,1350
07.03.2020,16:00,1350
07.03.2020,17:00,1349
07.03.2020,18:00,1349
07.03.2020,19:00,1349
07.03.2020,20:00,1347
07.03.2020,21:00,1346
07.03.2020,22:00,1346
07.03.2020,23:00,1346
08.03.2020,00:00,1344
08.03.2020,01:00,1346
08.03.2020,02:00,1347
08.03.2020,03:00,1347
08.03.2020,04:00,1347
08.03.2020,05:00,1348
08.03.2020,06:00,1349
08.03.2020,07:00,1346
08.03.2020,08:00,1344
08.03.2020,09:00,1344
08.03.2020,10:00,1344
08.03.2020,11:00,1207
08.03.2020,12:00,1006
08.03.2020,13:00,832
08.03.2020,14:00,835
08.03.2020,15:00,1029
08.03.2020,16:00,1186
08.03.2020,17:00,1303
08.03.2020,18:00,1338
08.03.2020,19:00,1340
08.03.2020,20:00,1339
08.03.2020,21:00,1338
08.03.2020,22:00,1342
08.03.2020,23:00,1344
09.03.2020,00:00,1344
09.03.2020,01:00,1345
09.03.2020,02:00,1348
09.03.2020,03:00,1347
09.03.2020,04:00,1346
09.03.2020,05:00,1346
09.03.2020,06:00,1345
09.03.2020,07:00,1346
09.03.2020,08:00,1349
09.03.2020,09:00,1347
09.03.2020,10:00,1344
09.03.2020,11:00,1347
09.03.2020,12:00,1348
09.03.2020,13:00,1348
09.03.2020,14:00,1347
09.03.2020,15:00,1348
09.03.2020,16:00,1348
09.03.2020,17:00,1348
09.03.2020,18:00,1348
09.03.2020,19:00,1350
09.03.2020,20:00,1352
09.03.2020,21:00,1350
09.03.2020,22:00,1349
09.03.2020,23:00,1345
10.03.2020,00:00,1344
10.03.2020,01:00,1348
10.03.2020,02:00,1348
10.03.2020,03:00,1348
10.03.2020,04:00,1226
10.03.2020,05:00,1209
10.03.2020,06:00,1335
10.03.2020,07:00,1344
10.03.2020,08:00,1344
10.03.2020,09:00,1343
10.03.2020,10:00,1340
10.03.2020,11:00,1338
10.03.2020,12:00,1338
10.03.2020,13:00,1336
10.03.2020,14:00,1335
10.03.2020,15:00,1335
10.03.2020,16:00,1335
10.03.2020,17:00,1334
10.03.2020,18:00,1333
10.03.2020,19:00,1333
10.03.2020,20:00,1332
10.03.2020,21:00,1331
10.03.2020,22:00,1301
10.03.2020,23:00,1016
11.03.2020,00:00,832
11.03.2020,01:00,831
11.03.2020,02:00,902
11.03.2020,03:00,1137
11.03.2020,04:00,1319
11.03.2020,05:00,1339
11.03.2020,06:00,1342
11.03.2020,07:00,1343
11.03.2020,08:00,1341
11.03.2020,09:00,1344
11.03.2020,10:00,1344
11.03.2020,11:00,1342
11.03.2020,12:00,1339
11.03.2020,13:00,1339
11.03.2020,14:00,1338
11.03.2020,15:00,1338
11.03.2020,16:00,1338
11.03.2020,17:00,1337
11.03.2020,18:00,1336
11.03.2020,19:00,1336
11.03.2020,20:00,1336
11.03.2020,21:00,1336
11.03.2020,22:00,1336
11.03.2020,23:00,1336
12.03.2020,00:00,1337
12.03.2020,01:00,1332
12.03.2020,02:00,1176
12.03.2020,03:00,838
12.03.2020,04:00,882
12.03.2020,05:00,1208
12.03.2020,06:00,1312
12.03.2020,07:00,1330
12.03.2020,08:00,1340
12.03.2020,09:00,1340
12.03.2020,10:00,1334
12.03.2020,11:00,1106
12.03.2020,12:00,1303
12.03.2020,13:00,1297
12.03.2020,14:00,1191
12.03.2020,15:00,1190
12.03.2020,16:00,1194
12.03.2020,17:00,1335
12.03.2020,18:00,1343
12.03.2020,19:00,1344
12.03.2020,20:00,1345
12.03.2020,21:00,1345
12.03.2020,22:00,1345
12.03.2020,23:00,1346
13.03.2020,00:00,1348
13.03.2020,01:00,1350
13.03.2020,02:00,1350
13.03.2020,03:00,1348
13.03.2020,04:00,1347
13.03.2020,05:00,1347
13.03.2020,06:00,1346
13.03.2020,07:00,1345
13.03.2020,08:00,1347
13.03.2020,09:00,1347
13.03.2020,10:00,1346
13.03.2020,11:00,1343
13.03.2020,12:00,1340
13.03.2020,13:00,1137
13.03.2020,14:00,1018
13.03.2020,15:00,962
13.03.2020,16:00,1190
13.03.2020,17:00,1328
13.03.2020,18:00,1344
13.03.2020,19:00,1345
13.03.2020,20:00,1347
13.03.2020,21:00,1348
13.03.2020,22:00,1351
13.03.2020,23:00,1349
14.03.2020,00:00,1349
14.03.2020,01:00,1350
14.03.2020,02:00,1350
14.03.2020,03:00,1352
14.03.2020,04:00,1354
14.03.2020,05:00,1356
14.03.2020,06:00,1358
14.03.2020,07:00,1355
14.03.2020,08:00,1357
14.03.2020,09:00,1354
14.03.2020,10:00,1351
14.03.2020,11:00,1349
14.03.2020,12:00,1349
14.03.2020,13:00,1347
14.03.2020,14:00,1349
14.03.2020,15:00,1349
14.03.2020,16:00,1348
14.03.2020,17:00,1348
14.03.2020,18:00,1348
14.03.2020,19:00,1346
14.03.2020,20:00,1347
14.03.2020,21:00,1346
14.03.2020,22:00,1344
14.03.2020,23:00,1346
15.03.2020,00:00,1347
15.03.2020,01:00,1345
15.03.2020,02:00,1345
15.03.2020,03:00,1344
15.03.2020,04:00,1343
15.03.2020,05:00,1325
15.03.2020,06:00,1249
15.03.2020,07:00,882
15.03.2020,08:00,833
15.03.2020,09:00,834
15.03.2020,10:00,835
15.03.2020,11:00,833
15.03.2020,12:00,836
15.03.2020,13:00,834
15.03.2020,14:00,836
15.03.2020,15:00,917
15.03.2020,16:00,1081
15.03.2020,17:00,1315
15.03.2020,18:00,1328
15.03.2020,19:00,1337
15.03.2020,20:00,1338
15.03.2020,21:00,1340
15.03.2020,22:00,1339
15.03.2020,23:00,1339
16.03.2020,00:00,1340
16.03.2020,01:00,1339
16.03.2020,02:00,1340
16.03.2020,03:00,1341
16.03.2020,04:00,1343
16.03.2020,05:00,1345
16.03.2020,06:00,1348
16.03.2020,07:00,1347
16.03.2020,08:00,1348
16.03.2020,09:00,1350
16.03.2020,10:00,1350
16.03.2020,11:00,1350
16.03.2020,12:00,1348
16.03.2020,13:00,1341
16.03.2020,14:00,1341
16.03.2020,15:00,1345
16.03.2020,16:00,1343
16.03.2020,17:00,1344
16.03.2020,18:00,1344
16.03.2020,19:00,1345
16.03.2020,20:00,1346
16.03.2020,21:00,1347
16.03.2020,22:00,1345
16.03.2020,23:00,1347
17.03.2020,00:00,1348
17.03.2020,01:00,1349
17.03.2020,02:00,1348
17.03.2020,03:00,1351
17.03.2020,04:00,1351
17.03.2020,05:00,1351
17.03.2020,06:00,1350
17.03.2020,07:00,1351
17.03.2020,08:00,1351
17.03.2020,09:00,1349
17.03.2020,10:00,1348
17.03.2020,11:00,1345
17.03.2020,12:00,1344
17.03.2020,13:00,1342
17.03.2020,14:00,1341
17.03.2020,15:00,1343
17.03.2020,16:00,1343
17.03.2020,17:00,1343
17.03.2020,18:00,1343
17.03.2020,19:00,1343
17.03.2020,20:00,1346
17.03.2020,21:00,1343
17.03.2020,22:00,1342
17.03.2020,23:00,1342
18.03.2020,00:00,1345
18.03.2020,01:00,1344
18.03.2020,02:00,1344
18.03.2020,03:00,1345
18.03.2020,04:00,1344
18.03.2020,05:00,1344
18.03.2020,06:00,1344
18.03.2020,07:00,1343
18.03.2020,08:00,1345
18.03.2020,09:00,1345
18.03.2020,10:00,1343
18.03.2020,11:00,1338
18.03.2020,12:00,1337
18.03.2020,13:00,1339
18.03.2020,14:00,1337
18.03.2020,15:00,1334
18.03.2020,16:00,1333
18.03.2020,17:00,1334
18.03.2020,18:00,1337
18.03.2020,19:00,1338
18.03.2020,20:00,1338
18.03.2020,21:00,1338
18.03.2020,22:00,1340
18.03.2020,23:00,1341
19.03.2020,00:00,1340
19.03.2020,01:00,1342
19.03.2020,02:00,1343
19.03.2020,03:00,1343
19.03.2020,04:00,1343
19.03.2020,05:00,1343
19.03.2020,06:00,1345
19.03.2020,07:00,1345
19.03.2020,08:00,1346
19.03.2020,09:00,1349
19.03.2020,10:00,1348
19.03.2020,11:00,1348
19.03.2020,12:00,1348
19.03.2020,13:00,1348
19.03.2020,14:00,1348
19.03.2020,15:00,1346
19.03.2020,16:00,1348
19.03.2020,17:00,1348
19.03.2020,18:00,1347
19.03.2020,19:00,1346
19.03.2020,20:00,1345
19.03.2020,21:00,1349
19.03.2020,22:00,1349
19.03.2020,23:00,1349
20.03.2020,00:00,1350
20.03.2020,01:00,1349
20.03.2020,02:00,1349
20.03.2020,03:00,1351
20.03.2020,04:00,1351
20.03.2020,05:00,1348
20.03.2020,06:00,1350
20.03.2020,07:00,1351
20.03.2020,08:00,1351
20.03.2020,09:00,1350
20.03.2020,10:00,1350
20.03.2020,11:00,1350
20.03.2020,12:00,1348
20.03.2020,13:00,1349
20.03.2020,14:00,1349
20.03.2020,15:00,1348
20.03.2020,16:00,1349
20.03.2020,17:00,1349
20.03.2020,18:00,1349
20.03.2020,19:00,1349
20.03.2020,20:00,1350
20.03.2020,21:00,1350
20.03.2020,22:00,1351
20.03.2020,23:00,1349
21.03.2020,00:00,1350
21.03.2020,01:00,1350
21.03.2020,02:00,1350
21.03.2020,03:00,1352
21.03.2020,04:00,1355
21.03.2020,05:00,1360
21.03.2020,06:00,1360
21.03.2020,07:00,1360
21.03.2020,08:00,1357
21.03.2020,09:00,1355
21.03.2020,10:00,1318
21.03.2020,11:00,1161
21.03.2020,12:00,1251
21.03.2020,13:00,1302
21.03.2020,14:00,1345
21.03.2020,15:00,1346
21.03.2020,16:00,1348
21.03.2020,17:00,1350
21.03.2020,18:00,1347
21.03.2020,19:00,1349
21.03.2020,20:00,1350
21.03.2020,21:00,1352
21.03.2020,22:00,1352
21.03.2020,23:00,1351
22.03.2020,00:00,1352
22.03.2020,01:00,1352
22.03.2020,02:00,1352
22.03.2020,03:00,1352
22.03.2020,04:00,1352
22.03.2020,05:00,1353
22.03.2020,06:00,1352
22.03.2020,07:00,1352
22.03.2020,08:00,1341
22.03.2020,09:00,1058
22.03.2020,10:00,838
22.03.2020,11:00,837
22.03.2020,12:00,837
22.03.2020,13:00,838
22.03.2020,14:00,837
22.03.2020,15:00,837
22.03.2020,16:00,891
22.03.2020,17:00,1148
22.03.2020,18:00,1343
22.03.2020,19:00,1349
22.03.2020,20:00,1348
22.03.2020,21:00,1349
22.03.2020,22:00,1349
22.03.2020,23:00,1349
23.03.2020,00:00,1349
23.03.2020,01:00,1351
23.03.2020,02:00,1356
23.03.2020,03:00,1359
23.03.2020,04:00,1360
23.03.2020,05:00,1356
23.03.2020,06:00,1357
23.03.2020,07:00,1357
23.03.2020,08:00,1355
23.03.2020,09:00,1305
23.03.2020,10:00,1041
23.03.2020,11:00,834
23.03.2020,12:00,833
23.03.2020,13:00,947
23.03.2020,14:00,1222
23.03.2020,15:00,1339
23.03.2020,16:00,1349
23.03.2020,17:00,1349
23.03.2020,18:00,1348
23.03.2020,19:00,1348
23.03.2020,20:00,1350
23.03.2020,21:00,1352
23.03.2020,22:00,1353
23.03.2020,23:00,1354
24.03.2020,00:00,1353
24.03.2020,01:00,1355
24.03.2020,02:00,1354
24.03.2020,03:00,1356
24.03.2020,04:00,1357
24.03.2020,05:00,1357
24.03.2020,06:00,1356
24.03.2020,07:00,1356
24.03.2020,08:00,1354
24.03.2020,09:00,1355
24.03.2020,10:00,1354
24.03.2020,11:00,1352
24.03.2020,12:00,1351
24.03.2020,13:00,1350
24.03.2020,14:00,1352
24.03.2020,15:00,1351
24.03.2020,16:00,1349
24.03.2020,17:00,1350
24.03.2020,18:00,1350
24.03.2020,19:00,1350
24.03.2020,20:00,1349
24.03.2020,21:00,1352
24.03.2020,22:00,1351
24.03.2020,23:00,1353
25.03.2020,00:00,1356
25.03.2020,01:00,1355
25.03.2020,02:00,1355
25.03.2020,03:00,1356
25.03.2020,04:00,1357
25.03.2020,05:00,1357
25.03.2020,06:00,1358
25.03.2020,07:00,1359
25.03.2020,08:00,1357
25.03.2020,09:00,1355
25.03.2020,10:00,1353
25.03.2020,11:00,1353
25.03.2020,12:00,1353
25.03.2020,13:00,1350
25.03.2020,14:00,1349
25.03.2020,15:00,1349
25.03.2020,16:00,1347
25.03.2020,17:00,1347
25.03.2020,18:00,1348
25.03.2020,19:00,1350
25.03.2020,20:00,1351
25.03.2020,21:00,1351
25.03.2020,22:00,1350
25.03.2020,23:00,1351
26.03.2020,00:00,1353
26.03.2020,01:00,1355
26.03.2020,02:00,1356
26.03.2020,03:00,1357
26.03.2020,04:00,1358
26.03.2020,05:00,1359
26.03.2020,06:00,1359
26.03.2020,07:00,1359
26.03.2020,08:00,1358
26.03.2020,09:00,1358
26.03.2020,10:00,1354
26.03.2020,11:00,1351
26.03.2020,12:00,1350
26.03.2020,13:00,1349
26.03.2020,14:00,1349
26.03.2020,15:00,1348
26.03.2020,16:00,1348
26.03.2020,17:00,1347
26.03.2020,18:00,1347
26.03.2020,19:00,1347
26.03.2020,20:00,1351
26.03.2020,21:00,1352
26.03.2020,22:00,1350
26.03.2020,23:00,1349
27.03.2020,00:00,1351
27.03.2020,01:00,1353
27.03.2020,02:00,1355
27.03.2020,03:00,1354
27.03.2020,04:00,1355
27.03.2020,05:00,1354
27.03.2020,06:00,1356
27.03.2020,07:00,1356
27.03.2020,08:00,1355
27.03.2020,09:00,1353
27.03.2020,10:00,1350
27.03.2020,11:00,1345
27.03.2020,12:00,1341
27.03.2020,13:00,1341
27.03.2020,14:00,1341
27.03.2020,15:00,1335
27.03.2020,16:00,1331
27.03.2020,17:00,1332
27.03.2020,18:00,1336
27.03.2020,19:00,1339
27.03.2020,20:00,1339
27.03.2020,21:00,1340
27.03.2020,22:00,1340
27.03.2020,23:00,1343
28.03.2020,00:00,1349
28.03.2020,01:00,1348
28.03.2020,02:00,1348
28.03.2020,03:00,1350
28.03.2020,04:00,1352
28.03.2020,05:00,1355
28.03.2020,06:00,1354
28.03.2020,07:00,1351
28.03.2020,08:00,1353
28.03.2020,09:00,1351
28.03.2020,10:00,1326
28.03.2020,11:00,1275
28.03.2020,12:00,1274
28.03.2020,13:00,1274
28.03.2020,14:00,1275
28.03.2020,15:00,1275
28.03.2020,16:00,1306
28.03.2020,17:00,1339
28.03.2020,18:00,1341
28.03.2020,19:00,1343
28.03.2020,20:00,1344
28.03.2020,21:00,1346
28.03.2020,22:00,1352
28.03.2020,23:00,1354
29.03.2020,00:00,1355
29.03.2020,01:00,1354
29.03.2020,03:00,1352
29.03.2020,04:00,1353
29.03.2020,05:00,1354
29.03.2020,06:00,1354
29.03.2020,07:00,1355
29.03.2020,08:00,1354
29.03.2020,09:00,1353
29.03.2020,10:00,1354
29.03.2020,11:00,1353
29.03.2020,12:00,1350
29.03.2020,13:00,1352
29.03.2020,14:00,1352
29.03.2020,15:00,1352
29.03.2020,16:00,1352
29.03.2020,17:00,1351
29.03.2020,18:00,1351
29.03.2020,19:00,1351
29.03.2020,20:00,1355
29.03.2020,21:00,1356
29.03.2020,22:00,1358
29.03.2020,23:00,1358
30.03.2020,00:00,1357
30.03.2020,01:00,1356
30.03.2020,02:00,1356
30.03.2020,03:00,1357
30.03.2020,04:00,1359
30.03.2020,05:00,1360
30.03.2020,06:00,1357
30.03.2020,07:00,1358
30.03.2020,08:00,1357
30.03.2020,09:00,1354
30.03.2020,10:00,1353
30.03.2020,11:00,1351
30.03.2020,12:00,1351
30.03.2020,13:00,1351
30.03.2020,14:00,1352
30.03.2020,15:00,1351
30.03.2020,16:00,1350
30.03.2020,17:00,1349
30.03.2020,18:00,1348
30.03.2020,19:00,1345
30.03.2020,20:00,1350
30.03.2020,21:00,1354
30.03.2020,22:00,1354
30.03.2020,23:00,1352
31.03.2020,00:00,1355
31.03.2020,01:00,1353
31.03.2020,02:00,1356
31.03.2020,03:00,1357
31.03.2020,04:00,1357
31.03.2020,05:00,1358
31.03.2020,06:00,1358
31.03.2020,07:00,1358
31.03.2020,08:00,1357
31.03.2020,09:00,1357
31.03.2020,10:00,1358
31.03.2020,11:00,1357
31.03.2020,12:00,1356
31.03.2020,13:00,1356
31.03.2020,14:00,1356
31.03.2020,15:00,1354
31.03.2020,16:00,1353
31.03.2020,17:00,1355
31.03.2020,18:00,1356
31.03.2020,19:00,1355
31.03.2020,20:00,1354
31.03.2020,21:00,1354
31.03.2020,22:00,1355
31.03.2020,23:00,1356
01.04.2020,00:00,1356
01.04.2020,01:00,1357
01.04.2020,02:00,1359
01.04.2020,03:00,1357
01.04.2020,04:00,1358
01.04.2020,05:00,1357
01.04.2020,06:00,1357
01.04.2020,07:00,1356
01.04.2020,08:00,1356
01.04.2020,09:00,1355
01.04.2020,10:00,1356
01.04.2020,11:00,1355
01.04.2020,12:00,1354
01.04.2020,13:00,1353
01.04.2020,14:00,1350
01.04.2020,15:00,1349
01.04.2020,16:00,1350
01.04.2020,17:00,1350
01.04.2020,18:00,1351
01.04.2020,19:00,1351
01.04.2020,20:00,1351
01.04.2020,21:00,1351
01.04.2020,22:00,1352
01.04.2020,23:00,1350
02.04.2020,00:00,1351
02.04.2020,01:00,1351
02.04.2020,02:00,1352
02.04.2020,03:00,1352
02.04.2020,04:00,1352
02.04.2020,05:00,1356
02.04.2020,06:00,1356
02.04.2020,07:00,1355
02.04.2020,08:00,1352
02.04.2020,09:00,1351
02.04.2020,10:00,1349
02.04.2020,11:00,1348
02.04.2020,12:00,1349
02.04.2020,13:00,1348
02.04.2020,14:00,1348
02.04.2020,15:00,1345
02.04.2020,16:00,1345
02.04.2020,17:00,1344
02.04.2020,18:00,1346
02.04.2020,19:00,1345
02.04.2020,20:00,1347
02.04.2020,21:00,1347
02.04.2020,22:00,1347
02.04.2020,23:00,1347
03.04.2020,00:00,1348
03.04.2020,01:00,1348
03.04.2020,02:00,1348
03.04.2020,03:00,1349
03.04.2020,04:00,1351
03.04.2020,05:00,1351
03.04.2020,06:00,1351
03.04.2020,07:00,1351
03.04.2020,08:00,1351
03.04.2020,09:00,1352
03.04.2020,10:00,1351
03.04.2020,11:00,1351
03.04.2020,12:00,1350
03.04.2020,13:00,1350
03.04.2020,14:00,1350
03.04.2020,15:00,1350
03.04.2020,16:00,1349
03.04.2020,17:00,1349
03.04.2020,18:00,1350
03.04.2020,19:00,1352
03.04.2020,20:00,1352
03.04.2020,21:00,1352
03.04.2020,22:00,1353
03.04.2020,23:00,1355
04.04.2020,00:00,1355
04.04.2020,01:00,1356
04.04.2020,02:00,1358
04.04.2020,03:00,1358
04.04.2020,04:00,1358
04.04.2020,05:00,1358
04.04.2020,06:00,1358
04.04.2020,07:00,1358
04.04.2020,08:00,1358
04.04.2020,09:00,1355
04.04.2020,10:00,1352
04.04.2020,11:00,1352
04.04.2020,12:00,1305
04.04.2020,13:00,1274
04.04.2020,14:00,1274
04.04.2020,15:00,1274
04.04.2020,16:00,1302
04.04.2020,17:00,1345
04.04.2020,18:00,1345
04.04.2020,19:00,1348
04.04.2020,20:00,1348
04.04.2020,21:00,1350
04.04.2020,22:00,1349
04.04.2020,23:00,1348
05.04.2020,00:00,1346
05.04.2020,01:00,1346
05.04.2020,02:00,1345
05.04.2020,03:00,1347
05.04.2020,04:00,1347
05.04.2020,05:00,1347
05.04.2020,06:00,1274
05.04.2020,07:00,1274
05.04.2020,08:00,1274
05.04.2020,09:00,1275
05.04.2020,10:00,1274
05.04.2020,11:00,1275
05.04.2020,12:00,1274
05.04.2020,13:00,1274
05.04.2020,14:00,1275
05.04.2020,15:00,1273
05.04.2020,16:00,1272
05.04.2020,17:00,1309
05.04.2020,18:00,1333
05.04.2020,19:00,1334
05.04.2020,20:00,1333
05.04.2020,21:00,1323
05.04.2020,22:00,1261
05.04.2020,23:00,1288
06.04.2020,00:00,1339
06.04.2020,01:00,1340
06.04.2020,02:00,1342
06.04.2020,03:00,1342
06.04.2020,04:00,1342
06.04.2020,05:00,1343
06.04.2020,06:00,1343
06.04.2020,07:00,1343
06.04.2020,08:00,1343
06.04.2020,09:00,1342
06.04.2020,10:00,1340
06.04.2020,11:00,1338
06.04.2020,12:00,1335
06.04.2020,13:00,1330
06.04.2020,14:00,1329
06.04.2020,15:00,1329
06.04.2020,16:00,1326
06.04.2020,17:00,1325
06.04.2020,18:00,1325
06.04.2020,19:00,1325
06.04.2020,20:00,1325
06.04.2020,21:00,1328
06.04.2020,22:00,1336
06.04.2020,23:00,1337
07.04.2020,00:00,1338
07.04.2020,01:00,1338
07.04.2020,02:00,1337
07.04.2020,03:00,1337
07.04.2020,04:00,1337
07.04.2020,05:00,1339
07.04.2020,06:00,1343
07.04.2020,07:00,1343
07.04.2020,08:00,1342
07.04.2020,09:00,1343
07.04.2020,10:00,1342
07.04.2020,11:00,1340
07.04.2020,12:00,1338
07.04.2020,13:00,1334
07.04.2020,14:00,1333
07.04.2020,15:00,1333
07.04.2020,16:00,1333
07.04.2020,17:00,1332
07.04.2020,18:00,1331
07.04.2020,19:00,1331
07.04.2020,20:00,1333
07.04.2020,21:00,1335
07.04.2020,22:00,1333
07.04.2020,23:00,1334
08.04.2020,00:00,1337
08.04.2020,01:00,1338
08.04.2020,02:00,1339
08.04.2020,03:00,1341
08.04.2020,04:00,1340
08.04.2020,05:00,1341
08.04.2020,06:00,1341
08.04.2020,07:00,1342
08.04.2020,08:00,1345
08.04.2020,09:00,1345
08.04.2020,10:00,1341
08.04.2020,11:00,1335
08.04.2020,12:00,1329
08.04.2020,13:00,1325
08.04.2020,14:00,1321
08.04.2020,15:00,1320
08.04.2020,16:00,1325
08.04.2020,17:00,1325
08.04.2020,18:00,1323
08.04.2020,19:00,1324
08.04.2020,20:00,1324
08.04.2020,21:00,1328
08.04.2020,22:00,1328
08.04.2020,23:00,1331
09.04.2020,00:00,1331
09.04.2020,01:00,1332
09.04.2020,02:00,1340
09.04.2020,03:00,1344
09.04.2020,04:00,1345
09.04.2020,05:00,1346
09.04.2020,06:00,1346
09.04.2020,07:00,1347
09.04.2020,08:00,1347
09.04.2020,09:00,1344
09.04.2020,10:00,1342
09.04.2020,11:00,1337
09.04.2020,12:00,1336
09.04.2020,13:00,1336
09.04.2020,14:00,1335
09.04.2020,15:00,1332
09.04.2020,16:00,1329
09.04.2020,17:00,1328
09.04.2020,18:00,1330
09.04.2020,19:00,1332
09.04.2020,20:00,1335
09.04.2020,21:00,1338
09.04.2020,22:00,1343
09.04.2020,23:00,1349
10.04.2020,00:00,1349
10.04.2020,01:00,1348
10.04.2020,02:00,1350
10.04.2020,03:00,1349
10.04.2020,04:00,1348
10.04.2020,05:00,1349
10.04.2020,06:00,1350
10.04.2020,07:00,1350
10.04.2020,08:00,1351
10.04.2020,09:00,1350
10.04.2020,10:00,1351
10.04.2020,11:00,1349
10.04.2020,12:00,1348
10.04.2020,13:00,1346
10.04.2020,14:00,1345
10.04.2020,15:00,1344
10.04.2020,16:00,1342
10.04.2020,17:00,1341
10.04.2020,18:00,1341
10.04.2020,19:00,1341
10.04.2020,20:00,1344
10.04.2020,21:00,1344
10.04.2020,22:00,1345
10.04.2020,23:00,1351
11.04.2020,00:00,1353
11.04.2020,01:00,1351
11.04.2020,02:00,1350
11.04.2020,03:00,1350
11.04.2020,04:00,1352
11.04.2020,05:00,1354
11.04.2020,06:00,1354
11.04.2020,07:00,1353
11.04.2020,08:00,1353
11.04.2020,09:00,1351
11.04.2020,10:00,1347
11.04.2020,11:00,1344
11.04.2020,12:00,1340
11.04.2020,13:00,1339
11.04.2020,14:00,1337
11.04.2020,15:00,1335
11.04.2020,16:00,1335
11.04.2020,17:00,1333
11.04.2020,18:00,1329
11.04.2020,19:00,1331
11.04.2020,20:00,1332
11.04.2020,21:00,1333
11.04.2020,22:00,1333
11.04.2020,23:00,1337
12.04.2020,00:00,1339
12.04.2020,01:00,1340
12.04.2020,02:00,1343
12.04.2020,03:00,1343
12.04.2020,04:00,1344
12.04.2020,05:00,1347
12.04.2020,06:00,1348
12.04.2020,07:00,1348
12.04.2020,08:00,1347
12.04.2020,09:00,1346
12.04.2020,10:00,1341
12.04.2020,11:00,1338
12.04.2020,12:00,1336
12.04.2020,13:00,1330
12.04.2020,14:00,1327
12.04.2020,15:00,1326
12.04.2020,16:00,1323
12.04.2020,17:00,1323
12.04.2020,18:00,1325
12.04.2020,19:00,1326
12.04.2020,20:00,1329
12.04.2020,21:00,1328
12.04.2020,22:00,1333
12.04.2020,23:00,1338
13.04.2020,00:00,1336
13.04.2020,01:00,1336
13.04.2020,02:00,1340
13.04.2020,03:00,1343
13.04.2020,04:00,1347
13.04.2020,05:00,1340
13.04.2020,06:00,1269
13.04.2020,07:00,1267
13.04.2020,08:00,1267
13.04.2020,09:00,1268
13.04.2020,10:00,1266
13.04.2020,11:00,1271
13.04.2020,12:00,1268
13.04.2020,13:00,1265
13.04.2020,14:00,1269
13.04.2020,15:00,1269
13.04.2020,16:00,1269
13.04.2020,17:00,1269
13.04.2020,18:00,1320
13.04.2020,19:00,1334
13.04.2020,20:00,1345
13.04.2020,21:00,1352
13.04.2020,22:00,1351
13.04.2020,23:00,1353
14.04.2020,00:00,1354
14.04.2020,01:00,1352
14.04.2020,02:00,1353
14.04.2020,03:00,1354
14.04.2020,04:00,1354
14.04.2020,05:00,1354
14.04.2020,06:00,1354
14.04.2020,07:00,1355
14.04.2020,08:00,1355
14.04.2020,09:00,1353
14.04.2020,10:00,1352
14.04.2020,11:00,1351
14.04.2020,12:00,1350
14.04.2020,13:00,1349
14.04.2020,14:00,1350
14.04.2020,15:00,1351
14.04.2020,16:00,1351
14.04.2020,17:00,1350
14.04.2020,18:00,1350
14.04.2020,19:00,1348
14.04.2020,20:00,1348
14.04.2020,21:00,1349
14.04.2020,22:00,1353
14.04.2020,23:00,1352
15.04.2020,00:00,1351
15.04.2020,01:00,1353
15.04.2020,02:00,1353
15.04.2020,03:00,1354
15.04.2020,04:00,1354
15.04.2020,05:00,1356
15.04.2020,06:00,1356
15.04.2020,07:00,1355
15.04.2020,08:00,1353
15.04.2020,09:00,1351
15.04.2020,10:00,1351
15.04.2020,11:00,1348
15.04.2020,12:00,1348
15.04.2020,13:00,1346
15.04.2020,14:00,1344
15.04.2020,15:00,1341
15.04.2020,16:00,1341
15.04.2020,17:00,1341
15.04.2020,18:00,1340
15.04.2020,19:00,1340
15.04.2020,20:00,1340
15.04.2020,21:00,1341
15.04.2020,22:00,1342
15.04.2020,23:00,1343
16.04.2020,00:00,1345
16.04.2020,01:00,1347
16.04.2020,02:00,1347
16.04.2020,03:00,1345
16.04.2020,04:00,1348
16.04.2020,05:00,1348
16.04.2020,06:00,1348
16.04.2020,07:00,1348
16.04.2020,08:00,1345
16.04.2020,09:00,1344
16.04.2020,10:00,1342
16.04.2020,11:00,1339
16.04.2020,12:00,1340
16.04.2020,13:00,1340
16.04.2020,14:00,1339
16.04.2020,15:00,1337
16.04.2020,16:00,1332
16.04.2020,17:00,1330
16.04.2020,18:00,1331
16.04.2020,19:00,1331
16.04.2020,20:00,1331
16.04.2020,21:00,1334
16.04.2020,22:00,1340
16.04.2020,23:00,1344
17.04.2020,00:00,1347
17.04.2020,01:00,1348
17.04.2020,02:00,1349
17.04.2020,03:00,1351
17.04.2020,04:00,1352
17.04.2020,05:00,1352
17.04.2020,06:00,1352
17.04.2020,07:00,1352
17.04.2020,08:00,1351
17.04.2020,09:00,1351
17.04.2020,10:00,1350
17.04.2020,11:00,1348
17.04.2020,12:00,1349
17.04.2020,13:00,1346
17.04.2020,14:00,1345
17.04.2020,15:00,1344
17.04.2020,16:00,1343
17.04.2020,17:00,1338
17.04.2020,18:00,1335
17.04.2020,19:00,1335
17.04.2020,20:00,1337
17.04.2020,21:00,1344
17.04.2020,22:00,1342
17.04.2020,23:00,1343
18.04.2020,00:00,1347
18.04.2020,01:00,1347
18.04.2020,02:00,1348
18.04.2020,03:00,1346
18.04.2020,04:00,1349
18.04.2020,05:00,1349
18.04.2020,06:00,1350
18.04.2020,07:00,1352
18.04.2020,08:00,1351
18.04.2020,09:00,1347
18.04.2020,10:00,1349
18.04.2020,11:00,1343
18.04.2020,12:00,1335
18.04.2020,13:00,1332
18.04.2020,14:00,1330
18.04.2020,15:00,1327
18.04.2020,16:00,1327
18.04.2020,17:00,1327
18.04.2020,18:00,1330
18.04.2020,19:00,1330
18.04.2020,20:00,1331
18.04.2020,21:00,1332
18.04.2020,22:00,1334
18.04.2020,23:00,1336
19.04.2020,00:00,1339
19.04.2020,01:00,1341
19.04.2020,02:00,1343
19.04.2020,03:00,1344
19.04.2020,04:00,1345
19.04.2020,05:00,1347
19.04.2020,06:00,1348
19.04.2020,07:00,1334
19.04.2020,08:00,1274
19.04.2020,09:00,1278
19.04.2020,10:00,1318
19.04.2020,11:00,1329
19.04.2020,12:00,1336
19.04.2020,13:00,1328
19.04.2020,14:00,1263
19.04.2020,15:00,1263
19.04.2020,16:00,1267
19.04.2020,17:00,1329
19.04.2020,18:00,1334
19.04.2020,19:00,1336
19.04.2020,20:00,1338
19.04.2020,21:00,1341
19.04.2020,22:00,1341
19.04.2020,23:00,1343
20.04.2020,00:00,1344
20.04.2020,01:00,1346
20.04.2020,02:00,1346
20.04.2020,03:00,1346
20.04.2020,04:00,1346
20.04.2020,05:00,1348
20.04.2020,06:00,1348
20.04.2020,07:00,1348
20.04.2020,08:00,1348
20.04.2020,09:00,1345
20.04.2020,10:00,1315
20.04.2020,11:00,1274
20.04.2020,12:00,1275
20.04.2020,13:00,1275
20.04.2020,14:00,1275
20.04.2020,15:00,1274
20.04.2020,16:00,1275
20.04.2020,17:00,1275
20.04.2020,18:00,1280
20.04.2020,19:00,1324
20.04.2020,20:00,1329
20.04.2020,21:00,1331
20.04.2020,22:00,1330
20.04.2020,23:00,1299
21.04.2020,00:00,1256
21.04.2020,01:00,1257
21.04.2020,02:00,1257
21.04.2020,03:00,1257
21.04.2020,04:00,1257
21.04.2020,05:00,1256
21.04.2020,06:00,1257
21.04.2020,07:00,1256
21.04.2020,08:00,1255
21.04.2020,09:00,1255
21.04.2020,10:00,1255
21.04.2020,11:00,1255
21.04.2020,12:00,1255
21.04.2020,13:00,1256
21.04.2020,14:00,1256
21.04.2020,15:00,1257
21.04.2020,16:00,1277
21.04.2020,17:00,1321
21.04.2020,18:00,1322
21.04.2020,19:00,1323
21.04.2020,20:00,1323
21.04.2020,21:00,1324
21.04.2020,22:00,1326
21.04.2020,23:00,1327
22.04.2020,00:00,1327
22.04.2020,01:00,1328
22.04.2020,02:00,1329
22.04.2020,03:00,1314
22.04.2020,04:00,1313
22.04.2020,05:00,1312
22.04.2020,06:00,1311
22.04.2020,07:00,1314
22.04.2020,08:00,1313
22.04.2020,09:00,1309
22.04.2020,10:00,1312
22.04.2020,11:00,1310
22.04.2020,12:00,1308
22.04.2020,13:00,1309
22.04.2020,14:00,1306
22.04.2020,15:00,1305
22.04.2020,16:00,1305
22.04.2020,17:00,1304
22.04.2020,18:00,1306
22.04.2020,19:00,1307
22.04.2020,20:00,1306
22.04.2020,21:00,1307
22.04.2020,22:00,1306
22.04.2020,23:00,1306
23.04.2020,00:00,1315
23.04.2020,01:00,1317
23.04.2020,02:00,1318
23.04.2020,03:00,1319
23.04.2020,04:00,1321
23.04.2020,05:00,1322
23.04.2020,06:00,1325
23.04.2020,07:00,1325
23.04.2020,08:00,1323
23.04.2020,09:00,1322
23.04.2020,10:00,1323
23.04.2020,11:00,1319
23.04.2020,12:00,1317
23.04.2020,13:00,1315
23.04.2020,14:00,1314
23.04.2020,15:00,1313
23.04.2020,16:00,1311
23.04.2020,17:00,1311
23.04.2020,18:00,1310
23.04.2020,19:00,1311
23.04.2020,20:00,1312
23.04.2020,21:00,1314
23.04.2020,22:00,1316
23.04.2020,23:00,1316
24.04.2020,00:00,1317
24.04.2020,01:00,1317
24.04.2020,02:00,1318
24.04.2020,03:00,1320
24.04.2020,04:00,1321
24.04.2020,05:00,1323
24.04.2020,06:00,1323
24.04.2020,07:00,1323
24.04.2020,08:00,1320
24.04.2020,09:00,1319
24.04.2020,10:00,1313
24.04.2020,11:00,1312
24.04.2020,12:00,1312
24.04.2020,13:00,1311
24.04.2020,14:00,1310
24.04.2020,15:00,1310
24.04.2020,16:00,1309
24.04.2020,17:00,1309
24.04.2020,18:00,1310
24.04.2020,19:00,1311
24.04.2020,20:00,1314
24.04.2020,21:00,1315
24.04.2020,22:00,1315
24.04.2020,23:00,1315
25.04.2020,00:00,1319
25.04.2020,01:00,1321
25.04.2020,02:00,1321
25.04.2020,03:00,1322
25.04.2020,04:00,1323
25.04.2020,05:00,1323
25.04.2020,06:00,1323
25.04.2020,07:00,1322
25.04.2020,08:00,1320
25.04.2020,09:00,1292
25.04.2020,10:00,1247
25.04.2020,11:00,1246
25.04.2020,12:00,1244
25.04.2020,13:00,1244
25.04.2020,14:00,1245
25.04.2020,15:00,1245
25.04.2020,16:00,1245
25.04.2020,17:00,1246
25.04.2020,18:00,1270
25.04.2020,19:00,1310
25.04.2020,20:00,1312
25.04.2020,21:00,1319
25.04.2020,22:00,1322
25.04.2020,23:00,1323
26.04.2020,00:00,1325
26.04.2020,01:00,1326
26.04.2020,02:00,1326
26.04.2020,03:00,1326
26.04.2020,04:00,1327
26.04.2020,05:00,1327
26.04.2020,06:00,1326
26.04.2020,07:00,1326
26.04.2020,08:00,1324
26.04.2020,09:00,1322
26.04.2020,10:00,1321
26.04.2020,11:00,1319
26.04.2020,12:00,1316
26.04.2020,13:00,1304
26.04.2020,14:00,1241
26.04.2020,15:00,1242
26.04.2020,16:00,1242
26.04.2020,17:00,1242
26.04.2020,18:00,1251
26.04.2020,19:00,1305
26.04.2020,20:00,1310
26.04.2020,21:00,1312
26.04.2020,22:00,1314
26.04.2020,23:00,1317
27.04.2020,00:00,1318
27.04.2020,01:00,1318
27.04.2020,02:00,1318
27.04.2020,03:00,1318
27.04.2020,04:00,1318
27.04.2020,05:00,1317
27.04.2020,06:00,1316
27.04.2020,07:00,1316
27.04.2020,08:00,1314
27.04.2020,09:00,1310
27.04.2020,10:00,1307
27.04.2020,11:00,1303
27.04.2020,12:00,1302
27.04.2020,13:00,1300
27.04.2020,14:00,1297
27.04.2020,15:00,1296
27.04.2020,16:00,1295
27.04.2020,17:00,1293
27.04.2020,18:00,1293
27.04.2020,19:00,1294
27.04.2020,20:00,1296
27.04.2020,21:00,1299
27.04.2020,22:00,1300
27.04.2020,23:00,1300
28.04.2020,00:00,1302
28.04.2020,01:00,1303
28.04.2020,02:00,1304
28.04.2020,03:00,1304
28.04.2020,04:00,1305
28.04.2020,05:00,1305
28.04.2020,06:00,1304
28.04.2020,07:00,1303
28.04.2020,08:00,1302
28.04.2020,09:00,1300
28.04.2020,10:00,1298
28.04.2020,11:00,1297
28.04.2020,12:00,1297
28.04.2020,13:00,1294
28.04.2020,14:00,1293
28.04.2020,15:00,1292
28.04.2020,16:00,1292
28.04.2020,17:00,1292
28.04.2020,18:00,1295
28.04.2020,19:00,1295
28.04.2020,20:00,1296
28.04.2020,21:00,1298
28.04.2020,22:00,1298
28.04.2020,23:00,1299
29.04.2020,00:00,1300
29.04.2020,01:00,1300
29.04.2020,02:00,1300
29.04.2020,03:00,1301
29.04.2020,04:00,1300
29.04.2020,05:00,1299
29.04.2020,06:00,1297
29.04.2020,07:00,1295
29.04.2020,08:00,1293
29.04.2020,09:00,1292
29.04.2020,10:00,1291
29.04.2020,11:00,1291
29.04.2020,12:00,1289
29.04.2020,13:00,1289
29.04.2020,14:00,1287
29.04.2020,15:00,1286
29.04.2020,16:00,1285
29.04.2020,17:00,1286
29.04.2020,18:00,1288
29.04.2020,19:00,1288
29.04.2020,20:00,1288
29.04.2020,21:00,1288
29.04.2020,22:00,1287
29.04.2020,23:00,1285
30.04.2020,00:00,1270
30.04.2020,01:00,1269
30.04.2020,02:00,1268
30.04.2020,03:00,1225
30.04.2020,04:00,1212
30.04.2020,05:00,1243
30.04.2020,06:00,1269
30.04.2020,07:00,1270
30.04.2020,08:00,1269
30.04.2020,09:00,1270
30.04.2020,10:00,1270
30.04.2020,11:00,1269
30.04.2020,12:00,1270
30.04.2020,13:00,1271
30.04.2020,14:00,1270
30.04.2020,15:00,1270
30.04.2020,16:00,1269
30.04.2020,17:00,1269
30.04.2020,18:00,1269
30.04.2020,19:00,1270
30.04.2020,20:00,1271
30.04.2020,21:00,1272
30.04.2020,22:00,1271
30.04.2020,23:00,1271
