Datum,Uhrzeit,Generation_DE Klingenberg[MW]
01.01.2020,00:00,138
01.01.2020,01:00,138
01.01.2020,02:00,138
01.01.2020,03:00,138
01.01.2020,04:00,138
01.01.2020,05:00,138
01.01.2020,06:00,137
01.01.2020,07:00,137
01.01.2020,08:00,137
01.01.2020,09:00,137
01.01.2020,10:00,137
01.01.2020,11:00,138
01.01.2020,12:00,138
01.01.2020,13:00,138
01.01.2020,14:00,138
01.01.2020,15:00,137
01.01.2020,16:00,137
01.01.2020,17:00,137
01.01.2020,18:00,137
01.01.2020,19:00,137
01.01.2020,20:00,137
01.01.2020,21:00,138
01.01.2020,22:00,137
01.01.2020,23:00,137
02.01.2020,00:00,138
02.01.2020,01:00,139
02.01.2020,02:00,139
02.01.2020,03:00,138
02.01.2020,04:00,138
02.01.2020,05:00,141
02.01.2020,06:00,141
02.01.2020,07:00,141
02.01.2020,08:00,141
02.01.2020,09:00,141
02.01.2020,10:00,141
02.01.2020,11:00,141
02.01.2020,12:00,142
02.01.2020,13:00,135
02.01.2020,14:00,123
02.01.2020,15:00,122
02.01.2020,16:00,124
02.01.2020,17:00,141
02.01.2020,18:00,141
02.01.2020,19:00,141
02.01.2020,20:00,142
02.01.2020,21:00,142
02.01.2020,22:00,142
02.01.2020,23:00,142
03.01.2020,00:00,140
03.01.2020,01:00,135
03.01.2020,02:00,134
03.01.2020,03:00,104
03.01.2020,04:00,104
03.01.2020,05:00,104
03.01.2020,06:00,114
03.01.2020,07:00,133
03.01.2020,08:00,134
03.01.2020,09:00,133
03.01.2020,10:00,133
03.01.2020,11:00,121
03.01.2020,12:00,105
03.01.2020,13:00,109
03.01.2020,14:00,124
03.01.2020,15:00,132
03.01.2020,16:00,132
03.01.2020,17:00,132
03.01.2020,18:00,135
03.01.2020,19:00,114
03.01.2020,20:00,109
03.01.2020,21:00,109
03.01.2020,22:00,110
03.01.2020,23:00,108
04.01.2020,00:00,86
04.01.2020,01:00,87
04.01.2020,02:00,104
04.01.2020,03:00,104
04.01.2020,04:00,104
04.01.2020,05:00,105
04.01.2020,06:00,129
04.01.2020,07:00,133
04.01.2020,08:00,133
04.01.2020,09:00,131
04.01.2020,10:00,114
04.01.2020,11:00,115
04.01.2020,12:00,127
04.01.2020,13:00,133
04.01.2020,14:00,133
04.01.2020,15:00,133
04.01.2020,16:00,133
04.01.2020,17:00,133
04.01.2020,18:00,133
04.01.2020,19:00,133
04.01.2020,20:00,133
04.01.2020,21:00,133
04.01.2020,22:00,133
04.01.2020,23:00,132
05.01.2020,00:00,132
05.01.2020,01:00,133
05.01.2020,02:00,132
05.01.2020,03:00,133
05.01.2020,04:00,133
05.01.2020,05:00,133
05.01.2020,06:00,134
05.01.2020,07:00,135
05.01.2020,08:00,135
05.01.2020,09:00,134
05.01.2020,10:00,134
05.01.2020,11:00,133
05.01.2020,12:00,133
05.01.2020,13:00,133
05.01.2020,14:00,132
05.01.2020,15:00,132
05.01.2020,16:00,132
05.01.2020,17:00,132
05.01.2020,18:00,132
05.01.2020,19:00,132
05.01.2020,20:00,132
05.01.2020,21:00,132
05.01.2020,22:00,132
05.01.2020,23:00,132
06.01.2020,00:00,132
06.01.2020,01:00,133
06.01.2020,02:00,132
06.01.2020,03:00,133
06.01.2020,04:00,133
06.01.2020,05:00,132
06.01.2020,06:00,132
06.01.2020,07:00,132
06.01.2020,08:00,132
06.01.2020,09:00,132
06.01.2020,10:00,132
06.01.2020,11:00,132
06.01.2020,12:00,132
06.01.2020,13:00,133
06.01.2020,14:00,133
06.01.2020,15:00,133
06.01.2020,16:00,133
06.01.2020,17:00,133
06.01.2020,18:00,133
06.01.2020,19:00,133
06.01.2020,20:00,133
06.01.2020,21:00,130
06.01.2020,22:00,106
06.01.2020,23:00,106
07.01.2020,00:00,106
07.01.2020,01:00,106
07.01.2020,02:00,106
07.01.2020,03:00,105
07.01.2020,04:00,128
07.01.2020,05:00,133
07.01.2020,06:00,133
07.01.2020,07:00,133
07.01.2020,08:00,133
07.01.2020,09:00,133
07.01.2020,10:00,133
07.01.2020,11:00,133
07.01.2020,12:00,133
07.01.2020,13:00,133
07.01.2020,14:00,133
07.01.2020,15:00,133
07.01.2020,16:00,134
07.01.2020,17:00,137
07.01.2020,18:00,137
07.01.2020,19:00,136
07.01.2020,20:00,138
07.01.2020,21:00,138
07.01.2020,22:00,138
07.01.2020,23:00,137
08.01.2020,00:00,115
08.01.2020,01:00,114
08.01.2020,02:00,114
08.01.2020,03:00,114
08.01.2020,04:00,114
08.01.2020,05:00,132
08.01.2020,06:00,133
08.01.2020,07:00,133
08.01.2020,08:00,133
08.01.2020,09:00,133
08.01.2020,10:00,133
08.01.2020,11:00,133
08.01.2020,12:00,133
08.01.2020,13:00,133
08.01.2020,14:00,133
08.01.2020,15:00,133
08.01.2020,16:00,133
08.01.2020,17:00,133
08.01.2020,18:00,133
08.01.2020,19:00,133
08.01.2020,20:00,133
08.01.2020,21:00,133
08.01.2020,22:00,133
08.01.2020,23:00,133
09.01.2020,00:00,133
09.01.2020,01:00,133
09.01.2020,02:00,133
09.01.2020,03:00,133
09.01.2020,04:00,133
09.01.2020,05:00,133
09.01.2020,06:00,133
09.01.2020,07:00,133
09.01.2020,08:00,133
09.01.2020,09:00,133
09.01.2020,10:00,133
09.01.2020,11:00,133
09.01.2020,12:00,133
09.01.2020,13:00,133
09.01.2020,14:00,130
09.01.2020,15:00,105
09.01.2020,16:00,106
09.01.2020,17:00,105
09.01.2020,18:00,105
09.01.2020,19:00,105
09.01.2020,20:00,105
09.01.2020,21:00,105
09.01.2020,22:00,106
09.01.2020,23:00,92
10.01.2020,00:00,76
10.01.2020,01:00,67
10.01.2020,02:00,67
10.01.2020,03:00,67
10.01.2020,04:00,69
10.01.2020,05:00,88
10.01.2020,06:00,91
10.01.2020,07:00,104
10.01.2020,08:00,115
10.01.2020,09:00,123
10.01.2020,10:00,123
10.01.2020,11:00,117
10.01.2020,12:00,100
10.01.2020,13:00,92
10.01.2020,14:00,80
10.01.2020,15:00,63
10.01.2020,16:00,64
10.01.2020,17:00,98
10.01.2020,18:00,104
10.01.2020,19:00,119
10.01.2020,20:00,112
10.01.2020,21:00,109
10.01.2020,22:00,90
10.01.2020,23:00,90
11.01.2020,00:00,91
11.01.2020,01:00,82
11.01.2020,02:00,84
11.01.2020,03:00,86
11.01.2020,04:00,98
11.01.2020,05:00,114
11.01.2020,06:00,127
11.01.2020,07:00,128
11.01.2020,08:00,128
11.01.2020,09:00,127
11.01.2020,10:00,127
11.01.2020,11:00,127
11.01.2020,12:00,127
11.01.2020,13:00,127
11.01.2020,14:00,127
11.01.2020,15:00,128
11.01.2020,16:00,128
11.01.2020,17:00,129
11.01.2020,18:00,128
11.01.2020,19:00,128
11.01.2020,20:00,128
11.01.2020,21:00,128
11.01.2020,22:00,129
11.01.2020,23:00,137
12.01.2020,00:00,137
12.01.2020,01:00,137
12.01.2020,02:00,137
12.01.2020,03:00,137
12.01.2020,04:00,137
12.01.2020,05:00,137
12.01.2020,06:00,137
12.01.2020,07:00,137
12.01.2020,08:00,137
12.01.2020,09:00,137
12.01.2020,10:00,137
12.01.2020,11:00,137
12.01.2020,12:00,137
12.01.2020,13:00,137
12.01.2020,14:00,136
12.01.2020,15:00,136
12.01.2020,16:00,136
12.01.2020,17:00,135
12.01.2020,18:00,135
12.01.2020,19:00,136
12.01.2020,20:00,136
12.01.2020,21:00,136
12.01.2020,22:00,136
12.01.2020,23:00,137
13.01.2020,00:00,138
13.01.2020,01:00,137
13.01.2020,02:00,136
13.01.2020,03:00,136
13.01.2020,04:00,137
13.01.2020,05:00,137
13.01.2020,06:00,137
13.01.2020,07:00,137
13.01.2020,08:00,137
13.01.2020,09:00,137
13.01.2020,10:00,137
13.01.2020,11:00,137
13.01.2020,12:00,137
13.01.2020,13:00,137
13.01.2020,14:00,138
13.01.2020,15:00,138
13.01.2020,16:00,138
13.01.2020,17:00,138
13.01.2020,18:00,138
13.01.2020,19:00,138
13.01.2020,20:00,138
13.01.2020,21:00,138
13.01.2020,22:00,138
13.01.2020,23:00,138
14.01.2020,00:00,138
14.01.2020,01:00,138
14.01.2020,02:00,138
14.01.2020,03:00,138
14.01.2020,04:00,138
14.01.2020,05:00,138
14.01.2020,06:00,138
14.01.2020,07:00,138
14.01.2020,08:00,138
14.01.2020,09:00,138
14.01.2020,10:00,138
14.01.2020,11:00,132
14.01.2020,12:00,115
14.01.2020,13:00,115
14.01.2020,14:00,115
14.01.2020,15:00,115
14.01.2020,16:00,115
14.01.2020,17:00,113
14.01.2020,18:00,113
14.01.2020,19:00,113
14.01.2020,20:00,113
14.01.2020,21:00,114
14.01.2020,22:00,100
14.01.2020,23:00,90
15.01.2020,00:00,87
15.01.2020,01:00,86
15.01.2020,02:00,86
15.01.2020,03:00,87
15.01.2020,04:00,95
15.01.2020,05:00,103
15.01.2020,06:00,119
15.01.2020,07:00,111
15.01.2020,08:00,95
15.01.2020,09:00,95
15.01.2020,10:00,95
15.01.2020,11:00,95
15.01.2020,12:00,94
15.01.2020,13:00,90
15.01.2020,14:00,90
15.01.2020,15:00,91
15.01.2020,16:00,91
15.01.2020,17:00,101
15.01.2020,18:00,123
15.01.2020,19:00,123
15.01.2020,20:00,123
15.01.2020,21:00,123
15.01.2020,22:00,119
15.01.2020,23:00,104
16.01.2020,00:00,93
16.01.2020,01:00,87
16.01.2020,02:00,86
16.01.2020,03:00,86
16.01.2020,04:00,87
16.01.2020,05:00,97
16.01.2020,06:00,108
16.01.2020,07:00,108
16.01.2020,08:00,108
16.01.2020,09:00,108
16.01.2020,10:00,109
16.01.2020,11:00,92
16.01.2020,12:00,91
16.01.2020,13:00,89
16.01.2020,14:00,81
16.01.2020,15:00,81
16.01.2020,16:00,88
16.01.2020,17:00,118
16.01.2020,18:00,136
16.01.2020,19:00,137
16.01.2020,20:00,137
16.01.2020,21:00,129
16.01.2020,22:00,127
16.01.2020,23:00,123
17.01.2020,00:00,111
17.01.2020,01:00,110
17.01.2020,02:00,110
17.01.2020,03:00,110
17.01.2020,04:00,110
17.01.2020,05:00,110
17.01.2020,06:00,110
17.01.2020,07:00,109
17.01.2020,08:00,109
17.01.2020,09:00,109
17.01.2020,10:00,110
17.01.2020,11:00,115
17.01.2020,12:00,113
17.01.2020,13:00,105
17.01.2020,14:00,100
17.01.2020,15:00,82
17.01.2020,16:00,89
17.01.2020,17:00,109
17.01.2020,18:00,111
17.01.2020,19:00,120
17.01.2020,20:00,126
17.01.2020,21:00,127
17.01.2020,22:00,121
17.01.2020,23:00,117
18.01.2020,00:00,103
18.01.2020,01:00,100
18.01.2020,02:00,93
18.01.2020,03:00,91
18.01.2020,04:00,90
18.01.2020,05:00,105
18.01.2020,06:00,109
18.01.2020,07:00,109
18.01.2020,08:00,108
18.01.2020,09:00,109
18.01.2020,10:00,110
18.01.2020,11:00,123
18.01.2020,12:00,122
18.01.2020,13:00,105
18.01.2020,14:00,83
18.01.2020,15:00,102
18.01.2020,16:00,123
18.01.2020,17:00,134
18.01.2020,18:00,138
18.01.2020,19:00,137
18.01.2020,20:00,122
18.01.2020,21:00,123
18.01.2020,22:00,123
18.01.2020,23:00,123
19.01.2020,00:00,106
19.01.2020,01:00,100
19.01.2020,02:00,100
19.01.2020,03:00,101
19.01.2020,04:00,100
19.01.2020,05:00,100
19.01.2020,06:00,100
19.01.2020,07:00,108
19.01.2020,08:00,118
19.01.2020,09:00,131
19.01.2020,10:00,132
19.01.2020,11:00,132
19.01.2020,12:00,133
19.01.2020,13:00,132
19.01.2020,14:00,132
19.01.2020,15:00,132
19.01.2020,16:00,132
19.01.2020,17:00,132
19.01.2020,18:00,132
19.01.2020,19:00,132
19.01.2020,20:00,132
19.01.2020,21:00,115
19.01.2020,22:00,114
19.01.2020,23:00,107
20.01.2020,00:00,105
20.01.2020,01:00,105
20.01.2020,02:00,105
20.01.2020,03:00,105
20.01.2020,04:00,106
20.01.2020,05:00,132
20.01.2020,06:00,132
20.01.2020,07:00,132
20.01.2020,08:00,132
20.01.2020,09:00,132
20.01.2020,10:00,132
20.01.2020,11:00,132
20.01.2020,12:00,132
20.01.2020,13:00,132
20.01.2020,14:00,132
20.01.2020,15:00,132
20.01.2020,16:00,132
20.01.2020,17:00,132
20.01.2020,18:00,132
20.01.2020,19:00,132
20.01.2020,20:00,132
20.01.2020,21:00,132
20.01.2020,22:00,132
20.01.2020,23:00,133
21.01.2020,00:00,133
21.01.2020,01:00,125
21.01.2020,02:00,133
21.01.2020,03:00,130
21.01.2020,04:00,132
21.01.2020,05:00,132
21.01.2020,06:00,132
21.01.2020,07:00,132
21.01.2020,08:00,132
21.01.2020,09:00,132
21.01.2020,10:00,132
21.01.2020,11:00,132
21.01.2020,12:00,132
21.01.2020,13:00,132
21.01.2020,14:00,126
21.01.2020,15:00,114
21.01.2020,16:00,131
21.01.2020,17:00,132
21.01.2020,18:00,132
21.01.2020,19:00,132
21.01.2020,20:00,132
21.01.2020,21:00,132
21.01.2020,22:00,130
21.01.2020,23:00,116
22.01.2020,00:00,114
22.01.2020,01:00,114
22.01.2020,02:00,114
22.01.2020,03:00,115
22.01.2020,04:00,114
22.01.2020,05:00,126
22.01.2020,06:00,128
22.01.2020,07:00,128
22.01.2020,08:00,128
22.01.2020,09:00,128
22.01.2020,10:00,128
22.01.2020,11:00,129
22.01.2020,12:00,128
22.01.2020,13:00,129
22.01.2020,14:00,129
22.01.2020,15:00,128
22.01.2020,16:00,127
22.01.2020,17:00,127
22.01.2020,18:00,127
22.01.2020,19:00,127
22.01.2020,20:00,127
22.01.2020,21:00,127
22.01.2020,22:00,121
22.01.2020,23:00,118
23.01.2020,00:00,119
23.01.2020,01:00,119
23.01.2020,02:00,117
23.01.2020,03:00,118
23.01.2020,04:00,119
23.01.2020,05:00,127
23.01.2020,06:00,127
23.01.2020,07:00,127
23.01.2020,08:00,127
23.01.2020,09:00,127
23.01.2020,10:00,127
23.01.2020,11:00,127
23.01.2020,12:00,127
23.01.2020,13:00,112
23.01.2020,14:00,105
23.01.2020,15:00,105
23.01.2020,16:00,122
23.01.2020,17:00,132
23.01.2020,18:00,132
23.01.2020,19:00,132
23.01.2020,20:00,132
23.01.2020,21:00,132
23.01.2020,22:00,132
23.01.2020,23:00,133
24.01.2020,00:00,132
24.01.2020,01:00,132
24.01.2020,02:00,133
24.01.2020,03:00,133
24.01.2020,04:00,133
24.01.2020,05:00,133
24.01.2020,06:00,133
24.01.2020,07:00,133
24.01.2020,08:00,133
24.01.2020,09:00,132
24.01.2020,10:00,132
24.01.2020,11:00,132
24.01.2020,12:00,131
24.01.2020,13:00,132
24.01.2020,14:00,131
24.01.2020,15:00,131
24.01.2020,16:00,131
24.01.2020,17:00,131
24.01.2020,18:00,131
24.01.2020,19:00,131
24.01.2020,20:00,135
24.01.2020,21:00,138
24.01.2020,22:00,136
24.01.2020,23:00,137
25.01.2020,00:00,133
25.01.2020,01:00,127
25.01.2020,02:00,125
25.01.2020,03:00,118
25.01.2020,04:00,118
25.01.2020,05:00,118
25.01.2020,06:00,118
25.01.2020,07:00,130
25.01.2020,08:00,136
25.01.2020,09:00,137
25.01.2020,10:00,136
25.01.2020,11:00,136
25.01.2020,12:00,136
25.01.2020,13:00,136
25.01.2020,14:00,136
25.01.2020,15:00,136
25.01.2020,16:00,135
25.01.2020,17:00,135
25.01.2020,18:00,136
25.01.2020,19:00,135
25.01.2020,20:00,135
25.01.2020,21:00,135
25.01.2020,22:00,136
25.01.2020,23:00,135
26.01.2020,00:00,134
26.01.2020,01:00,134
26.01.2020,02:00,133
26.01.2020,03:00,140
26.01.2020,04:00,142
26.01.2020,05:00,144
26.01.2020,06:00,151
26.01.2020,07:00,151
26.01.2020,08:00,152
26.01.2020,09:00,153
26.01.2020,10:00,153
26.01.2020,11:00,153
26.01.2020,12:00,153
26.01.2020,13:00,153
26.01.2020,14:00,153
26.01.2020,15:00,153
26.01.2020,16:00,153
26.01.2020,17:00,153
26.01.2020,18:00,153
26.01.2020,19:00,153
26.01.2020,20:00,153
26.01.2020,21:00,153
26.01.2020,22:00,152
26.01.2020,23:00,150
27.01.2020,00:00,132
27.01.2020,01:00,131
27.01.2020,02:00,132
27.01.2020,03:00,133
27.01.2020,04:00,134
27.01.2020,05:00,134
27.01.2020,06:00,134
27.01.2020,07:00,134
27.01.2020,08:00,134
27.01.2020,09:00,134
27.01.2020,10:00,134
27.01.2020,11:00,133
27.01.2020,12:00,133
27.01.2020,13:00,134
27.01.2020,14:00,134
27.01.2020,15:00,134
27.01.2020,16:00,134
27.01.2020,17:00,134
27.01.2020,18:00,134
27.01.2020,19:00,134
27.01.2020,20:00,134
27.01.2020,21:00,134
27.01.2020,22:00,134
27.01.2020,23:00,129
28.01.2020,00:00,128
28.01.2020,01:00,128
28.01.2020,02:00,128
28.01.2020,03:00,128
28.01.2020,04:00,128
28.01.2020,05:00,129
28.01.2020,06:00,129
28.01.2020,07:00,128
28.01.2020,08:00,128
28.01.2020,09:00,129
28.01.2020,10:00,128
28.01.2020,11:00,129
28.01.2020,12:00,129
28.01.2020,13:00,129
28.01.2020,14:00,129
28.01.2020,15:00,129
28.01.2020,16:00,129
28.01.2020,17:00,128
28.01.2020,18:00,128
28.01.2020,19:00,129
28.01.2020,20:00,128
28.01.2020,21:00,128
28.01.2020,22:00,129
28.01.2020,23:00,129
29.01.2020,00:00,129
29.01.2020,01:00,133
29.01.2020,02:00,133
29.01.2020,03:00,133
29.01.2020,04:00,133
29.01.2020,05:00,134
29.01.2020,06:00,134
29.01.2020,07:00,134
29.01.2020,08:00,134
29.01.2020,09:00,134
29.01.2020,10:00,134
29.01.2020,11:00,134
29.01.2020,12:00,134
29.01.2020,13:00,134
29.01.2020,14:00,134
29.01.2020,15:00,134
29.01.2020,16:00,134
29.01.2020,17:00,134
29.01.2020,18:00,134
29.01.2020,19:00,134
29.01.2020,20:00,134
29.01.2020,21:00,134
29.01.2020,22:00,134
29.01.2020,23:00,134
30.01.2020,00:00,134
30.01.2020,01:00,134
30.01.2020,02:00,134
30.01.2020,03:00,134
30.01.2020,04:00,134
30.01.2020,05:00,134
30.01.2020,06:00,134
30.01.2020,07:00,134
30.01.2020,08:00,134
30.01.2020,09:00,134
30.01.2020,10:00,134
30.01.2020,11:00,134
30.01.2020,12:00,134
30.01.2020,13:00,134
30.01.2020,14:00,134
30.01.2020,15:00,134
30.01.2020,16:00,134
30.01.2020,17:00,134
30.01.2020,18:00,134
30.01.2020,19:00,134
30.01.2020,20:00,134
30.01.2020,21:00,134
30.01.2020,22:00,134
30.01.2020,23:00,116
31.01.2020,00:00,96
31.01.2020,01:00,95
31.01.2020,02:00,95
31.01.2020,03:00,95
31.01.2020,04:00,95
31.01.2020,05:00,103
31.01.2020,06:00,115
31.01.2020,07:00,109
31.01.2020,08:00,95
31.01.2020,09:00,91
31.01.2020,10:00,78
31.01.2020,11:00,77
31.01.2020,12:00,77
31.01.2020,13:00,77
31.01.2020,14:00,77
31.01.2020,15:00,77
31.01.2020,16:00,77
31.01.2020,17:00,78
31.01.2020,18:00,86
31.01.2020,19:00,94
31.01.2020,20:00,96
31.01.2020,21:00,108
31.01.2020,22:00,110
31.01.2020,23:00,110
01.02.2020,00:00,92
01.02.2020,01:00,81
01.02.2020,02:00,72
01.02.2020,03:00,71
01.02.2020,04:00,71
01.02.2020,05:00,72
01.02.2020,06:00,73
01.02.2020,07:00,72
01.02.2020,08:00,76
01.02.2020,09:00,92
01.02.2020,10:00,100
01.02.2020,11:00,100
01.02.2020,12:00,101
01.02.2020,13:00,100
01.02.2020,14:00,100
01.02.2020,15:00,101
01.02.2020,16:00,100
01.02.2020,17:00,100
01.02.2020,18:00,100
01.02.2020,19:00,99
01.02.2020,20:00,86
01.02.2020,21:00,86
01.02.2020,22:00,86
01.02.2020,23:00,75
02.02.2020,00:00,74
02.02.2020,01:00,73
02.02.2020,02:00,74
02.02.2020,03:00,73
02.02.2020,04:00,73
02.02.2020,05:00,73
02.02.2020,06:00,73
02.02.2020,07:00,80
02.02.2020,08:00,94
02.02.2020,09:00,110
02.02.2020,10:00,104
02.02.2020,11:00,101
02.02.2020,12:00,115
02.02.2020,13:00,120
02.02.2020,14:00,120
02.02.2020,15:00,120
02.02.2020,16:00,120
02.02.2020,17:00,120
02.02.2020,18:00,119
02.02.2020,19:00,120
02.02.2020,20:00,120
02.02.2020,21:00,120
02.02.2020,22:00,120
02.02.2020,23:00,120
03.02.2020,00:00,120
03.02.2020,01:00,120
03.02.2020,02:00,120
03.02.2020,03:00,113
03.02.2020,04:00,95
03.02.2020,05:00,91
03.02.2020,06:00,90
03.02.2020,07:00,90
03.02.2020,08:00,90
03.02.2020,09:00,90
03.02.2020,10:00,90
03.02.2020,11:00,90
03.02.2020,12:00,90
03.02.2020,13:00,90
03.02.2020,14:00,90
03.02.2020,15:00,91
03.02.2020,16:00,91
03.02.2020,17:00,91
03.02.2020,18:00,89
03.02.2020,19:00,71
03.02.2020,20:00,71
03.02.2020,21:00,71
03.02.2020,22:00,72
03.02.2020,23:00,73
04.02.2020,00:00,73
04.02.2020,01:00,74
04.02.2020,02:00,74
04.02.2020,03:00,74
04.02.2020,04:00,75
04.02.2020,05:00,90
04.02.2020,06:00,108
04.02.2020,07:00,111
04.02.2020,08:00,110
04.02.2020,09:00,111
04.02.2020,10:00,110
04.02.2020,11:00,101
04.02.2020,12:00,102
04.02.2020,13:00,93
04.02.2020,14:00,91
04.02.2020,15:00,94
04.02.2020,16:00,109
04.02.2020,17:00,129
04.02.2020,18:00,132
04.02.2020,19:00,132
04.02.2020,20:00,133
04.02.2020,21:00,133
04.02.2020,22:00,134
04.02.2020,23:00,135
05.02.2020,00:00,135
05.02.2020,01:00,135
05.02.2020,02:00,134
05.02.2020,03:00,133
05.02.2020,04:00,133
05.02.2020,05:00,133
05.02.2020,06:00,133
05.02.2020,07:00,133
05.02.2020,08:00,133
05.02.2020,09:00,133
05.02.2020,10:00,133
05.02.2020,11:00,134
05.02.2020,12:00,126
05.02.2020,13:00,124
05.02.2020,14:00,114
05.02.2020,15:00,109
05.02.2020,16:00,109
05.02.2020,17:00,109
05.02.2020,18:00,119
05.02.2020,19:00,119
05.02.2020,20:00,119
05.02.2020,21:00,120
05.02.2020,22:00,107
05.02.2020,23:00,102
06.02.2020,00:00,125
06.02.2020,01:00,129
06.02.2020,02:00,129
06.02.2020,03:00,129
06.02.2020,04:00,128
06.02.2020,05:00,129
06.02.2020,06:00,129
06.02.2020,07:00,129
06.02.2020,08:00,129
06.02.2020,09:00,129
06.02.2020,10:00,129
06.02.2020,11:00,129
06.02.2020,12:00,119
06.02.2020,13:00,110
06.02.2020,14:00,109
06.02.2020,15:00,109
06.02.2020,16:00,109
06.02.2020,17:00,110
06.02.2020,18:00,109
06.02.2020,19:00,109
06.02.2020,20:00,109
06.02.2020,21:00,114
06.02.2020,22:00,129
06.02.2020,23:00,129
07.02.2020,00:00,129
07.02.2020,01:00,129
07.02.2020,02:00,125
07.02.2020,03:00,122
07.02.2020,04:00,112
07.02.2020,05:00,91
07.02.2020,06:00,91
07.02.2020,07:00,91
07.02.2020,08:00,91
07.02.2020,09:00,91
07.02.2020,10:00,93
07.02.2020,11:00,111
07.02.2020,12:00,124
07.02.2020,13:00,124
07.02.2020,14:00,123
07.02.2020,15:00,119
07.02.2020,16:00,114
07.02.2020,17:00,114
07.02.2020,18:00,115
07.02.2020,19:00,115
07.02.2020,20:00,115
07.02.2020,21:00,120
07.02.2020,22:00,129
07.02.2020,23:00,127
08.02.2020,00:00,119
08.02.2020,01:00,119
08.02.2020,02:00,119
08.02.2020,03:00,118
08.02.2020,04:00,128
08.02.2020,05:00,129
08.02.2020,06:00,130
08.02.2020,07:00,129
08.02.2020,08:00,129
08.02.2020,09:00,129
08.02.2020,10:00,129
08.02.2020,11:00,121
08.02.2020,12:00,110
08.02.2020,13:00,110
08.02.2020,14:00,96
08.02.2020,15:00,96
08.02.2020,16:00,96
08.02.2020,17:00,106
08.02.2020,18:00,114
08.02.2020,19:00,114
08.02.2020,20:00,114
08.02.2020,21:00,114
08.02.2020,22:00,114
08.02.2020,23:00,114
09.02.2020,00:00,114
09.02.2020,01:00,114
09.02.2020,02:00,120
09.02.2020,03:00,119
09.02.2020,04:00,105
09.02.2020,05:00,96
09.02.2020,06:00,67
09.02.2020,07:00,57
09.02.2020,08:00,50
09.02.2020,09:00,51
09.02.2020,10:00,50
09.02.2020,11:00,50
09.02.2020,12:00,49
09.02.2020,13:00,50
09.02.2020,14:00,50
09.02.2020,15:00,50
09.02.2020,16:00,49
09.02.2020,17:00,49
09.02.2020,18:00,49
09.02.2020,19:00,49
09.02.2020,20:00,49
09.02.2020,21:00,50
09.02.2020,22:00,50
09.02.2020,23:00,50
10.02.2020,00:00,50
10.02.2020,01:00,50
10.02.2020,02:00,50
10.02.2020,03:00,50
10.02.2020,04:00,50
10.02.2020,05:00,67
10.02.2020,06:00,125
10.02.2020,07:00,133
10.02.2020,08:00,133
10.02.2020,09:00,132
10.02.2020,10:00,119
10.02.2020,11:00,104
10.02.2020,12:00,96
10.02.2020,13:00,96
10.02.2020,14:00,96
10.02.2020,15:00,103
10.02.2020,16:00,114
10.02.2020,17:00,123
10.02.2020,18:00,125
10.02.2020,19:00,125
10.02.2020,20:00,120
10.02.2020,21:00,119
10.02.2020,22:00,101
10.02.2020,23:00,96
11.02.2020,00:00,78
11.02.2020,01:00,78
11.02.2020,02:00,78
11.02.2020,03:00,78
11.02.2020,04:00,78
11.02.2020,05:00,88
11.02.2020,06:00,111
11.02.2020,07:00,124
11.02.2020,08:00,124
11.02.2020,09:00,125
11.02.2020,10:00,125
11.02.2020,11:00,125
11.02.2020,12:00,124
11.02.2020,13:00,125
11.02.2020,14:00,120
11.02.2020,15:00,99
11.02.2020,16:00,105
11.02.2020,17:00,113
11.02.2020,18:00,115
11.02.2020,19:00,116
11.02.2020,20:00,116
11.02.2020,21:00,115
11.02.2020,22:00,101
11.02.2020,23:00,101
12.02.2020,00:00,119
12.02.2020,01:00,113
12.02.2020,02:00,96
12.02.2020,03:00,97
12.02.2020,04:00,114
12.02.2020,05:00,128
12.02.2020,06:00,132
12.02.2020,07:00,133
12.02.2020,08:00,133
12.02.2020,09:00,124
12.02.2020,10:00,123
12.02.2020,11:00,123
12.02.2020,12:00,104
12.02.2020,13:00,92
12.02.2020,14:00,91
12.02.2020,15:00,91
12.02.2020,16:00,94
12.02.2020,17:00,109
12.02.2020,18:00,119
12.02.2020,19:00,119
12.02.2020,20:00,118
12.02.2020,21:00,119
12.02.2020,22:00,119
12.02.2020,23:00,119
13.02.2020,00:00,110
13.02.2020,01:00,110
13.02.2020,02:00,110
13.02.2020,03:00,110
13.02.2020,04:00,110
13.02.2020,05:00,119
13.02.2020,06:00,126
13.02.2020,07:00,128
13.02.2020,08:00,128
13.02.2020,09:00,128
13.02.2020,10:00,129
13.02.2020,11:00,116
13.02.2020,12:00,89
13.02.2020,13:00,82
13.02.2020,14:00,82
13.02.2020,15:00,82
13.02.2020,16:00,85
13.02.2020,17:00,91
13.02.2020,18:00,103
13.02.2020,19:00,119
13.02.2020,20:00,131
13.02.2020,21:00,133
13.02.2020,22:00,133
13.02.2020,23:00,127
14.02.2020,00:00,118
14.02.2020,01:00,113
14.02.2020,02:00,113
14.02.2020,03:00,113
14.02.2020,04:00,113
14.02.2020,05:00,114
14.02.2020,06:00,128
14.02.2020,07:00,133
14.02.2020,08:00,133
14.02.2020,09:00,133
14.02.2020,10:00,133
14.02.2020,11:00,127
14.02.2020,12:00,87
14.02.2020,13:00,67
14.02.2020,14:00,68
14.02.2020,15:00,116
14.02.2020,16:00,117
14.02.2020,17:00,101
14.02.2020,18:00,101
14.02.2020,19:00,101
14.02.2020,20:00,101
14.02.2020,21:00,109
14.02.2020,22:00,110
14.02.2020,23:00,122
15.02.2020,00:00,125
15.02.2020,01:00,120
15.02.2020,02:00,119
15.02.2020,03:00,119
15.02.2020,04:00,119
15.02.2020,05:00,119
15.02.2020,06:00,119
15.02.2020,07:00,119
15.02.2020,08:00,119
15.02.2020,09:00,119
15.02.2020,10:00,119
15.02.2020,11:00,113
15.02.2020,12:00,101
15.02.2020,13:00,96
15.02.2020,14:00,76
15.02.2020,15:00,75
15.02.2020,16:00,98
15.02.2020,17:00,133
15.02.2020,18:00,134
15.02.2020,19:00,125
15.02.2020,20:00,53
15.02.2020,21:00,50
15.02.2020,22:00,50
15.02.2020,23:00,51
16.02.2020,00:00,52
16.02.2020,01:00,52
16.02.2020,02:00,52
16.02.2020,03:00,52
16.02.2020,04:00,52
16.02.2020,05:00,52
16.02.2020,06:00,52
16.02.2020,07:00,52
16.02.2020,08:00,52
16.02.2020,09:00,52
16.02.2020,10:00,52
16.02.2020,11:00,52
16.02.2020,12:00,52
16.02.2020,13:00,52
16.02.2020,14:00,52
16.02.2020,15:00,52
16.02.2020,16:00,52
16.02.2020,17:00,52
16.02.2020,18:00,51
16.02.2020,19:00,52
16.02.2020,20:00,52
16.02.2020,21:00,52
16.02.2020,22:00,52
16.02.2020,23:00,52
17.02.2020,00:00,51
17.02.2020,01:00,51
17.02.2020,02:00,51
17.02.2020,03:00,51
17.02.2020,04:00,51
17.02.2020,05:00,57
17.02.2020,06:00,88
17.02.2020,07:00,96
17.02.2020,08:00,105
17.02.2020,09:00,105
17.02.2020,10:00,105
17.02.2020,11:00,105
17.02.2020,12:00,115
17.02.2020,13:00,115
17.02.2020,14:00,115
17.02.2020,15:00,115
17.02.2020,16:00,115
17.02.2020,17:00,112
17.02.2020,18:00,100
17.02.2020,19:00,100
17.02.2020,20:00,100
17.02.2020,21:00,100
17.02.2020,22:00,101
17.02.2020,23:00,101
18.02.2020,00:00,100
18.02.2020,01:00,91
18.02.2020,02:00,90
18.02.2020,03:00,82
18.02.2020,04:00,83
18.02.2020,05:00,106
18.02.2020,06:00,111
18.02.2020,07:00,111
18.02.2020,08:00,110
18.02.2020,09:00,92
18.02.2020,10:00,91
18.02.2020,11:00,91
18.02.2020,12:00,81
18.02.2020,13:00,81
18.02.2020,14:00,82
18.02.2020,15:00,81
18.02.2020,16:00,81
18.02.2020,17:00,102
18.02.2020,18:00,124
18.02.2020,19:00,124
18.02.2020,20:00,124
18.02.2020,21:00,124
18.02.2020,22:00,124
18.02.2020,23:00,124
19.02.2020,00:00,125
19.02.2020,01:00,114
19.02.2020,02:00,100
19.02.2020,03:00,86
19.02.2020,04:00,91
19.02.2020,05:00,122
19.02.2020,06:00,105
19.02.2020,07:00,104
19.02.2020,08:00,93
19.02.2020,09:00,86
19.02.2020,10:00,86
19.02.2020,11:00,86
19.02.2020,12:00,86
19.02.2020,13:00,85
19.02.2020,14:00,95
19.02.2020,15:00,104
19.02.2020,16:00,106
19.02.2020,17:00,106
19.02.2020,18:00,123
19.02.2020,19:00,130
19.02.2020,20:00,134
19.02.2020,21:00,134
19.02.2020,22:00,131
19.02.2020,23:00,115
20.02.2020,00:00,115
20.02.2020,01:00,115
20.02.2020,02:00,115
20.02.2020,03:00,107
20.02.2020,04:00,112
20.02.2020,05:00,131
20.02.2020,06:00,123
20.02.2020,07:00,115
20.02.2020,08:00,127
20.02.2020,09:00,127
20.02.2020,10:00,127
20.02.2020,11:00,124
20.02.2020,12:00,101
20.02.2020,13:00,80
20.02.2020,14:00,73
20.02.2020,15:00,73
20.02.2020,16:00,75
20.02.2020,17:00,92
20.02.2020,18:00,109
20.02.2020,19:00,110
20.02.2020,20:00,114
20.02.2020,21:00,114
20.02.2020,22:00,115
20.02.2020,23:00,114
21.02.2020,00:00,96
21.02.2020,01:00,96
21.02.2020,02:00,96
21.02.2020,03:00,96
21.02.2020,04:00,97
21.02.2020,05:00,114
21.02.2020,06:00,107
21.02.2020,07:00,105
21.02.2020,08:00,105
21.02.2020,09:00,105
21.02.2020,10:00,105
21.02.2020,11:00,105
21.02.2020,12:00,105
21.02.2020,13:00,105
21.02.2020,14:00,107
21.02.2020,15:00,123
21.02.2020,16:00,123
21.02.2020,17:00,132
21.02.2020,18:00,138
21.02.2020,19:00,138
21.02.2020,20:00,138
21.02.2020,21:00,138
21.02.2020,22:00,135
21.02.2020,23:00,89
22.02.2020,00:00,60
22.02.2020,01:00,53
22.02.2020,02:00,50
22.02.2020,03:00,50
22.02.2020,04:00,50
22.02.2020,05:00,50
22.02.2020,06:00,51
22.02.2020,07:00,51
22.02.2020,08:00,51
22.02.2020,09:00,51
22.02.2020,10:00,51
22.02.2020,11:00,51
22.02.2020,12:00,51
22.02.2020,13:00,51
22.02.2020,14:00,52
22.02.2020,15:00,52
22.02.2020,16:00,51
22.02.2020,17:00,52
22.02.2020,18:00,52
22.02.2020,19:00,51
22.02.2020,20:00,51
22.02.2020,21:00,52
22.02.2020,22:00,51
22.02.2020,23:00,52
23.02.2020,00:00,51
23.02.2020,01:00,52
23.02.2020,02:00,51
23.02.2020,03:00,51
23.02.2020,04:00,52
23.02.2020,05:00,52
23.02.2020,06:00,51
23.02.2020,07:00,52
23.02.2020,08:00,96
23.02.2020,09:00,115
23.02.2020,10:00,115
23.02.2020,11:00,130
23.02.2020,12:00,132
23.02.2020,13:00,132
23.02.2020,14:00,109
23.02.2020,15:00,55
23.02.2020,16:00,52
23.02.2020,17:00,52
23.02.2020,18:00,52
23.02.2020,19:00,52
23.02.2020,20:00,54
23.02.2020,21:00,54
23.02.2020,22:00,53
23.02.2020,23:00,53
24.02.2020,00:00,53
24.02.2020,01:00,53
24.02.2020,02:00,53
24.02.2020,03:00,56
24.02.2020,04:00,97
24.02.2020,05:00,105
24.02.2020,06:00,109
24.02.2020,07:00,114
24.02.2020,08:00,114
24.02.2020,09:00,114
24.02.2020,10:00,109
24.02.2020,11:00,100
24.02.2020,12:00,92
24.02.2020,13:00,82
24.02.2020,14:00,91
24.02.2020,15:00,100
24.02.2020,16:00,104
24.02.2020,17:00,104
24.02.2020,18:00,105
24.02.2020,19:00,91
24.02.2020,20:00,90
24.02.2020,21:00,90
24.02.2020,22:00,90
24.02.2020,23:00,57
25.02.2020,00:00,55
25.02.2020,01:00,55
25.02.2020,02:00,55
25.02.2020,03:00,55
25.02.2020,04:00,55
25.02.2020,05:00,59
25.02.2020,06:00,76
25.02.2020,07:00,76
25.02.2020,08:00,77
25.02.2020,09:00,84
25.02.2020,10:00,81
25.02.2020,11:00,69
25.02.2020,12:00,69
25.02.2020,13:00,70
25.02.2020,14:00,70
25.02.2020,15:00,70
25.02.2020,16:00,72
25.02.2020,17:00,86
25.02.2020,18:00,86
25.02.2020,19:00,93
25.02.2020,20:00,96
25.02.2020,21:00,96
25.02.2020,22:00,96
25.02.2020,23:00,93
26.02.2020,00:00,81
26.02.2020,01:00,73
26.02.2020,02:00,74
26.02.2020,03:00,74
26.02.2020,04:00,74
26.02.2020,05:00,83
26.02.2020,06:00,99
26.02.2020,07:00,100
26.02.2020,08:00,108
26.02.2020,09:00,116
26.02.2020,10:00,110
26.02.2020,11:00,111
26.02.2020,12:00,118
26.02.2020,13:00,123
26.02.2020,14:00,123
26.02.2020,15:00,135
26.02.2020,16:00,134
26.02.2020,17:00,123
26.02.2020,18:00,123
26.02.2020,19:00,122
26.02.2020,20:00,116
26.02.2020,21:00,111
26.02.2020,22:00,90
26.02.2020,23:00,91
27.02.2020,00:00,92
27.02.2020,01:00,91
27.02.2020,02:00,91
27.02.2020,03:00,92
27.02.2020,04:00,91
27.02.2020,05:00,95
27.02.2020,06:00,110
27.02.2020,07:00,110
27.02.2020,08:00,124
27.02.2020,09:00,128
27.02.2020,10:00,119
27.02.2020,11:00,109
27.02.2020,12:00,104
27.02.2020,13:00,100
27.02.2020,14:00,101
27.02.2020,15:00,76
27.02.2020,16:00,96
27.02.2020,17:00,116
27.02.2020,18:00,116
27.02.2020,19:00,116
27.02.2020,20:00,115
27.02.2020,21:00,112
27.02.2020,22:00,90
27.02.2020,23:00,91
28.02.2020,00:00,91
28.02.2020,01:00,90
28.02.2020,02:00,90
28.02.2020,03:00,100
28.02.2020,04:00,103
28.02.2020,05:00,115
28.02.2020,06:00,124
28.02.2020,07:00,123
28.02.2020,08:00,123
28.02.2020,09:00,123
28.02.2020,10:00,124
28.02.2020,11:00,124
28.02.2020,12:00,118
28.02.2020,13:00,110
28.02.2020,14:00,91
28.02.2020,15:00,75
28.02.2020,16:00,71
28.02.2020,17:00,71
28.02.2020,18:00,82
28.02.2020,19:00,100
28.02.2020,20:00,100
28.02.2020,21:00,100
28.02.2020,22:00,99
28.02.2020,23:00,81
29.02.2020,00:00,63
29.02.2020,01:00,63
29.02.2020,02:00,64
29.02.2020,03:00,64
29.02.2020,04:00,68
29.02.2020,05:00,69
29.02.2020,06:00,69
29.02.2020,07:00,76
29.02.2020,08:00,78
29.02.2020,09:00,78
29.02.2020,10:00,78
29.02.2020,11:00,74
29.02.2020,12:00,73
29.02.2020,13:00,73
29.02.2020,14:00,74
29.02.2020,15:00,73
29.02.2020,16:00,73
29.02.2020,17:00,91
29.02.2020,18:00,92
29.02.2020,19:00,92
29.02.2020,20:00,92
29.02.2020,21:00,74
29.02.2020,22:00,73
29.02.2020,23:00,73
01.03.2020,00:00,73
01.03.2020,01:00,73
01.03.2020,02:00,73
01.03.2020,03:00,73
01.03.2020,04:00,73
01.03.2020,05:00,73
01.03.2020,06:00,73
01.03.2020,07:00,72
01.03.2020,08:00,72
01.03.2020,09:00,90
01.03.2020,10:00,100
01.03.2020,11:00,79
01.03.2020,12:00,68
01.03.2020,13:00,69
01.03.2020,14:00,69
01.03.2020,15:00,71
01.03.2020,16:00,105
01.03.2020,17:00,105
01.03.2020,18:00,105
01.03.2020,19:00,105
01.03.2020,20:00,105
01.03.2020,21:00,109
01.03.2020,22:00,110
01.03.2020,23:00,102
02.03.2020,00:00,86
02.03.2020,01:00,77
02.03.2020,02:00,77
02.03.2020,03:00,83
02.03.2020,04:00,108
02.03.2020,05:00,123
02.03.2020,06:00,123
02.03.2020,07:00,108
02.03.2020,08:00,98
02.03.2020,09:00,96
02.03.2020,10:00,84
02.03.2020,11:00,81
02.03.2020,12:00,68
02.03.2020,13:00,68
02.03.2020,14:00,68
02.03.2020,15:00,68
02.03.2020,16:00,69
02.03.2020,17:00,70
02.03.2020,18:00,89
02.03.2020,19:00,101
02.03.2020,20:00,101
02.03.2020,21:00,92
02.03.2020,22:00,74
02.03.2020,23:00,70
03.03.2020,00:00,60
03.03.2020,01:00,60
03.03.2020,02:00,60
03.03.2020,03:00,60
03.03.2020,04:00,65
03.03.2020,05:00,73
03.03.2020,06:00,87
03.03.2020,07:00,110
03.03.2020,08:00,110
03.03.2020,09:00,109
03.03.2020,10:00,87
03.03.2020,11:00,87
03.03.2020,12:00,86
03.03.2020,13:00,73
03.03.2020,14:00,74
03.03.2020,15:00,73
03.03.2020,16:00,83
03.03.2020,17:00,91
03.03.2020,18:00,99
03.03.2020,19:00,105
03.03.2020,20:00,105
03.03.2020,21:00,104
03.03.2020,22:00,96
03.03.2020,23:00,96
04.03.2020,00:00,92
04.03.2020,01:00,88
04.03.2020,02:00,88
04.03.2020,03:00,97
04.03.2020,04:00,88
04.03.2020,05:00,95
04.03.2020,06:00,112
04.03.2020,07:00,118
04.03.2020,08:00,108
04.03.2020,09:00,98
04.03.2020,10:00,87
04.03.2020,11:00,78
04.03.2020,12:00,73
04.03.2020,13:00,73
04.03.2020,14:00,73
04.03.2020,15:00,69
04.03.2020,16:00,64
04.03.2020,17:00,76
04.03.2020,18:00,86
04.03.2020,19:00,86
04.03.2020,20:00,86
04.03.2020,21:00,86
04.03.2020,22:00,78
04.03.2020,23:00,69
05.03.2020,00:00,69
05.03.2020,01:00,69
05.03.2020,02:00,69
05.03.2020,03:00,69
05.03.2020,04:00,71
05.03.2020,05:00,93
05.03.2020,06:00,111
05.03.2020,07:00,128
05.03.2020,08:00,138
05.03.2020,09:00,138
05.03.2020,10:00,110
05.03.2020,11:00,87
05.03.2020,12:00,73
05.03.2020,13:00,72
05.03.2020,14:00,72
05.03.2020,15:00,75
05.03.2020,16:00,91
05.03.2020,17:00,105
05.03.2020,18:00,106
05.03.2020,19:00,123
05.03.2020,20:00,123
05.03.2020,21:00,123
05.03.2020,22:00,123
05.03.2020,23:00,104
06.03.2020,00:00,86
06.03.2020,01:00,86
06.03.2020,02:00,86
06.03.2020,03:00,86
06.03.2020,04:00,86
06.03.2020,05:00,86
06.03.2020,06:00,100
06.03.2020,07:00,114
06.03.2020,08:00,114
06.03.2020,09:00,114
06.03.2020,10:00,114
06.03.2020,11:00,114
06.03.2020,12:00,114
06.03.2020,13:00,114
06.03.2020,14:00,122
06.03.2020,15:00,121
06.03.2020,16:00,119
06.03.2020,17:00,119
06.03.2020,18:00,119
06.03.2020,19:00,119
06.03.2020,20:00,119
06.03.2020,21:00,105
06.03.2020,22:00,86
06.03.2020,23:00,72
07.03.2020,00:00,73
07.03.2020,01:00,82
07.03.2020,02:00,81
07.03.2020,03:00,81
07.03.2020,04:00,99
07.03.2020,05:00,110
07.03.2020,06:00,123
07.03.2020,07:00,124
07.03.2020,08:00,124
07.03.2020,09:00,126
07.03.2020,10:00,129
07.03.2020,11:00,129
07.03.2020,12:00,120
07.03.2020,13:00,119
07.03.2020,14:00,120
07.03.2020,15:00,131
07.03.2020,16:00,133
07.03.2020,17:00,133
07.03.2020,18:00,133
07.03.2020,19:00,133
07.03.2020,20:00,133
07.03.2020,21:00,133
07.03.2020,22:00,133
07.03.2020,23:00,133
08.03.2020,00:00,133
08.03.2020,01:00,133
08.03.2020,02:00,109
08.03.2020,03:00,90
08.03.2020,04:00,91
08.03.2020,05:00,95
08.03.2020,06:00,95
08.03.2020,07:00,95
08.03.2020,08:00,76
08.03.2020,09:00,74
08.03.2020,10:00,69
08.03.2020,11:00,69
08.03.2020,12:00,68
08.03.2020,13:00,69
08.03.2020,14:00,71
08.03.2020,15:00,89
08.03.2020,16:00,125
08.03.2020,17:00,133
08.03.2020,18:00,133
08.03.2020,19:00,133
08.03.2020,20:00,135
08.03.2020,21:00,137
08.03.2020,22:00,137
08.03.2020,23:00,128
09.03.2020,00:00,128
09.03.2020,01:00,127
09.03.2020,02:00,127
09.03.2020,03:00,128
09.03.2020,04:00,128
09.03.2020,05:00,127
09.03.2020,06:00,127
09.03.2020,07:00,127
09.03.2020,08:00,127
09.03.2020,09:00,127
09.03.2020,10:00,127
09.03.2020,11:00,127
09.03.2020,12:00,128
09.03.2020,13:00,128
09.03.2020,14:00,127
09.03.2020,15:00,127
09.03.2020,16:00,127
09.03.2020,17:00,127
09.03.2020,18:00,127
09.03.2020,19:00,127
09.03.2020,20:00,127
09.03.2020,21:00,127
09.03.2020,22:00,125
09.03.2020,23:00,114
10.03.2020,00:00,114
10.03.2020,01:00,114
10.03.2020,02:00,113
10.03.2020,03:00,116
10.03.2020,04:00,123
10.03.2020,05:00,123
10.03.2020,06:00,132
10.03.2020,07:00,133
10.03.2020,08:00,132
10.03.2020,09:00,132
10.03.2020,10:00,132
10.03.2020,11:00,132
10.03.2020,12:00,132
10.03.2020,13:00,132
10.03.2020,14:00,132
10.03.2020,15:00,132
10.03.2020,16:00,132
10.03.2020,17:00,132
10.03.2020,18:00,132
10.03.2020,19:00,132
10.03.2020,20:00,131
10.03.2020,21:00,105
10.03.2020,22:00,102
10.03.2020,23:00,70
11.03.2020,00:00,68
11.03.2020,01:00,67
11.03.2020,02:00,66
11.03.2020,03:00,80
11.03.2020,04:00,91
11.03.2020,05:00,116
11.03.2020,06:00,128
11.03.2020,07:00,128
11.03.2020,08:00,128
11.03.2020,09:00,128
11.03.2020,10:00,119
11.03.2020,11:00,118
11.03.2020,12:00,92
11.03.2020,13:00,82
11.03.2020,14:00,91
11.03.2020,15:00,91
11.03.2020,16:00,83
11.03.2020,17:00,91
11.03.2020,18:00,91
11.03.2020,19:00,99
11.03.2020,20:00,101
11.03.2020,21:00,101
11.03.2020,22:00,101
11.03.2020,23:00,96
12.03.2020,00:00,63
12.03.2020,01:00,59
12.03.2020,02:00,59
12.03.2020,03:00,59
12.03.2020,04:00,59
12.03.2020,05:00,66
12.03.2020,06:00,110
12.03.2020,07:00,105
12.03.2020,08:00,101
12.03.2020,09:00,96
12.03.2020,10:00,90
12.03.2020,11:00,64
12.03.2020,12:00,63
12.03.2020,13:00,63
12.03.2020,14:00,63
12.03.2020,15:00,77
12.03.2020,16:00,101
12.03.2020,17:00,100
12.03.2020,18:00,100
12.03.2020,19:00,101
12.03.2020,20:00,100
12.03.2020,21:00,100
12.03.2020,22:00,101
12.03.2020,23:00,101
13.03.2020,00:00,79
13.03.2020,01:00,78
13.03.2020,02:00,78
13.03.2020,03:00,78
13.03.2020,04:00,83
13.03.2020,05:00,108
13.03.2020,06:00,128
13.03.2020,07:00,128
13.03.2020,08:00,127
13.03.2020,09:00,119
13.03.2020,10:00,94
13.03.2020,11:00,94
13.03.2020,12:00,100
13.03.2020,13:00,99
13.03.2020,14:00,90
13.03.2020,15:00,81
13.03.2020,16:00,87
13.03.2020,17:00,87
13.03.2020,18:00,98
13.03.2020,19:00,107
13.03.2020,20:00,108
13.03.2020,21:00,108
13.03.2020,22:00,108
13.03.2020,23:00,108
14.03.2020,00:00,108
14.03.2020,01:00,99
14.03.2020,02:00,99
14.03.2020,03:00,99
14.03.2020,04:00,99
14.03.2020,05:00,106
14.03.2020,06:00,111
14.03.2020,07:00,130
14.03.2020,08:00,127
14.03.2020,09:00,123
14.03.2020,10:00,92
14.03.2020,11:00,83
14.03.2020,12:00,90
14.03.2020,13:00,92
14.03.2020,14:00,94
14.03.2020,15:00,112
14.03.2020,16:00,119
14.03.2020,17:00,121
14.03.2020,18:00,121
14.03.2020,19:00,121
14.03.2020,20:00,122
14.03.2020,21:00,122
14.03.2020,22:00,123
14.03.2020,23:00,125
15.03.2020,00:00,120
15.03.2020,01:00,117
15.03.2020,02:00,113
15.03.2020,03:00,87
15.03.2020,04:00,95
15.03.2020,05:00,87
15.03.2020,06:00,87
15.03.2020,07:00,88
15.03.2020,08:00,87
15.03.2020,09:00,87
15.03.2020,10:00,87
15.03.2020,11:00,87
15.03.2020,12:00,87
15.03.2020,13:00,87
15.03.2020,14:00,87
15.03.2020,15:00,87
15.03.2020,16:00,91
15.03.2020,17:00,128
15.03.2020,18:00,132
15.03.2020,19:00,132
15.03.2020,20:00,132
15.03.2020,21:00,132
15.03.2020,22:00,132
15.03.2020,23:00,128
16.03.2020,00:00,111
16.03.2020,01:00,110
16.03.2020,02:00,110
16.03.2020,03:00,113
16.03.2020,04:00,129
16.03.2020,05:00,124
16.03.2020,06:00,123
16.03.2020,07:00,123
16.03.2020,08:00,123
16.03.2020,09:00,123
16.03.2020,10:00,112
16.03.2020,11:00,81
16.03.2020,12:00,69
16.03.2020,13:00,59
16.03.2020,14:00,58
16.03.2020,15:00,59
16.03.2020,16:00,59
16.03.2020,17:00,59
16.03.2020,18:00,69
16.03.2020,19:00,84
16.03.2020,20:00,88
16.03.2020,21:00,87
16.03.2020,22:00,87
16.03.2020,23:00,87
17.03.2020,00:00,87
17.03.2020,01:00,88
17.03.2020,02:00,92
17.03.2020,03:00,92
17.03.2020,04:00,101
17.03.2020,05:00,115
17.03.2020,06:00,115
17.03.2020,07:00,101
17.03.2020,08:00,98
17.03.2020,09:00,94
17.03.2020,10:00,109
17.03.2020,11:00,115
17.03.2020,12:00,95
17.03.2020,13:00,91
17.03.2020,14:00,82
17.03.2020,15:00,74
17.03.2020,16:00,85
17.03.2020,17:00,86
17.03.2020,18:00,102
17.03.2020,19:00,115
17.03.2020,20:00,119
17.03.2020,21:00,118
17.03.2020,22:00,86
17.03.2020,23:00,80
18.03.2020,00:00,71
18.03.2020,01:00,36
18.03.2020,02:00,25
18.03.2020,03:00,27
18.03.2020,04:00,22
18.03.2020,05:00,23
18.03.2020,06:00,23
18.03.2020,07:00,21
18.03.2020,08:00,15
18.03.2020,09:00,12
18.03.2020,10:00,7
18.03.2020,11:00,5
18.03.2020,12:00,5
18.03.2020,13:00,5
18.03.2020,14:00,5
18.03.2020,15:00,20
18.03.2020,16:00,28
18.03.2020,17:00,35
18.03.2020,18:00,34
18.03.2020,19:00,34
18.03.2020,20:00,40
18.03.2020,21:00,38
18.03.2020,22:00,37
18.03.2020,23:00,37
19.03.2020,00:00,37
19.03.2020,01:00,44
19.03.2020,02:00,51
19.03.2020,03:00,53
19.03.2020,04:00,48
19.03.2020,05:00,52
19.03.2020,06:00,59
19.03.2020,07:00,58
19.03.2020,08:00,58
19.03.2020,09:00,59
19.03.2020,10:00,59
19.03.2020,11:00,59
19.03.2020,12:00,58
19.03.2020,13:00,58
19.03.2020,14:00,60
19.03.2020,15:00,86
19.03.2020,16:00,86
19.03.2020,17:00,91
19.03.2020,18:00,103
19.03.2020,19:00,104
19.03.2020,20:00,106
19.03.2020,21:00,104
19.03.2020,22:00,105
19.03.2020,23:00,104
20.03.2020,00:00,96
20.03.2020,01:00,95
20.03.2020,02:00,96
20.03.2020,03:00,96
20.03.2020,04:00,107
20.03.2020,05:00,114
20.03.2020,06:00,115
20.03.2020,07:00,114
20.03.2020,08:00,114
20.03.2020,09:00,114
20.03.2020,10:00,114
20.03.2020,11:00,114
20.03.2020,12:00,114
20.03.2020,13:00,114
20.03.2020,14:00,114
20.03.2020,15:00,115
20.03.2020,16:00,114
20.03.2020,17:00,114
20.03.2020,18:00,114
20.03.2020,19:00,114
20.03.2020,20:00,114
20.03.2020,21:00,114
20.03.2020,22:00,115
20.03.2020,23:00,115
21.03.2020,00:00,115
21.03.2020,01:00,115
21.03.2020,02:00,114
21.03.2020,03:00,114
21.03.2020,04:00,97
21.03.2020,05:00,87
21.03.2020,06:00,87
21.03.2020,07:00,102
21.03.2020,08:00,123
21.03.2020,09:00,77
21.03.2020,10:00,68
21.03.2020,11:00,79
21.03.2020,12:00,82
21.03.2020,13:00,83
21.03.2020,14:00,83
21.03.2020,15:00,83
21.03.2020,16:00,86
21.03.2020,17:00,109
21.03.2020,18:00,125
21.03.2020,19:00,133
21.03.2020,20:00,133
21.03.2020,21:00,134
21.03.2020,22:00,133
21.03.2020,23:00,136
22.03.2020,00:00,128
22.03.2020,01:00,128
22.03.2020,02:00,128
22.03.2020,03:00,127
22.03.2020,04:00,128
22.03.2020,05:00,128
22.03.2020,06:00,128
22.03.2020,07:00,128
22.03.2020,08:00,128
22.03.2020,09:00,111
22.03.2020,10:00,93
22.03.2020,11:00,86
22.03.2020,12:00,87
22.03.2020,13:00,87
22.03.2020,14:00,81
22.03.2020,15:00,78
22.03.2020,16:00,83
22.03.2020,17:00,123
22.03.2020,18:00,134
22.03.2020,19:00,133
22.03.2020,20:00,133
22.03.2020,21:00,134
22.03.2020,22:00,133
22.03.2020,23:00,133
23.03.2020,00:00,133
23.03.2020,01:00,133
23.03.2020,02:00,133
23.03.2020,03:00,133
23.03.2020,04:00,133
23.03.2020,05:00,133
23.03.2020,06:00,133
23.03.2020,07:00,132
23.03.2020,08:00,132
23.03.2020,09:00,132
23.03.2020,10:00,131
23.03.2020,11:00,130
23.03.2020,12:00,119
23.03.2020,13:00,100
23.03.2020,14:00,87
23.03.2020,15:00,87
23.03.2020,16:00,87
23.03.2020,17:00,89
23.03.2020,18:00,107
23.03.2020,19:00,107
23.03.2020,20:00,107
23.03.2020,21:00,107
23.03.2020,22:00,107
23.03.2020,23:00,115
24.03.2020,00:00,118
24.03.2020,01:00,127
24.03.2020,02:00,133
24.03.2020,03:00,132
24.03.2020,04:00,133
24.03.2020,05:00,133
24.03.2020,06:00,132
24.03.2020,07:00,132
24.03.2020,08:00,132
24.03.2020,09:00,132
24.03.2020,10:00,118
24.03.2020,11:00,79
24.03.2020,12:00,77
24.03.2020,13:00,78
24.03.2020,14:00,78
24.03.2020,15:00,75
24.03.2020,16:00,73
24.03.2020,17:00,72
24.03.2020,18:00,73
24.03.2020,19:00,73
24.03.2020,20:00,82
24.03.2020,21:00,87
24.03.2020,22:00,88
24.03.2020,23:00,88
25.03.2020,00:00,88
25.03.2020,01:00,88
25.03.2020,02:00,105
25.03.2020,03:00,122
25.03.2020,04:00,122
25.03.2020,05:00,122
25.03.2020,06:00,122
25.03.2020,07:00,122
25.03.2020,08:00,122
25.03.2020,09:00,122
25.03.2020,10:00,122
25.03.2020,11:00,122
25.03.2020,12:00,122
25.03.2020,13:00,115
25.03.2020,14:00,112
25.03.2020,15:00,113
25.03.2020,16:00,112
25.03.2020,17:00,112
25.03.2020,18:00,105
25.03.2020,19:00,117
25.03.2020,20:00,117
25.03.2020,21:00,117
25.03.2020,22:00,108
25.03.2020,23:00,103
26.03.2020,00:00,95
26.03.2020,01:00,93
26.03.2020,02:00,102
26.03.2020,03:00,126
26.03.2020,04:00,133
26.03.2020,05:00,133
26.03.2020,06:00,133
26.03.2020,07:00,133
26.03.2020,08:00,133
26.03.2020,09:00,125
26.03.2020,10:00,111
26.03.2020,11:00,109
26.03.2020,12:00,108
26.03.2020,13:00,91
26.03.2020,14:00,83
26.03.2020,15:00,83
26.03.2020,16:00,78
26.03.2020,17:00,86
26.03.2020,18:00,107
26.03.2020,19:00,119
26.03.2020,20:00,118
26.03.2020,21:00,118
26.03.2020,22:00,115
26.03.2020,23:00,85
27.03.2020,00:00,85
27.03.2020,01:00,85
27.03.2020,02:00,85
27.03.2020,03:00,104
27.03.2020,04:00,118
27.03.2020,05:00,131
27.03.2020,06:00,132
27.03.2020,07:00,132
27.03.2020,08:00,132
27.03.2020,09:00,132
27.03.2020,10:00,117
27.03.2020,11:00,75
27.03.2020,12:00,56
27.03.2020,13:00,53
27.03.2020,14:00,61
27.03.2020,15:00,63
27.03.2020,16:00,63
27.03.2020,17:00,66
27.03.2020,18:00,84
27.03.2020,19:00,84
27.03.2020,20:00,103
27.03.2020,21:00,131
27.03.2020,22:00,121
27.03.2020,23:00,102
28.03.2020,00:00,92
28.03.2020,01:00,82
28.03.2020,02:00,82
28.03.2020,03:00,83
28.03.2020,04:00,93
28.03.2020,05:00,102
28.03.2020,06:00,102
28.03.2020,07:00,117
28.03.2020,08:00,122
28.03.2020,09:00,101
28.03.2020,10:00,98
28.03.2020,11:00,95
28.03.2020,12:00,69
28.03.2020,13:00,51
28.03.2020,14:00,49
28.03.2020,15:00,49
28.03.2020,16:00,49
28.03.2020,17:00,72
28.03.2020,18:00,112
28.03.2020,19:00,138
28.03.2020,20:00,138
28.03.2020,21:00,138
28.03.2020,22:00,127
28.03.2020,23:00,124
29.03.2020,00:00,124
29.03.2020,01:00,124
29.03.2020,03:00,124
29.03.2020,04:00,124
29.03.2020,05:00,133
29.03.2020,06:00,133
29.03.2020,07:00,133
29.03.2020,08:00,133
29.03.2020,09:00,133
29.03.2020,10:00,133
29.03.2020,11:00,134
29.03.2020,12:00,134
29.03.2020,13:00,134
29.03.2020,14:00,134
29.03.2020,15:00,134
29.03.2020,16:00,134
29.03.2020,17:00,134
29.03.2020,18:00,134
29.03.2020,19:00,134
29.03.2020,20:00,134
29.03.2020,21:00,134
29.03.2020,22:00,134
29.03.2020,23:00,134
30.03.2020,00:00,134
30.03.2020,01:00,134
30.03.2020,02:00,133
30.03.2020,03:00,133
30.03.2020,04:00,133
30.03.2020,05:00,133
30.03.2020,06:00,133
30.03.2020,07:00,133
30.03.2020,08:00,133
30.03.2020,09:00,133
30.03.2020,10:00,133
30.03.2020,11:00,133
30.03.2020,12:00,133
30.03.2020,13:00,124
30.03.2020,14:00,123
30.03.2020,15:00,123
30.03.2020,16:00,123
30.03.2020,17:00,124
30.03.2020,18:00,137
30.03.2020,19:00,138
30.03.2020,20:00,138
30.03.2020,21:00,138
30.03.2020,22:00,137
30.03.2020,23:00,116
31.03.2020,00:00,115
31.03.2020,01:00,114
31.03.2020,02:00,114
31.03.2020,03:00,115
31.03.2020,04:00,123
31.03.2020,05:00,128
31.03.2020,06:00,129
31.03.2020,07:00,129
31.03.2020,08:00,129
31.03.2020,09:00,124
31.03.2020,10:00,117
31.03.2020,11:00,107
31.03.2020,12:00,96
31.03.2020,13:00,96
31.03.2020,14:00,96
31.03.2020,15:00,96
31.03.2020,16:00,96
31.03.2020,17:00,96
31.03.2020,18:00,96
31.03.2020,19:00,122
31.03.2020,20:00,129
31.03.2020,21:00,129
31.03.2020,22:00,128
31.03.2020,23:00,127
01.04.2020,00:00,128
01.04.2020,01:00,127
01.04.2020,02:00,127
01.04.2020,03:00,126
01.04.2020,04:00,127
01.04.2020,05:00,127
01.04.2020,06:00,127
01.04.2020,07:00,127
01.04.2020,08:00,126
01.04.2020,09:00,126
01.04.2020,10:00,107
01.04.2020,11:00,103
01.04.2020,12:00,77
01.04.2020,13:00,74
01.04.2020,14:00,74
01.04.2020,15:00,74
01.04.2020,16:00,87
01.04.2020,17:00,88
01.04.2020,18:00,97
01.04.2020,19:00,114
01.04.2020,20:00,119
01.04.2020,21:00,118
01.04.2020,22:00,101
01.04.2020,23:00,101
02.04.2020,00:00,89
02.04.2020,01:00,87
02.04.2020,02:00,87
02.04.2020,03:00,87
02.04.2020,04:00,87
02.04.2020,05:00,100
02.04.2020,06:00,108
02.04.2020,07:00,108
02.04.2020,08:00,119
02.04.2020,09:00,123
02.04.2020,10:00,124
02.04.2020,11:00,119
02.04.2020,12:00,106
02.04.2020,13:00,104
02.04.2020,14:00,104
02.04.2020,15:00,97
02.04.2020,16:00,103
02.04.2020,17:00,106
02.04.2020,18:00,114
02.04.2020,19:00,115
02.04.2020,20:00,115
02.04.2020,21:00,121
02.04.2020,22:00,124
02.04.2020,23:00,123
03.04.2020,00:00,86
03.04.2020,01:00,85
03.04.2020,02:00,91
03.04.2020,03:00,92
03.04.2020,04:00,95
03.04.2020,05:00,102
03.04.2020,06:00,110
03.04.2020,07:00,110
03.04.2020,08:00,110
03.04.2020,09:00,110
03.04.2020,10:00,111
03.04.2020,11:00,111
03.04.2020,12:00,105
03.04.2020,13:00,103
03.04.2020,14:00,103
03.04.2020,15:00,104
03.04.2020,16:00,91
03.04.2020,17:00,86
03.04.2020,18:00,88
03.04.2020,19:00,105
03.04.2020,20:00,105
03.04.2020,21:00,105
03.04.2020,22:00,105
03.04.2020,23:00,105
04.04.2020,00:00,106
04.04.2020,01:00,106
04.04.2020,02:00,106
04.04.2020,03:00,106
04.04.2020,04:00,106
04.04.2020,05:00,106
04.04.2020,06:00,126
04.04.2020,07:00,133
04.04.2020,08:00,133
04.04.2020,09:00,124
04.04.2020,10:00,124
04.04.2020,11:00,123
04.04.2020,12:00,108
04.04.2020,13:00,84
04.04.2020,14:00,89
04.04.2020,15:00,91
04.04.2020,16:00,91
04.04.2020,17:00,104
04.04.2020,18:00,105
04.04.2020,19:00,110
04.04.2020,20:00,119
04.04.2020,21:00,119
04.04.2020,22:00,119
04.04.2020,23:00,119
05.04.2020,00:00,119
05.04.2020,01:00,119
05.04.2020,02:00,119
05.04.2020,03:00,119
05.04.2020,04:00,120
05.04.2020,05:00,125
05.04.2020,06:00,124
05.04.2020,07:00,124
05.04.2020,08:00,124
05.04.2020,09:00,98
05.04.2020,10:00,87
05.04.2020,11:00,87
05.04.2020,12:00,86
05.04.2020,13:00,86
05.04.2020,14:00,84
05.04.2020,15:00,64
05.04.2020,16:00,63
05.04.2020,17:00,64
05.04.2020,18:00,83
05.04.2020,19:00,91
05.04.2020,20:00,91
05.04.2020,21:00,91
05.04.2020,22:00,91
05.04.2020,23:00,91
06.04.2020,00:00,91
06.04.2020,01:00,101
06.04.2020,02:00,101
06.04.2020,03:00,103
06.04.2020,04:00,111
06.04.2020,05:00,119
06.04.2020,06:00,119
06.04.2020,07:00,119
06.04.2020,08:00,119
06.04.2020,09:00,119
06.04.2020,10:00,117
06.04.2020,11:00,98
06.04.2020,12:00,85
06.04.2020,13:00,73
06.04.2020,14:00,73
06.04.2020,15:00,73
06.04.2020,16:00,64
06.04.2020,17:00,64
06.04.2020,18:00,64
06.04.2020,19:00,64
06.04.2020,20:00,72
06.04.2020,21:00,88
06.04.2020,22:00,91
06.04.2020,23:00,74
07.04.2020,00:00,64
07.04.2020,01:00,64
07.04.2020,02:00,64
07.04.2020,03:00,67
07.04.2020,04:00,75
07.04.2020,05:00,91
07.04.2020,06:00,100
07.04.2020,07:00,103
07.04.2020,08:00,103
07.04.2020,09:00,95
07.04.2020,10:00,94
07.04.2020,11:00,82
07.04.2020,12:00,73
07.04.2020,13:00,63
07.04.2020,14:00,63
07.04.2020,15:00,63
07.04.2020,16:00,64
07.04.2020,17:00,64
07.04.2020,18:00,64
07.04.2020,19:00,64
07.04.2020,20:00,79
07.04.2020,21:00,81
07.04.2020,22:00,81
07.04.2020,23:00,69
08.04.2020,00:00,68
08.04.2020,01:00,67
08.04.2020,02:00,67
08.04.2020,03:00,70
08.04.2020,04:00,81
08.04.2020,05:00,99
08.04.2020,06:00,100
08.04.2020,07:00,104
08.04.2020,08:00,104
08.04.2020,09:00,104
08.04.2020,10:00,86
08.04.2020,11:00,86
08.04.2020,12:00,74
08.04.2020,13:00,60
08.04.2020,14:00,53
08.04.2020,15:00,54
08.04.2020,16:00,53
08.04.2020,17:00,53
08.04.2020,18:00,54
08.04.2020,19:00,53
08.04.2020,20:00,74
08.04.2020,21:00,80
08.04.2020,22:00,68
08.04.2020,23:00,67
09.04.2020,00:00,63
09.04.2020,01:00,63
09.04.2020,02:00,63
09.04.2020,03:00,64
09.04.2020,04:00,73
09.04.2020,05:00,82
09.04.2020,06:00,86
09.04.2020,07:00,86
09.04.2020,08:00,86
09.04.2020,09:00,86
09.04.2020,10:00,73
09.04.2020,11:00,52
09.04.2020,12:00,50
09.04.2020,13:00,50
09.04.2020,14:00,53
09.04.2020,15:00,59
09.04.2020,16:00,59
09.04.2020,17:00,59
09.04.2020,18:00,60
09.04.2020,19:00,93
09.04.2020,20:00,100
09.04.2020,21:00,100
09.04.2020,22:00,100
09.04.2020,23:00,101
10.04.2020,00:00,101
10.04.2020,01:00,100
10.04.2020,02:00,100
10.04.2020,03:00,103
10.04.2020,04:00,119
10.04.2020,05:00,119
10.04.2020,06:00,127
10.04.2020,07:00,127
10.04.2020,08:00,115
10.04.2020,09:00,99
10.04.2020,10:00,80
10.04.2020,11:00,77
10.04.2020,12:00,76
10.04.2020,13:00,70
10.04.2020,14:00,63
10.04.2020,15:00,62
10.04.2020,16:00,62
10.04.2020,17:00,63
10.04.2020,18:00,62
10.04.2020,19:00,63
10.04.2020,20:00,63
10.04.2020,21:00,62
10.04.2020,22:00,62
10.04.2020,23:00,71
11.04.2020,00:00,75
11.04.2020,01:00,82
11.04.2020,02:00,82
11.04.2020,03:00,82
11.04.2020,04:00,106
11.04.2020,05:00,110
11.04.2020,06:00,110
11.04.2020,07:00,109
11.04.2020,08:00,110
11.04.2020,09:00,110
11.04.2020,10:00,110
11.04.2020,11:00,100
11.04.2020,12:00,93
11.04.2020,13:00,77
11.04.2020,14:00,78
11.04.2020,15:00,78
11.04.2020,16:00,77
11.04.2020,17:00,77
11.04.2020,18:00,77
11.04.2020,19:00,77
11.04.2020,20:00,77
11.04.2020,21:00,77
11.04.2020,22:00,77
11.04.2020,23:00,77
12.04.2020,00:00,78
12.04.2020,01:00,78
12.04.2020,02:00,78
12.04.2020,03:00,82
12.04.2020,04:00,108
12.04.2020,05:00,110
12.04.2020,06:00,100
12.04.2020,07:00,89
12.04.2020,08:00,82
12.04.2020,09:00,75
12.04.2020,10:00,67
12.04.2020,11:00,64
12.04.2020,12:00,64
12.04.2020,13:00,64
12.04.2020,14:00,64
12.04.2020,15:00,55
12.04.2020,16:00,50
12.04.2020,17:00,49
12.04.2020,18:00,49
12.04.2020,19:00,49
12.04.2020,20:00,49
12.04.2020,21:00,49
12.04.2020,22:00,49
12.04.2020,23:00,49
13.04.2020,00:00,49
13.04.2020,01:00,50
13.04.2020,02:00,50
13.04.2020,03:00,50
13.04.2020,04:00,50
13.04.2020,05:00,50
13.04.2020,06:00,59
13.04.2020,07:00,59
13.04.2020,08:00,59
13.04.2020,09:00,59
13.04.2020,10:00,60
13.04.2020,11:00,60
13.04.2020,12:00,53
13.04.2020,13:00,53
13.04.2020,14:00,53
13.04.2020,15:00,53
13.04.2020,16:00,53
13.04.2020,17:00,58
13.04.2020,18:00,84
13.04.2020,19:00,100
13.04.2020,20:00,101
13.04.2020,21:00,119
13.04.2020,22:00,102
13.04.2020,23:00,101
14.04.2020,00:00,101
14.04.2020,01:00,101
14.04.2020,02:00,101
14.04.2020,03:00,111
14.04.2020,04:00,126
14.04.2020,05:00,133
14.04.2020,06:00,133
14.04.2020,07:00,133
14.04.2020,08:00,133
14.04.2020,09:00,133
14.04.2020,10:00,119
14.04.2020,11:00,97
14.04.2020,12:00,82
14.04.2020,13:00,71
14.04.2020,14:00,71
14.04.2020,15:00,75
14.04.2020,16:00,107
14.04.2020,17:00,108
14.04.2020,18:00,107
14.04.2020,19:00,108
14.04.2020,20:00,108
14.04.2020,21:00,109
14.04.2020,22:00,108
14.04.2020,23:00,94
15.04.2020,00:00,72
15.04.2020,01:00,72
15.04.2020,02:00,72
15.04.2020,03:00,71
15.04.2020,04:00,79
15.04.2020,05:00,95
15.04.2020,06:00,95
15.04.2020,07:00,82
15.04.2020,08:00,81
15.04.2020,09:00,82
15.04.2020,10:00,82
15.04.2020,11:00,82
15.04.2020,12:00,82
15.04.2020,13:00,82
15.04.2020,14:00,82
15.04.2020,15:00,62
15.04.2020,16:00,54
15.04.2020,17:00,54
15.04.2020,18:00,55
15.04.2020,19:00,79
15.04.2020,20:00,87
15.04.2020,21:00,86
15.04.2020,22:00,86
15.04.2020,23:00,73
16.04.2020,00:00,73
16.04.2020,01:00,73
16.04.2020,02:00,73
16.04.2020,03:00,74
16.04.2020,04:00,87
16.04.2020,05:00,87
16.04.2020,06:00,87
16.04.2020,07:00,87
16.04.2020,08:00,83
16.04.2020,09:00,81
16.04.2020,10:00,82
16.04.2020,11:00,72
16.04.2020,12:00,56
16.04.2020,13:00,55
16.04.2020,14:00,55
16.04.2020,15:00,55
16.04.2020,16:00,55
16.04.2020,17:00,55
16.04.2020,18:00,55
16.04.2020,19:00,55
16.04.2020,20:00,55
16.04.2020,21:00,55
16.04.2020,22:00,55
16.04.2020,23:00,55
17.04.2020,00:00,55
17.04.2020,01:00,55
17.04.2020,02:00,55
17.04.2020,03:00,59
17.04.2020,04:00,74
17.04.2020,05:00,69
17.04.2020,06:00,86
17.04.2020,07:00,87
17.04.2020,08:00,87
17.04.2020,09:00,87
17.04.2020,10:00,87
17.04.2020,11:00,78
17.04.2020,12:00,59
17.04.2020,13:00,58
17.04.2020,14:00,58
17.04.2020,15:00,51
17.04.2020,16:00,50
17.04.2020,17:00,50
17.04.2020,18:00,50
17.04.2020,19:00,50
17.04.2020,20:00,50
17.04.2020,21:00,50
17.04.2020,22:00,49
17.04.2020,23:00,50
18.04.2020,00:00,50
18.04.2020,01:00,50
18.04.2020,02:00,50
18.04.2020,03:00,51
18.04.2020,04:00,59
18.04.2020,05:00,59
18.04.2020,06:00,59
18.04.2020,07:00,73
18.04.2020,08:00,68
18.04.2020,09:00,59
18.04.2020,10:00,57
18.04.2020,11:00,49
18.04.2020,12:00,49
18.04.2020,13:00,49
18.04.2020,14:00,49
18.04.2020,15:00,49
18.04.2020,16:00,49
18.04.2020,17:00,49
18.04.2020,18:00,49
18.04.2020,19:00,49
18.04.2020,20:00,50
18.04.2020,21:00,49
18.04.2020,22:00,55
18.04.2020,23:00,59
19.04.2020,00:00,59
19.04.2020,01:00,59
19.04.2020,02:00,59
19.04.2020,03:00,60
19.04.2020,04:00,64
19.04.2020,05:00,71
19.04.2020,06:00,64
19.04.2020,07:00,52
19.04.2020,08:00,44
19.04.2020,09:00,44
19.04.2020,10:00,60
19.04.2020,11:00,67
19.04.2020,12:00,45
19.04.2020,13:00,44
19.04.2020,14:00,38
19.04.2020,15:00,38
19.04.2020,16:00,38
19.04.2020,17:00,43
19.04.2020,18:00,69
19.04.2020,19:00,77
19.04.2020,20:00,77
19.04.2020,21:00,77
19.04.2020,22:00,77
19.04.2020,23:00,53
20.04.2020,00:00,53
20.04.2020,01:00,76
20.04.2020,02:00,78
20.04.2020,03:00,64
20.04.2020,04:00,29
20.04.2020,05:00,76
20.04.2020,06:00,77
20.04.2020,07:00,77
20.04.2020,08:00,77
20.04.2020,09:00,77
20.04.2020,10:00,77
20.04.2020,11:00,54
20.04.2020,12:00,51
20.04.2020,13:00,43
20.04.2020,14:00,36
20.04.2020,15:00,30
20.04.2020,16:00,30
20.04.2020,17:00,30
20.04.2020,18:00,30
20.04.2020,19:00,45
20.04.2020,20:00,56
20.04.2020,21:00,56
20.04.2020,22:00,56
20.04.2020,23:00,39
21.04.2020,00:00,39
21.04.2020,01:00,42
21.04.2020,02:00,42
21.04.2020,03:00,50
21.04.2020,04:00,42
21.04.2020,05:00,49
21.04.2020,06:00,66
21.04.2020,07:00,75
21.04.2020,08:00,78
21.04.2020,09:00,73
21.04.2020,10:00,54
21.04.2020,11:00,45
21.04.2020,12:00,38
21.04.2020,13:00,38
21.04.2020,14:00,28
21.04.2020,15:00,25
21.04.2020,16:00,26
21.04.2020,17:00,42
21.04.2020,18:00,54
21.04.2020,19:00,69
21.04.2020,20:00,68
21.04.2020,21:00,69
21.04.2020,22:00,69
21.04.2020,23:00,69
22.04.2020,00:00,69
22.04.2020,01:00,60
22.04.2020,02:00,58
22.04.2020,03:00,61
22.04.2020,04:00,58
22.04.2020,05:00,75
22.04.2020,06:00,77
22.04.2020,07:00,77
22.04.2020,08:00,77
22.04.2020,09:00,77
22.04.2020,10:00,61
22.04.2020,11:00,53
22.04.2020,12:00,36
22.04.2020,13:00,37
22.04.2020,14:00,37
22.04.2020,15:00,41
22.04.2020,16:00,45
22.04.2020,17:00,51
22.04.2020,18:00,51
22.04.2020,19:00,51
22.04.2020,20:00,50
22.04.2020,21:00,51
22.04.2020,22:00,51
22.04.2020,23:00,51
23.04.2020,00:00,43
23.04.2020,01:00,42
23.04.2020,02:00,42
23.04.2020,03:00,44
23.04.2020,04:00,42
23.04.2020,05:00,41
23.04.2020,06:00,49
23.04.2020,07:00,67
23.04.2020,08:00,76
23.04.2020,09:00,62
23.04.2020,10:00,57
23.04.2020,11:00,41
23.04.2020,12:00,41
23.04.2020,13:00,37
23.04.2020,14:00,37
23.04.2020,15:00,36
23.04.2020,16:00,37
23.04.2020,17:00,37
23.04.2020,18:00,37
23.04.2020,19:00,36
23.04.2020,20:00,44
23.04.2020,21:00,37
23.04.2020,22:00,37
23.04.2020,23:00,37
24.04.2020,00:00,38
24.04.2020,01:00,46
24.04.2020,02:00,47
24.04.2020,03:00,71
24.04.2020,04:00,78
24.04.2020,05:00,77
24.04.2020,06:00,78
24.04.2020,07:00,78
24.04.2020,08:00,65
24.04.2020,09:00,55
24.04.2020,10:00,54
24.04.2020,11:00,43
24.04.2020,12:00,41
24.04.2020,13:00,37
24.04.2020,14:00,32
24.04.2020,15:00,31
24.04.2020,16:00,32
24.04.2020,17:00,31
24.04.2020,18:00,31
24.04.2020,19:00,33
24.04.2020,20:00,41
24.04.2020,21:00,50
24.04.2020,22:00,52
24.04.2020,23:00,56
25.04.2020,00:00,55
25.04.2020,01:00,54
25.04.2020,02:00,54
25.04.2020,03:00,67
25.04.2020,04:00,69
25.04.2020,05:00,89
25.04.2020,06:00,87
25.04.2020,07:00,61
25.04.2020,08:00,57
25.04.2020,09:00,58
25.04.2020,10:00,58
25.04.2020,11:00,58
25.04.2020,12:00,58
25.04.2020,13:00,58
25.04.2020,14:00,58
25.04.2020,15:00,58
25.04.2020,16:00,59
25.04.2020,17:00,67
25.04.2020,18:00,67
25.04.2020,19:00,67
25.04.2020,20:00,67
25.04.2020,21:00,67
25.04.2020,22:00,68
25.04.2020,23:00,59
26.04.2020,00:00,58
26.04.2020,01:00,59
26.04.2020,02:00,68
26.04.2020,03:00,68
26.04.2020,04:00,69
26.04.2020,05:00,76
26.04.2020,06:00,76
26.04.2020,07:00,76
26.04.2020,08:00,76
26.04.2020,09:00,76
26.04.2020,10:00,75
26.04.2020,11:00,59
26.04.2020,12:00,55
26.04.2020,13:00,49
26.04.2020,14:00,49
26.04.2020,15:00,56
26.04.2020,16:00,59
26.04.2020,17:00,59
26.04.2020,18:00,51
26.04.2020,19:00,44
26.04.2020,20:00,42
26.04.2020,21:00,42
26.04.2020,22:00,52
26.04.2020,23:00,53
27.04.2020,00:00,53
27.04.2020,01:00,53
27.04.2020,02:00,53
27.04.2020,03:00,67
27.04.2020,04:00,73
27.04.2020,05:00,77
27.04.2020,06:00,76
27.04.2020,07:00,77
27.04.2020,08:00,59
27.04.2020,09:00,43
27.04.2020,10:00,39
27.04.2020,11:00,40
27.04.2020,12:00,40
27.04.2020,13:00,40
27.04.2020,14:00,40
27.04.2020,15:00,40
27.04.2020,16:00,40
27.04.2020,17:00,40
27.04.2020,18:00,40
27.04.2020,19:00,40
27.04.2020,20:00,40
27.04.2020,21:00,40
27.04.2020,22:00,39
27.04.2020,23:00,32
28.04.2020,00:00,31
28.04.2020,01:00,31
28.04.2020,02:00,31
28.04.2020,03:00,39
28.04.2020,04:00,41
28.04.2020,05:00,60
28.04.2020,06:00,68
28.04.2020,07:00,55
28.04.2020,08:00,50
28.04.2020,09:00,50
28.04.2020,10:00,51
28.04.2020,11:00,40
28.04.2020,12:00,35
28.04.2020,13:00,34
28.04.2020,14:00,27
28.04.2020,15:00,24
28.04.2020,16:00,26
28.04.2020,17:00,29
28.04.2020,18:00,35
28.04.2020,19:00,36
28.04.2020,20:00,36
28.04.2020,21:00,39
28.04.2020,22:00,39
28.04.2020,23:00,39
29.04.2020,00:00,38
29.04.2020,01:00,38
29.04.2020,02:00,43
29.04.2020,03:00,46
29.04.2020,04:00,43
29.04.2020,05:00,57
29.04.2020,06:00,62
29.04.2020,07:00,44
29.04.2020,08:00,34
29.04.2020,09:00,34
29.04.2020,10:00,34
29.04.2020,11:00,34
29.04.2020,12:00,115
29.04.2020,13:00,138
29.04.2020,14:00,138
29.04.2020,15:00,138
29.04.2020,16:00,138
29.04.2020,17:00,138
29.04.2020,18:00,138
29.04.2020,19:00,138
29.04.2020,20:00,138
29.04.2020,21:00,138
29.04.2020,22:00,138
29.04.2020,23:00,138
30.04.2020,00:00,138
30.04.2020,01:00,138
30.04.2020,02:00,138
30.04.2020,03:00,138
30.04.2020,04:00,138
30.04.2020,05:00,138
30.04.2020,06:00,138
30.04.2020,07:00,138
30.04.2020,08:00,138
30.04.2020,09:00,138
30.04.2020,10:00,138
30.04.2020,11:00,138
30.04.2020,12:00,138
30.04.2020,13:00,138
30.04.2020,14:00,138
30.04.2020,15:00,138
30.04.2020,16:00,138
30.04.2020,17:00,138
30.04.2020,18:00,138
30.04.2020,19:00,138
30.04.2020,20:00,138
30.04.2020,21:00,138
30.04.2020,22:00,138
30.04.2020,23:00,138
