Datum,Uhrzeit,Generation_DE WAL 2[MW],Generation_DE WAL 1[MW],Generation_DE WAL GT D[MW]
01.01.2020,00:00,0,0,0
01.01.2020,01:00,0,0,0
01.01.2020,02:00,0,0,0
01.01.2020,03:00,0,0,0
01.01.2020,04:00,0,0,0
01.01.2020,05:00,0,0,0
01.01.2020,06:00,0,0,0
01.01.2020,07:00,0,0,0
01.01.2020,08:00,0,0,0
01.01.2020,09:00,0,0,0
01.01.2020,10:00,0,0,0
01.01.2020,11:00,0,0,0
01.01.2020,12:00,0,0,0
01.01.2020,13:00,0,0,0
01.01.2020,14:00,0,0,0
01.01.2020,15:00,0,0,0
01.01.2020,16:00,0,0,0
01.01.2020,17:00,0,0,0
01.01.2020,18:00,0,0,0
01.01.2020,19:00,0,0,0
01.01.2020,20:00,0,0,0
01.01.2020,21:00,0,0,0
01.01.2020,22:00,0,0,0
01.01.2020,23:00,0,0,0
02.01.2020,00:00,0,0,0
02.01.2020,01:00,0,0,0
02.01.2020,02:00,0,0,0
02.01.2020,03:00,0,0,0
02.01.2020,04:00,0,0,0
02.01.2020,05:00,0,0,0
02.01.2020,06:00,0,0,0
02.01.2020,07:00,0,0,0
02.01.2020,08:00,0,0,0
02.01.2020,09:00,0,0,0
02.01.2020,10:00,0,0,0
02.01.2020,11:00,0,0,0
02.01.2020,12:00,0,0,0
02.01.2020,13:00,0,0,0
02.01.2020,14:00,0,0,0
02.01.2020,15:00,0,0,0
02.01.2020,16:00,0,0,0
02.01.2020,17:00,0,0,0
02.01.2020,18:00,0,0,0
02.01.2020,19:00,0,0,0
02.01.2020,20:00,0,0,0
02.01.2020,21:00,0,0,0
02.01.2020,22:00,0,0,0
02.01.2020,23:00,0,0,0
03.01.2020,00:00,0,0,0
03.01.2020,01:00,0,0,0
03.01.2020,02:00,0,0,0
03.01.2020,03:00,0,0,0
03.01.2020,04:00,0,0,0
03.01.2020,05:00,0,0,0
03.01.2020,06:00,0,0,0
03.01.2020,07:00,0,0,0
03.01.2020,08:00,0,0,0
03.01.2020,09:00,0,0,0
03.01.2020,10:00,0,0,0
03.01.2020,11:00,0,0,0
03.01.2020,12:00,0,0,0
03.01.2020,13:00,0,0,0
03.01.2020,14:00,0,0,0
03.01.2020,15:00,0,0,0
03.01.2020,16:00,0,0,0
03.01.2020,17:00,0,0,0
03.01.2020,18:00,0,0,0
03.01.2020,19:00,0,0,0
03.01.2020,20:00,0,0,0
03.01.2020,21:00,0,0,0
03.01.2020,22:00,0,0,0
03.01.2020,23:00,0,0,0
04.01.2020,00:00,0,0,0
04.01.2020,01:00,0,0,0
04.01.2020,02:00,0,0,0
04.01.2020,03:00,0,0,0
04.01.2020,04:00,0,0,0
04.01.2020,05:00,0,0,0
04.01.2020,06:00,0,0,0
04.01.2020,07:00,0,0,0
04.01.2020,08:00,0,0,0
04.01.2020,09:00,0,0,0
04.01.2020,10:00,0,0,0
04.01.2020,11:00,0,0,0
04.01.2020,12:00,0,0,0
04.01.2020,13:00,0,0,0
04.01.2020,14:00,0,0,0
04.01.2020,15:00,0,0,0
04.01.2020,16:00,0,0,0
04.01.2020,17:00,0,0,0
04.01.2020,18:00,0,0,0
04.01.2020,19:00,0,0,0
04.01.2020,20:00,0,0,0
04.01.2020,21:00,0,0,0
04.01.2020,22:00,0,0,0
04.01.2020,23:00,0,0,0
05.01.2020,00:00,0,0,0
05.01.2020,01:00,0,0,0
05.01.2020,02:00,0,0,0
05.01.2020,03:00,0,0,0
05.01.2020,04:00,0,0,0
05.01.2020,05:00,0,0,0
05.01.2020,06:00,0,0,0
05.01.2020,07:00,0,0,0
05.01.2020,08:00,0,0,0
05.01.2020,09:00,0,0,0
05.01.2020,10:00,0,0,0
05.01.2020,11:00,0,0,0
05.01.2020,12:00,0,0,0
05.01.2020,13:00,0,0,0
05.01.2020,14:00,0,0,0
05.01.2020,15:00,0,0,0
05.01.2020,16:00,0,0,0
05.01.2020,17:00,0,0,0
05.01.2020,18:00,0,0,0
05.01.2020,19:00,0,0,0
05.01.2020,20:00,0,0,0
05.01.2020,21:00,0,0,0
05.01.2020,22:00,0,0,0
05.01.2020,23:00,0,0,0
06.01.2020,00:00,0,0,0
06.01.2020,01:00,0,0,0
06.01.2020,02:00,0,0,0
06.01.2020,03:00,0,0,0
06.01.2020,04:00,0,0,0
06.01.2020,05:00,0,0,0
06.01.2020,06:00,0,0,0
06.01.2020,07:00,0,0,0
06.01.2020,08:00,0,0,0
06.01.2020,09:00,0,0,0
06.01.2020,10:00,0,0,0
06.01.2020,11:00,0,0,0
06.01.2020,12:00,0,0,0
06.01.2020,13:00,0,0,0
06.01.2020,14:00,0,0,0
06.01.2020,15:00,0,0,0
06.01.2020,16:00,0,0,0
06.01.2020,17:00,0,0,0
06.01.2020,18:00,0,0,0
06.01.2020,19:00,0,0,0
06.01.2020,20:00,0,0,0
06.01.2020,21:00,0,0,0
06.01.2020,22:00,0,0,0
06.01.2020,23:00,0,0,0
07.01.2020,00:00,0,0,0
07.01.2020,01:00,0,0,0
07.01.2020,02:00,0,0,0
07.01.2020,03:00,0,0,0
07.01.2020,04:00,0,0,0
07.01.2020,05:00,0,0,0
07.01.2020,06:00,0,0,0
07.01.2020,07:00,0,0,0
07.01.2020,08:00,0,0,0
07.01.2020,09:00,0,0,0
07.01.2020,10:00,0,0,0
07.01.2020,11:00,0,0,0
07.01.2020,12:00,0,0,0
07.01.2020,13:00,0,0,0
07.01.2020,14:00,0,0,0
07.01.2020,15:00,0,0,0
07.01.2020,16:00,0,0,0
07.01.2020,17:00,0,0,0
07.01.2020,18:00,0,0,0
07.01.2020,19:00,0,0,0
07.01.2020,20:00,0,0,0
07.01.2020,21:00,0,0,0
07.01.2020,22:00,0,0,0
07.01.2020,23:00,0,0,0
08.01.2020,00:00,0,0,0
08.01.2020,01:00,0,0,0
08.01.2020,02:00,0,0,0
08.01.2020,03:00,0,0,0
08.01.2020,04:00,0,0,0
08.01.2020,05:00,0,0,0
08.01.2020,06:00,0,0,0
08.01.2020,07:00,0,0,0
08.01.2020,08:00,0,0,0
08.01.2020,09:00,0,0,0
08.01.2020,10:00,0,0,0
08.01.2020,11:00,0,0,0
08.01.2020,12:00,0,0,0
08.01.2020,13:00,0,0,0
08.01.2020,14:00,0,0,0
08.01.2020,15:00,0,0,0
08.01.2020,16:00,0,0,0
08.01.2020,17:00,0,0,0
08.01.2020,18:00,0,0,0
08.01.2020,19:00,0,0,0
08.01.2020,20:00,0,0,0
08.01.2020,21:00,0,0,0
08.01.2020,22:00,0,0,0
08.01.2020,23:00,0,0,0
09.01.2020,00:00,0,0,0
09.01.2020,01:00,0,0,0
09.01.2020,02:00,0,0,0
09.01.2020,03:00,0,0,0
09.01.2020,04:00,0,0,0
09.01.2020,05:00,0,0,0
09.01.2020,06:00,0,0,0
09.01.2020,07:00,0,0,0
09.01.2020,08:00,0,0,0
09.01.2020,09:00,0,0,0
09.01.2020,10:00,0,0,0
09.01.2020,11:00,0,0,0
09.01.2020,12:00,0,0,0
09.01.2020,13:00,0,0,0
09.01.2020,14:00,0,0,0
09.01.2020,15:00,0,0,0
09.01.2020,16:00,0,0,0
09.01.2020,17:00,0,0,0
09.01.2020,18:00,0,0,0
09.01.2020,19:00,0,0,0
09.01.2020,20:00,0,0,0
09.01.2020,21:00,0,0,0
09.01.2020,22:00,0,0,0
09.01.2020,23:00,0,0,0
10.01.2020,00:00,0,0,0
10.01.2020,01:00,0,0,0
10.01.2020,02:00,0,0,0
10.01.2020,03:00,0,0,0
10.01.2020,04:00,0,0,0
10.01.2020,05:00,0,0,0
10.01.2020,06:00,0,0,0
10.01.2020,07:00,0,0,0
10.01.2020,08:00,0,0,0
10.01.2020,09:00,0,0,0
10.01.2020,10:00,0,0,0
10.01.2020,11:00,0,0,0
10.01.2020,12:00,0,0,0
10.01.2020,13:00,0,0,0
10.01.2020,14:00,0,0,0
10.01.2020,15:00,0,0,0
10.01.2020,16:00,0,0,0
10.01.2020,17:00,0,0,0
10.01.2020,18:00,0,0,0
10.01.2020,19:00,0,0,0
10.01.2020,20:00,0,0,0
10.01.2020,21:00,0,0,0
10.01.2020,22:00,0,0,0
10.01.2020,23:00,0,0,0
11.01.2020,00:00,0,0,0
11.01.2020,01:00,0,0,0
11.01.2020,02:00,0,0,0
11.01.2020,03:00,0,0,0
11.01.2020,04:00,0,0,0
11.01.2020,05:00,0,0,0
11.01.2020,06:00,0,0,0
11.01.2020,07:00,0,0,0
11.01.2020,08:00,0,0,0
11.01.2020,09:00,0,0,0
11.01.2020,10:00,0,0,0
11.01.2020,11:00,0,0,0
11.01.2020,12:00,0,0,0
11.01.2020,13:00,0,0,0
11.01.2020,14:00,0,0,0
11.01.2020,15:00,0,0,0
11.01.2020,16:00,0,0,0
11.01.2020,17:00,0,0,0
11.01.2020,18:00,0,0,0
11.01.2020,19:00,0,0,0
11.01.2020,20:00,0,0,0
11.01.2020,21:00,0,0,0
11.01.2020,22:00,0,0,0
11.01.2020,23:00,0,0,0
12.01.2020,00:00,0,0,0
12.01.2020,01:00,0,0,0
12.01.2020,02:00,0,0,0
12.01.2020,03:00,0,0,0
12.01.2020,04:00,0,0,0
12.01.2020,05:00,0,0,0
12.01.2020,06:00,0,0,0
12.01.2020,07:00,0,0,0
12.01.2020,08:00,0,0,0
12.01.2020,09:00,0,0,0
12.01.2020,10:00,0,0,0
12.01.2020,11:00,0,0,0
12.01.2020,12:00,0,0,0
12.01.2020,13:00,0,0,0
12.01.2020,14:00,0,0,0
12.01.2020,15:00,0,0,0
12.01.2020,16:00,0,0,0
12.01.2020,17:00,0,0,0
12.01.2020,18:00,0,0,0
12.01.2020,19:00,0,0,0
12.01.2020,20:00,0,0,0
12.01.2020,21:00,0,0,0
12.01.2020,22:00,0,0,0
12.01.2020,23:00,0,0,0
13.01.2020,00:00,0,0,0
13.01.2020,01:00,0,0,0
13.01.2020,02:00,0,0,0
13.01.2020,03:00,0,0,0
13.01.2020,04:00,0,0,0
13.01.2020,05:00,0,0,0
13.01.2020,06:00,0,0,0
13.01.2020,07:00,0,0,0
13.01.2020,08:00,0,0,0
13.01.2020,09:00,0,0,0
13.01.2020,10:00,0,0,0
13.01.2020,11:00,0,0,0
13.01.2020,12:00,0,0,0
13.01.2020,13:00,0,0,0
13.01.2020,14:00,0,0,0
13.01.2020,15:00,0,0,0
13.01.2020,16:00,0,0,0
13.01.2020,17:00,0,0,54
13.01.2020,18:00,0,0,31
13.01.2020,19:00,0,0,0
13.01.2020,20:00,0,0,0
13.01.2020,21:00,0,0,0
13.01.2020,22:00,0,0,0
13.01.2020,23:00,0,0,0
14.01.2020,00:00,0,0,0
14.01.2020,01:00,0,0,0
14.01.2020,02:00,0,0,0
14.01.2020,03:00,0,0,0
14.01.2020,04:00,0,0,0
14.01.2020,05:00,0,0,0
14.01.2020,06:00,0,0,0
14.01.2020,07:00,0,0,0
14.01.2020,08:00,0,0,0
14.01.2020,09:00,0,0,0
14.01.2020,10:00,0,0,0
14.01.2020,11:00,0,0,0
14.01.2020,12:00,0,0,0
14.01.2020,13:00,0,0,0
14.01.2020,14:00,0,0,0
14.01.2020,15:00,0,0,0
14.01.2020,16:00,0,0,0
14.01.2020,17:00,0,0,0
14.01.2020,18:00,0,0,0
14.01.2020,19:00,0,0,0
14.01.2020,20:00,0,0,0
14.01.2020,21:00,0,0,0
14.01.2020,22:00,0,0,0
14.01.2020,23:00,0,0,0
15.01.2020,00:00,0,0,0
15.01.2020,01:00,0,0,0
15.01.2020,02:00,0,0,0
15.01.2020,03:00,0,0,0
15.01.2020,04:00,0,0,0
15.01.2020,05:00,0,0,0
15.01.2020,06:00,0,0,0
15.01.2020,07:00,0,0,0
15.01.2020,08:00,0,0,0
15.01.2020,09:00,0,0,0
15.01.2020,10:00,0,0,0
15.01.2020,11:00,0,0,0
15.01.2020,12:00,0,0,0
15.01.2020,13:00,0,0,0
15.01.2020,14:00,0,0,0
15.01.2020,15:00,0,0,0
15.01.2020,16:00,0,0,0
15.01.2020,17:00,0,0,0
15.01.2020,18:00,0,0,0
15.01.2020,19:00,0,0,0
15.01.2020,20:00,0,0,0
15.01.2020,21:00,0,0,0
15.01.2020,22:00,0,0,0
15.01.2020,23:00,0,0,0
16.01.2020,00:00,0,0,0
16.01.2020,01:00,0,0,0
16.01.2020,02:00,0,0,0
16.01.2020,03:00,0,0,0
16.01.2020,04:00,0,0,0
16.01.2020,05:00,0,0,0
16.01.2020,06:00,0,0,0
16.01.2020,07:00,0,0,0
16.01.2020,08:00,0,0,0
16.01.2020,09:00,0,0,0
16.01.2020,10:00,0,0,0
16.01.2020,11:00,0,0,0
16.01.2020,12:00,0,0,0
16.01.2020,13:00,0,0,0
16.01.2020,14:00,0,0,0
16.01.2020,15:00,0,0,55
16.01.2020,16:00,0,0,54
16.01.2020,17:00,0,0,0
16.01.2020,18:00,0,0,0
16.01.2020,19:00,0,0,0
16.01.2020,20:00,0,0,0
16.01.2020,21:00,0,0,0
16.01.2020,22:00,0,0,0
16.01.2020,23:00,0,0,0
17.01.2020,00:00,0,0,0
17.01.2020,01:00,0,0,0
17.01.2020,02:00,0,0,0
17.01.2020,03:00,0,0,0
17.01.2020,04:00,0,0,0
17.01.2020,05:00,0,0,0
17.01.2020,06:00,0,0,0
17.01.2020,07:00,0,0,115
17.01.2020,08:00,0,0,19
17.01.2020,09:00,0,0,0
17.01.2020,10:00,0,0,0
17.01.2020,11:00,0,0,0
17.01.2020,12:00,0,0,0
17.01.2020,13:00,0,0,0
17.01.2020,14:00,0,0,0
17.01.2020,15:00,0,0,0
17.01.2020,16:00,0,0,0
17.01.2020,17:00,0,0,0
17.01.2020,18:00,0,0,0
17.01.2020,19:00,0,0,0
17.01.2020,20:00,0,0,0
17.01.2020,21:00,0,0,0
17.01.2020,22:00,0,0,0
17.01.2020,23:00,0,0,0
18.01.2020,00:00,0,0,0
18.01.2020,01:00,0,0,0
18.01.2020,02:00,0,0,0
18.01.2020,03:00,0,0,0
18.01.2020,04:00,0,0,0
18.01.2020,05:00,0,0,0
18.01.2020,06:00,0,0,0
18.01.2020,07:00,0,0,0
18.01.2020,08:00,0,0,0
18.01.2020,09:00,0,0,0
18.01.2020,10:00,0,0,0
18.01.2020,11:00,0,0,0
18.01.2020,12:00,0,0,0
18.01.2020,13:00,0,0,0
18.01.2020,14:00,0,0,0
18.01.2020,15:00,0,0,0
18.01.2020,16:00,0,0,0
18.01.2020,17:00,0,0,0
18.01.2020,18:00,0,0,0
18.01.2020,19:00,0,0,0
18.01.2020,20:00,0,0,0
18.01.2020,21:00,0,0,0
18.01.2020,22:00,0,0,0
18.01.2020,23:00,0,0,0
19.01.2020,00:00,0,0,0
19.01.2020,01:00,0,0,0
19.01.2020,02:00,0,0,0
19.01.2020,03:00,0,0,0
19.01.2020,04:00,0,0,0
19.01.2020,05:00,0,0,0
19.01.2020,06:00,0,0,0
19.01.2020,07:00,0,0,0
19.01.2020,08:00,0,0,0
19.01.2020,09:00,0,0,0
19.01.2020,10:00,0,0,0
19.01.2020,11:00,0,0,0
19.01.2020,12:00,0,0,0
19.01.2020,13:00,0,0,0
19.01.2020,14:00,0,0,0
19.01.2020,15:00,0,0,0
19.01.2020,16:00,0,0,0
19.01.2020,17:00,0,0,0
19.01.2020,18:00,0,0,0
19.01.2020,19:00,0,0,0
19.01.2020,20:00,0,0,0
19.01.2020,21:00,0,0,0
19.01.2020,22:00,0,0,0
19.01.2020,23:00,0,0,0
20.01.2020,00:00,0,0,0
20.01.2020,01:00,0,0,0
20.01.2020,02:00,0,0,0
20.01.2020,03:00,0,0,0
20.01.2020,04:00,0,0,0
20.01.2020,05:00,0,0,0
20.01.2020,06:00,0,0,0
20.01.2020,07:00,0,0,0
20.01.2020,08:00,0,0,0
20.01.2020,09:00,0,0,0
20.01.2020,10:00,0,0,0
20.01.2020,11:00,0,0,0
20.01.2020,12:00,0,0,0
20.01.2020,13:00,0,0,0
20.01.2020,14:00,0,0,0
20.01.2020,15:00,0,0,0
20.01.2020,16:00,0,0,0
20.01.2020,17:00,0,0,37
20.01.2020,18:00,0,0,65
20.01.2020,19:00,0,0,0
20.01.2020,20:00,0,0,0
20.01.2020,21:00,0,0,0
20.01.2020,22:00,0,0,0
20.01.2020,23:00,0,0,0
21.01.2020,00:00,0,0,0
21.01.2020,01:00,0,0,0
21.01.2020,02:00,0,0,0
21.01.2020,03:00,0,0,0
21.01.2020,04:00,0,0,0
21.01.2020,05:00,0,0,0
21.01.2020,06:00,0,0,0
21.01.2020,07:00,0,0,75
21.01.2020,08:00,0,0,138
21.01.2020,09:00,0,0,76
21.01.2020,10:00,0,0,0
21.01.2020,11:00,0,0,0
21.01.2020,12:00,0,0,0
21.01.2020,13:00,0,0,0
21.01.2020,14:00,0,0,0
21.01.2020,15:00,0,0,0
21.01.2020,16:00,0,0,19
21.01.2020,17:00,0,0,132
21.01.2020,18:00,0,0,137
21.01.2020,19:00,0,0,137
21.01.2020,20:00,0,0,50
21.01.2020,21:00,0,0,0
21.01.2020,22:00,0,0,0
21.01.2020,23:00,0,0,0
22.01.2020,00:00,0,0,0
22.01.2020,01:00,0,0,0
22.01.2020,02:00,0,0,0
22.01.2020,03:00,0,0,0
22.01.2020,04:00,0,0,0
22.01.2020,05:00,0,0,0
22.01.2020,06:00,0,0,0
22.01.2020,07:00,0,0,94
22.01.2020,08:00,0,0,138
22.01.2020,09:00,0,0,138
22.01.2020,10:00,0,0,139
22.01.2020,11:00,0,0,135
22.01.2020,12:00,0,0,124
22.01.2020,13:00,0,0,3
22.01.2020,14:00,0,0,122
22.01.2020,15:00,0,0,11
22.01.2020,16:00,0,0,27
22.01.2020,17:00,0,0,136
22.01.2020,18:00,0,0,137
22.01.2020,19:00,0,0,129
22.01.2020,20:00,0,0,1
22.01.2020,21:00,0,0,0
22.01.2020,22:00,0,0,0
22.01.2020,23:00,0,0,0
23.01.2020,00:00,0,0,0
23.01.2020,01:00,0,0,0
23.01.2020,02:00,0,0,0
23.01.2020,03:00,0,0,0
23.01.2020,04:00,0,0,0
23.01.2020,05:00,0,0,0
23.01.2020,06:00,0,0,0
23.01.2020,07:00,0,0,46
23.01.2020,08:00,0,0,129
23.01.2020,09:00,0,0,129
23.01.2020,10:00,0,0,128
23.01.2020,11:00,0,0,91
23.01.2020,12:00,0,0,0
23.01.2020,13:00,0,0,0
23.01.2020,14:00,0,0,0
23.01.2020,15:00,0,0,51
23.01.2020,16:00,0,0,129
23.01.2020,17:00,0,0,134
23.01.2020,18:00,0,0,134
23.01.2020,19:00,0,0,134
23.01.2020,20:00,0,0,29
23.01.2020,21:00,0,0,0
23.01.2020,22:00,0,0,0
23.01.2020,23:00,0,0,0
24.01.2020,00:00,0,0,0
24.01.2020,01:00,0,0,0
24.01.2020,02:00,0,0,0
24.01.2020,03:00,0,0,0
24.01.2020,04:00,0,0,0
24.01.2020,05:00,0,0,0
24.01.2020,06:00,0,0,0
24.01.2020,07:00,0,0,38
24.01.2020,08:00,0,0,132
24.01.2020,09:00,0,0,16
24.01.2020,10:00,0,0,0
24.01.2020,11:00,0,0,0
24.01.2020,12:00,0,0,0
24.01.2020,13:00,0,0,0
24.01.2020,14:00,0,0,0
24.01.2020,15:00,0,0,0
24.01.2020,16:00,0,0,0
24.01.2020,17:00,0,0,0
24.01.2020,18:00,0,0,0
24.01.2020,19:00,0,0,0
24.01.2020,20:00,0,0,0
24.01.2020,21:00,0,0,0
24.01.2020,22:00,0,0,0
24.01.2020,23:00,0,0,0
25.01.2020,00:00,0,0,0
25.01.2020,01:00,0,0,0
25.01.2020,02:00,0,0,0
25.01.2020,03:00,0,0,0
25.01.2020,04:00,0,0,0
25.01.2020,05:00,0,0,0
25.01.2020,06:00,0,0,0
25.01.2020,07:00,0,0,0
25.01.2020,08:00,0,0,0
25.01.2020,09:00,0,0,0
25.01.2020,10:00,0,0,0
25.01.2020,11:00,0,0,0
25.01.2020,12:00,0,0,0
25.01.2020,13:00,0,0,0
25.01.2020,14:00,0,0,0
25.01.2020,15:00,0,0,0
25.01.2020,16:00,0,0,0
25.01.2020,17:00,0,0,0
25.01.2020,18:00,0,0,0
25.01.2020,19:00,0,0,0
25.01.2020,20:00,0,0,0
25.01.2020,21:00,0,0,0
25.01.2020,22:00,0,0,0
25.01.2020,23:00,0,0,0
26.01.2020,00:00,0,0,0
26.01.2020,01:00,0,0,0
26.01.2020,02:00,0,0,0
26.01.2020,03:00,0,0,0
26.01.2020,04:00,0,0,0
26.01.2020,05:00,0,0,0
26.01.2020,06:00,0,0,0
26.01.2020,07:00,0,0,0
26.01.2020,08:00,0,0,0
26.01.2020,09:00,0,0,0
26.01.2020,10:00,0,0,0
26.01.2020,11:00,0,0,0
26.01.2020,12:00,0,0,0
26.01.2020,13:00,0,0,0
26.01.2020,14:00,0,0,0
26.01.2020,15:00,0,0,0
26.01.2020,16:00,0,0,0
26.01.2020,17:00,0,0,0
26.01.2020,18:00,0,0,0
26.01.2020,19:00,0,0,0
26.01.2020,20:00,0,0,0
26.01.2020,21:00,0,0,0
26.01.2020,22:00,0,0,0
26.01.2020,23:00,0,0,0
27.01.2020,00:00,0,0,0
27.01.2020,01:00,0,0,0
27.01.2020,02:00,0,0,0
27.01.2020,03:00,0,0,0
27.01.2020,04:00,0,0,0
27.01.2020,05:00,0,0,0
27.01.2020,06:00,0,0,0
27.01.2020,07:00,0,0,0
27.01.2020,08:00,0,0,0
27.01.2020,09:00,0,0,0
27.01.2020,10:00,0,0,0
27.01.2020,11:00,0,0,0
27.01.2020,12:00,0,0,0
27.01.2020,13:00,0,0,0
27.01.2020,14:00,0,0,0
27.01.2020,15:00,0,0,0
27.01.2020,16:00,0,0,0
27.01.2020,17:00,0,0,0
27.01.2020,18:00,0,0,0
27.01.2020,19:00,0,0,0
27.01.2020,20:00,0,0,0
27.01.2020,21:00,0,0,0
27.01.2020,22:00,0,0,0
27.01.2020,23:00,0,0,0
28.01.2020,00:00,0,0,0
28.01.2020,01:00,0,0,0
28.01.2020,02:00,0,0,0
28.01.2020,03:00,0,0,0
28.01.2020,04:00,0,0,0
28.01.2020,05:00,0,0,0
28.01.2020,06:00,0,0,0
28.01.2020,07:00,0,0,0
28.01.2020,08:00,0,0,0
28.01.2020,09:00,0,0,0
28.01.2020,10:00,0,0,0
28.01.2020,11:00,0,0,0
28.01.2020,12:00,0,0,0
28.01.2020,13:00,0,0,0
28.01.2020,14:00,0,0,0
28.01.2020,15:00,0,0,0
28.01.2020,16:00,0,0,0
28.01.2020,17:00,0,0,0
28.01.2020,18:00,0,0,0
28.01.2020,19:00,0,0,0
28.01.2020,20:00,0,0,0
28.01.2020,21:00,0,0,0
28.01.2020,22:00,0,0,0
28.01.2020,23:00,0,0,0
29.01.2020,00:00,0,0,0
29.01.2020,01:00,0,0,0
29.01.2020,02:00,0,0,0
29.01.2020,03:00,0,0,0
29.01.2020,04:00,0,0,0
29.01.2020,05:00,0,0,0
29.01.2020,06:00,0,0,0
29.01.2020,07:00,0,0,0
29.01.2020,08:00,0,0,0
29.01.2020,09:00,0,0,0
29.01.2020,10:00,0,0,0
29.01.2020,11:00,0,0,0
29.01.2020,12:00,0,0,0
29.01.2020,13:00,0,0,0
29.01.2020,14:00,0,0,0
29.01.2020,15:00,0,0,0
29.01.2020,16:00,0,0,0
29.01.2020,17:00,0,0,0
29.01.2020,18:00,0,0,0
29.01.2020,19:00,0,0,0
29.01.2020,20:00,0,0,0
29.01.2020,21:00,0,0,0
29.01.2020,22:00,0,0,0
29.01.2020,23:00,0,0,0
30.01.2020,00:00,0,0,0
30.01.2020,01:00,0,0,0
30.01.2020,02:00,0,0,0
30.01.2020,03:00,0,0,0
30.01.2020,04:00,0,0,0
30.01.2020,05:00,0,0,0
30.01.2020,06:00,0,0,0
30.01.2020,07:00,0,0,0
30.01.2020,08:00,0,0,0
30.01.2020,09:00,0,0,0
30.01.2020,10:00,0,0,0
30.01.2020,11:00,0,0,0
30.01.2020,12:00,0,0,0
30.01.2020,13:00,0,0,0
30.01.2020,14:00,0,0,0
30.01.2020,15:00,0,0,0
30.01.2020,16:00,0,0,0
30.01.2020,17:00,0,0,0
30.01.2020,18:00,0,0,0
30.01.2020,19:00,0,0,0
30.01.2020,20:00,0,0,0
30.01.2020,21:00,0,0,0
30.01.2020,22:00,0,0,0
30.01.2020,23:00,0,0,0
31.01.2020,00:00,0,0,0
31.01.2020,01:00,0,0,0
31.01.2020,02:00,0,0,0
31.01.2020,03:00,0,0,0
31.01.2020,04:00,0,0,0
31.01.2020,05:00,0,0,0
31.01.2020,06:00,0,0,0
31.01.2020,07:00,0,0,0
31.01.2020,08:00,0,0,0
31.01.2020,09:00,0,0,0
31.01.2020,10:00,0,0,0
31.01.2020,11:00,0,0,0
31.01.2020,12:00,0,0,0
31.01.2020,13:00,0,0,0
31.01.2020,14:00,0,0,0
31.01.2020,15:00,0,0,0
31.01.2020,16:00,0,0,0
31.01.2020,17:00,0,0,0
31.01.2020,18:00,0,0,0
31.01.2020,19:00,0,0,0
31.01.2020,20:00,0,0,0
31.01.2020,21:00,0,0,0
31.01.2020,22:00,0,0,0
31.01.2020,23:00,0,0,0
01.02.2020,00:00,0,0,0
01.02.2020,01:00,0,0,0
01.02.2020,02:00,0,0,0
01.02.2020,03:00,0,0,0
01.02.2020,04:00,0,0,0
01.02.2020,05:00,0,0,0
01.02.2020,06:00,0,0,0
01.02.2020,07:00,0,0,0
01.02.2020,08:00,0,0,0
01.02.2020,09:00,0,0,0
01.02.2020,10:00,0,0,0
01.02.2020,11:00,0,0,0
01.02.2020,12:00,0,0,0
01.02.2020,13:00,0,0,0
01.02.2020,14:00,0,0,0
01.02.2020,15:00,0,0,0
01.02.2020,16:00,0,0,0
01.02.2020,17:00,0,0,0
01.02.2020,18:00,0,0,0
01.02.2020,19:00,0,0,0
01.02.2020,20:00,0,0,0
01.02.2020,21:00,0,0,0
01.02.2020,22:00,0,0,0
01.02.2020,23:00,0,0,0
02.02.2020,00:00,0,0,0
02.02.2020,01:00,0,0,0
02.02.2020,02:00,0,0,0
02.02.2020,03:00,0,0,0
02.02.2020,04:00,0,0,0
02.02.2020,05:00,0,0,0
02.02.2020,06:00,0,0,0
02.02.2020,07:00,0,0,0
02.02.2020,08:00,0,0,0
02.02.2020,09:00,0,0,0
02.02.2020,10:00,0,0,0
02.02.2020,11:00,0,0,0
02.02.2020,12:00,0,0,0
02.02.2020,13:00,0,0,0
02.02.2020,14:00,0,0,0
02.02.2020,15:00,0,0,0
02.02.2020,16:00,0,0,0
02.02.2020,17:00,0,0,0
02.02.2020,18:00,0,0,0
02.02.2020,19:00,0,0,0
02.02.2020,20:00,0,0,0
02.02.2020,21:00,0,0,0
02.02.2020,22:00,0,0,0
02.02.2020,23:00,0,0,0
03.02.2020,00:00,0,0,0
03.02.2020,01:00,0,0,0
03.02.2020,02:00,0,0,0
03.02.2020,03:00,0,0,0
03.02.2020,04:00,0,0,0
03.02.2020,05:00,0,0,0
03.02.2020,06:00,0,0,0
03.02.2020,07:00,0,0,0
03.02.2020,08:00,0,0,0
03.02.2020,09:00,0,0,0
03.02.2020,10:00,0,0,0
03.02.2020,11:00,0,0,0
03.02.2020,12:00,0,0,0
03.02.2020,13:00,0,0,0
03.02.2020,14:00,0,0,0
03.02.2020,15:00,0,0,0
03.02.2020,16:00,0,0,0
03.02.2020,17:00,0,0,0
03.02.2020,18:00,0,0,0
03.02.2020,19:00,0,0,0
03.02.2020,20:00,0,0,0
03.02.2020,21:00,0,0,0
03.02.2020,22:00,0,0,0
03.02.2020,23:00,0,0,0
04.02.2020,00:00,0,0,0
04.02.2020,01:00,0,0,0
04.02.2020,02:00,0,0,0
04.02.2020,03:00,0,0,0
04.02.2020,04:00,0,0,0
04.02.2020,05:00,0,0,0
04.02.2020,06:00,0,0,0
04.02.2020,07:00,0,0,0
04.02.2020,08:00,0,0,0
04.02.2020,09:00,0,0,0
04.02.2020,10:00,0,0,0
04.02.2020,11:00,0,0,0
04.02.2020,12:00,0,0,0
04.02.2020,13:00,0,0,0
04.02.2020,14:00,0,0,0
04.02.2020,15:00,0,0,0
04.02.2020,16:00,0,0,0
04.02.2020,17:00,0,0,0
04.02.2020,18:00,0,0,0
04.02.2020,19:00,0,0,0
04.02.2020,20:00,0,0,0
04.02.2020,21:00,0,0,0
04.02.2020,22:00,0,0,0
04.02.2020,23:00,0,0,0
05.02.2020,00:00,0,0,0
05.02.2020,01:00,0,0,0
05.02.2020,02:00,0,0,0
05.02.2020,03:00,0,0,0
05.02.2020,04:00,0,0,0
05.02.2020,05:00,0,0,0
05.02.2020,06:00,0,0,0
05.02.2020,07:00,0,0,0
05.02.2020,08:00,0,0,0
05.02.2020,09:00,0,0,0
05.02.2020,10:00,0,0,0
05.02.2020,11:00,0,0,0
05.02.2020,12:00,0,0,0
05.02.2020,13:00,0,0,0
05.02.2020,14:00,0,0,0
05.02.2020,15:00,0,0,0
05.02.2020,16:00,0,0,0
05.02.2020,17:00,0,0,0
05.02.2020,18:00,0,0,0
05.02.2020,19:00,0,0,0
05.02.2020,20:00,0,0,0
05.02.2020,21:00,0,0,0
05.02.2020,22:00,0,0,0
05.02.2020,23:00,0,0,0
06.02.2020,00:00,0,0,0
06.02.2020,01:00,0,0,0
06.02.2020,02:00,0,0,0
06.02.2020,03:00,0,0,0
06.02.2020,04:00,0,0,0
06.02.2020,05:00,0,0,0
06.02.2020,06:00,0,0,0
06.02.2020,07:00,0,0,0
06.02.2020,08:00,0,0,0
06.02.2020,09:00,0,0,0
06.02.2020,10:00,0,0,0
06.02.2020,11:00,0,0,0
06.02.2020,12:00,0,0,0
06.02.2020,13:00,0,0,0
06.02.2020,14:00,0,0,0
06.02.2020,15:00,0,0,0
06.02.2020,16:00,0,0,0
06.02.2020,17:00,0,0,0
06.02.2020,18:00,0,0,0
06.02.2020,19:00,0,0,0
06.02.2020,20:00,0,0,0
06.02.2020,21:00,0,0,0
06.02.2020,22:00,0,0,0
06.02.2020,23:00,0,0,0
07.02.2020,00:00,0,0,0
07.02.2020,01:00,0,0,0
07.02.2020,02:00,0,0,0
07.02.2020,03:00,0,0,0
07.02.2020,04:00,0,0,0
07.02.2020,05:00,0,0,0
07.02.2020,06:00,0,0,0
07.02.2020,07:00,0,0,0
07.02.2020,08:00,0,0,0
07.02.2020,09:00,0,0,0
07.02.2020,10:00,0,0,0
07.02.2020,11:00,0,0,0
07.02.2020,12:00,0,0,0
07.02.2020,13:00,0,0,0
07.02.2020,14:00,0,0,0
07.02.2020,15:00,0,0,0
07.02.2020,16:00,0,0,0
07.02.2020,17:00,0,0,0
07.02.2020,18:00,0,0,0
07.02.2020,19:00,0,0,0
07.02.2020,20:00,0,0,0
07.02.2020,21:00,0,0,0
07.02.2020,22:00,0,0,0
07.02.2020,23:00,0,0,0
08.02.2020,00:00,0,0,0
08.02.2020,01:00,0,0,0
08.02.2020,02:00,0,0,0
08.02.2020,03:00,0,0,0
08.02.2020,04:00,0,0,0
08.02.2020,05:00,0,0,0
08.02.2020,06:00,0,0,0
08.02.2020,07:00,0,0,0
08.02.2020,08:00,0,0,0
08.02.2020,09:00,0,0,0
08.02.2020,10:00,0,0,0
08.02.2020,11:00,0,0,0
08.02.2020,12:00,0,0,0
08.02.2020,13:00,0,0,0
08.02.2020,14:00,0,0,0
08.02.2020,15:00,0,0,0
08.02.2020,16:00,0,0,0
08.02.2020,17:00,0,0,0
08.02.2020,18:00,0,0,0
08.02.2020,19:00,0,0,0
08.02.2020,20:00,0,0,0
08.02.2020,21:00,0,0,0
08.02.2020,22:00,0,0,0
08.02.2020,23:00,0,0,0
09.02.2020,00:00,0,0,0
09.02.2020,01:00,0,0,0
09.02.2020,02:00,0,0,0
09.02.2020,03:00,0,0,0
09.02.2020,04:00,0,0,0
09.02.2020,05:00,0,0,0
09.02.2020,06:00,0,0,0
09.02.2020,07:00,0,0,0
09.02.2020,08:00,0,0,0
09.02.2020,09:00,0,0,0
09.02.2020,10:00,0,0,0
09.02.2020,11:00,0,0,0
09.02.2020,12:00,0,0,0
09.02.2020,13:00,0,0,0
09.02.2020,14:00,0,0,0
09.02.2020,15:00,0,0,0
09.02.2020,16:00,0,0,0
09.02.2020,17:00,0,0,0
09.02.2020,18:00,0,0,0
09.02.2020,19:00,0,0,0
09.02.2020,20:00,0,0,0
09.02.2020,21:00,0,0,0
09.02.2020,22:00,0,0,0
09.02.2020,23:00,0,0,0
10.02.2020,00:00,0,0,0
10.02.2020,01:00,0,0,0
10.02.2020,02:00,0,0,0
10.02.2020,03:00,0,0,0
10.02.2020,04:00,0,0,0
10.02.2020,05:00,0,0,0
10.02.2020,06:00,0,0,0
10.02.2020,07:00,0,0,0
10.02.2020,08:00,0,0,0
10.02.2020,09:00,0,0,0
10.02.2020,10:00,0,0,0
10.02.2020,11:00,0,0,0
10.02.2020,12:00,0,0,0
10.02.2020,13:00,0,0,0
10.02.2020,14:00,0,0,0
10.02.2020,15:00,0,0,0
10.02.2020,16:00,0,0,0
10.02.2020,17:00,0,0,0
10.02.2020,18:00,0,0,0
10.02.2020,19:00,0,0,0
10.02.2020,20:00,0,0,0
10.02.2020,21:00,0,0,0
10.02.2020,22:00,0,0,0
10.02.2020,23:00,0,0,0
11.02.2020,00:00,0,0,0
11.02.2020,01:00,0,0,0
11.02.2020,02:00,0,0,0
11.02.2020,03:00,0,0,0
11.02.2020,04:00,0,0,0
11.02.2020,05:00,0,0,0
11.02.2020,06:00,0,0,0
11.02.2020,07:00,0,0,0
11.02.2020,08:00,0,0,0
11.02.2020,09:00,0,0,0
11.02.2020,10:00,0,0,0
11.02.2020,11:00,0,0,0
11.02.2020,12:00,0,0,0
11.02.2020,13:00,0,0,0
11.02.2020,14:00,0,0,0
11.02.2020,15:00,0,0,0
11.02.2020,16:00,0,0,0
11.02.2020,17:00,0,0,0
11.02.2020,18:00,0,0,0
11.02.2020,19:00,0,0,0
11.02.2020,20:00,0,0,0
11.02.2020,21:00,0,0,0
11.02.2020,22:00,0,0,0
11.02.2020,23:00,0,0,0
12.02.2020,00:00,0,0,0
12.02.2020,01:00,0,0,0
12.02.2020,02:00,0,0,0
12.02.2020,03:00,0,0,0
12.02.2020,04:00,0,0,0
12.02.2020,05:00,0,0,0
12.02.2020,06:00,0,0,0
12.02.2020,07:00,0,0,0
12.02.2020,08:00,0,0,0
12.02.2020,09:00,0,0,0
12.02.2020,10:00,0,0,0
12.02.2020,11:00,0,0,0
12.02.2020,12:00,0,0,0
12.02.2020,13:00,0,0,0
12.02.2020,14:00,0,0,0
12.02.2020,15:00,0,0,0
12.02.2020,16:00,0,0,0
12.02.2020,17:00,0,0,0
12.02.2020,18:00,0,0,0
12.02.2020,19:00,0,0,0
12.02.2020,20:00,0,0,0
12.02.2020,21:00,0,0,0
12.02.2020,22:00,0,0,0
12.02.2020,23:00,0,0,0
13.02.2020,00:00,0,0,0
13.02.2020,01:00,0,0,0
13.02.2020,02:00,0,0,0
13.02.2020,03:00,0,0,0
13.02.2020,04:00,0,0,0
13.02.2020,05:00,0,0,0
13.02.2020,06:00,0,0,0
13.02.2020,07:00,0,0,0
13.02.2020,08:00,0,0,0
13.02.2020,09:00,0,0,0
13.02.2020,10:00,0,0,0
13.02.2020,11:00,0,0,0
13.02.2020,12:00,0,0,0
13.02.2020,13:00,0,0,0
13.02.2020,14:00,0,0,0
13.02.2020,15:00,0,0,0
13.02.2020,16:00,0,0,0
13.02.2020,17:00,0,0,0
13.02.2020,18:00,0,0,0
13.02.2020,19:00,0,0,0
13.02.2020,20:00,0,0,0
13.02.2020,21:00,0,0,0
13.02.2020,22:00,0,0,0
13.02.2020,23:00,0,0,0
14.02.2020,00:00,0,0,0
14.02.2020,01:00,0,0,0
14.02.2020,02:00,0,0,0
14.02.2020,03:00,0,0,0
14.02.2020,04:00,0,0,0
14.02.2020,05:00,0,0,0
14.02.2020,06:00,0,0,0
14.02.2020,07:00,0,0,0
14.02.2020,08:00,0,0,0
14.02.2020,09:00,0,0,0
14.02.2020,10:00,0,0,0
14.02.2020,11:00,0,0,0
14.02.2020,12:00,0,0,0
14.02.2020,13:00,0,0,0
14.02.2020,14:00,0,0,0
14.02.2020,15:00,0,0,0
14.02.2020,16:00,0,0,0
14.02.2020,17:00,0,0,0
14.02.2020,18:00,0,0,0
14.02.2020,19:00,0,0,0
14.02.2020,20:00,0,0,0
14.02.2020,21:00,0,0,0
14.02.2020,22:00,0,0,0
14.02.2020,23:00,0,0,0
15.02.2020,00:00,0,0,0
15.02.2020,01:00,0,0,0
15.02.2020,02:00,0,0,0
15.02.2020,03:00,0,0,0
15.02.2020,04:00,0,0,0
15.02.2020,05:00,0,0,0
15.02.2020,06:00,0,0,0
15.02.2020,07:00,0,0,0
15.02.2020,08:00,0,0,0
15.02.2020,09:00,0,0,0
15.02.2020,10:00,0,0,0
15.02.2020,11:00,0,0,0
15.02.2020,12:00,0,0,0
15.02.2020,13:00,0,0,0
15.02.2020,14:00,0,0,0
15.02.2020,15:00,0,0,0
15.02.2020,16:00,0,0,0
15.02.2020,17:00,0,0,0
15.02.2020,18:00,0,0,0
15.02.2020,19:00,0,0,0
15.02.2020,20:00,0,0,0
15.02.2020,21:00,0,0,0
15.02.2020,22:00,0,0,0
15.02.2020,23:00,0,0,0
16.02.2020,00:00,0,0,0
16.02.2020,01:00,0,0,0
16.02.2020,02:00,0,0,0
16.02.2020,03:00,0,0,0
16.02.2020,04:00,0,0,0
16.02.2020,05:00,0,0,0
16.02.2020,06:00,0,0,0
16.02.2020,07:00,0,0,0
16.02.2020,08:00,0,0,0
16.02.2020,09:00,0,0,0
16.02.2020,10:00,0,0,0
16.02.2020,11:00,0,0,0
16.02.2020,12:00,0,0,0
16.02.2020,13:00,0,0,0
16.02.2020,14:00,0,0,0
16.02.2020,15:00,0,0,0
16.02.2020,16:00,0,0,0
16.02.2020,17:00,0,0,0
16.02.2020,18:00,0,0,0
16.02.2020,19:00,0,0,0
16.02.2020,20:00,0,0,0
16.02.2020,21:00,0,0,0
16.02.2020,22:00,0,0,0
16.02.2020,23:00,0,0,0
17.02.2020,00:00,0,0,0
17.02.2020,01:00,0,0,0
17.02.2020,02:00,0,0,0
17.02.2020,03:00,0,0,0
17.02.2020,04:00,0,0,0
17.02.2020,05:00,0,0,0
17.02.2020,06:00,0,0,0
17.02.2020,07:00,0,0,0
17.02.2020,08:00,0,0,0
17.02.2020,09:00,0,0,0
17.02.2020,10:00,0,0,0
17.02.2020,11:00,0,0,0
17.02.2020,12:00,0,0,0
17.02.2020,13:00,0,0,0
17.02.2020,14:00,0,0,0
17.02.2020,15:00,0,0,0
17.02.2020,16:00,0,0,0
17.02.2020,17:00,0,0,0
17.02.2020,18:00,0,0,0
17.02.2020,19:00,0,0,0
17.02.2020,20:00,0,0,0
17.02.2020,21:00,0,0,0
17.02.2020,22:00,0,0,0
17.02.2020,23:00,0,0,0
18.02.2020,00:00,0,0,0
18.02.2020,01:00,0,0,0
18.02.2020,02:00,0,0,0
18.02.2020,03:00,0,0,0
18.02.2020,04:00,0,0,0
18.02.2020,05:00,0,0,0
18.02.2020,06:00,0,0,0
18.02.2020,07:00,0,0,0
18.02.2020,08:00,0,0,0
18.02.2020,09:00,0,0,0
18.02.2020,10:00,0,0,0
18.02.2020,11:00,0,0,0
18.02.2020,12:00,0,0,0
18.02.2020,13:00,0,0,0
18.02.2020,14:00,0,0,0
18.02.2020,15:00,0,0,0
18.02.2020,16:00,0,0,0
18.02.2020,17:00,0,0,0
18.02.2020,18:00,0,0,0
18.02.2020,19:00,0,0,0
18.02.2020,20:00,0,0,0
18.02.2020,21:00,0,0,0
18.02.2020,22:00,0,0,0
18.02.2020,23:00,0,0,0
19.02.2020,00:00,0,0,0
19.02.2020,01:00,0,0,0
19.02.2020,02:00,0,0,0
19.02.2020,03:00,0,0,0
19.02.2020,04:00,0,0,0
19.02.2020,05:00,0,0,0
19.02.2020,06:00,0,0,0
19.02.2020,07:00,0,0,0
19.02.2020,08:00,0,0,0
19.02.2020,09:00,0,0,0
19.02.2020,10:00,0,0,0
19.02.2020,11:00,0,0,0
19.02.2020,12:00,0,0,0
19.02.2020,13:00,0,0,0
19.02.2020,14:00,0,0,0
19.02.2020,15:00,0,0,0
19.02.2020,16:00,0,0,0
19.02.2020,17:00,0,0,0
19.02.2020,18:00,0,0,0
19.02.2020,19:00,0,0,0
19.02.2020,20:00,0,0,0
19.02.2020,21:00,0,0,0
19.02.2020,22:00,0,0,0
19.02.2020,23:00,0,0,0
20.02.2020,00:00,0,0,0
20.02.2020,01:00,0,0,0
20.02.2020,02:00,0,0,0
20.02.2020,03:00,0,0,0
20.02.2020,04:00,0,0,0
20.02.2020,05:00,0,0,0
20.02.2020,06:00,0,0,0
20.02.2020,07:00,0,0,0
20.02.2020,08:00,0,0,0
20.02.2020,09:00,0,0,0
20.02.2020,10:00,0,0,0
20.02.2020,11:00,0,0,0
20.02.2020,12:00,0,0,0
20.02.2020,13:00,0,0,0
20.02.2020,14:00,0,0,0
20.02.2020,15:00,0,0,0
20.02.2020,16:00,0,0,0
20.02.2020,17:00,0,0,0
20.02.2020,18:00,0,0,0
20.02.2020,19:00,0,0,0
20.02.2020,20:00,0,0,0
20.02.2020,21:00,0,0,0
20.02.2020,22:00,0,0,0
20.02.2020,23:00,0,0,0
21.02.2020,00:00,0,0,0
21.02.2020,01:00,0,0,0
21.02.2020,02:00,0,0,0
21.02.2020,03:00,0,0,0
21.02.2020,04:00,0,0,0
21.02.2020,05:00,0,0,0
21.02.2020,06:00,0,0,0
21.02.2020,07:00,0,0,0
21.02.2020,08:00,0,0,0
21.02.2020,09:00,0,0,0
21.02.2020,10:00,0,0,0
21.02.2020,11:00,0,0,0
21.02.2020,12:00,0,0,0
21.02.2020,13:00,0,0,0
21.02.2020,14:00,0,0,0
21.02.2020,15:00,0,0,0
21.02.2020,16:00,0,0,0
21.02.2020,17:00,0,0,0
21.02.2020,18:00,0,0,0
21.02.2020,19:00,0,0,0
21.02.2020,20:00,0,0,0
21.02.2020,21:00,0,0,0
21.02.2020,22:00,0,0,0
21.02.2020,23:00,0,0,0
22.02.2020,00:00,0,0,0
22.02.2020,01:00,0,0,0
22.02.2020,02:00,0,0,0
22.02.2020,03:00,0,0,0
22.02.2020,04:00,0,0,0
22.02.2020,05:00,0,0,0
22.02.2020,06:00,0,0,0
22.02.2020,07:00,0,0,0
22.02.2020,08:00,0,0,0
22.02.2020,09:00,0,0,0
22.02.2020,10:00,0,0,0
22.02.2020,11:00,0,0,0
22.02.2020,12:00,0,0,0
22.02.2020,13:00,0,0,0
22.02.2020,14:00,0,0,0
22.02.2020,15:00,0,0,0
22.02.2020,16:00,0,0,0
22.02.2020,17:00,0,0,0
22.02.2020,18:00,0,0,0
22.02.2020,19:00,0,0,0
22.02.2020,20:00,0,0,0
22.02.2020,21:00,0,0,0
22.02.2020,22:00,0,0,0
22.02.2020,23:00,0,0,0
23.02.2020,00:00,0,0,0
23.02.2020,01:00,0,0,0
23.02.2020,02:00,0,0,0
23.02.2020,03:00,0,0,0
23.02.2020,04:00,0,0,0
23.02.2020,05:00,0,0,0
23.02.2020,06:00,0,0,0
23.02.2020,07:00,0,0,0
23.02.2020,08:00,0,0,0
23.02.2020,09:00,0,0,0
23.02.2020,10:00,0,0,0
23.02.2020,11:00,0,0,0
23.02.2020,12:00,0,0,0
23.02.2020,13:00,0,0,0
23.02.2020,14:00,0,0,0
23.02.2020,15:00,0,0,0
23.02.2020,16:00,0,0,0
23.02.2020,17:00,0,0,0
23.02.2020,18:00,0,0,0
23.02.2020,19:00,0,0,0
23.02.2020,20:00,0,0,0
23.02.2020,21:00,0,0,0
23.02.2020,22:00,0,0,0
23.02.2020,23:00,0,0,0
24.02.2020,00:00,0,0,0
24.02.2020,01:00,0,0,0
24.02.2020,02:00,0,0,0
24.02.2020,03:00,0,0,0
24.02.2020,04:00,0,0,0
24.02.2020,05:00,0,0,0
24.02.2020,06:00,0,0,0
24.02.2020,07:00,0,0,0
24.02.2020,08:00,0,0,0
24.02.2020,09:00,0,0,0
24.02.2020,10:00,0,0,0
24.02.2020,11:00,0,0,0
24.02.2020,12:00,0,0,0
24.02.2020,13:00,0,0,0
24.02.2020,14:00,0,0,0
24.02.2020,15:00,0,0,0
24.02.2020,16:00,0,0,0
24.02.2020,17:00,0,0,0
24.02.2020,18:00,0,0,0
24.02.2020,19:00,0,0,0
24.02.2020,20:00,0,0,0
24.02.2020,21:00,0,0,0
24.02.2020,22:00,0,0,0
24.02.2020,23:00,0,0,0
25.02.2020,00:00,0,0,0
25.02.2020,01:00,0,0,0
25.02.2020,02:00,0,0,0
25.02.2020,03:00,0,0,0
25.02.2020,04:00,0,0,0
25.02.2020,05:00,0,0,0
25.02.2020,06:00,0,0,0
25.02.2020,07:00,0,0,0
25.02.2020,08:00,0,0,0
25.02.2020,09:00,0,0,0
25.02.2020,10:00,0,0,0
25.02.2020,11:00,0,0,0
25.02.2020,12:00,0,0,0
25.02.2020,13:00,0,0,0
25.02.2020,14:00,0,0,0
25.02.2020,15:00,0,0,0
25.02.2020,16:00,0,0,0
25.02.2020,17:00,0,0,0
25.02.2020,18:00,0,0,0
25.02.2020,19:00,0,0,0
25.02.2020,20:00,0,0,0
25.02.2020,21:00,0,0,0
25.02.2020,22:00,0,0,0
25.02.2020,23:00,0,0,0
26.02.2020,00:00,0,0,0
26.02.2020,01:00,0,0,0
26.02.2020,02:00,0,0,0
26.02.2020,03:00,0,0,0
26.02.2020,04:00,0,0,0
26.02.2020,05:00,0,0,0
26.02.2020,06:00,0,0,0
26.02.2020,07:00,0,0,0
26.02.2020,08:00,0,0,0
26.02.2020,09:00,0,0,0
26.02.2020,10:00,0,0,0
26.02.2020,11:00,0,0,0
26.02.2020,12:00,0,0,0
26.02.2020,13:00,0,0,0
26.02.2020,14:00,0,0,0
26.02.2020,15:00,0,0,0
26.02.2020,16:00,0,0,0
26.02.2020,17:00,0,0,0
26.02.2020,18:00,0,0,0
26.02.2020,19:00,0,0,0
26.02.2020,20:00,0,0,0
26.02.2020,21:00,0,0,0
26.02.2020,22:00,0,0,0
26.02.2020,23:00,0,0,0
27.02.2020,00:00,0,0,0
27.02.2020,01:00,0,0,0
27.02.2020,02:00,0,0,0
27.02.2020,03:00,0,0,0
27.02.2020,04:00,0,0,0
27.02.2020,05:00,0,0,0
27.02.2020,06:00,0,0,0
27.02.2020,07:00,0,0,0
27.02.2020,08:00,0,0,0
27.02.2020,09:00,0,0,0
27.02.2020,10:00,0,0,0
27.02.2020,11:00,0,0,0
27.02.2020,12:00,0,0,0
27.02.2020,13:00,0,0,0
27.02.2020,14:00,0,0,0
27.02.2020,15:00,0,0,0
27.02.2020,16:00,0,0,0
27.02.2020,17:00,0,0,0
27.02.2020,18:00,0,0,87
27.02.2020,19:00,0,0,38
27.02.2020,20:00,0,0,0
27.02.2020,21:00,0,0,0
27.02.2020,22:00,0,0,0
27.02.2020,23:00,0,0,0
28.02.2020,00:00,0,0,0
28.02.2020,01:00,0,0,0
28.02.2020,02:00,0,0,0
28.02.2020,03:00,0,0,0
28.02.2020,04:00,0,0,0
28.02.2020,05:00,0,0,0
28.02.2020,06:00,0,0,0
28.02.2020,07:00,0,0,0
28.02.2020,08:00,0,0,0
28.02.2020,09:00,0,0,0
28.02.2020,10:00,0,0,0
28.02.2020,11:00,0,0,0
28.02.2020,12:00,0,0,0
28.02.2020,13:00,0,0,0
28.02.2020,14:00,0,0,0
28.02.2020,15:00,0,0,0
28.02.2020,16:00,0,0,0
28.02.2020,17:00,0,0,0
28.02.2020,18:00,0,0,0
28.02.2020,19:00,0,0,0
28.02.2020,20:00,0,0,0
28.02.2020,21:00,0,0,0
28.02.2020,22:00,0,0,0
28.02.2020,23:00,0,0,0
29.02.2020,00:00,0,0,0
29.02.2020,01:00,0,0,0
29.02.2020,02:00,0,0,0
29.02.2020,03:00,0,0,0
29.02.2020,04:00,0,0,0
29.02.2020,05:00,0,0,0
29.02.2020,06:00,0,0,0
29.02.2020,07:00,0,0,0
29.02.2020,08:00,0,0,0
29.02.2020,09:00,0,0,0
29.02.2020,10:00,0,0,0
29.02.2020,11:00,0,0,0
29.02.2020,12:00,0,0,0
29.02.2020,13:00,0,0,0
29.02.2020,14:00,0,0,0
29.02.2020,15:00,0,0,0
29.02.2020,16:00,0,0,0
29.02.2020,17:00,0,0,0
29.02.2020,18:00,0,0,0
29.02.2020,19:00,0,0,0
29.02.2020,20:00,0,0,0
29.02.2020,21:00,0,0,0
29.02.2020,22:00,0,0,0
29.02.2020,23:00,0,0,0
01.03.2020,00:00,0,0,0
01.03.2020,01:00,0,0,0
01.03.2020,02:00,0,0,0
01.03.2020,03:00,0,0,0
01.03.2020,04:00,0,0,0
01.03.2020,05:00,0,0,0
01.03.2020,06:00,0,0,0
01.03.2020,07:00,0,0,0
01.03.2020,08:00,0,0,0
01.03.2020,09:00,0,0,0
01.03.2020,10:00,0,0,0
01.03.2020,11:00,0,0,0
01.03.2020,12:00,0,0,0
01.03.2020,13:00,0,0,0
01.03.2020,14:00,0,0,0
01.03.2020,15:00,0,0,0
01.03.2020,16:00,0,0,0
01.03.2020,17:00,0,0,0
01.03.2020,18:00,0,0,0
01.03.2020,19:00,0,0,0
01.03.2020,20:00,0,0,0
01.03.2020,21:00,0,0,0
01.03.2020,22:00,0,0,0
01.03.2020,23:00,0,0,0
02.03.2020,00:00,0,0,0
02.03.2020,01:00,0,0,0
02.03.2020,02:00,0,0,0
02.03.2020,03:00,0,0,0
02.03.2020,04:00,0,0,0
02.03.2020,05:00,0,0,0
02.03.2020,06:00,0,0,0
02.03.2020,07:00,0,0,0
02.03.2020,08:00,0,0,0
02.03.2020,09:00,0,0,0
02.03.2020,10:00,0,0,0
02.03.2020,11:00,0,0,0
02.03.2020,12:00,0,0,0
02.03.2020,13:00,0,0,0
02.03.2020,14:00,0,0,0
02.03.2020,15:00,0,0,0
02.03.2020,16:00,0,0,0
02.03.2020,17:00,0,0,0
02.03.2020,18:00,0,0,0
02.03.2020,19:00,0,0,0
02.03.2020,20:00,0,0,0
02.03.2020,21:00,0,0,0
02.03.2020,22:00,0,0,0
02.03.2020,23:00,0,0,0
03.03.2020,00:00,0,0,0
03.03.2020,01:00,0,0,0
03.03.2020,02:00,0,0,0
03.03.2020,03:00,0,0,0
03.03.2020,04:00,0,0,0
03.03.2020,05:00,0,0,0
03.03.2020,06:00,0,0,0
03.03.2020,07:00,0,0,0
03.03.2020,08:00,0,0,0
03.03.2020,09:00,0,0,0
03.03.2020,10:00,0,0,0
03.03.2020,11:00,0,0,0
03.03.2020,12:00,0,0,0
03.03.2020,13:00,0,0,0
03.03.2020,14:00,0,0,0
03.03.2020,15:00,0,0,0
03.03.2020,16:00,0,0,0
03.03.2020,17:00,0,0,0
03.03.2020,18:00,0,0,0
03.03.2020,19:00,0,0,0
03.03.2020,20:00,0,0,0
03.03.2020,21:00,0,0,0
03.03.2020,22:00,0,0,0
03.03.2020,23:00,0,0,0
04.03.2020,00:00,0,0,0
04.03.2020,01:00,0,0,0
04.03.2020,02:00,0,0,0
04.03.2020,03:00,0,0,0
04.03.2020,04:00,0,0,0
04.03.2020,05:00,0,0,0
04.03.2020,06:00,0,0,0
04.03.2020,07:00,0,0,0
04.03.2020,08:00,0,0,0
04.03.2020,09:00,0,0,0
04.03.2020,10:00,0,0,0
04.03.2020,11:00,0,0,0
04.03.2020,12:00,0,0,0
04.03.2020,13:00,0,0,0
04.03.2020,14:00,0,0,0
04.03.2020,15:00,0,0,0
04.03.2020,16:00,0,0,0
04.03.2020,17:00,0,0,0
04.03.2020,18:00,0,0,0
04.03.2020,19:00,0,0,0
04.03.2020,20:00,0,0,0
04.03.2020,21:00,0,0,0
04.03.2020,22:00,0,0,0
04.03.2020,23:00,0,0,0
05.03.2020,00:00,0,0,0
05.03.2020,01:00,0,0,0
05.03.2020,02:00,0,0,0
05.03.2020,03:00,0,0,0
05.03.2020,04:00,0,0,0
05.03.2020,05:00,0,0,0
05.03.2020,06:00,0,0,0
05.03.2020,07:00,0,0,0
05.03.2020,08:00,0,0,0
05.03.2020,09:00,0,0,0
05.03.2020,10:00,0,0,0
05.03.2020,11:00,0,0,0
05.03.2020,12:00,0,0,0
05.03.2020,13:00,0,0,0
05.03.2020,14:00,0,0,0
05.03.2020,15:00,0,0,0
05.03.2020,16:00,0,0,0
05.03.2020,17:00,0,0,0
05.03.2020,18:00,0,0,0
05.03.2020,19:00,0,0,0
05.03.2020,20:00,0,0,0
05.03.2020,21:00,0,0,0
05.03.2020,22:00,0,0,0
05.03.2020,23:00,0,0,0
06.03.2020,00:00,0,0,0
06.03.2020,01:00,0,0,0
06.03.2020,02:00,0,0,0
06.03.2020,03:00,0,0,0
06.03.2020,04:00,0,0,0
06.03.2020,05:00,0,0,0
06.03.2020,06:00,0,0,0
06.03.2020,07:00,0,0,0
06.03.2020,08:00,0,0,0
06.03.2020,09:00,0,0,0
06.03.2020,10:00,0,0,0
06.03.2020,11:00,0,0,0
06.03.2020,12:00,0,0,0
06.03.2020,13:00,0,0,0
06.03.2020,14:00,0,0,0
06.03.2020,15:00,0,0,0
06.03.2020,16:00,0,0,0
06.03.2020,17:00,0,0,0
06.03.2020,18:00,0,0,0
06.03.2020,19:00,0,0,0
06.03.2020,20:00,0,0,0
06.03.2020,21:00,0,0,0
06.03.2020,22:00,0,0,0
06.03.2020,23:00,0,0,0
07.03.2020,00:00,0,0,0
07.03.2020,01:00,0,0,0
07.03.2020,02:00,0,0,0
07.03.2020,03:00,0,0,0
07.03.2020,04:00,0,0,0
07.03.2020,05:00,0,0,0
07.03.2020,06:00,0,0,0
07.03.2020,07:00,0,0,0
07.03.2020,08:00,0,0,0
07.03.2020,09:00,0,0,0
07.03.2020,10:00,0,0,0
07.03.2020,11:00,0,0,0
07.03.2020,12:00,0,0,0
07.03.2020,13:00,0,0,0
07.03.2020,14:00,0,0,0
07.03.2020,15:00,0,0,0
07.03.2020,16:00,0,0,0
07.03.2020,17:00,0,0,0
07.03.2020,18:00,0,0,0
07.03.2020,19:00,0,0,0
07.03.2020,20:00,0,0,0
07.03.2020,21:00,0,0,0
07.03.2020,22:00,0,0,0
07.03.2020,23:00,0,0,0
08.03.2020,00:00,0,0,0
08.03.2020,01:00,0,0,0
08.03.2020,02:00,0,0,0
08.03.2020,03:00,0,0,0
08.03.2020,04:00,0,0,0
08.03.2020,05:00,0,0,0
08.03.2020,06:00,0,0,0
08.03.2020,07:00,0,0,0
08.03.2020,08:00,0,0,0
08.03.2020,09:00,0,0,0
08.03.2020,10:00,0,0,0
08.03.2020,11:00,0,0,0
08.03.2020,12:00,0,0,0
08.03.2020,13:00,0,0,0
08.03.2020,14:00,0,0,0
08.03.2020,15:00,0,0,0
08.03.2020,16:00,0,0,0
08.03.2020,17:00,0,0,0
08.03.2020,18:00,0,0,0
08.03.2020,19:00,0,0,0
08.03.2020,20:00,0,0,0
08.03.2020,21:00,0,0,0
08.03.2020,22:00,0,0,0
08.03.2020,23:00,0,0,0
09.03.2020,00:00,0,0,0
09.03.2020,01:00,0,0,0
09.03.2020,02:00,0,0,0
09.03.2020,03:00,0,0,0
09.03.2020,04:00,0,0,0
09.03.2020,05:00,0,0,0
09.03.2020,06:00,0,0,0
09.03.2020,07:00,0,0,0
09.03.2020,08:00,0,0,0
09.03.2020,09:00,0,0,0
09.03.2020,10:00,0,0,0
09.03.2020,11:00,0,0,0
09.03.2020,12:00,0,0,0
09.03.2020,13:00,0,0,0
09.03.2020,14:00,0,0,0
09.03.2020,15:00,0,0,0
09.03.2020,16:00,0,0,0
09.03.2020,17:00,0,0,0
09.03.2020,18:00,0,0,0
09.03.2020,19:00,0,0,0
09.03.2020,20:00,0,0,0
09.03.2020,21:00,0,0,0
09.03.2020,22:00,0,0,0
09.03.2020,23:00,0,0,0
10.03.2020,00:00,0,0,0
10.03.2020,01:00,0,0,0
10.03.2020,02:00,0,0,0
10.03.2020,03:00,0,0,0
10.03.2020,04:00,0,0,0
10.03.2020,05:00,0,0,0
10.03.2020,06:00,0,0,0
10.03.2020,07:00,0,0,0
10.03.2020,08:00,0,0,0
10.03.2020,09:00,0,0,0
10.03.2020,10:00,0,0,0
10.03.2020,11:00,0,0,0
10.03.2020,12:00,0,0,0
10.03.2020,13:00,0,0,0
10.03.2020,14:00,0,0,0
10.03.2020,15:00,0,0,0
10.03.2020,16:00,0,0,0
10.03.2020,17:00,0,0,0
10.03.2020,18:00,0,0,0
10.03.2020,19:00,0,0,0
10.03.2020,20:00,0,0,0
10.03.2020,21:00,0,0,0
10.03.2020,22:00,0,0,0
10.03.2020,23:00,0,0,0
11.03.2020,00:00,0,0,0
11.03.2020,01:00,0,0,0
11.03.2020,02:00,0,0,0
11.03.2020,03:00,0,0,0
11.03.2020,04:00,0,0,0
11.03.2020,05:00,0,0,0
11.03.2020,06:00,0,0,0
11.03.2020,07:00,0,0,0
11.03.2020,08:00,0,0,0
11.03.2020,09:00,0,0,0
11.03.2020,10:00,0,0,0
11.03.2020,11:00,0,0,0
11.03.2020,12:00,0,0,0
11.03.2020,13:00,0,0,0
11.03.2020,14:00,0,0,0
11.03.2020,15:00,0,0,0
11.03.2020,16:00,0,0,0
11.03.2020,17:00,0,0,0
11.03.2020,18:00,0,0,0
11.03.2020,19:00,0,0,0
11.03.2020,20:00,0,0,0
11.03.2020,21:00,0,0,0
11.03.2020,22:00,0,0,0
11.03.2020,23:00,0,0,0
12.03.2020,00:00,0,0,0
12.03.2020,01:00,0,0,0
12.03.2020,02:00,0,0,0
12.03.2020,03:00,0,0,0
12.03.2020,04:00,0,0,0
12.03.2020,05:00,0,0,0
12.03.2020,06:00,0,0,0
12.03.2020,07:00,0,0,0
12.03.2020,08:00,0,0,0
12.03.2020,09:00,0,0,0
12.03.2020,10:00,0,0,0
12.03.2020,11:00,0,0,0
12.03.2020,12:00,0,0,0
12.03.2020,13:00,0,0,0
12.03.2020,14:00,0,0,0
12.03.2020,15:00,0,0,0
12.03.2020,16:00,0,0,0
12.03.2020,17:00,0,0,0
12.03.2020,18:00,0,0,0
12.03.2020,19:00,0,0,0
12.03.2020,20:00,0,0,0
12.03.2020,21:00,0,0,0
12.03.2020,22:00,0,0,0
12.03.2020,23:00,0,0,0
13.03.2020,00:00,0,0,0
13.03.2020,01:00,0,0,0
13.03.2020,02:00,0,0,0
13.03.2020,03:00,0,0,0
13.03.2020,04:00,0,0,0
13.03.2020,05:00,0,0,0
13.03.2020,06:00,0,0,0
13.03.2020,07:00,0,0,0
13.03.2020,08:00,0,0,0
13.03.2020,09:00,0,0,0
13.03.2020,10:00,0,0,0
13.03.2020,11:00,0,0,0
13.03.2020,12:00,0,0,0
13.03.2020,13:00,0,0,0
13.03.2020,14:00,0,0,0
13.03.2020,15:00,0,0,0
13.03.2020,16:00,0,0,0
13.03.2020,17:00,0,0,0
13.03.2020,18:00,0,0,0
13.03.2020,19:00,0,0,0
13.03.2020,20:00,0,0,0
13.03.2020,21:00,0,0,0
13.03.2020,22:00,0,0,0
13.03.2020,23:00,0,0,0
14.03.2020,00:00,0,0,0
14.03.2020,01:00,0,0,0
14.03.2020,02:00,0,0,0
14.03.2020,03:00,0,0,0
14.03.2020,04:00,0,0,0
14.03.2020,05:00,0,0,0
14.03.2020,06:00,0,0,0
14.03.2020,07:00,0,0,0
14.03.2020,08:00,0,0,0
14.03.2020,09:00,0,0,0
14.03.2020,10:00,0,0,0
14.03.2020,11:00,0,0,0
14.03.2020,12:00,0,0,0
14.03.2020,13:00,0,0,0
14.03.2020,14:00,0,0,0
14.03.2020,15:00,0,0,0
14.03.2020,16:00,0,0,0
14.03.2020,17:00,0,0,0
14.03.2020,18:00,0,0,0
14.03.2020,19:00,0,0,0
14.03.2020,20:00,0,0,0
14.03.2020,21:00,0,0,0
14.03.2020,22:00,0,0,0
14.03.2020,23:00,0,0,0
15.03.2020,00:00,0,0,0
15.03.2020,01:00,0,0,0
15.03.2020,02:00,0,0,0
15.03.2020,03:00,0,0,0
15.03.2020,04:00,0,0,0
15.03.2020,05:00,0,0,0
15.03.2020,06:00,0,0,0
15.03.2020,07:00,0,0,0
15.03.2020,08:00,0,0,0
15.03.2020,09:00,0,0,0
15.03.2020,10:00,0,0,0
15.03.2020,11:00,0,0,0
15.03.2020,12:00,0,0,0
15.03.2020,13:00,0,0,0
15.03.2020,14:00,0,0,0
15.03.2020,15:00,0,0,0
15.03.2020,16:00,0,0,0
15.03.2020,17:00,0,0,0
15.03.2020,18:00,0,0,0
15.03.2020,19:00,0,0,0
15.03.2020,20:00,0,0,0
15.03.2020,21:00,0,0,0
15.03.2020,22:00,0,0,0
15.03.2020,23:00,0,0,0
16.03.2020,00:00,0,0,0
16.03.2020,01:00,0,0,0
16.03.2020,02:00,0,0,0
16.03.2020,03:00,0,0,0
16.03.2020,04:00,0,0,0
16.03.2020,05:00,0,0,0
16.03.2020,06:00,0,0,0
16.03.2020,07:00,0,0,0
16.03.2020,08:00,0,0,0
16.03.2020,09:00,0,0,0
16.03.2020,10:00,0,0,0
16.03.2020,11:00,0,0,0
16.03.2020,12:00,0,0,0
16.03.2020,13:00,0,0,0
16.03.2020,14:00,0,0,0
16.03.2020,15:00,0,0,0
16.03.2020,16:00,0,0,0
16.03.2020,17:00,0,0,0
16.03.2020,18:00,0,0,0
16.03.2020,19:00,0,0,0
16.03.2020,20:00,0,0,0
16.03.2020,21:00,0,0,0
16.03.2020,22:00,0,0,0
16.03.2020,23:00,0,0,0
17.03.2020,00:00,0,0,0
17.03.2020,01:00,0,0,0
17.03.2020,02:00,0,0,0
17.03.2020,03:00,0,0,0
17.03.2020,04:00,0,0,0
17.03.2020,05:00,0,0,0
17.03.2020,06:00,0,0,0
17.03.2020,07:00,0,0,0
17.03.2020,08:00,0,0,0
17.03.2020,09:00,0,0,0
17.03.2020,10:00,0,0,0
17.03.2020,11:00,0,0,0
17.03.2020,12:00,0,0,0
17.03.2020,13:00,0,0,0
17.03.2020,14:00,0,0,0
17.03.2020,15:00,0,0,0
17.03.2020,16:00,0,0,0
17.03.2020,17:00,0,0,0
17.03.2020,18:00,0,0,0
17.03.2020,19:00,0,0,0
17.03.2020,20:00,0,0,0
17.03.2020,21:00,0,0,0
17.03.2020,22:00,0,0,0
17.03.2020,23:00,0,0,0
18.03.2020,00:00,0,0,0
18.03.2020,01:00,0,0,0
18.03.2020,02:00,0,0,0
18.03.2020,03:00,0,0,0
18.03.2020,04:00,0,0,0
18.03.2020,05:00,0,0,0
18.03.2020,06:00,0,0,0
18.03.2020,07:00,0,0,0
18.03.2020,08:00,0,0,0
18.03.2020,09:00,0,0,0
18.03.2020,10:00,0,0,0
18.03.2020,11:00,0,0,0
18.03.2020,12:00,0,0,0
18.03.2020,13:00,0,0,0
18.03.2020,14:00,0,0,0
18.03.2020,15:00,0,0,0
18.03.2020,16:00,0,0,0
18.03.2020,17:00,0,0,0
18.03.2020,18:00,0,0,0
18.03.2020,19:00,0,0,0
18.03.2020,20:00,0,0,0
18.03.2020,21:00,0,0,0
18.03.2020,22:00,0,0,0
18.03.2020,23:00,0,0,0
19.03.2020,00:00,0,0,0
19.03.2020,01:00,0,0,0
19.03.2020,02:00,0,0,0
19.03.2020,03:00,0,0,0
19.03.2020,04:00,0,0,0
19.03.2020,05:00,0,0,0
19.03.2020,06:00,0,0,0
19.03.2020,07:00,0,0,0
19.03.2020,08:00,0,0,0
19.03.2020,09:00,0,0,0
19.03.2020,10:00,0,0,0
19.03.2020,11:00,0,0,0
19.03.2020,12:00,0,0,0
19.03.2020,13:00,0,0,0
19.03.2020,14:00,0,0,0
19.03.2020,15:00,0,0,0
19.03.2020,16:00,0,0,0
19.03.2020,17:00,0,0,0
19.03.2020,18:00,0,0,0
19.03.2020,19:00,0,0,0
19.03.2020,20:00,0,0,0
19.03.2020,21:00,0,0,0
19.03.2020,22:00,0,0,0
19.03.2020,23:00,0,0,0
20.03.2020,00:00,0,0,0
20.03.2020,01:00,0,0,0
20.03.2020,02:00,0,0,0
20.03.2020,03:00,0,0,0
20.03.2020,04:00,0,0,0
20.03.2020,05:00,0,0,0
20.03.2020,06:00,0,0,0
20.03.2020,07:00,0,0,0
20.03.2020,08:00,0,0,0
20.03.2020,09:00,0,0,0
20.03.2020,10:00,0,0,0
20.03.2020,11:00,0,0,0
20.03.2020,12:00,0,0,0
20.03.2020,13:00,0,0,0
20.03.2020,14:00,0,0,0
20.03.2020,15:00,0,0,0
20.03.2020,16:00,0,0,0
20.03.2020,17:00,0,0,0
20.03.2020,18:00,0,0,0
20.03.2020,19:00,0,0,0
20.03.2020,20:00,0,0,0
20.03.2020,21:00,0,0,0
20.03.2020,22:00,0,0,0
20.03.2020,23:00,0,0,0
21.03.2020,00:00,0,0,0
21.03.2020,01:00,0,0,0
21.03.2020,02:00,0,0,0
21.03.2020,03:00,0,0,0
21.03.2020,04:00,0,0,0
21.03.2020,05:00,0,0,0
21.03.2020,06:00,0,0,0
21.03.2020,07:00,0,0,0
21.03.2020,08:00,0,0,0
21.03.2020,09:00,0,0,0
21.03.2020,10:00,0,0,0
21.03.2020,11:00,0,0,0
21.03.2020,12:00,0,0,0
21.03.2020,13:00,0,0,0
21.03.2020,14:00,0,0,0
21.03.2020,15:00,0,0,0
21.03.2020,16:00,0,0,0
21.03.2020,17:00,0,0,0
21.03.2020,18:00,0,0,0
21.03.2020,19:00,0,0,0
21.03.2020,20:00,0,0,0
21.03.2020,21:00,0,0,0
21.03.2020,22:00,0,0,0
21.03.2020,23:00,0,0,0
22.03.2020,00:00,0,0,0
22.03.2020,01:00,0,0,0
22.03.2020,02:00,0,0,0
22.03.2020,03:00,0,0,0
22.03.2020,04:00,0,0,0
22.03.2020,05:00,0,0,0
22.03.2020,06:00,0,0,0
22.03.2020,07:00,0,0,0
22.03.2020,08:00,0,0,0
22.03.2020,09:00,0,0,0
22.03.2020,10:00,0,0,0
22.03.2020,11:00,0,0,0
22.03.2020,12:00,0,0,0
22.03.2020,13:00,0,0,0
22.03.2020,14:00,0,0,0
22.03.2020,15:00,0,0,0
22.03.2020,16:00,0,0,0
22.03.2020,17:00,0,0,0
22.03.2020,18:00,0,0,0
22.03.2020,19:00,0,0,0
22.03.2020,20:00,0,0,0
22.03.2020,21:00,0,0,0
22.03.2020,22:00,0,0,0
22.03.2020,23:00,0,0,0
23.03.2020,00:00,0,0,0
23.03.2020,01:00,0,0,0
23.03.2020,02:00,0,0,0
23.03.2020,03:00,0,0,0
23.03.2020,04:00,0,0,0
23.03.2020,05:00,0,0,0
23.03.2020,06:00,0,0,0
23.03.2020,07:00,0,0,0
23.03.2020,08:00,0,0,0
23.03.2020,09:00,0,0,0
23.03.2020,10:00,0,0,0
23.03.2020,11:00,0,0,0
23.03.2020,12:00,0,0,0
23.03.2020,13:00,0,0,0
23.03.2020,14:00,0,0,0
23.03.2020,15:00,0,0,0
23.03.2020,16:00,0,0,0
23.03.2020,17:00,0,0,0
23.03.2020,18:00,0,0,0
23.03.2020,19:00,0,0,0
23.03.2020,20:00,0,0,0
23.03.2020,21:00,0,0,0
23.03.2020,22:00,0,0,0
23.03.2020,23:00,0,0,0
24.03.2020,00:00,0,0,0
24.03.2020,01:00,0,0,0
24.03.2020,02:00,0,0,0
24.03.2020,03:00,0,0,0
24.03.2020,04:00,0,0,0
24.03.2020,05:00,0,0,0
24.03.2020,06:00,0,0,0
24.03.2020,07:00,0,0,0
24.03.2020,08:00,0,0,0
24.03.2020,09:00,0,0,0
24.03.2020,10:00,0,0,0
24.03.2020,11:00,0,0,0
24.03.2020,12:00,0,0,0
24.03.2020,13:00,0,0,0
24.03.2020,14:00,0,0,0
24.03.2020,15:00,0,0,0
24.03.2020,16:00,0,0,0
24.03.2020,17:00,0,0,0
24.03.2020,18:00,0,0,0
24.03.2020,19:00,0,0,0
24.03.2020,20:00,0,0,0
24.03.2020,21:00,0,0,0
24.03.2020,22:00,0,0,0
24.03.2020,23:00,0,0,0
25.03.2020,00:00,0,0,0
25.03.2020,01:00,0,0,0
25.03.2020,02:00,0,0,0
25.03.2020,03:00,0,0,0
25.03.2020,04:00,0,0,0
25.03.2020,05:00,0,0,0
25.03.2020,06:00,0,0,0
25.03.2020,07:00,0,0,0
25.03.2020,08:00,0,0,0
25.03.2020,09:00,0,0,0
25.03.2020,10:00,0,0,0
25.03.2020,11:00,0,0,0
25.03.2020,12:00,0,0,0
25.03.2020,13:00,0,0,0
25.03.2020,14:00,0,0,0
25.03.2020,15:00,0,0,0
25.03.2020,16:00,0,0,0
25.03.2020,17:00,0,0,0
25.03.2020,18:00,0,0,0
25.03.2020,19:00,0,0,0
25.03.2020,20:00,0,0,0
25.03.2020,21:00,0,0,0
25.03.2020,22:00,0,0,0
25.03.2020,23:00,0,0,0
26.03.2020,00:00,0,0,0
26.03.2020,01:00,0,0,0
26.03.2020,02:00,0,0,0
26.03.2020,03:00,0,0,0
26.03.2020,04:00,0,0,0
26.03.2020,05:00,0,0,0
26.03.2020,06:00,0,0,0
26.03.2020,07:00,0,0,0
26.03.2020,08:00,0,0,0
26.03.2020,09:00,0,0,0
26.03.2020,10:00,0,0,0
26.03.2020,11:00,0,0,0
26.03.2020,12:00,0,0,0
26.03.2020,13:00,0,0,0
26.03.2020,14:00,0,0,0
26.03.2020,15:00,0,0,0
26.03.2020,16:00,0,0,0
26.03.2020,17:00,0,0,0
26.03.2020,18:00,0,0,0
26.03.2020,19:00,0,0,0
26.03.2020,20:00,0,0,0
26.03.2020,21:00,0,0,0
26.03.2020,22:00,0,0,0
26.03.2020,23:00,0,0,0
27.03.2020,00:00,0,0,0
27.03.2020,01:00,0,0,0
27.03.2020,02:00,0,0,0
27.03.2020,03:00,0,0,0
27.03.2020,04:00,0,0,0
27.03.2020,05:00,0,0,0
27.03.2020,06:00,0,0,0
27.03.2020,07:00,0,0,0
27.03.2020,08:00,0,0,0
27.03.2020,09:00,0,0,0
27.03.2020,10:00,0,0,0
27.03.2020,11:00,0,0,0
27.03.2020,12:00,0,0,0
27.03.2020,13:00,0,0,0
27.03.2020,14:00,0,0,0
27.03.2020,15:00,0,0,0
27.03.2020,16:00,0,0,0
27.03.2020,17:00,0,0,0
27.03.2020,18:00,0,0,0
27.03.2020,19:00,0,0,0
27.03.2020,20:00,0,0,0
27.03.2020,21:00,0,0,0
27.03.2020,22:00,0,0,0
27.03.2020,23:00,0,0,0
28.03.2020,00:00,0,0,0
28.03.2020,01:00,0,0,0
28.03.2020,02:00,0,0,0
28.03.2020,03:00,0,0,0
28.03.2020,04:00,0,0,0
28.03.2020,05:00,0,0,0
28.03.2020,06:00,0,0,0
28.03.2020,07:00,0,0,0
28.03.2020,08:00,0,0,0
28.03.2020,09:00,0,0,0
28.03.2020,10:00,0,0,0
28.03.2020,11:00,0,0,0
28.03.2020,12:00,0,0,0
28.03.2020,13:00,0,0,0
28.03.2020,14:00,0,0,0
28.03.2020,15:00,0,0,0
28.03.2020,16:00,0,0,0
28.03.2020,17:00,0,0,0
28.03.2020,18:00,0,0,0
28.03.2020,19:00,0,0,0
28.03.2020,20:00,0,0,0
28.03.2020,21:00,0,0,0
28.03.2020,22:00,0,0,0
28.03.2020,23:00,0,0,0
29.03.2020,00:00,0,0,0
29.03.2020,01:00,0,0,0
29.03.2020,03:00,0,0,0
29.03.2020,04:00,0,0,0
29.03.2020,05:00,0,0,0
29.03.2020,06:00,0,0,0
29.03.2020,07:00,0,0,0
29.03.2020,08:00,0,0,0
29.03.2020,09:00,0,0,0
29.03.2020,10:00,0,0,0
29.03.2020,11:00,0,0,0
29.03.2020,12:00,0,0,0
29.03.2020,13:00,0,0,0
29.03.2020,14:00,0,0,0
29.03.2020,15:00,0,0,0
29.03.2020,16:00,0,0,0
29.03.2020,17:00,0,0,0
29.03.2020,18:00,0,0,0
29.03.2020,19:00,0,0,0
29.03.2020,20:00,0,0,0
29.03.2020,21:00,0,0,0
29.03.2020,22:00,0,0,0
29.03.2020,23:00,0,0,0
30.03.2020,00:00,0,0,0
30.03.2020,01:00,0,0,0
30.03.2020,02:00,0,0,0
30.03.2020,03:00,0,0,0
30.03.2020,04:00,0,0,0
30.03.2020,05:00,0,0,0
30.03.2020,06:00,0,0,0
30.03.2020,07:00,0,0,0
30.03.2020,08:00,0,0,0
30.03.2020,09:00,0,0,0
30.03.2020,10:00,0,0,0
30.03.2020,11:00,0,0,0
30.03.2020,12:00,0,0,0
30.03.2020,13:00,0,0,0
30.03.2020,14:00,0,0,0
30.03.2020,15:00,0,0,0
30.03.2020,16:00,0,0,0
30.03.2020,17:00,0,0,0
30.03.2020,18:00,0,0,0
30.03.2020,19:00,0,0,0
30.03.2020,20:00,0,0,0
30.03.2020,21:00,0,0,0
30.03.2020,22:00,0,0,0
30.03.2020,23:00,0,0,0
31.03.2020,00:00,0,0,0
31.03.2020,01:00,0,0,0
31.03.2020,02:00,0,0,0
31.03.2020,03:00,0,0,0
31.03.2020,04:00,0,0,0
31.03.2020,05:00,0,0,0
31.03.2020,06:00,0,0,0
31.03.2020,07:00,0,0,0
31.03.2020,08:00,0,0,0
31.03.2020,09:00,0,0,0
31.03.2020,10:00,0,0,0
31.03.2020,11:00,0,0,0
31.03.2020,12:00,0,0,0
31.03.2020,13:00,0,0,0
31.03.2020,14:00,0,0,0
31.03.2020,15:00,0,0,0
31.03.2020,16:00,0,0,0
31.03.2020,17:00,0,0,0
31.03.2020,18:00,0,0,0
31.03.2020,19:00,0,0,0
31.03.2020,20:00,0,0,0
31.03.2020,21:00,0,0,0
31.03.2020,22:00,0,0,0
31.03.2020,23:00,0,0,0
01.04.2020,00:00,0,0,0
01.04.2020,01:00,0,0,0
01.04.2020,02:00,0,0,0
01.04.2020,03:00,0,0,0
01.04.2020,04:00,0,0,0
01.04.2020,05:00,0,0,0
01.04.2020,06:00,0,0,0
01.04.2020,07:00,0,0,0
01.04.2020,08:00,0,0,0
01.04.2020,09:00,0,0,0
01.04.2020,10:00,0,0,0
01.04.2020,11:00,0,0,0
01.04.2020,12:00,0,0,0
01.04.2020,13:00,0,0,0
01.04.2020,14:00,0,0,0
01.04.2020,15:00,0,0,0
01.04.2020,16:00,0,0,0
01.04.2020,17:00,0,0,0
01.04.2020,18:00,0,0,0
01.04.2020,19:00,0,0,0
01.04.2020,20:00,0,0,0
01.04.2020,21:00,0,0,0
01.04.2020,22:00,0,0,0
01.04.2020,23:00,0,0,0
02.04.2020,00:00,0,0,0
02.04.2020,01:00,0,0,0
02.04.2020,02:00,0,0,0
02.04.2020,03:00,0,0,0
02.04.2020,04:00,0,0,0
02.04.2020,05:00,0,0,0
02.04.2020,06:00,0,0,0
02.04.2020,07:00,0,0,0
02.04.2020,08:00,0,0,0
02.04.2020,09:00,0,0,0
02.04.2020,10:00,0,0,0
02.04.2020,11:00,0,0,0
02.04.2020,12:00,0,0,0
02.04.2020,13:00,0,0,0
02.04.2020,14:00,0,0,0
02.04.2020,15:00,0,0,0
02.04.2020,16:00,0,0,0
02.04.2020,17:00,0,0,0
02.04.2020,18:00,0,0,0
02.04.2020,19:00,0,0,0
02.04.2020,20:00,0,0,0
02.04.2020,21:00,0,0,0
02.04.2020,22:00,0,0,0
02.04.2020,23:00,0,0,0
03.04.2020,00:00,0,0,0
03.04.2020,01:00,0,0,0
03.04.2020,02:00,0,0,0
03.04.2020,03:00,0,0,0
03.04.2020,04:00,0,0,0
03.04.2020,05:00,0,0,0
03.04.2020,06:00,0,0,0
03.04.2020,07:00,0,0,0
03.04.2020,08:00,0,0,0
03.04.2020,09:00,0,0,0
03.04.2020,10:00,0,0,0
03.04.2020,11:00,0,0,0
03.04.2020,12:00,0,0,0
03.04.2020,13:00,0,0,0
03.04.2020,14:00,0,0,0
03.04.2020,15:00,0,0,0
03.04.2020,16:00,0,0,0
03.04.2020,17:00,0,0,0
03.04.2020,18:00,0,0,0
03.04.2020,19:00,0,0,0
03.04.2020,20:00,0,0,0
03.04.2020,21:00,0,0,0
03.04.2020,22:00,0,0,0
03.04.2020,23:00,0,0,0
04.04.2020,00:00,0,0,0
04.04.2020,01:00,0,0,0
04.04.2020,02:00,0,0,0
04.04.2020,03:00,0,0,0
04.04.2020,04:00,0,0,0
04.04.2020,05:00,0,0,0
04.04.2020,06:00,0,0,0
04.04.2020,07:00,0,0,0
04.04.2020,08:00,0,0,0
04.04.2020,09:00,0,0,0
04.04.2020,10:00,0,0,0
04.04.2020,11:00,0,0,0
04.04.2020,12:00,0,0,0
04.04.2020,13:00,0,0,0
04.04.2020,14:00,0,0,0
04.04.2020,15:00,0,0,0
04.04.2020,16:00,0,0,0
04.04.2020,17:00,0,0,0
04.04.2020,18:00,0,0,0
04.04.2020,19:00,0,0,54
04.04.2020,20:00,0,0,117
04.04.2020,21:00,0,0,45
04.04.2020,22:00,0,0,0
04.04.2020,23:00,0,0,0
05.04.2020,00:00,0,0,0
05.04.2020,01:00,0,0,0
05.04.2020,02:00,0,0,0
05.04.2020,03:00,0,0,0
05.04.2020,04:00,0,0,0
05.04.2020,05:00,0,0,0
05.04.2020,06:00,0,0,0
05.04.2020,07:00,0,0,0
05.04.2020,08:00,0,0,0
05.04.2020,09:00,0,0,0
05.04.2020,10:00,0,0,0
05.04.2020,11:00,0,0,0
05.04.2020,12:00,0,0,0
05.04.2020,13:00,0,0,0
05.04.2020,14:00,0,0,0
05.04.2020,15:00,0,0,0
05.04.2020,16:00,0,0,0
05.04.2020,17:00,0,0,0
05.04.2020,18:00,0,0,0
05.04.2020,19:00,0,0,0
05.04.2020,20:00,0,0,0
05.04.2020,21:00,0,0,0
05.04.2020,22:00,0,0,0
05.04.2020,23:00,0,0,0
06.04.2020,00:00,0,0,0
06.04.2020,01:00,0,0,0
06.04.2020,02:00,0,0,0
06.04.2020,03:00,0,0,0
06.04.2020,04:00,0,0,0
06.04.2020,05:00,0,0,0
06.04.2020,06:00,0,0,0
06.04.2020,07:00,0,0,0
06.04.2020,08:00,0,0,0
06.04.2020,09:00,0,0,0
06.04.2020,10:00,0,0,0
06.04.2020,11:00,0,0,0
06.04.2020,12:00,0,0,0
06.04.2020,13:00,0,0,0
06.04.2020,14:00,0,0,0
06.04.2020,15:00,0,0,0
06.04.2020,16:00,0,0,0
06.04.2020,17:00,0,0,0
06.04.2020,18:00,0,0,0
06.04.2020,19:00,0,0,0
06.04.2020,20:00,0,0,0
06.04.2020,21:00,0,0,0
06.04.2020,22:00,0,0,0
06.04.2020,23:00,0,0,0
07.04.2020,00:00,0,0,0
07.04.2020,01:00,0,0,0
07.04.2020,02:00,0,0,0
07.04.2020,03:00,0,0,0
07.04.2020,04:00,0,0,0
07.04.2020,05:00,0,0,0
07.04.2020,06:00,0,0,0
07.04.2020,07:00,0,0,0
07.04.2020,08:00,0,0,0
07.04.2020,09:00,0,0,0
07.04.2020,10:00,0,0,0
07.04.2020,11:00,0,0,0
07.04.2020,12:00,0,0,0
07.04.2020,13:00,0,0,0
07.04.2020,14:00,0,0,0
07.04.2020,15:00,0,0,0
07.04.2020,16:00,0,0,0
07.04.2020,17:00,0,0,0
07.04.2020,18:00,0,0,0
07.04.2020,19:00,0,0,0
07.04.2020,20:00,0,0,0
07.04.2020,21:00,0,0,0
07.04.2020,22:00,0,0,0
07.04.2020,23:00,0,0,0
08.04.2020,00:00,0,0,0
08.04.2020,01:00,0,0,0
08.04.2020,02:00,0,0,0
08.04.2020,03:00,0,0,0
08.04.2020,04:00,0,0,0
08.04.2020,05:00,0,0,0
08.04.2020,06:00,0,0,0
08.04.2020,07:00,0,0,0
08.04.2020,08:00,0,0,0
08.04.2020,09:00,0,0,0
08.04.2020,10:00,0,0,0
08.04.2020,11:00,0,0,0
08.04.2020,12:00,0,0,0
08.04.2020,13:00,0,0,0
08.04.2020,14:00,0,0,0
08.04.2020,15:00,0,0,0
08.04.2020,16:00,0,0,0
08.04.2020,17:00,0,0,0
08.04.2020,18:00,0,0,0
08.04.2020,19:00,0,0,0
08.04.2020,20:00,0,0,0
08.04.2020,21:00,0,0,0
08.04.2020,22:00,0,0,0
08.04.2020,23:00,0,0,0
09.04.2020,00:00,0,0,0
09.04.2020,01:00,0,0,0
09.04.2020,02:00,0,0,0
09.04.2020,03:00,0,0,0
09.04.2020,04:00,0,0,0
09.04.2020,05:00,0,0,0
09.04.2020,06:00,0,0,0
09.04.2020,07:00,0,0,0
09.04.2020,08:00,0,0,0
09.04.2020,09:00,0,0,0
09.04.2020,10:00,0,0,0
09.04.2020,11:00,0,0,0
09.04.2020,12:00,0,0,0
09.04.2020,13:00,0,0,0
09.04.2020,14:00,0,0,0
09.04.2020,15:00,0,0,0
09.04.2020,16:00,0,0,0
09.04.2020,17:00,0,0,0
09.04.2020,18:00,0,0,0
09.04.2020,19:00,0,0,0
09.04.2020,20:00,0,0,0
09.04.2020,21:00,0,0,0
09.04.2020,22:00,0,0,0
09.04.2020,23:00,0,0,0
10.04.2020,00:00,0,0,0
10.04.2020,01:00,0,0,0
10.04.2020,02:00,0,0,0
10.04.2020,03:00,0,0,0
10.04.2020,04:00,0,0,0
10.04.2020,05:00,0,0,0
10.04.2020,06:00,0,0,0
10.04.2020,07:00,0,0,0
10.04.2020,08:00,0,0,0
10.04.2020,09:00,0,0,0
10.04.2020,10:00,0,0,0
10.04.2020,11:00,0,0,0
10.04.2020,12:00,0,0,0
10.04.2020,13:00,0,0,0
10.04.2020,14:00,0,0,0
10.04.2020,15:00,0,0,0
10.04.2020,16:00,0,0,0
10.04.2020,17:00,0,0,0
10.04.2020,18:00,0,0,0
10.04.2020,19:00,0,0,0
10.04.2020,20:00,0,0,0
10.04.2020,21:00,0,0,0
10.04.2020,22:00,0,0,0
10.04.2020,23:00,0,0,0
11.04.2020,00:00,0,0,0
11.04.2020,01:00,0,0,0
11.04.2020,02:00,0,0,0
11.04.2020,03:00,0,0,0
11.04.2020,04:00,0,0,0
11.04.2020,05:00,0,0,0
11.04.2020,06:00,0,0,0
11.04.2020,07:00,0,0,0
11.04.2020,08:00,0,0,0
11.04.2020,09:00,0,0,0
11.04.2020,10:00,0,0,0
11.04.2020,11:00,0,0,0
11.04.2020,12:00,0,0,0
11.04.2020,13:00,0,0,0
11.04.2020,14:00,0,0,0
11.04.2020,15:00,0,0,0
11.04.2020,16:00,0,0,0
11.04.2020,17:00,0,0,0
11.04.2020,18:00,0,0,0
11.04.2020,19:00,0,0,0
11.04.2020,20:00,0,0,0
11.04.2020,21:00,0,0,0
11.04.2020,22:00,0,0,0
11.04.2020,23:00,0,0,0
12.04.2020,00:00,0,0,0
12.04.2020,01:00,0,0,0
12.04.2020,02:00,0,0,0
12.04.2020,03:00,0,0,0
12.04.2020,04:00,0,0,0
12.04.2020,05:00,0,0,0
12.04.2020,06:00,0,0,0
12.04.2020,07:00,0,0,0
12.04.2020,08:00,0,0,0
12.04.2020,09:00,0,0,0
12.04.2020,10:00,0,0,0
12.04.2020,11:00,0,0,0
12.04.2020,12:00,0,0,0
12.04.2020,13:00,0,0,0
12.04.2020,14:00,0,0,0
12.04.2020,15:00,0,0,0
12.04.2020,16:00,0,0,0
12.04.2020,17:00,0,0,0
12.04.2020,18:00,0,0,0
12.04.2020,19:00,0,0,0
12.04.2020,20:00,0,0,0
12.04.2020,21:00,0,0,0
12.04.2020,22:00,0,0,0
12.04.2020,23:00,0,0,0
13.04.2020,00:00,0,0,0
13.04.2020,01:00,0,0,0
13.04.2020,02:00,0,0,0
13.04.2020,03:00,0,0,0
13.04.2020,04:00,0,0,0
13.04.2020,05:00,0,0,0
13.04.2020,06:00,0,0,0
13.04.2020,07:00,0,0,0
13.04.2020,08:00,0,0,0
13.04.2020,09:00,0,0,0
13.04.2020,10:00,0,0,0
13.04.2020,11:00,0,0,0
13.04.2020,12:00,0,0,0
13.04.2020,13:00,0,0,0
13.04.2020,14:00,0,0,0
13.04.2020,15:00,0,0,0
13.04.2020,16:00,0,0,0
13.04.2020,17:00,0,0,0
13.04.2020,18:00,0,0,0
13.04.2020,19:00,0,0,0
13.04.2020,20:00,0,0,0
13.04.2020,21:00,0,0,0
13.04.2020,22:00,0,0,0
13.04.2020,23:00,0,0,0
14.04.2020,00:00,0,0,0
14.04.2020,01:00,0,0,0
14.04.2020,02:00,0,0,0
14.04.2020,03:00,0,0,0
14.04.2020,04:00,0,0,0
14.04.2020,05:00,0,0,0
14.04.2020,06:00,0,0,0
14.04.2020,07:00,0,0,0
14.04.2020,08:00,0,0,0
14.04.2020,09:00,0,0,0
14.04.2020,10:00,0,0,0
14.04.2020,11:00,0,0,0
14.04.2020,12:00,0,0,0
14.04.2020,13:00,0,0,0
14.04.2020,14:00,0,0,0
14.04.2020,15:00,0,0,0
14.04.2020,16:00,0,0,0
14.04.2020,17:00,0,0,0
14.04.2020,18:00,0,0,0
14.04.2020,19:00,0,0,0
14.04.2020,20:00,0,0,0
14.04.2020,21:00,0,0,0
14.04.2020,22:00,0,0,0
14.04.2020,23:00,0,0,0
15.04.2020,00:00,0,0,0
15.04.2020,01:00,0,0,0
15.04.2020,02:00,0,0,0
15.04.2020,03:00,0,0,0
15.04.2020,04:00,0,0,0
15.04.2020,05:00,0,0,0
15.04.2020,06:00,0,0,0
15.04.2020,07:00,0,0,0
15.04.2020,08:00,0,0,0
15.04.2020,09:00,0,0,0
15.04.2020,10:00,0,0,0
15.04.2020,11:00,0,0,0
15.04.2020,12:00,0,0,0
15.04.2020,13:00,0,0,0
15.04.2020,14:00,0,0,0
15.04.2020,15:00,0,0,0
15.04.2020,16:00,0,0,0
15.04.2020,17:00,0,0,0
15.04.2020,18:00,0,0,0
15.04.2020,19:00,0,0,0
15.04.2020,20:00,0,0,0
15.04.2020,21:00,0,0,0
15.04.2020,22:00,0,0,0
15.04.2020,23:00,0,0,0
16.04.2020,00:00,0,0,0
16.04.2020,01:00,0,0,0
16.04.2020,02:00,0,0,0
16.04.2020,03:00,0,0,0
16.04.2020,04:00,0,0,0
16.04.2020,05:00,0,0,0
16.04.2020,06:00,0,0,0
16.04.2020,07:00,0,0,0
16.04.2020,08:00,0,0,0
16.04.2020,09:00,0,0,0
16.04.2020,10:00,0,0,0
16.04.2020,11:00,0,0,0
16.04.2020,12:00,0,0,0
16.04.2020,13:00,0,0,0
16.04.2020,14:00,0,0,0
16.04.2020,15:00,0,0,0
16.04.2020,16:00,0,0,0
16.04.2020,17:00,0,0,0
16.04.2020,18:00,0,0,0
16.04.2020,19:00,0,0,0
16.04.2020,20:00,0,0,0
16.04.2020,21:00,0,0,0
16.04.2020,22:00,0,0,0
16.04.2020,23:00,0,0,0
17.04.2020,00:00,0,0,0
17.04.2020,01:00,0,0,0
17.04.2020,02:00,0,0,0
17.04.2020,03:00,0,0,0
17.04.2020,04:00,0,0,0
17.04.2020,05:00,0,0,0
17.04.2020,06:00,0,0,0
17.04.2020,07:00,0,0,0
17.04.2020,08:00,0,0,0
17.04.2020,09:00,0,0,0
17.04.2020,10:00,0,0,0
17.04.2020,11:00,0,0,0
17.04.2020,12:00,0,0,0
17.04.2020,13:00,0,0,0
17.04.2020,14:00,0,0,0
17.04.2020,15:00,0,0,0
17.04.2020,16:00,0,0,0
17.04.2020,17:00,0,0,0
17.04.2020,18:00,0,0,0
17.04.2020,19:00,0,0,0
17.04.2020,20:00,0,0,0
17.04.2020,21:00,0,0,0
17.04.2020,22:00,0,0,0
17.04.2020,23:00,0,0,0
18.04.2020,00:00,0,0,0
18.04.2020,01:00,0,0,0
18.04.2020,02:00,0,0,0
18.04.2020,03:00,0,0,0
18.04.2020,04:00,0,0,0
18.04.2020,05:00,0,0,0
18.04.2020,06:00,0,0,0
18.04.2020,07:00,0,0,0
18.04.2020,08:00,0,0,0
18.04.2020,09:00,0,0,0
18.04.2020,10:00,0,0,0
18.04.2020,11:00,0,0,0
18.04.2020,12:00,0,0,0
18.04.2020,13:00,0,0,0
18.04.2020,14:00,0,0,0
18.04.2020,15:00,0,0,0
18.04.2020,16:00,0,0,0
18.04.2020,17:00,0,0,0
18.04.2020,18:00,0,0,0
18.04.2020,19:00,0,0,0
18.04.2020,20:00,0,0,0
18.04.2020,21:00,0,0,0
18.04.2020,22:00,0,0,0
18.04.2020,23:00,0,0,0
19.04.2020,00:00,0,0,0
19.04.2020,01:00,0,0,0
19.04.2020,02:00,0,0,0
19.04.2020,03:00,0,0,0
19.04.2020,04:00,0,0,0
19.04.2020,05:00,0,0,0
19.04.2020,06:00,0,0,0
19.04.2020,07:00,0,0,0
19.04.2020,08:00,0,0,0
19.04.2020,09:00,0,0,0
19.04.2020,10:00,0,0,0
19.04.2020,11:00,0,0,0
19.04.2020,12:00,0,0,0
19.04.2020,13:00,0,0,0
19.04.2020,14:00,0,0,0
19.04.2020,15:00,0,0,0
19.04.2020,16:00,0,0,0
19.04.2020,17:00,0,0,0
19.04.2020,18:00,0,0,0
19.04.2020,19:00,0,0,0
19.04.2020,20:00,0,0,0
19.04.2020,21:00,0,0,0
19.04.2020,22:00,0,0,0
19.04.2020,23:00,0,0,0
20.04.2020,00:00,0,0,0
20.04.2020,01:00,0,0,0
20.04.2020,02:00,0,0,0
20.04.2020,03:00,0,0,0
20.04.2020,04:00,0,0,0
20.04.2020,05:00,0,0,0
20.04.2020,06:00,0,0,0
20.04.2020,07:00,0,0,0
20.04.2020,08:00,0,0,0
20.04.2020,09:00,0,0,0
20.04.2020,10:00,0,0,0
20.04.2020,11:00,0,0,0
20.04.2020,12:00,0,0,0
20.04.2020,13:00,0,0,0
20.04.2020,14:00,0,0,0
20.04.2020,15:00,0,0,0
20.04.2020,16:00,0,0,0
20.04.2020,17:00,0,0,0
20.04.2020,18:00,0,0,0
20.04.2020,19:00,0,0,0
20.04.2020,20:00,0,0,0
20.04.2020,21:00,0,0,0
20.04.2020,22:00,0,0,0
20.04.2020,23:00,0,0,0
21.04.2020,00:00,0,0,0
21.04.2020,01:00,0,0,0
21.04.2020,02:00,0,0,0
21.04.2020,03:00,0,0,0
21.04.2020,04:00,0,0,0
21.04.2020,05:00,0,0,0
21.04.2020,06:00,0,0,0
21.04.2020,07:00,0,0,0
21.04.2020,08:00,0,0,0
21.04.2020,09:00,0,0,0
21.04.2020,10:00,0,0,0
21.04.2020,11:00,0,0,0
21.04.2020,12:00,0,0,0
21.04.2020,13:00,0,0,0
21.04.2020,14:00,0,0,0
21.04.2020,15:00,0,0,0
21.04.2020,16:00,0,0,0
21.04.2020,17:00,0,0,0
21.04.2020,18:00,0,0,0
21.04.2020,19:00,0,0,0
21.04.2020,20:00,0,0,0
21.04.2020,21:00,0,0,0
21.04.2020,22:00,0,0,0
21.04.2020,23:00,0,0,0
22.04.2020,00:00,0,0,0
22.04.2020,01:00,0,0,0
22.04.2020,02:00,0,0,0
22.04.2020,03:00,0,0,0
22.04.2020,04:00,0,0,0
22.04.2020,05:00,0,0,0
22.04.2020,06:00,0,0,94
22.04.2020,07:00,0,0,119
22.04.2020,08:00,0,0,84
22.04.2020,09:00,0,0,84
22.04.2020,10:00,0,0,4
22.04.2020,11:00,0,0,0
22.04.2020,12:00,0,0,0
22.04.2020,13:00,0,0,0
22.04.2020,14:00,0,0,0
22.04.2020,15:00,0,0,0
22.04.2020,16:00,0,0,0
22.04.2020,17:00,0,0,0
22.04.2020,18:00,0,0,0
22.04.2020,19:00,0,0,0
22.04.2020,20:00,0,0,0
22.04.2020,21:00,0,0,0
22.04.2020,22:00,0,0,0
22.04.2020,23:00,0,0,0
23.04.2020,00:00,0,0,0
23.04.2020,01:00,0,0,0
23.04.2020,02:00,0,0,0
23.04.2020,03:00,0,0,0
23.04.2020,04:00,0,0,0
23.04.2020,05:00,0,0,0
23.04.2020,06:00,0,0,81
23.04.2020,07:00,0,0,84
23.04.2020,08:00,0,0,84
23.04.2020,09:00,0,0,84
23.04.2020,10:00,0,0,2
23.04.2020,11:00,0,0,0
23.04.2020,12:00,0,0,0
23.04.2020,13:00,0,0,0
23.04.2020,14:00,0,0,0
23.04.2020,15:00,0,0,0
23.04.2020,16:00,0,0,0
23.04.2020,17:00,0,0,0
23.04.2020,18:00,0,0,0
23.04.2020,19:00,0,0,0
23.04.2020,20:00,0,0,0
23.04.2020,21:00,0,0,0
23.04.2020,22:00,0,0,0
23.04.2020,23:00,0,0,0
24.04.2020,00:00,0,0,0
24.04.2020,01:00,0,0,0
24.04.2020,02:00,0,0,0
24.04.2020,03:00,0,0,0
24.04.2020,04:00,0,0,0
24.04.2020,05:00,0,0,0
24.04.2020,06:00,0,0,82
24.04.2020,07:00,0,0,85
24.04.2020,08:00,0,0,85
24.04.2020,09:00,0,0,85
24.04.2020,10:00,0,0,12
24.04.2020,11:00,0,0,0
24.04.2020,12:00,0,0,0
24.04.2020,13:00,0,0,0
24.04.2020,14:00,0,0,0
24.04.2020,15:00,0,0,0
24.04.2020,16:00,0,0,0
24.04.2020,17:00,0,0,0
24.04.2020,18:00,0,0,0
24.04.2020,19:00,0,0,0
24.04.2020,20:00,0,0,0
24.04.2020,21:00,0,0,0
24.04.2020,22:00,0,0,0
24.04.2020,23:00,0,0,0
25.04.2020,00:00,0,0,0
25.04.2020,01:00,0,0,0
25.04.2020,02:00,0,0,0
25.04.2020,03:00,0,0,0
25.04.2020,04:00,0,0,0
25.04.2020,05:00,0,0,0
25.04.2020,06:00,0,0,0
25.04.2020,07:00,0,0,0
25.04.2020,08:00,0,0,0
25.04.2020,09:00,0,0,0
25.04.2020,10:00,0,0,0
25.04.2020,11:00,0,0,0
25.04.2020,12:00,0,0,0
25.04.2020,13:00,0,0,0
25.04.2020,14:00,0,0,0
25.04.2020,15:00,0,0,0
25.04.2020,16:00,0,0,0
25.04.2020,17:00,0,0,0
25.04.2020,18:00,0,0,0
25.04.2020,19:00,0,0,0
25.04.2020,20:00,0,0,0
25.04.2020,21:00,0,0,0
25.04.2020,22:00,0,0,0
25.04.2020,23:00,0,0,0
26.04.2020,00:00,0,0,0
26.04.2020,01:00,0,0,0
26.04.2020,02:00,0,0,0
26.04.2020,03:00,0,0,0
26.04.2020,04:00,0,0,0
26.04.2020,05:00,0,0,0
26.04.2020,06:00,0,0,0
26.04.2020,07:00,0,0,0
26.04.2020,08:00,0,0,0
26.04.2020,09:00,0,0,0
26.04.2020,10:00,0,0,0
26.04.2020,11:00,0,0,0
26.04.2020,12:00,0,0,0
26.04.2020,13:00,0,0,0
26.04.2020,14:00,0,0,0
26.04.2020,15:00,0,0,0
26.04.2020,16:00,0,0,0
26.04.2020,17:00,0,0,0
26.04.2020,18:00,0,0,0
26.04.2020,19:00,0,0,0
26.04.2020,20:00,0,0,0
26.04.2020,21:00,0,0,0
26.04.2020,22:00,0,0,0
26.04.2020,23:00,0,0,0
27.04.2020,00:00,0,0,0
27.04.2020,01:00,0,0,0
27.04.2020,02:00,0,0,0
27.04.2020,03:00,0,0,0
27.04.2020,04:00,0,0,0
27.04.2020,05:00,0,0,0
27.04.2020,06:00,0,0,0
27.04.2020,07:00,0,0,0
27.04.2020,08:00,0,0,0
27.04.2020,09:00,0,0,0
27.04.2020,10:00,0,0,0
27.04.2020,11:00,0,0,0
27.04.2020,12:00,0,0,0
27.04.2020,13:00,0,0,0
27.04.2020,14:00,0,0,0
27.04.2020,15:00,0,0,0
27.04.2020,16:00,0,0,0
27.04.2020,17:00,0,0,0
27.04.2020,18:00,0,0,0
27.04.2020,19:00,0,0,0
27.04.2020,20:00,0,0,0
27.04.2020,21:00,0,0,0
27.04.2020,22:00,0,0,0
27.04.2020,23:00,0,0,0
28.04.2020,00:00,0,0,0
28.04.2020,01:00,0,0,0
28.04.2020,02:00,0,0,0
28.04.2020,03:00,0,0,0
28.04.2020,04:00,0,0,0
28.04.2020,05:00,0,0,0
28.04.2020,06:00,0,0,0
28.04.2020,07:00,0,0,0
28.04.2020,08:00,0,0,0
28.04.2020,09:00,0,0,0
28.04.2020,10:00,0,0,0
28.04.2020,11:00,0,0,0
28.04.2020,12:00,0,0,0
28.04.2020,13:00,0,0,0
28.04.2020,14:00,0,0,0
28.04.2020,15:00,0,0,0
28.04.2020,16:00,0,0,0
28.04.2020,17:00,0,0,0
28.04.2020,18:00,0,0,0
28.04.2020,19:00,0,0,0
28.04.2020,20:00,0,0,0
28.04.2020,21:00,0,0,0
28.04.2020,22:00,0,0,0
28.04.2020,23:00,0,0,0
29.04.2020,00:00,0,0,0
29.04.2020,01:00,0,0,0
29.04.2020,02:00,0,0,0
29.04.2020,03:00,0,0,0
29.04.2020,04:00,0,0,0
29.04.2020,05:00,0,0,0
29.04.2020,06:00,0,0,0
29.04.2020,07:00,0,0,0
29.04.2020,08:00,0,0,0
29.04.2020,09:00,0,0,0
29.04.2020,10:00,0,0,0
29.04.2020,11:00,0,0,0
29.04.2020,12:00,0,0,0
29.04.2020,13:00,0,0,0
29.04.2020,14:00,0,0,0
29.04.2020,15:00,0,0,0
29.04.2020,16:00,0,0,0
29.04.2020,17:00,0,0,0
29.04.2020,18:00,0,0,0
29.04.2020,19:00,0,0,0
29.04.2020,20:00,0,0,0
29.04.2020,21:00,0,0,0
29.04.2020,22:00,0,0,0
29.04.2020,23:00,0,0,0
30.04.2020,00:00,0,0,0
30.04.2020,01:00,0,0,0
30.04.2020,02:00,0,0,0
30.04.2020,03:00,0,0,0
30.04.2020,04:00,0,0,0
30.04.2020,05:00,0,0,0
30.04.2020,06:00,0,0,0
30.04.2020,07:00,0,0,0
30.04.2020,08:00,0,0,0
30.04.2020,09:00,0,0,0
30.04.2020,10:00,0,0,0
30.04.2020,11:00,0,0,0
30.04.2020,12:00,0,0,0
30.04.2020,13:00,0,0,0
30.04.2020,14:00,0,0,0
30.04.2020,15:00,0,0,0
30.04.2020,16:00,0,0,0
30.04.2020,17:00,0,0,0
30.04.2020,18:00,0,0,0
30.04.2020,19:00,0,0,0
30.04.2020,20:00,0,0,0
30.04.2020,21:00,0,0,0
30.04.2020,22:00,0,0,0
30.04.2020,23:00,0,0,0
