Datum,Uhrzeit,Generation_DE MÜN GT17[MW],Generation_DE MÜN GT18[MW],Generation_DE MÜN GT16[MW],Generation_DE MÜN DT15[MW],Generation_DE MÜN DT12[MW],Generation_DE MÜN DT19 neu[MW]
01.01.2020,00:00,0,0,0,0,0,52
01.01.2020,01:00,0,0,0,0,0,51
01.01.2020,02:00,0,0,0,0,0,49
01.01.2020,03:00,0,0,0,0,0,49
01.01.2020,04:00,0,0,0,0,0,53
01.01.2020,05:00,0,0,0,0,0,54
01.01.2020,06:00,0,0,0,0,0,53
01.01.2020,07:00,0,0,0,0,0,55
01.01.2020,08:00,0,0,0,0,0,62
01.01.2020,09:00,0,0,0,0,0,62
01.01.2020,10:00,0,0,0,0,0,63
01.01.2020,11:00,0,0,0,0,0,54
01.01.2020,12:00,0,0,0,0,0,48
01.01.2020,13:00,0,0,0,0,0,45
01.01.2020,14:00,0,0,0,0,0,44
01.01.2020,15:00,0,0,0,0,0,51
01.01.2020,16:00,0,0,0,0,0,53
01.01.2020,17:00,0,0,0,0,0,58
01.01.2020,18:00,0,0,0,0,0,58
01.01.2020,19:00,0,0,0,0,0,58
01.01.2020,20:00,0,0,0,0,0,59
01.01.2020,21:00,0,0,0,0,0,59
01.01.2020,22:00,0,0,0,0,0,59
01.01.2020,23:00,0,0,0,0,0,59
02.01.2020,00:00,0,0,0,0,0,57
02.01.2020,01:00,0,0,0,0,0,56
02.01.2020,02:00,0,0,0,0,0,53
02.01.2020,03:00,0,0,0,0,0,55
02.01.2020,04:00,0,0,0,0,0,56
02.01.2020,05:00,0,0,0,0,0,58
02.01.2020,06:00,0,0,0,0,0,59
02.01.2020,07:00,0,0,0,0,0,59
02.01.2020,08:00,0,0,0,0,0,60
02.01.2020,09:00,0,0,0,0,0,62
02.01.2020,10:00,0,0,0,0,0,63
02.01.2020,11:00,0,0,0,0,0,61
02.01.2020,12:00,0,0,0,0,0,59
02.01.2020,13:00,0,0,0,0,0,60
02.01.2020,14:00,0,0,0,0,0,57
02.01.2020,15:00,0,0,0,0,0,56
02.01.2020,16:00,0,0,0,0,0,52
02.01.2020,17:00,0,0,0,0,0,57
02.01.2020,18:00,0,0,0,0,0,62
02.01.2020,19:00,0,0,0,0,0,61
02.01.2020,20:00,0,0,0,0,0,60
02.01.2020,21:00,0,0,0,0,0,57
02.01.2020,22:00,0,0,0,0,0,50
02.01.2020,23:00,0,0,0,0,0,47
03.01.2020,00:00,0,0,0,0,0,47
03.01.2020,01:00,0,0,0,0,0,46
03.01.2020,02:00,0,0,0,0,0,46
03.01.2020,03:00,0,0,0,0,0,45
03.01.2020,04:00,0,0,0,0,0,44
03.01.2020,05:00,0,0,0,0,0,45
03.01.2020,06:00,0,0,0,0,0,45
03.01.2020,07:00,0,0,0,0,0,49
03.01.2020,08:00,0,0,0,0,0,56
03.01.2020,09:00,0,0,0,0,0,56
03.01.2020,10:00,0,0,0,0,0,55
03.01.2020,11:00,0,0,0,0,0,53
03.01.2020,12:00,0,0,0,0,0,52
03.01.2020,13:00,0,0,0,0,0,48
03.01.2020,14:00,0,0,0,0,0,52
03.01.2020,15:00,0,0,0,0,0,53
03.01.2020,16:00,0,0,0,0,0,53
03.01.2020,17:00,0,0,0,0,0,52
03.01.2020,18:00,0,0,0,0,0,53
03.01.2020,19:00,0,0,0,0,0,53
03.01.2020,20:00,0,0,0,0,0,51
03.01.2020,21:00,0,0,0,0,0,50
03.01.2020,22:00,0,0,0,0,0,44
03.01.2020,23:00,0,0,0,0,0,46
04.01.2020,00:00,0,0,0,0,0,46
04.01.2020,01:00,0,0,0,0,0,49
04.01.2020,02:00,0,0,0,0,0,50
04.01.2020,03:00,0,0,0,0,0,48
04.01.2020,04:00,0,0,0,0,0,46
04.01.2020,05:00,0,0,0,0,0,46
04.01.2020,06:00,0,0,0,0,0,44
04.01.2020,07:00,0,0,0,0,0,46
04.01.2020,08:00,0,0,0,0,0,48
04.01.2020,09:00,0,0,0,0,0,48
04.01.2020,10:00,0,0,0,0,0,50
04.01.2020,11:00,0,0,0,0,0,47
04.01.2020,12:00,0,0,0,0,0,46
04.01.2020,13:00,0,0,0,0,0,45
04.01.2020,14:00,0,0,0,0,0,50
04.01.2020,15:00,0,0,0,0,0,53
04.01.2020,16:00,0,0,0,0,0,53
04.01.2020,17:00,0,0,0,0,0,52
04.01.2020,18:00,0,0,0,0,0,54
04.01.2020,19:00,0,0,0,0,0,53
04.01.2020,20:00,0,0,0,0,0,51
04.01.2020,21:00,0,0,0,0,0,54
04.01.2020,22:00,0,0,0,0,0,47
04.01.2020,23:00,0,0,0,0,0,45
05.01.2020,00:00,0,0,0,0,0,45
05.01.2020,01:00,0,0,0,0,0,46
05.01.2020,02:00,0,0,0,0,0,48
05.01.2020,03:00,0,0,0,0,0,46
05.01.2020,04:00,0,0,0,0,0,45
05.01.2020,05:00,0,0,0,0,0,47
05.01.2020,06:00,0,0,0,0,0,45
05.01.2020,07:00,0,0,0,0,0,44
05.01.2020,08:00,0,0,0,0,0,45
05.01.2020,09:00,0,0,0,0,0,46
05.01.2020,10:00,0,0,0,0,0,44
05.01.2020,11:00,0,0,0,0,0,48
05.01.2020,12:00,0,0,0,0,0,46
05.01.2020,13:00,0,0,0,0,0,47
05.01.2020,14:00,0,0,0,0,0,45
05.01.2020,15:00,0,0,0,0,0,46
05.01.2020,16:00,0,0,0,0,0,45
05.01.2020,17:00,0,0,0,0,0,45
05.01.2020,18:00,0,0,0,0,0,51
05.01.2020,19:00,0,0,0,0,0,51
05.01.2020,20:00,0,0,0,0,0,51
05.01.2020,21:00,0,0,0,0,0,50
05.01.2020,22:00,0,0,0,0,0,48
05.01.2020,23:00,0,0,0,0,0,48
06.01.2020,00:00,0,0,0,0,0,48
06.01.2020,01:00,0,0,0,0,0,48
06.01.2020,02:00,0,0,0,0,0,49
06.01.2020,03:00,0,0,0,0,0,50
06.01.2020,04:00,0,0,0,0,0,51
06.01.2020,05:00,0,0,0,0,0,56
06.01.2020,06:00,0,0,0,0,0,54
06.01.2020,07:00,0,0,0,0,0,57
06.01.2020,08:00,0,0,0,0,0,55
06.01.2020,09:00,0,0,0,0,0,57
06.01.2020,10:00,0,0,0,0,0,56
06.01.2020,11:00,0,0,0,0,0,52
06.01.2020,12:00,0,0,0,0,0,52
06.01.2020,13:00,0,0,0,0,0,53
06.01.2020,14:00,0,0,0,0,0,52
06.01.2020,15:00,0,0,0,0,0,53
06.01.2020,16:00,0,0,0,0,0,52
06.01.2020,17:00,0,0,0,0,0,54
06.01.2020,18:00,0,0,0,0,0,56
06.01.2020,19:00,0,0,0,0,0,58
06.01.2020,20:00,0,0,0,0,0,60
06.01.2020,21:00,0,0,0,0,0,58
06.01.2020,22:00,0,0,0,0,0,55
06.01.2020,23:00,0,0,0,0,0,55
07.01.2020,00:00,0,0,0,0,0,52
07.01.2020,01:00,0,0,0,0,0,53
07.01.2020,02:00,0,0,0,0,0,52
07.01.2020,03:00,0,0,0,0,0,51
07.01.2020,04:00,0,0,0,0,0,51
07.01.2020,05:00,0,0,0,0,0,57
07.01.2020,06:00,0,0,0,0,0,58
07.01.2020,07:00,0,0,0,0,0,58
07.01.2020,08:00,0,0,0,0,0,60
07.01.2020,09:00,0,0,0,0,0,61
07.01.2020,10:00,0,0,0,0,0,59
07.01.2020,11:00,0,0,0,0,0,57
07.01.2020,12:00,0,0,0,0,0,56
07.01.2020,13:00,0,0,0,0,0,56
07.01.2020,14:00,0,0,0,0,0,59
07.01.2020,15:00,0,0,0,0,0,58
07.01.2020,16:00,0,0,0,0,0,60
07.01.2020,17:00,0,0,0,0,0,61
07.01.2020,18:00,0,0,0,0,0,63
07.01.2020,19:00,0,0,0,0,0,62
07.01.2020,20:00,0,0,0,0,0,61
07.01.2020,21:00,0,0,0,0,0,57
07.01.2020,22:00,0,0,0,0,0,59
07.01.2020,23:00,0,0,0,0,0,48
08.01.2020,00:00,0,0,0,0,0,49
08.01.2020,01:00,0,0,0,0,0,53
08.01.2020,02:00,0,0,0,0,0,49
08.01.2020,03:00,0,0,0,0,0,49
08.01.2020,04:00,0,0,0,0,0,49
08.01.2020,05:00,0,0,0,0,0,53
08.01.2020,06:00,0,0,0,0,0,56
08.01.2020,07:00,0,0,0,0,0,58
08.01.2020,08:00,0,0,0,0,0,57
08.01.2020,09:00,0,0,0,0,0,58
08.01.2020,10:00,0,0,0,0,0,59
08.01.2020,11:00,0,0,0,0,0,55
08.01.2020,12:00,0,0,0,0,0,54
08.01.2020,13:00,0,0,0,0,0,55
08.01.2020,14:00,0,0,0,0,0,58
08.01.2020,15:00,0,0,0,0,0,59
08.01.2020,16:00,0,0,0,0,0,58
08.01.2020,17:00,0,0,0,0,0,59
08.01.2020,18:00,0,0,0,0,0,60
08.01.2020,19:00,0,0,0,0,0,57
08.01.2020,20:00,0,0,0,0,0,55
08.01.2020,21:00,0,0,0,0,0,50
08.01.2020,22:00,0,0,0,0,0,45
08.01.2020,23:00,0,0,0,0,0,42
09.01.2020,00:00,0,0,0,0,0,43
09.01.2020,01:00,0,0,0,0,0,42
09.01.2020,02:00,0,0,0,0,0,41
09.01.2020,03:00,0,0,0,0,0,42
09.01.2020,04:00,0,0,0,0,0,41
09.01.2020,05:00,0,0,0,0,0,43
09.01.2020,06:00,0,0,0,0,0,44
09.01.2020,07:00,0,0,0,0,0,45
09.01.2020,08:00,0,0,0,0,0,48
09.01.2020,09:00,0,0,0,0,0,47
09.01.2020,10:00,0,0,0,0,0,44
09.01.2020,11:00,0,0,0,0,0,45
09.01.2020,12:00,0,0,0,0,0,45
09.01.2020,13:00,0,0,0,0,0,45
09.01.2020,14:00,0,0,0,0,0,43
09.01.2020,15:00,0,0,0,0,0,45
09.01.2020,16:00,0,0,0,0,0,43
09.01.2020,17:00,0,0,0,0,0,50
09.01.2020,18:00,0,0,0,0,0,51
09.01.2020,19:00,0,0,0,0,0,53
09.01.2020,20:00,0,0,0,0,0,56
09.01.2020,21:00,0,0,0,0,0,55
09.01.2020,22:00,0,0,0,0,0,56
09.01.2020,23:00,0,0,0,0,0,58
10.01.2020,00:00,0,0,0,0,0,58
10.01.2020,01:00,0,0,0,0,0,58
10.01.2020,02:00,0,0,0,0,0,55
10.01.2020,03:00,0,0,0,0,0,56
10.01.2020,04:00,0,0,0,0,0,54
10.01.2020,05:00,0,0,0,0,0,49
10.01.2020,06:00,0,0,0,0,0,48
10.01.2020,07:00,0,0,0,0,0,46
10.01.2020,08:00,0,0,0,0,0,46
10.01.2020,09:00,0,0,0,0,0,48
10.01.2020,10:00,0,0,0,0,0,48
10.01.2020,11:00,0,0,0,0,0,46
10.01.2020,12:00,0,0,0,0,0,46
10.01.2020,13:00,0,0,0,0,0,49
10.01.2020,14:00,0,0,0,0,0,47
10.01.2020,15:00,0,0,0,0,0,48
10.01.2020,16:00,0,0,0,0,0,49
10.01.2020,17:00,0,0,0,0,0,51
10.01.2020,18:00,0,0,0,0,0,49
10.01.2020,19:00,0,0,0,0,0,48
10.01.2020,20:00,0,0,0,0,0,49
10.01.2020,21:00,0,0,0,0,0,50
10.01.2020,22:00,0,0,0,0,0,54
10.01.2020,23:00,0,0,0,0,0,55
11.01.2020,00:00,0,0,0,0,0,55
11.01.2020,01:00,0,0,0,0,0,55
11.01.2020,02:00,0,0,0,0,0,56
11.01.2020,03:00,0,0,0,0,0,55
11.01.2020,04:00,0,0,0,0,0,54
11.01.2020,05:00,0,0,0,0,0,53
11.01.2020,06:00,0,0,0,0,0,53
11.01.2020,07:00,0,0,0,0,0,53
11.01.2020,08:00,0,0,0,0,0,52
11.01.2020,09:00,0,0,0,0,0,45
11.01.2020,10:00,0,0,0,0,0,45
11.01.2020,11:00,0,0,0,0,0,44
11.01.2020,12:00,0,0,0,0,0,44
11.01.2020,13:00,0,0,0,0,0,47
11.01.2020,14:00,0,0,0,0,0,46
11.01.2020,15:00,0,0,0,0,0,46
11.01.2020,16:00,0,0,0,0,0,45
11.01.2020,17:00,0,0,0,0,0,48
11.01.2020,18:00,0,0,0,0,0,50
11.01.2020,19:00,0,0,0,0,0,49
11.01.2020,20:00,0,0,0,0,0,49
11.01.2020,21:00,0,0,0,0,0,49
11.01.2020,22:00,0,0,0,0,0,49
11.01.2020,23:00,0,0,0,0,0,51
12.01.2020,00:00,0,0,0,0,0,51
12.01.2020,01:00,0,0,0,0,0,51
12.01.2020,02:00,0,0,0,0,0,50
12.01.2020,03:00,0,0,0,0,0,51
12.01.2020,04:00,0,0,0,0,0,50
12.01.2020,05:00,0,0,0,0,0,50
12.01.2020,06:00,0,0,0,0,0,50
12.01.2020,07:00,0,0,0,0,0,49
12.01.2020,08:00,0,0,0,0,0,53
12.01.2020,09:00,0,0,0,0,0,55
12.01.2020,10:00,0,0,0,0,0,56
12.01.2020,11:00,0,0,0,0,0,52
12.01.2020,12:00,0,0,0,0,0,49
12.01.2020,13:00,0,0,0,0,0,49
12.01.2020,14:00,0,0,0,0,0,50
12.01.2020,15:00,0,0,0,0,0,50
12.01.2020,16:00,0,0,0,0,0,54
12.01.2020,17:00,0,0,0,0,0,55
12.01.2020,18:00,0,0,0,0,0,57
12.01.2020,19:00,0,0,0,0,0,58
12.01.2020,20:00,0,0,0,0,0,58
12.01.2020,21:00,0,0,0,0,0,57
12.01.2020,22:00,0,0,0,0,0,56
12.01.2020,23:00,0,0,0,0,0,54
13.01.2020,00:00,0,0,0,0,0,51
13.01.2020,01:00,0,0,0,0,0,53
13.01.2020,02:00,0,0,0,0,0,51
13.01.2020,03:00,0,0,0,0,0,52
13.01.2020,04:00,0,0,0,0,0,52
13.01.2020,05:00,0,0,0,0,0,54
13.01.2020,06:00,0,0,0,0,0,54
13.01.2020,07:00,0,0,0,0,0,57
13.01.2020,08:00,0,0,0,0,0,61
13.01.2020,09:00,0,0,0,0,0,59
13.01.2020,10:00,0,0,0,0,0,56
13.01.2020,11:00,0,0,0,0,0,56
13.01.2020,12:00,0,0,0,0,0,51
13.01.2020,13:00,0,0,0,0,0,48
13.01.2020,14:00,0,0,0,0,0,47
13.01.2020,15:00,0,0,0,0,0,50
13.01.2020,16:00,0,0,0,0,0,50
13.01.2020,17:00,0,0,0,0,0,52
13.01.2020,18:00,0,0,0,0,0,53
13.01.2020,19:00,0,0,0,0,0,60
13.01.2020,20:00,0,0,0,0,0,61
13.01.2020,21:00,0,0,0,0,0,60
13.01.2020,22:00,0,0,0,0,0,58
13.01.2020,23:00,0,0,0,0,0,55
14.01.2020,00:00,0,0,0,0,0,48
14.01.2020,01:00,0,0,0,0,0,49
14.01.2020,02:00,0,0,0,0,0,49
14.01.2020,03:00,0,0,0,0,0,50
14.01.2020,04:00,0,0,0,0,0,55
14.01.2020,05:00,0,0,0,0,0,54
14.01.2020,06:00,0,0,0,0,0,53
14.01.2020,07:00,0,0,0,0,0,56
14.01.2020,08:00,0,0,0,0,0,61
14.01.2020,09:00,0,0,0,0,0,61
14.01.2020,10:00,0,0,0,0,0,61
14.01.2020,11:00,0,0,0,0,0,54
14.01.2020,12:00,0,0,0,0,0,51
14.01.2020,13:00,0,0,0,0,0,52
14.01.2020,14:00,0,0,0,0,0,49
14.01.2020,15:00,0,0,0,0,0,48
14.01.2020,16:00,0,0,0,0,0,54
14.01.2020,17:00,0,0,0,0,0,53
14.01.2020,18:00,0,0,0,0,0,55
14.01.2020,19:00,0,0,0,0,0,53
14.01.2020,20:00,0,0,0,0,0,56
14.01.2020,21:00,0,0,0,0,0,55
14.01.2020,22:00,0,0,0,0,0,51
14.01.2020,23:00,0,0,0,0,0,52
15.01.2020,00:00,0,0,0,0,0,53
15.01.2020,01:00,0,0,0,0,0,52
15.01.2020,02:00,0,0,0,0,0,52
15.01.2020,03:00,0,0,0,0,0,51
15.01.2020,04:00,0,0,0,0,0,51
15.01.2020,05:00,0,0,0,0,0,55
15.01.2020,06:00,0,0,0,0,0,55
15.01.2020,07:00,0,0,0,0,0,60
15.01.2020,08:00,0,0,0,0,0,65
15.01.2020,09:00,0,0,0,0,0,64
15.01.2020,10:00,0,0,0,0,0,61
15.01.2020,11:00,0,0,0,0,0,56
15.01.2020,12:00,0,0,0,0,0,53
15.01.2020,13:00,0,0,0,0,0,52
15.01.2020,14:00,0,0,0,0,0,53
15.01.2020,15:00,0,0,0,0,0,50
15.01.2020,16:00,0,0,0,0,0,47
15.01.2020,17:00,0,0,0,0,0,47
15.01.2020,18:00,0,0,0,0,0,51
15.01.2020,19:00,0,0,0,0,0,51
15.01.2020,20:00,0,0,0,0,0,53
15.01.2020,21:00,0,0,0,0,0,54
15.01.2020,22:00,0,0,0,0,0,53
15.01.2020,23:00,0,0,0,0,0,52
16.01.2020,00:00,0,0,0,0,0,50
16.01.2020,01:00,0,0,0,0,0,48
16.01.2020,02:00,0,0,0,0,0,47
16.01.2020,03:00,0,0,0,0,0,47
16.01.2020,04:00,0,0,0,0,0,47
16.01.2020,05:00,0,0,0,0,0,49
16.01.2020,06:00,0,0,0,0,0,49
16.01.2020,07:00,0,0,0,0,0,45
16.01.2020,08:00,0,0,0,0,0,54
16.01.2020,09:00,0,0,0,0,0,57
16.01.2020,10:00,0,0,0,0,0,55
16.01.2020,11:00,0,0,0,0,0,58
16.01.2020,12:00,0,0,0,0,0,60
16.01.2020,13:00,0,0,0,0,0,57
16.01.2020,14:00,0,0,0,0,0,49
16.01.2020,15:00,0,0,0,0,0,44
16.01.2020,16:00,0,0,0,0,0,44
16.01.2020,17:00,0,0,0,0,0,45
16.01.2020,18:00,0,0,0,0,0,44
16.01.2020,19:00,0,0,0,0,0,50
16.01.2020,20:00,0,0,0,0,0,48
16.01.2020,21:00,0,0,0,0,0,45
16.01.2020,22:00,0,0,0,0,0,47
16.01.2020,23:00,0,0,0,0,0,47
17.01.2020,00:00,0,0,0,0,0,44
17.01.2020,01:00,0,0,0,0,0,46
17.01.2020,02:00,0,0,0,0,0,44
17.01.2020,03:00,0,0,0,0,0,50
17.01.2020,04:00,0,0,0,0,0,50
17.01.2020,05:00,0,0,0,0,0,53
17.01.2020,06:00,0,0,0,0,0,54
17.01.2020,07:00,0,0,0,0,0,51
17.01.2020,08:00,0,0,0,0,0,50
17.01.2020,09:00,0,0,0,0,0,50
17.01.2020,10:00,0,0,0,0,0,49
17.01.2020,11:00,0,0,0,0,0,51
17.01.2020,12:00,0,0,0,0,0,48
17.01.2020,13:00,0,0,0,0,0,43
17.01.2020,14:00,0,0,0,0,0,40
17.01.2020,15:00,0,0,0,0,0,45
17.01.2020,16:00,0,0,0,0,0,45
17.01.2020,17:00,0,0,0,0,0,45
17.01.2020,18:00,0,0,0,0,0,46
17.01.2020,19:00,0,0,0,0,0,46
17.01.2020,20:00,0,0,0,0,0,47
17.01.2020,21:00,0,0,0,0,0,51
17.01.2020,22:00,0,0,0,0,0,52
17.01.2020,23:00,0,0,0,0,0,48
18.01.2020,00:00,0,0,0,0,0,47
18.01.2020,01:00,0,0,0,0,0,47
18.01.2020,02:00,0,0,0,0,0,47
18.01.2020,03:00,0,0,0,0,0,48
18.01.2020,04:00,0,0,0,0,0,47
18.01.2020,05:00,0,0,0,0,0,49
18.01.2020,06:00,0,0,0,0,0,49
18.01.2020,07:00,0,0,0,0,0,48
18.01.2020,08:00,0,0,0,0,0,48
18.01.2020,09:00,0,0,0,0,0,49
18.01.2020,10:00,0,0,0,0,0,50
18.01.2020,11:00,0,0,0,0,0,51
18.01.2020,12:00,0,0,0,0,0,52
18.01.2020,13:00,0,0,0,0,0,49
18.01.2020,14:00,0,0,0,0,0,49
18.01.2020,15:00,0,0,0,0,0,53
18.01.2020,16:00,0,0,0,0,0,54
18.01.2020,17:00,0,0,0,0,0,53
18.01.2020,18:00,0,0,0,0,0,53
18.01.2020,19:00,0,0,0,0,0,53
18.01.2020,20:00,0,0,0,0,0,56
18.01.2020,21:00,0,0,0,0,0,54
18.01.2020,22:00,0,0,0,0,0,51
18.01.2020,23:00,0,0,0,0,0,46
19.01.2020,00:00,0,0,0,0,0,46
19.01.2020,01:00,0,0,0,0,0,46
19.01.2020,02:00,0,0,0,0,0,46
19.01.2020,03:00,0,0,0,0,0,45
19.01.2020,04:00,0,0,0,0,0,48
19.01.2020,05:00,0,0,0,0,0,51
19.01.2020,06:00,0,0,0,0,0,52
19.01.2020,07:00,0,0,0,0,0,52
19.01.2020,08:00,0,0,0,0,0,54
19.01.2020,09:00,0,0,0,0,0,55
19.01.2020,10:00,0,0,0,0,0,56
19.01.2020,11:00,0,0,0,0,0,57
19.01.2020,12:00,0,0,0,0,0,56
19.01.2020,13:00,0,0,0,0,0,61
19.01.2020,14:00,0,0,0,0,0,58
19.01.2020,15:00,0,0,0,0,0,63
19.01.2020,16:00,0,0,0,0,0,60
19.01.2020,17:00,0,0,0,0,0,56
19.01.2020,18:00,0,0,0,0,0,56
19.01.2020,19:00,0,0,0,0,0,56
19.01.2020,20:00,0,0,0,0,0,63
19.01.2020,21:00,0,0,0,0,0,62
19.01.2020,22:00,0,0,0,0,0,63
19.01.2020,23:00,0,0,0,0,0,57
20.01.2020,00:00,0,0,0,0,0,57
20.01.2020,01:00,0,0,0,0,0,61
20.01.2020,02:00,0,0,0,0,0,56
20.01.2020,03:00,0,0,0,0,0,52
20.01.2020,04:00,0,0,0,0,0,50
20.01.2020,05:00,0,0,0,0,0,52
20.01.2020,06:00,0,0,0,0,0,58
20.01.2020,07:00,0,0,0,0,0,80
20.01.2020,08:00,0,0,0,0,0,84
20.01.2020,09:00,0,0,0,0,0,86
20.01.2020,10:00,0,0,0,0,0,70
20.01.2020,11:00,0,0,0,0,0,62
20.01.2020,12:00,0,0,0,0,0,63
20.01.2020,13:00,0,0,0,0,0,64
20.01.2020,14:00,0,0,0,0,0,59
20.01.2020,15:00,0,0,0,0,0,68
20.01.2020,16:00,0,0,0,0,0,83
20.01.2020,17:00,0,0,0,0,0,89
20.01.2020,18:00,0,0,0,0,0,78
20.01.2020,19:00,0,0,0,0,0,65
20.01.2020,20:00,0,0,0,0,0,61
20.01.2020,21:00,0,0,0,0,0,60
20.01.2020,22:00,0,0,0,0,0,63
20.01.2020,23:00,0,0,0,0,0,66
21.01.2020,00:00,0,0,0,0,0,68
21.01.2020,01:00,0,0,0,0,0,64
21.01.2020,02:00,0,0,0,0,0,62
21.01.2020,03:00,0,0,0,0,0,63
21.01.2020,04:00,0,0,0,0,0,63
21.01.2020,05:00,0,0,0,0,0,63
21.01.2020,06:00,0,0,0,0,0,71
21.01.2020,07:00,0,0,0,0,0,81
21.01.2020,08:00,0,0,0,0,0,86
21.01.2020,09:00,0,0,0,0,0,81
21.01.2020,10:00,0,0,0,0,0,66
21.01.2020,11:00,0,0,0,0,0,63
21.01.2020,12:00,0,0,0,0,0,61
21.01.2020,13:00,0,0,0,0,0,57
21.01.2020,14:00,0,0,0,0,0,53
21.01.2020,15:00,0,0,0,0,0,75
21.01.2020,16:00,0,0,0,0,0,90
21.01.2020,17:00,0,0,0,0,0,72
21.01.2020,18:00,0,0,0,0,0,43
21.01.2020,19:00,0,0,0,0,0,41
21.01.2020,20:00,0,0,0,0,0,43
21.01.2020,21:00,0,0,0,0,0,53
21.01.2020,22:00,0,0,0,0,0,54
21.01.2020,23:00,0,0,0,0,0,53
22.01.2020,00:00,0,0,0,0,0,51
22.01.2020,01:00,0,0,0,0,0,49
22.01.2020,02:00,0,0,0,0,0,54
22.01.2020,03:00,0,0,0,0,0,59
22.01.2020,04:00,0,0,0,0,0,60
22.01.2020,05:00,0,0,0,0,0,57
22.01.2020,06:00,0,0,0,0,0,65
22.01.2020,07:00,0,0,0,0,0,77
22.01.2020,08:00,0,0,0,0,0,80
22.01.2020,09:00,0,0,0,0,0,81
22.01.2020,10:00,0,0,0,0,0,81
22.01.2020,11:00,0,0,0,0,0,70
22.01.2020,12:00,0,0,0,0,0,85
22.01.2020,13:00,0,0,0,0,0,90
22.01.2020,14:00,0,0,0,0,0,94
22.01.2020,15:00,0,0,0,0,0,88
22.01.2020,16:00,0,0,0,0,0,85
22.01.2020,17:00,0,0,0,0,0,86
22.01.2020,18:00,0,0,0,0,0,87
22.01.2020,19:00,0,0,0,0,0,91
22.01.2020,20:00,0,0,0,0,0,82
22.01.2020,21:00,0,0,0,0,0,62
22.01.2020,22:00,0,0,0,0,0,54
22.01.2020,23:00,0,0,0,0,0,52
23.01.2020,00:00,0,0,0,0,0,54
23.01.2020,01:00,0,0,0,0,0,53
23.01.2020,02:00,0,0,0,0,0,54
23.01.2020,03:00,0,0,0,0,0,54
23.01.2020,04:00,0,0,0,0,0,53
23.01.2020,05:00,0,0,0,0,0,51
23.01.2020,06:00,0,0,0,0,0,48
23.01.2020,07:00,0,0,0,0,0,64
23.01.2020,08:00,0,0,0,0,0,79
23.01.2020,09:00,0,0,0,0,0,85
23.01.2020,10:00,0,0,0,0,0,87
23.01.2020,11:00,0,0,0,0,0,78
23.01.2020,12:00,0,0,0,0,0,60
23.01.2020,13:00,0,0,0,0,0,56
23.01.2020,14:00,0,0,0,0,0,60
23.01.2020,15:00,0,0,0,0,0,74
23.01.2020,16:00,0,0,0,0,0,85
23.01.2020,17:00,0,0,0,0,0,92
23.01.2020,18:00,0,0,0,0,0,91
23.01.2020,19:00,0,0,0,0,0,89
23.01.2020,20:00,0,0,0,0,0,89
23.01.2020,21:00,0,0,0,0,0,70
23.01.2020,22:00,0,0,0,0,0,65
23.01.2020,23:00,0,0,0,0,0,65
24.01.2020,00:00,0,0,0,0,0,64
24.01.2020,01:00,0,0,0,0,0,62
24.01.2020,02:00,0,0,0,0,0,61
24.01.2020,03:00,0,0,0,0,0,59
24.01.2020,04:00,0,0,0,0,0,57
24.01.2020,05:00,0,0,0,0,0,56
24.01.2020,06:00,0,0,0,0,0,85
24.01.2020,07:00,0,0,0,0,0,87
24.01.2020,08:00,0,0,0,0,0,82
24.01.2020,09:00,0,0,0,0,0,76
24.01.2020,10:00,0,0,0,0,0,65
24.01.2020,11:00,0,0,0,0,0,59
24.01.2020,12:00,0,0,0,0,0,58
24.01.2020,13:00,0,0,0,0,0,56
24.01.2020,14:00,0,0,0,0,0,56
24.01.2020,15:00,0,0,0,0,0,69
24.01.2020,16:00,0,0,0,0,0,86
24.01.2020,17:00,0,0,0,0,0,92
24.01.2020,18:00,0,0,0,0,0,90
24.01.2020,19:00,0,0,0,0,0,91
24.01.2020,20:00,0,0,0,0,0,77
24.01.2020,21:00,0,0,0,0,0,70
24.01.2020,22:00,0,0,0,0,0,67
24.01.2020,23:00,0,0,0,0,0,62
25.01.2020,00:00,0,0,0,0,0,51
25.01.2020,01:00,0,0,0,0,0,51
25.01.2020,02:00,0,0,0,0,0,48
25.01.2020,03:00,0,0,0,0,0,50
25.01.2020,04:00,0,0,0,0,0,52
25.01.2020,05:00,0,0,0,0,0,53
25.01.2020,06:00,0,0,0,0,0,54
25.01.2020,07:00,0,0,0,0,0,55
25.01.2020,08:00,0,0,0,0,0,55
25.01.2020,09:00,0,0,0,0,0,56
25.01.2020,10:00,0,0,0,0,0,58
25.01.2020,11:00,0,0,0,0,0,59
25.01.2020,12:00,0,0,0,0,0,54
25.01.2020,13:00,0,0,0,0,0,53
25.01.2020,14:00,0,0,0,0,0,54
25.01.2020,15:00,0,0,0,0,0,55
25.01.2020,16:00,0,0,0,0,0,56
25.01.2020,17:00,0,0,0,0,0,54
25.01.2020,18:00,0,0,0,0,0,54
25.01.2020,19:00,0,0,0,0,0,57
25.01.2020,20:00,0,0,0,0,0,59
25.01.2020,21:00,0,0,0,0,0,59
25.01.2020,22:00,0,0,0,0,0,59
25.01.2020,23:00,0,0,0,0,0,56
26.01.2020,00:00,0,0,0,0,0,55
26.01.2020,01:00,0,0,0,0,0,54
26.01.2020,02:00,0,0,0,0,0,53
26.01.2020,03:00,0,0,0,0,0,53
26.01.2020,04:00,0,0,0,0,0,52
26.01.2020,05:00,0,0,0,0,0,52
26.01.2020,06:00,0,0,0,0,0,55
26.01.2020,07:00,0,0,0,0,0,56
26.01.2020,08:00,0,0,0,0,0,57
26.01.2020,09:00,0,0,0,0,0,57
26.01.2020,10:00,0,0,0,0,0,59
26.01.2020,11:00,0,0,0,0,0,60
26.01.2020,12:00,0,0,0,0,0,55
26.01.2020,13:00,0,0,0,0,0,56
26.01.2020,14:00,0,0,0,0,0,56
26.01.2020,15:00,0,0,0,0,0,52
26.01.2020,16:00,0,0,0,0,0,52
26.01.2020,17:00,0,0,0,0,0,53
26.01.2020,18:00,0,0,0,0,0,55
26.01.2020,19:00,0,0,0,0,0,56
26.01.2020,20:00,0,0,0,0,0,60
26.01.2020,21:00,0,0,0,0,0,59
26.01.2020,22:00,0,0,0,0,0,60
26.01.2020,23:00,0,0,0,0,0,56
27.01.2020,00:00,0,0,0,0,0,53
27.01.2020,01:00,0,0,0,0,0,54
27.01.2020,02:00,0,0,0,0,0,52
27.01.2020,03:00,0,0,0,0,0,51
27.01.2020,04:00,0,0,0,0,0,53
27.01.2020,05:00,0,0,0,0,0,56
27.01.2020,06:00,0,0,0,0,0,58
27.01.2020,07:00,0,0,0,0,0,63
27.01.2020,08:00,0,0,0,0,0,65
27.01.2020,09:00,0,0,0,0,0,67
27.01.2020,10:00,0,0,0,0,0,64
27.01.2020,11:00,0,0,0,0,0,63
27.01.2020,12:00,0,0,0,0,0,57
27.01.2020,13:00,0,0,0,0,0,57
27.01.2020,14:00,0,0,0,0,0,55
27.01.2020,15:00,0,0,0,0,0,59
27.01.2020,16:00,0,0,0,0,0,72
27.01.2020,17:00,0,0,0,0,0,74
27.01.2020,18:00,0,0,0,0,0,76
27.01.2020,19:00,0,0,0,0,0,65
27.01.2020,20:00,0,0,0,0,0,47
27.01.2020,21:00,0,0,0,0,0,49
27.01.2020,22:00,0,0,0,0,0,49
27.01.2020,23:00,0,0,0,0,0,50
28.01.2020,00:00,0,0,0,0,0,49
28.01.2020,01:00,0,0,0,0,0,47
28.01.2020,02:00,0,0,0,0,0,45
28.01.2020,03:00,0,0,0,0,0,47
28.01.2020,04:00,0,0,0,0,0,49
28.01.2020,05:00,0,0,0,0,0,56
28.01.2020,06:00,0,0,0,0,0,61
28.01.2020,07:00,0,0,0,0,0,64
28.01.2020,08:00,0,0,0,0,0,61
28.01.2020,09:00,0,0,0,0,0,58
28.01.2020,10:00,0,0,0,0,0,60
28.01.2020,11:00,0,0,0,0,0,58
28.01.2020,12:00,0,0,0,0,0,55
28.01.2020,13:00,0,0,0,0,0,49
28.01.2020,14:00,0,0,0,0,0,51
28.01.2020,15:00,0,0,0,0,0,54
28.01.2020,16:00,0,0,0,0,0,52
28.01.2020,17:00,0,0,0,0,0,53
28.01.2020,18:00,0,0,0,0,0,55
28.01.2020,19:00,0,0,0,0,0,53
28.01.2020,20:00,0,0,0,0,0,54
28.01.2020,21:00,0,0,0,0,0,49
28.01.2020,22:00,0,0,0,0,0,45
28.01.2020,23:00,0,0,0,0,0,45
29.01.2020,00:00,0,0,0,0,0,46
29.01.2020,01:00,0,0,0,0,0,45
29.01.2020,02:00,0,0,0,0,0,46
29.01.2020,03:00,0,0,0,0,0,55
29.01.2020,04:00,0,0,0,0,0,52
29.01.2020,05:00,0,0,0,0,0,52
29.01.2020,06:00,0,0,0,0,0,53
29.01.2020,07:00,0,0,0,0,0,55
29.01.2020,08:00,0,0,0,0,0,55
29.01.2020,09:00,0,0,0,0,0,56
29.01.2020,10:00,0,0,0,0,0,56
29.01.2020,11:00,0,0,0,0,0,53
29.01.2020,12:00,0,0,0,0,0,52
29.01.2020,13:00,0,0,0,0,0,53
29.01.2020,14:00,0,0,0,0,0,48
29.01.2020,15:00,0,0,0,0,0,47
29.01.2020,16:00,0,0,0,0,0,54
29.01.2020,17:00,0,0,0,0,0,58
29.01.2020,18:00,0,0,0,0,0,54
29.01.2020,19:00,0,0,0,0,0,51
29.01.2020,20:00,0,0,0,0,0,51
29.01.2020,21:00,0,0,0,0,0,50
29.01.2020,22:00,0,0,0,0,0,48
29.01.2020,23:00,0,0,0,0,0,45
30.01.2020,00:00,0,0,0,0,0,44
30.01.2020,01:00,0,0,0,0,0,44
30.01.2020,02:00,0,0,0,0,0,44
30.01.2020,03:00,0,0,0,0,0,55
30.01.2020,04:00,0,0,0,0,0,54
30.01.2020,05:00,0,0,0,0,0,44
30.01.2020,06:00,0,0,0,0,0,48
30.01.2020,07:00,0,0,0,0,0,53
30.01.2020,08:00,0,0,0,0,0,55
30.01.2020,09:00,0,0,0,0,0,54
30.01.2020,10:00,0,0,0,0,0,59
30.01.2020,11:00,0,0,0,0,0,51
30.01.2020,12:00,0,0,0,0,0,51
30.01.2020,13:00,0,0,0,0,0,49
30.01.2020,14:00,0,0,0,0,0,55
30.01.2020,15:00,0,0,0,0,0,58
30.01.2020,16:00,0,0,0,0,0,60
30.01.2020,17:00,0,0,0,0,0,56
30.01.2020,18:00,0,0,0,0,0,54
30.01.2020,19:00,0,0,0,0,0,55
30.01.2020,20:00,0,0,0,0,0,59
30.01.2020,21:00,0,0,0,0,0,47
30.01.2020,22:00,0,0,0,0,0,39
30.01.2020,23:00,0,0,0,0,0,41
31.01.2020,00:00,0,0,0,0,0,40
31.01.2020,01:00,0,0,0,0,0,40
31.01.2020,02:00,0,0,0,0,0,40
31.01.2020,03:00,0,0,0,0,0,39
31.01.2020,04:00,0,0,0,0,0,43
31.01.2020,05:00,0,0,0,0,0,45
31.01.2020,06:00,0,0,0,0,0,55
31.01.2020,07:00,0,0,0,0,0,54
31.01.2020,08:00,0,0,0,0,0,50
31.01.2020,09:00,0,0,0,0,0,47
31.01.2020,10:00,0,0,0,0,0,45
31.01.2020,11:00,0,0,0,0,0,36
31.01.2020,12:00,0,0,0,0,0,34
31.01.2020,13:00,0,0,0,0,0,35
31.01.2020,14:00,0,0,0,0,0,31
31.01.2020,15:00,0,0,0,0,0,34
31.01.2020,16:00,0,0,0,0,0,29
31.01.2020,17:00,0,0,0,0,0,31
31.01.2020,18:00,0,0,0,0,0,30
31.01.2020,19:00,0,0,0,0,0,31
31.01.2020,20:00,0,0,0,0,0,36
31.01.2020,21:00,0,0,0,0,0,35
31.01.2020,22:00,0,0,0,0,0,36
31.01.2020,23:00,0,0,0,0,0,36
01.02.2020,00:00,0,0,0,0,0,38
01.02.2020,01:00,0,0,0,0,0,36
01.02.2020,02:00,0,0,0,0,0,36
01.02.2020,03:00,0,0,0,0,0,36
01.02.2020,04:00,0,0,0,0,0,38
01.02.2020,05:00,0,0,0,0,0,37
01.02.2020,06:00,0,0,0,0,0,35
01.02.2020,07:00,0,0,0,0,0,32
01.02.2020,08:00,0,0,0,0,0,31
01.02.2020,09:00,0,0,0,0,0,32
01.02.2020,10:00,0,0,0,0,0,33
01.02.2020,11:00,0,0,0,0,0,33
01.02.2020,12:00,0,0,0,0,0,33
01.02.2020,13:00,0,0,0,0,0,30
01.02.2020,14:00,0,0,0,0,0,32
01.02.2020,15:00,0,0,0,0,0,32
01.02.2020,16:00,0,0,0,0,0,32
01.02.2020,17:00,0,0,0,0,0,31
01.02.2020,18:00,0,0,0,0,0,32
01.02.2020,19:00,0,0,0,0,0,33
01.02.2020,20:00,0,0,0,0,0,33
01.02.2020,21:00,0,0,0,0,0,31
01.02.2020,22:00,0,0,0,0,0,31
01.02.2020,23:00,0,0,0,0,0,31
02.02.2020,00:00,0,0,0,0,0,22
02.02.2020,01:00,0,0,0,0,0,21
02.02.2020,02:00,0,0,0,0,0,21
02.02.2020,03:00,0,0,0,0,0,23
02.02.2020,04:00,0,0,0,0,0,18
02.02.2020,05:00,0,0,0,0,0,20
02.02.2020,06:00,0,0,0,0,0,26
02.02.2020,07:00,0,0,0,0,0,27
02.02.2020,08:00,0,0,0,0,0,29
02.02.2020,09:00,0,0,0,0,0,31
02.02.2020,10:00,0,0,0,0,0,29
02.02.2020,11:00,0,0,0,0,0,28
02.02.2020,12:00,0,0,0,0,0,29
02.02.2020,13:00,0,0,0,0,0,28
02.02.2020,14:00,0,0,0,0,0,29
02.02.2020,15:00,0,0,0,0,0,29
02.02.2020,16:00,0,0,0,0,0,28
02.02.2020,17:00,0,0,0,0,0,27
02.02.2020,18:00,0,0,0,0,0,29
02.02.2020,19:00,0,0,0,0,0,28
02.02.2020,20:00,0,0,0,0,0,31
02.02.2020,21:00,0,0,0,0,0,24
02.02.2020,22:00,0,0,0,0,0,24
02.02.2020,23:00,0,0,0,0,0,25
03.02.2020,00:00,0,0,0,0,0,24
03.02.2020,01:00,0,0,0,0,0,23
03.02.2020,02:00,0,0,0,0,0,22
03.02.2020,03:00,0,0,0,0,0,27
03.02.2020,04:00,0,0,0,0,0,38
03.02.2020,05:00,0,0,0,0,0,40
03.02.2020,06:00,0,0,0,0,0,45
03.02.2020,07:00,0,0,0,0,0,50
03.02.2020,08:00,0,0,0,0,0,50
03.02.2020,09:00,0,0,0,0,0,50
03.02.2020,10:00,0,0,0,0,0,55
03.02.2020,11:00,0,0,0,0,0,50
03.02.2020,12:00,0,0,0,0,0,46
03.02.2020,13:00,0,0,0,0,0,46
03.02.2020,14:00,0,0,0,0,0,43
03.02.2020,15:00,0,0,0,0,0,40
03.02.2020,16:00,0,0,0,0,0,44
03.02.2020,17:00,0,0,0,0,0,43
03.02.2020,18:00,0,0,0,0,0,45
03.02.2020,19:00,0,0,0,0,0,49
03.02.2020,20:00,0,0,0,0,0,45
03.02.2020,21:00,0,0,0,0,0,45
03.02.2020,22:00,0,0,0,0,0,47
03.02.2020,23:00,0,0,0,0,0,49
04.02.2020,00:00,0,0,0,0,0,43
04.02.2020,01:00,0,0,0,0,0,41
04.02.2020,02:00,0,0,0,0,0,35
04.02.2020,03:00,0,0,0,0,0,36
04.02.2020,04:00,0,0,0,0,0,43
04.02.2020,05:00,0,0,0,0,0,50
04.02.2020,06:00,0,0,0,0,0,46
04.02.2020,07:00,0,0,0,0,0,58
04.02.2020,08:00,0,0,0,0,0,54
04.02.2020,09:00,0,0,0,0,0,55
04.02.2020,10:00,0,0,0,0,0,55
04.02.2020,11:00,0,0,0,0,0,53
04.02.2020,12:00,0,0,0,0,0,51
04.02.2020,13:00,0,0,0,0,0,51
04.02.2020,14:00,0,0,0,0,0,52
04.02.2020,15:00,0,0,0,0,0,53
04.02.2020,16:00,0,0,0,0,0,54
04.02.2020,17:00,0,0,0,0,0,62
04.02.2020,18:00,0,0,0,0,0,61
04.02.2020,19:00,0,0,0,0,0,51
04.02.2020,20:00,0,0,0,0,0,49
04.02.2020,21:00,0,0,0,0,0,46
04.02.2020,22:00,0,0,0,0,0,47
04.02.2020,23:00,0,0,0,0,0,46
05.02.2020,00:00,0,0,0,0,0,47
05.02.2020,01:00,0,0,0,0,0,44
05.02.2020,02:00,0,0,0,0,0,42
05.02.2020,03:00,0,0,0,0,0,45
05.02.2020,04:00,0,0,0,0,0,48
05.02.2020,05:00,0,0,0,0,0,52
05.02.2020,06:00,0,0,0,0,0,51
05.02.2020,07:00,0,0,0,0,0,37
05.02.2020,08:00,0,0,0,0,0,42
05.02.2020,09:00,0,0,0,0,0,53
05.02.2020,10:00,0,0,0,0,0,59
05.02.2020,11:00,0,0,0,0,0,59
05.02.2020,12:00,0,0,0,0,0,57
05.02.2020,13:00,0,0,0,0,0,54
05.02.2020,14:00,0,0,0,0,0,51
05.02.2020,15:00,0,0,0,0,0,52
05.02.2020,16:00,0,0,0,0,0,42
05.02.2020,17:00,0,0,0,0,0,43
05.02.2020,18:00,0,0,0,0,0,48
05.02.2020,19:00,0,0,0,0,0,49
05.02.2020,20:00,0,0,0,0,0,52
05.02.2020,21:00,0,0,0,0,0,52
05.02.2020,22:00,0,0,0,0,0,55
05.02.2020,23:00,0,0,0,0,0,50
06.02.2020,00:00,0,0,0,0,0,49
06.02.2020,01:00,0,0,0,0,0,50
06.02.2020,02:00,0,0,0,0,0,47
06.02.2020,03:00,0,0,0,0,0,55
06.02.2020,04:00,0,0,0,0,0,58
06.02.2020,05:00,0,0,0,0,0,55
06.02.2020,06:00,0,0,0,0,0,58
06.02.2020,07:00,0,0,0,0,0,58
06.02.2020,08:00,0,0,0,0,0,61
06.02.2020,09:00,0,0,0,0,0,61
06.02.2020,10:00,0,0,0,0,0,54
06.02.2020,11:00,0,0,0,0,0,58
06.02.2020,12:00,0,0,0,0,0,61
06.02.2020,13:00,0,0,0,0,0,61
06.02.2020,14:00,0,0,0,0,0,57
06.02.2020,15:00,0,0,0,0,0,61
06.02.2020,16:00,0,0,0,0,0,74
06.02.2020,17:00,0,0,0,0,0,81
06.02.2020,18:00,0,0,0,0,0,83
06.02.2020,19:00,0,0,0,0,0,85
06.02.2020,20:00,0,0,0,0,0,84
06.02.2020,21:00,0,0,0,0,0,71
06.02.2020,22:00,0,0,0,0,0,60
06.02.2020,23:00,0,0,0,0,0,53
07.02.2020,00:00,0,0,0,0,0,51
07.02.2020,01:00,0,0,0,0,0,52
07.02.2020,02:00,0,0,0,0,0,53
07.02.2020,03:00,0,0,0,0,0,55
07.02.2020,04:00,0,0,0,0,0,61
07.02.2020,05:00,0,0,0,0,0,65
07.02.2020,06:00,0,0,0,0,0,59
07.02.2020,07:00,0,0,0,0,0,61
07.02.2020,08:00,0,0,0,0,0,61
07.02.2020,09:00,0,0,0,0,0,63
07.02.2020,10:00,0,0,0,0,0,58
07.02.2020,11:00,0,0,0,0,0,57
07.02.2020,12:00,0,0,0,0,0,49
07.02.2020,13:00,0,0,0,0,0,47
07.02.2020,14:00,0,0,0,0,0,47
07.02.2020,15:00,0,0,0,0,0,48
07.02.2020,16:00,0,0,0,0,0,49
07.02.2020,17:00,0,0,0,0,0,48
07.02.2020,18:00,0,0,0,0,0,56
07.02.2020,19:00,0,0,0,0,0,54
07.02.2020,20:00,0,0,0,0,0,55
07.02.2020,21:00,0,0,0,0,0,55
07.02.2020,22:00,0,0,0,0,0,49
07.02.2020,23:00,0,0,0,0,0,49
08.02.2020,00:00,0,0,0,0,0,49
08.02.2020,01:00,0,0,0,0,0,48
08.02.2020,02:00,0,0,0,0,0,50
08.02.2020,03:00,0,0,0,0,0,51
08.02.2020,04:00,0,0,0,0,0,53
08.02.2020,05:00,0,0,0,0,0,52
08.02.2020,06:00,0,0,0,0,0,52
08.02.2020,07:00,0,0,0,0,0,55
08.02.2020,08:00,0,0,0,0,0,55
08.02.2020,09:00,0,0,0,0,0,55
08.02.2020,10:00,0,0,0,0,0,52
08.02.2020,11:00,0,0,0,0,0,53
08.02.2020,12:00,0,0,0,0,0,49
08.02.2020,13:00,0,0,0,0,0,46
08.02.2020,14:00,0,0,0,0,0,45
08.02.2020,15:00,0,0,0,0,0,47
08.02.2020,16:00,0,0,0,0,0,46
08.02.2020,17:00,0,0,0,0,0,45
08.02.2020,18:00,0,0,0,0,0,47
08.02.2020,19:00,0,0,0,0,0,50
08.02.2020,20:00,0,0,0,0,0,60
08.02.2020,21:00,0,0,0,0,0,57
08.02.2020,22:00,0,0,0,0,0,51
08.02.2020,23:00,0,0,0,0,0,49
09.02.2020,00:00,0,0,0,0,0,48
09.02.2020,01:00,0,0,0,0,0,48
09.02.2020,02:00,0,0,0,0,0,48
09.02.2020,03:00,0,0,0,0,0,48
09.02.2020,04:00,0,0,0,0,0,49
09.02.2020,05:00,0,0,0,0,0,48
09.02.2020,06:00,0,0,0,0,0,49
09.02.2020,07:00,0,0,0,0,0,51
09.02.2020,08:00,0,0,0,0,0,52
09.02.2020,09:00,0,0,0,0,0,54
09.02.2020,10:00,0,0,0,0,0,50
09.02.2020,11:00,0,0,0,0,0,46
09.02.2020,12:00,0,0,0,0,0,45
09.02.2020,13:00,0,0,0,0,0,42
09.02.2020,14:00,0,0,0,0,0,45
09.02.2020,15:00,0,0,0,0,0,45
09.02.2020,16:00,0,0,0,0,0,43
09.02.2020,17:00,0,0,0,0,0,42
09.02.2020,18:00,0,0,0,0,0,42
09.02.2020,19:00,0,0,0,0,0,42
09.02.2020,20:00,0,0,0,0,0,42
09.02.2020,21:00,0,0,0,0,0,37
09.02.2020,22:00,0,0,0,0,0,35
09.02.2020,23:00,0,0,0,0,0,33
10.02.2020,00:00,0,0,0,0,0,33
10.02.2020,01:00,0,0,0,0,0,34
10.02.2020,02:00,0,0,0,0,0,38
10.02.2020,03:00,0,0,0,0,0,51
10.02.2020,04:00,0,0,0,0,0,52
10.02.2020,05:00,0,0,0,0,0,62
10.02.2020,06:00,0,0,0,0,0,64
10.02.2020,07:00,0,0,0,0,0,71
10.02.2020,08:00,0,0,0,0,0,72
10.02.2020,09:00,0,0,0,0,0,69
10.02.2020,10:00,0,0,0,0,0,67
10.02.2020,11:00,0,0,0,0,0,59
10.02.2020,12:00,0,0,0,0,0,52
10.02.2020,13:00,0,0,0,0,0,56
10.02.2020,14:00,0,0,0,0,0,57
10.02.2020,15:00,0,0,0,0,0,59
10.02.2020,16:00,0,0,0,0,0,59
10.02.2020,17:00,0,0,0,0,0,57
10.02.2020,18:00,0,0,0,0,0,55
10.02.2020,19:00,0,0,0,0,0,56
10.02.2020,20:00,0,0,0,0,0,59
10.02.2020,21:00,0,0,0,0,0,64
10.02.2020,22:00,0,0,0,0,0,60
10.02.2020,23:00,0,0,0,0,0,56
11.02.2020,00:00,0,0,0,0,0,53
11.02.2020,01:00,0,0,0,0,0,53
11.02.2020,02:00,0,0,0,0,0,54
11.02.2020,03:00,0,0,0,0,0,53
11.02.2020,04:00,0,0,0,0,0,56
11.02.2020,05:00,0,0,0,0,0,54
11.02.2020,06:00,0,0,0,0,0,56
11.02.2020,07:00,0,0,0,0,0,59
11.02.2020,08:00,0,0,0,0,0,64
11.02.2020,09:00,0,0,0,0,0,62
11.02.2020,10:00,0,0,0,0,0,63
11.02.2020,11:00,0,0,0,0,0,57
11.02.2020,12:00,0,0,0,0,0,55
11.02.2020,13:00,0,0,0,0,0,56
11.02.2020,14:00,0,0,0,0,0,57
11.02.2020,15:00,0,0,0,0,0,56
11.02.2020,16:00,0,0,0,0,0,56
11.02.2020,17:00,0,0,0,0,0,56
11.02.2020,18:00,0,0,0,0,0,56
11.02.2020,19:00,0,0,0,0,0,57
11.02.2020,20:00,0,0,0,0,0,62
11.02.2020,21:00,0,0,0,0,0,62
11.02.2020,22:00,0,0,0,0,0,56
11.02.2020,23:00,0,0,0,0,0,56
12.02.2020,00:00,0,0,0,0,0,57
12.02.2020,01:00,0,0,0,0,0,59
12.02.2020,02:00,0,0,0,0,0,58
12.02.2020,03:00,0,0,0,0,0,58
12.02.2020,04:00,0,0,0,0,0,55
12.02.2020,05:00,0,0,0,0,0,55
12.02.2020,06:00,0,0,0,0,0,60
12.02.2020,07:00,0,0,0,0,0,61
12.02.2020,08:00,0,0,0,0,0,65
12.02.2020,09:00,0,0,0,0,0,62
12.02.2020,10:00,0,0,0,0,0,63
12.02.2020,11:00,0,0,0,0,0,56
12.02.2020,12:00,0,0,0,0,0,55
12.02.2020,13:00,0,0,0,0,0,53
12.02.2020,14:00,0,0,0,0,0,56
12.02.2020,15:00,0,0,0,0,0,56
12.02.2020,16:00,0,0,0,0,0,55
12.02.2020,17:00,0,0,0,0,0,56
12.02.2020,18:00,0,0,0,0,0,54
12.02.2020,19:00,0,0,0,0,0,55
12.02.2020,20:00,0,0,0,0,0,56
12.02.2020,21:00,0,0,0,0,0,55
12.02.2020,22:00,0,0,0,0,0,52
12.02.2020,23:00,0,0,0,0,0,51
13.02.2020,00:00,0,0,0,0,0,53
13.02.2020,01:00,0,0,0,0,0,53
13.02.2020,02:00,0,0,0,0,0,53
13.02.2020,03:00,0,0,0,0,0,65
13.02.2020,04:00,0,0,0,0,0,60
13.02.2020,05:00,0,0,0,0,0,59
13.02.2020,06:00,0,0,0,0,0,68
13.02.2020,07:00,0,0,0,0,0,65
13.02.2020,08:00,0,0,0,0,0,58
13.02.2020,09:00,0,0,0,0,0,58
13.02.2020,10:00,0,0,0,0,0,53
13.02.2020,11:00,0,0,0,0,0,52
13.02.2020,12:00,0,0,0,0,0,49
13.02.2020,13:00,0,0,0,0,0,49
13.02.2020,14:00,0,0,0,0,0,49
13.02.2020,15:00,0,0,0,0,0,53
13.02.2020,16:00,0,0,0,0,0,56
13.02.2020,17:00,0,0,0,0,0,54
13.02.2020,18:00,0,0,0,0,0,59
13.02.2020,19:00,0,0,0,0,0,57
13.02.2020,20:00,0,0,0,0,0,54
13.02.2020,21:00,0,0,0,0,0,52
13.02.2020,22:00,0,0,0,0,0,54
13.02.2020,23:00,0,0,0,0,0,52
14.02.2020,00:00,0,0,0,0,0,51
14.02.2020,01:00,0,0,0,0,0,50
14.02.2020,02:00,0,0,0,0,0,48
14.02.2020,03:00,0,0,0,0,0,49
14.02.2020,04:00,0,0,0,0,0,47
14.02.2020,05:00,0,0,0,0,0,46
14.02.2020,06:00,0,0,0,0,0,45
14.02.2020,07:00,0,0,0,0,0,49
14.02.2020,08:00,0,0,0,0,0,56
14.02.2020,09:00,0,0,0,0,0,55
14.02.2020,10:00,0,0,0,0,0,51
14.02.2020,11:00,0,0,0,0,0,49
14.02.2020,12:00,0,0,0,0,0,49
14.02.2020,13:00,0,0,0,0,0,49
14.02.2020,14:00,0,0,0,0,0,48
14.02.2020,15:00,0,0,0,0,0,48
14.02.2020,16:00,0,0,0,0,0,48
14.02.2020,17:00,0,0,0,0,0,46
14.02.2020,18:00,0,0,0,0,0,48
14.02.2020,19:00,0,0,0,0,0,48
14.02.2020,20:00,0,0,0,0,0,51
14.02.2020,21:00,0,0,0,0,0,52
14.02.2020,22:00,0,0,0,0,0,52
14.02.2020,23:00,0,0,0,0,0,49
15.02.2020,00:00,0,0,0,0,0,48
15.02.2020,01:00,0,0,0,0,0,48
15.02.2020,02:00,0,0,0,0,0,47
15.02.2020,03:00,0,0,0,0,0,47
15.02.2020,04:00,0,0,0,0,0,51
15.02.2020,05:00,0,0,0,0,0,53
15.02.2020,06:00,0,0,0,0,0,56
15.02.2020,07:00,0,0,0,0,0,59
15.02.2020,08:00,0,0,0,0,0,61
15.02.2020,09:00,0,0,0,0,0,61
15.02.2020,10:00,0,0,0,0,0,53
15.02.2020,11:00,0,0,0,0,0,44
15.02.2020,12:00,0,0,0,0,0,43
15.02.2020,13:00,0,0,0,0,0,41
15.02.2020,14:00,0,0,0,0,0,41
15.02.2020,15:00,0,0,0,0,0,41
15.02.2020,16:00,0,0,0,0,0,42
15.02.2020,17:00,0,0,0,0,0,42
15.02.2020,18:00,0,0,0,0,0,41
15.02.2020,19:00,0,0,0,0,0,43
15.02.2020,20:00,0,0,0,0,0,46
15.02.2020,21:00,0,0,0,0,0,46
15.02.2020,22:00,0,0,0,0,0,45
15.02.2020,23:00,0,0,0,0,0,47
16.02.2020,00:00,0,0,0,0,0,46
16.02.2020,01:00,0,0,0,0,0,46
16.02.2020,02:00,0,0,0,0,0,45
16.02.2020,03:00,0,0,0,0,0,46
16.02.2020,04:00,0,0,0,0,0,45
16.02.2020,05:00,0,0,0,0,0,46
16.02.2020,06:00,0,0,0,0,0,45
16.02.2020,07:00,0,0,0,0,0,45
16.02.2020,08:00,0,0,0,0,0,44
16.02.2020,09:00,0,0,0,0,0,44
16.02.2020,10:00,0,0,0,0,0,44
16.02.2020,11:00,0,0,0,0,0,45
16.02.2020,12:00,0,0,0,0,0,43
16.02.2020,13:00,0,0,0,0,0,45
16.02.2020,14:00,0,0,0,0,0,47
16.02.2020,15:00,0,0,0,0,0,48
16.02.2020,16:00,0,0,0,0,0,48
16.02.2020,17:00,0,0,0,0,0,48
16.02.2020,18:00,0,0,0,0,0,47
16.02.2020,19:00,0,0,0,0,0,46
16.02.2020,20:00,0,0,0,0,0,47
16.02.2020,21:00,0,0,0,0,0,45
16.02.2020,22:00,0,0,0,0,0,45
16.02.2020,23:00,0,0,0,0,0,46
17.02.2020,00:00,0,0,0,0,0,47
17.02.2020,01:00,0,0,0,0,0,47
17.02.2020,02:00,0,0,0,0,0,48
17.02.2020,03:00,0,0,0,0,0,48
17.02.2020,04:00,0,0,0,0,0,45
17.02.2020,05:00,0,0,0,0,0,45
17.02.2020,06:00,0,0,0,0,0,45
17.02.2020,07:00,0,0,0,0,0,46
17.02.2020,08:00,0,0,0,0,0,46
17.02.2020,09:00,0,0,0,0,0,42
17.02.2020,10:00,0,0,0,0,0,47
17.02.2020,11:00,0,0,0,0,0,46
17.02.2020,12:00,0,0,0,0,0,45
17.02.2020,13:00,0,0,0,0,0,40
17.02.2020,14:00,0,0,0,0,0,47
17.02.2020,15:00,0,0,0,0,0,49
17.02.2020,16:00,0,0,0,0,0,49
17.02.2020,17:00,0,0,0,0,0,48
17.02.2020,18:00,0,0,0,0,0,52
17.02.2020,19:00,0,0,0,0,0,50
17.02.2020,20:00,0,0,0,0,0,49
17.02.2020,21:00,0,0,0,0,0,52
17.02.2020,22:00,0,0,0,0,0,51
17.02.2020,23:00,0,0,0,0,0,48
18.02.2020,00:00,0,0,0,0,0,48
18.02.2020,01:00,0,0,0,0,0,50
18.02.2020,02:00,0,0,0,0,0,49
18.02.2020,03:00,0,0,0,0,0,49
18.02.2020,04:00,0,0,0,0,0,49
18.02.2020,05:00,0,0,0,0,0,51
18.02.2020,06:00,0,0,0,0,0,52
18.02.2020,07:00,0,0,0,0,0,58
18.02.2020,08:00,0,0,0,0,0,58
18.02.2020,09:00,0,0,0,0,0,57
18.02.2020,10:00,0,0,0,0,0,55
18.02.2020,11:00,0,0,0,0,0,50
18.02.2020,12:00,0,0,0,0,0,46
18.02.2020,13:00,0,0,0,0,0,51
18.02.2020,14:00,0,0,0,0,0,52
18.02.2020,15:00,0,0,0,0,0,51
18.02.2020,16:00,0,0,0,0,0,54
18.02.2020,17:00,0,0,0,0,0,52
18.02.2020,18:00,0,0,0,0,0,51
18.02.2020,19:00,0,0,0,0,0,51
18.02.2020,20:00,0,0,0,0,0,52
18.02.2020,21:00,0,0,0,0,0,50
18.02.2020,22:00,0,0,0,0,0,47
18.02.2020,23:00,0,0,0,0,0,49
19.02.2020,00:00,0,0,0,0,0,49
19.02.2020,01:00,0,0,0,0,0,49
19.02.2020,02:00,0,0,0,0,0,48
19.02.2020,03:00,0,0,0,0,0,48
19.02.2020,04:00,0,0,0,0,0,50
19.02.2020,05:00,0,0,0,0,0,55
19.02.2020,06:00,0,0,0,0,0,56
19.02.2020,07:00,0,0,0,0,0,60
19.02.2020,08:00,0,0,0,0,0,60
19.02.2020,09:00,0,0,0,0,0,59
19.02.2020,10:00,0,0,0,0,0,55
19.02.2020,11:00,0,0,0,0,0,56
19.02.2020,12:00,0,0,0,0,0,58
19.02.2020,13:00,0,0,0,0,0,57
19.02.2020,14:00,0,0,0,0,0,57
19.02.2020,15:00,0,0,0,0,0,53
19.02.2020,16:00,0,0,0,0,0,52
19.02.2020,17:00,0,0,0,0,0,53
19.02.2020,18:00,0,0,0,0,0,56
19.02.2020,19:00,0,0,0,0,0,57
19.02.2020,20:00,0,0,0,0,0,59
19.02.2020,21:00,0,0,0,0,0,57
19.02.2020,22:00,0,0,0,0,0,55
19.02.2020,23:00,0,0,0,0,0,55
20.02.2020,00:00,0,0,0,0,0,52
20.02.2020,01:00,0,0,0,0,0,52
20.02.2020,02:00,0,0,0,0,0,52
20.02.2020,03:00,0,0,0,0,0,51
20.02.2020,04:00,0,0,0,0,0,48
20.02.2020,05:00,0,0,0,0,0,54
20.02.2020,06:00,0,0,0,0,0,56
20.02.2020,07:00,0,0,0,0,0,57
20.02.2020,08:00,0,0,0,0,0,59
20.02.2020,09:00,0,0,0,0,0,60
20.02.2020,10:00,0,0,0,0,0,55
20.02.2020,11:00,0,0,0,0,0,56
20.02.2020,12:00,0,0,0,0,0,55
20.02.2020,13:00,0,0,0,0,0,53
20.02.2020,14:00,0,0,0,0,0,51
20.02.2020,15:00,0,0,0,0,0,49
20.02.2020,16:00,0,0,0,0,0,49
20.02.2020,17:00,0,0,0,0,0,49
20.02.2020,18:00,0,0,0,0,0,50
20.02.2020,19:00,0,0,0,0,0,50
20.02.2020,20:00,0,0,0,0,0,51
20.02.2020,21:00,0,0,0,0,0,50
20.02.2020,22:00,0,0,0,0,0,50
20.02.2020,23:00,0,0,0,0,0,49
21.02.2020,00:00,0,0,0,0,0,50
21.02.2020,01:00,0,0,0,0,0,49
21.02.2020,02:00,0,0,0,0,0,46
21.02.2020,03:00,0,0,0,0,0,46
21.02.2020,04:00,0,0,0,0,0,47
21.02.2020,05:00,0,0,0,0,0,54
21.02.2020,06:00,0,0,0,0,0,62
21.02.2020,07:00,0,0,0,0,0,60
21.02.2020,08:00,0,0,0,0,0,60
21.02.2020,09:00,0,0,0,0,0,61
21.02.2020,10:00,0,0,0,0,0,56
21.02.2020,11:00,0,0,0,0,0,56
21.02.2020,12:00,0,0,0,0,0,53
21.02.2020,13:00,0,0,0,0,0,52
21.02.2020,14:00,0,0,0,0,0,49
21.02.2020,15:00,0,0,0,0,0,49
21.02.2020,16:00,0,0,0,0,0,48
21.02.2020,17:00,0,0,0,0,0,53
21.02.2020,18:00,0,0,0,0,0,53
21.02.2020,19:00,0,0,0,0,0,53
21.02.2020,20:00,0,0,0,0,0,49
21.02.2020,21:00,0,0,0,0,0,49
21.02.2020,22:00,0,0,0,0,0,51
21.02.2020,23:00,0,0,0,0,0,50
22.02.2020,00:00,0,0,0,0,0,43
22.02.2020,01:00,0,0,0,0,0,43
22.02.2020,02:00,0,0,0,0,0,43
22.02.2020,03:00,0,0,0,0,0,46
22.02.2020,04:00,0,0,0,0,0,47
22.02.2020,05:00,0,0,0,0,0,49
22.02.2020,06:00,0,0,0,0,0,50
22.02.2020,07:00,0,0,0,0,0,48
22.02.2020,08:00,0,0,0,0,0,48
22.02.2020,09:00,0,0,0,0,0,48
22.02.2020,10:00,0,0,0,0,0,49
22.02.2020,11:00,0,0,0,0,0,49
22.02.2020,12:00,0,0,0,0,0,48
22.02.2020,13:00,0,0,0,0,0,48
22.02.2020,14:00,0,0,0,0,0,48
22.02.2020,15:00,0,0,0,0,0,46
22.02.2020,16:00,0,0,0,0,0,47
22.02.2020,17:00,0,0,0,0,0,44
22.02.2020,18:00,0,0,0,0,0,45
22.02.2020,19:00,0,0,0,0,0,46
22.02.2020,20:00,0,0,0,0,0,48
22.02.2020,21:00,0,0,0,0,0,46
22.02.2020,22:00,0,0,0,0,0,42
22.02.2020,23:00,0,0,0,0,0,37
23.02.2020,00:00,0,0,0,0,0,35
23.02.2020,01:00,0,0,0,0,0,36
23.02.2020,02:00,0,0,0,0,0,35
23.02.2020,03:00,0,0,0,0,0,35
23.02.2020,04:00,0,0,0,0,0,34
23.02.2020,05:00,0,0,0,0,0,41
23.02.2020,06:00,0,0,0,0,0,42
23.02.2020,07:00,0,0,0,0,0,41
23.02.2020,08:00,0,0,0,0,0,47
23.02.2020,09:00,0,0,0,0,0,46
23.02.2020,10:00,0,0,0,0,0,48
23.02.2020,11:00,0,0,0,0,0,44
23.02.2020,12:00,0,0,0,0,0,44
23.02.2020,13:00,0,0,0,0,0,44
23.02.2020,14:00,0,0,0,0,0,44
23.02.2020,15:00,0,0,0,0,0,46
23.02.2020,16:00,0,0,0,0,0,46
23.02.2020,17:00,0,0,0,0,0,46
23.02.2020,18:00,0,0,0,0,0,43
23.02.2020,19:00,0,0,0,0,0,43
23.02.2020,20:00,0,0,0,0,0,41
23.02.2020,21:00,0,0,0,0,0,42
23.02.2020,22:00,0,0,0,0,0,41
23.02.2020,23:00,0,0,0,0,0,43
24.02.2020,00:00,0,0,0,0,0,42
24.02.2020,01:00,0,0,0,0,0,41
24.02.2020,02:00,0,0,0,0,0,39
24.02.2020,03:00,0,0,0,0,0,39
24.02.2020,04:00,0,0,0,0,0,40
24.02.2020,05:00,0,0,0,0,0,44
24.02.2020,06:00,0,0,0,0,0,51
24.02.2020,07:00,0,0,0,0,0,51
24.02.2020,08:00,0,0,0,0,0,52
24.02.2020,09:00,0,0,0,0,0,53
24.02.2020,10:00,0,0,0,0,0,51
24.02.2020,11:00,0,0,0,0,0,48
24.02.2020,12:00,0,0,0,0,0,49
24.02.2020,13:00,0,0,0,0,0,50
24.02.2020,14:00,0,0,0,0,0,52
24.02.2020,15:00,0,0,0,0,0,54
24.02.2020,16:00,0,0,0,0,0,53
24.02.2020,17:00,0,0,0,0,0,54
24.02.2020,18:00,0,0,0,0,0,53
24.02.2020,19:00,0,0,0,0,0,52
24.02.2020,20:00,0,0,0,0,0,53
24.02.2020,21:00,0,0,0,0,0,47
24.02.2020,22:00,0,0,0,0,0,41
24.02.2020,23:00,0,0,0,0,0,40
25.02.2020,00:00,0,0,0,0,0,43
25.02.2020,01:00,0,0,0,0,0,43
25.02.2020,02:00,0,0,0,0,0,42
25.02.2020,03:00,0,0,0,0,0,41
25.02.2020,04:00,0,0,0,0,0,40
25.02.2020,05:00,0,0,0,0,0,48
25.02.2020,06:00,0,0,0,0,0,55
25.02.2020,07:00,0,0,0,0,0,54
25.02.2020,08:00,0,0,0,0,0,53
25.02.2020,09:00,0,0,0,0,0,53
25.02.2020,10:00,0,0,0,0,0,52
25.02.2020,11:00,0,0,0,0,0,52
25.02.2020,12:00,0,0,0,0,0,49
25.02.2020,13:00,0,0,0,0,0,50
25.02.2020,14:00,0,0,0,0,0,47
25.02.2020,15:00,0,0,0,0,0,51
25.02.2020,16:00,0,0,0,0,0,49
25.02.2020,17:00,0,0,0,0,0,50
25.02.2020,18:00,0,0,0,0,0,52
25.02.2020,19:00,0,0,0,0,0,55
25.02.2020,20:00,0,0,0,0,0,49
25.02.2020,21:00,0,0,0,0,0,48
25.02.2020,22:00,0,0,0,0,0,45
25.02.2020,23:00,0,0,0,0,0,50
26.02.2020,00:00,0,0,0,0,0,53
26.02.2020,01:00,0,0,0,0,0,51
26.02.2020,02:00,0,0,0,0,0,49
26.02.2020,03:00,0,0,0,0,0,45
26.02.2020,04:00,0,0,0,0,0,45
26.02.2020,05:00,0,0,0,0,0,50
26.02.2020,06:00,0,0,0,0,0,55
26.02.2020,07:00,0,0,0,0,0,55
26.02.2020,08:00,0,0,0,0,0,58
26.02.2020,09:00,0,0,0,0,0,65
26.02.2020,10:00,0,0,0,0,0,62
26.02.2020,11:00,0,0,0,0,0,60
26.02.2020,12:00,0,0,0,0,0,64
26.02.2020,13:00,0,0,0,0,0,65
26.02.2020,14:00,0,0,0,0,0,63
26.02.2020,15:00,0,0,0,0,0,60
26.02.2020,16:00,0,0,0,0,0,55
26.02.2020,17:00,0,0,0,0,0,56
26.02.2020,18:00,0,0,0,0,0,60
26.02.2020,19:00,0,0,0,0,0,60
26.02.2020,20:00,0,0,0,0,0,55
26.02.2020,21:00,0,0,0,0,0,55
26.02.2020,22:00,0,0,0,0,0,53
26.02.2020,23:00,0,0,0,0,0,48
27.02.2020,00:00,0,0,0,0,0,49
27.02.2020,01:00,0,0,0,0,0,45
27.02.2020,02:00,0,0,0,0,0,43
27.02.2020,03:00,0,0,0,0,0,49
27.02.2020,04:00,0,0,0,0,0,48
27.02.2020,05:00,0,0,0,0,0,49
27.02.2020,06:00,0,0,0,0,0,55
27.02.2020,07:00,0,0,0,0,0,58
27.02.2020,08:00,0,0,0,0,0,58
27.02.2020,09:00,0,0,0,0,0,55
27.02.2020,10:00,0,0,0,0,0,53
27.02.2020,11:00,0,0,0,0,0,51
27.02.2020,12:00,0,0,0,0,0,51
27.02.2020,13:00,0,0,0,0,0,53
27.02.2020,14:00,0,0,0,0,0,63
27.02.2020,15:00,0,0,0,0,0,68
27.02.2020,16:00,0,0,0,0,0,68
27.02.2020,17:00,0,0,0,0,0,62
27.02.2020,18:00,0,0,0,0,0,58
27.02.2020,19:00,0,0,0,0,0,60
27.02.2020,20:00,0,0,0,0,0,57
27.02.2020,21:00,0,0,0,0,0,56
27.02.2020,22:00,0,0,0,0,0,54
27.02.2020,23:00,0,0,0,0,0,52
28.02.2020,00:00,0,0,0,0,0,50
28.02.2020,01:00,0,0,0,0,0,50
28.02.2020,02:00,0,0,0,0,0,49
28.02.2020,03:00,0,0,0,0,0,50
28.02.2020,04:00,0,0,0,0,0,50
28.02.2020,05:00,0,0,0,0,0,52
28.02.2020,06:00,0,0,0,0,0,56
28.02.2020,07:00,0,0,0,0,0,58
28.02.2020,08:00,0,0,0,0,0,60
28.02.2020,09:00,0,0,0,0,0,57
28.02.2020,10:00,0,0,0,0,0,54
28.02.2020,11:00,0,0,0,0,0,48
28.02.2020,12:00,0,0,0,0,0,47
28.02.2020,13:00,0,0,0,0,0,48
28.02.2020,14:00,0,0,0,0,0,48
28.02.2020,15:00,0,0,0,0,0,46
28.02.2020,16:00,0,0,0,0,0,45
28.02.2020,17:00,0,0,0,0,0,43
28.02.2020,18:00,0,0,0,0,0,47
28.02.2020,19:00,0,0,0,0,0,51
28.02.2020,20:00,0,0,0,0,0,52
28.02.2020,21:00,0,0,0,0,0,48
28.02.2020,22:00,0,0,0,0,0,44
28.02.2020,23:00,0,0,0,0,0,46
29.02.2020,00:00,0,0,0,0,0,47
29.02.2020,01:00,0,0,0,0,0,47
29.02.2020,02:00,0,0,0,0,0,46
29.02.2020,03:00,0,0,0,0,0,47
29.02.2020,04:00,0,0,0,0,0,46
29.02.2020,05:00,0,0,0,0,0,47
29.02.2020,06:00,0,0,0,0,0,47
29.02.2020,07:00,0,0,0,0,0,49
29.02.2020,08:00,0,0,0,0,0,52
29.02.2020,09:00,0,0,0,0,0,50
29.02.2020,10:00,0,0,0,0,0,43
29.02.2020,11:00,0,0,0,0,0,45
29.02.2020,12:00,0,0,0,0,0,46
29.02.2020,13:00,0,0,0,0,0,41
29.02.2020,14:00,0,0,0,0,0,39
29.02.2020,15:00,0,0,0,0,0,40
29.02.2020,16:00,0,0,0,0,0,40
29.02.2020,17:00,0,0,0,0,0,39
29.02.2020,18:00,0,0,0,0,0,39
29.02.2020,19:00,0,0,0,0,0,44
29.02.2020,20:00,0,0,0,0,0,47
29.02.2020,21:00,0,0,0,0,0,44
29.02.2020,22:00,0,0,0,0,0,45
29.02.2020,23:00,0,0,0,0,0,44
01.03.2020,00:00,0,0,0,0,0,42
01.03.2020,01:00,0,0,0,0,0,42
01.03.2020,02:00,0,0,0,0,0,41
01.03.2020,03:00,0,0,0,0,0,43
01.03.2020,04:00,0,0,0,0,0,40
01.03.2020,05:00,0,0,0,0,0,42
01.03.2020,06:00,0,0,0,0,0,43
01.03.2020,07:00,0,0,0,0,0,47
01.03.2020,08:00,0,0,0,0,0,47
01.03.2020,09:00,0,0,0,0,0,46
01.03.2020,10:00,0,0,0,0,0,41
01.03.2020,11:00,0,0,0,0,0,39
01.03.2020,12:00,0,0,0,0,0,38
01.03.2020,13:00,0,0,0,0,0,39
01.03.2020,14:00,0,0,0,0,0,38
01.03.2020,15:00,0,0,0,0,0,40
01.03.2020,16:00,0,0,0,0,0,39
01.03.2020,17:00,0,0,0,0,0,42
01.03.2020,18:00,0,0,0,0,0,40
01.03.2020,19:00,0,0,0,0,0,41
01.03.2020,20:00,0,0,0,0,0,41
01.03.2020,21:00,0,0,0,0,0,42
01.03.2020,22:00,0,0,0,0,0,43
01.03.2020,23:00,0,0,0,0,0,42
02.03.2020,00:00,0,0,0,0,0,42
02.03.2020,01:00,0,0,0,0,0,47
02.03.2020,02:00,0,0,0,0,0,49
02.03.2020,03:00,0,0,0,0,0,51
02.03.2020,04:00,0,0,0,0,0,49
02.03.2020,05:00,0,0,0,0,0,50
02.03.2020,06:00,0,0,0,0,0,51
02.03.2020,07:00,0,0,0,0,0,53
02.03.2020,08:00,0,0,0,0,0,50
02.03.2020,09:00,0,0,0,0,0,52
02.03.2020,10:00,0,0,0,0,0,54
02.03.2020,11:00,0,0,0,0,0,51
02.03.2020,12:00,0,0,0,0,0,46
02.03.2020,13:00,0,0,0,0,0,43
02.03.2020,14:00,0,0,0,0,0,40
02.03.2020,15:00,0,0,0,0,0,45
02.03.2020,16:00,0,0,0,0,0,43
02.03.2020,17:00,0,0,0,0,0,42
02.03.2020,18:00,0,0,0,0,0,45
02.03.2020,19:00,0,0,0,0,0,50
02.03.2020,20:00,0,0,0,0,0,48
02.03.2020,21:00,0,0,0,0,0,44
02.03.2020,22:00,0,0,0,0,0,43
02.03.2020,23:00,0,0,0,0,0,43
03.03.2020,00:00,0,0,0,0,0,42
03.03.2020,01:00,0,0,0,0,0,43
03.03.2020,02:00,0,0,0,0,0,42
03.03.2020,03:00,0,0,0,0,0,41
03.03.2020,04:00,0,0,0,0,0,42
03.03.2020,05:00,0,0,0,0,0,49
03.03.2020,06:00,0,0,0,0,0,52
03.03.2020,07:00,0,0,0,0,0,52
03.03.2020,08:00,0,0,0,0,0,52
03.03.2020,09:00,0,0,0,0,0,53
03.03.2020,10:00,0,0,0,0,0,52
03.03.2020,11:00,0,0,0,0,0,53
03.03.2020,12:00,0,0,0,0,0,54
03.03.2020,13:00,0,0,0,0,0,54
03.03.2020,14:00,0,0,0,0,0,49
03.03.2020,15:00,0,0,0,0,0,50
03.03.2020,16:00,0,0,0,0,0,54
03.03.2020,17:00,0,0,0,0,0,53
03.03.2020,18:00,0,0,0,0,0,54
03.03.2020,19:00,0,0,0,0,0,53
03.03.2020,20:00,0,0,0,0,0,54
03.03.2020,21:00,0,0,0,0,0,51
03.03.2020,22:00,0,0,0,0,0,50
03.03.2020,23:00,0,0,0,0,0,50
04.03.2020,00:00,0,0,0,0,0,48
04.03.2020,01:00,0,0,0,0,0,48
04.03.2020,02:00,0,0,0,0,0,47
04.03.2020,03:00,0,0,0,0,0,47
04.03.2020,04:00,0,0,0,0,0,46
04.03.2020,05:00,0,0,0,0,0,50
04.03.2020,06:00,0,0,0,0,0,52
04.03.2020,07:00,0,0,0,0,0,53
04.03.2020,08:00,0,0,0,0,0,51
04.03.2020,09:00,0,0,0,0,0,53
04.03.2020,10:00,0,0,0,0,0,53
04.03.2020,11:00,0,0,0,0,0,52
04.03.2020,12:00,0,0,0,0,0,53
04.03.2020,13:00,0,0,0,0,0,54
04.03.2020,14:00,0,0,0,0,0,53
04.03.2020,15:00,0,0,0,0,0,53
04.03.2020,16:00,0,0,0,0,0,52
04.03.2020,17:00,0,0,0,0,0,52
04.03.2020,18:00,0,0,0,0,0,54
04.03.2020,19:00,0,0,0,0,0,53
04.03.2020,20:00,0,0,0,0,0,53
04.03.2020,21:00,0,0,0,0,0,52
04.03.2020,22:00,0,0,0,0,0,49
04.03.2020,23:00,0,0,0,0,0,44
05.03.2020,00:00,0,0,0,0,0,45
05.03.2020,01:00,0,0,0,0,0,46
05.03.2020,02:00,0,0,0,0,0,49
05.03.2020,03:00,0,0,0,0,0,42
05.03.2020,04:00,0,0,0,0,0,42
05.03.2020,05:00,0,0,0,0,0,48
05.03.2020,06:00,0,0,0,0,0,52
05.03.2020,07:00,0,0,0,0,0,51
05.03.2020,08:00,0,0,0,0,0,52
05.03.2020,09:00,0,0,0,0,0,53
05.03.2020,10:00,0,0,0,0,0,54
05.03.2020,11:00,0,0,0,0,0,55
05.03.2020,12:00,0,0,0,0,0,54
05.03.2020,13:00,0,0,0,0,0,13
05.03.2020,14:00,0,0,0,0,0,0
05.03.2020,15:00,0,0,0,0,0,0
05.03.2020,16:00,0,0,0,0,0,48
05.03.2020,17:00,0,0,0,0,0,52
05.03.2020,18:00,0,0,0,0,0,53
05.03.2020,19:00,0,0,0,0,0,55
05.03.2020,20:00,0,0,0,0,0,57
05.03.2020,21:00,0,0,0,0,0,51
05.03.2020,22:00,0,0,0,0,0,42
05.03.2020,23:00,0,0,0,0,0,42
06.03.2020,00:00,0,0,0,0,0,40
06.03.2020,01:00,0,0,0,0,0,41
06.03.2020,02:00,0,0,0,0,0,40
06.03.2020,03:00,0,0,0,0,0,41
06.03.2020,04:00,0,0,0,0,0,44
06.03.2020,05:00,0,0,0,0,0,47
06.03.2020,06:00,0,0,0,0,0,51
06.03.2020,07:00,0,0,0,0,0,50
06.03.2020,08:00,0,0,0,0,0,51
06.03.2020,09:00,0,0,0,0,0,50
06.03.2020,10:00,0,0,0,0,0,49
06.03.2020,11:00,0,0,0,0,0,49
06.03.2020,12:00,0,0,0,0,0,48
06.03.2020,13:00,0,0,0,0,0,48
06.03.2020,14:00,0,0,0,0,0,48
06.03.2020,15:00,0,0,0,0,0,48
06.03.2020,16:00,0,0,0,0,0,46
06.03.2020,17:00,0,0,0,0,0,47
06.03.2020,18:00,0,0,0,0,0,46
06.03.2020,19:00,0,0,0,0,0,50
06.03.2020,20:00,0,0,0,0,0,52
06.03.2020,21:00,0,0,0,0,0,50
06.03.2020,22:00,0,0,0,0,0,47
06.03.2020,23:00,0,0,0,0,0,45
07.03.2020,00:00,0,0,0,0,0,39
07.03.2020,01:00,0,0,0,0,0,41
07.03.2020,02:00,0,0,0,0,0,41
07.03.2020,03:00,0,0,0,0,0,41
07.03.2020,04:00,0,0,0,0,0,42
07.03.2020,05:00,0,0,0,0,0,46
07.03.2020,06:00,0,0,0,0,0,48
07.03.2020,07:00,0,0,0,0,0,51
07.03.2020,08:00,0,0,0,0,0,50
07.03.2020,09:00,0,0,0,0,0,50
07.03.2020,10:00,0,0,0,0,0,47
07.03.2020,11:00,0,0,0,0,0,44
07.03.2020,12:00,0,0,0,0,0,44
07.03.2020,13:00,0,0,0,0,0,46
07.03.2020,14:00,0,0,0,0,0,47
07.03.2020,15:00,0,0,0,0,0,45
07.03.2020,16:00,0,0,0,0,0,45
07.03.2020,17:00,0,0,0,0,0,42
07.03.2020,18:00,0,0,0,0,0,41
07.03.2020,19:00,0,0,0,0,0,45
07.03.2020,20:00,0,0,0,0,0,44
07.03.2020,21:00,0,0,0,0,0,43
07.03.2020,22:00,0,0,0,0,0,46
07.03.2020,23:00,0,0,0,0,0,42
08.03.2020,00:00,0,0,0,0,0,41
08.03.2020,01:00,0,0,0,0,0,43
08.03.2020,02:00,0,0,0,0,0,44
08.03.2020,03:00,0,0,0,0,0,42
08.03.2020,04:00,0,0,0,0,0,44
08.03.2020,05:00,0,0,0,0,0,48
08.03.2020,06:00,0,0,0,0,0,49
08.03.2020,07:00,0,0,0,0,0,49
08.03.2020,08:00,0,0,0,0,0,51
08.03.2020,09:00,0,0,0,0,0,49
08.03.2020,10:00,0,0,0,0,0,44
08.03.2020,11:00,0,0,0,0,0,41
08.03.2020,12:00,0,0,0,0,0,41
08.03.2020,13:00,0,0,0,0,0,40
08.03.2020,14:00,0,0,0,0,0,40
08.03.2020,15:00,0,0,0,0,0,40
08.03.2020,16:00,0,0,0,0,0,41
08.03.2020,17:00,0,0,0,0,0,39
08.03.2020,18:00,0,0,0,0,0,40
08.03.2020,19:00,0,0,0,0,0,39
08.03.2020,20:00,0,0,0,0,0,37
08.03.2020,21:00,0,0,0,0,0,37
08.03.2020,22:00,0,0,0,0,0,37
08.03.2020,23:00,0,0,0,0,0,38
09.03.2020,00:00,0,0,0,0,0,37
09.03.2020,01:00,0,0,0,0,0,37
09.03.2020,02:00,0,0,0,0,0,38
09.03.2020,03:00,0,0,0,0,0,38
09.03.2020,04:00,0,0,0,0,0,39
09.03.2020,05:00,0,0,0,0,0,43
09.03.2020,06:00,0,0,0,0,0,49
09.03.2020,07:00,0,0,0,0,0,51
09.03.2020,08:00,0,0,0,0,0,51
09.03.2020,09:00,0,0,0,0,0,49
09.03.2020,10:00,0,0,0,0,0,46
09.03.2020,11:00,0,0,0,0,0,44
09.03.2020,12:00,0,0,0,0,0,44
09.03.2020,13:00,0,0,0,0,0,42
09.03.2020,14:00,0,0,0,0,0,44
09.03.2020,15:00,0,0,0,0,0,38
09.03.2020,16:00,0,0,0,0,0,37
09.03.2020,17:00,0,0,0,0,0,38
09.03.2020,18:00,0,0,0,0,0,40
09.03.2020,19:00,0,0,0,0,0,41
09.03.2020,20:00,0,0,0,0,0,44
09.03.2020,21:00,0,0,0,0,0,47
09.03.2020,22:00,0,0,0,0,0,46
09.03.2020,23:00,0,0,0,0,0,41
10.03.2020,00:00,0,0,0,0,0,43
10.03.2020,01:00,0,0,0,0,0,41
10.03.2020,02:00,0,0,0,0,0,42
10.03.2020,03:00,0,0,0,0,0,43
10.03.2020,04:00,0,0,0,0,0,43
10.03.2020,05:00,0,0,0,0,0,43
10.03.2020,06:00,0,0,0,0,0,42
10.03.2020,07:00,0,0,0,0,0,43
10.03.2020,08:00,0,0,0,0,0,47
10.03.2020,09:00,0,0,0,0,0,48
10.03.2020,10:00,0,0,0,0,0,47
10.03.2020,11:00,0,0,0,0,0,47
10.03.2020,12:00,0,0,0,0,0,47
10.03.2020,13:00,0,0,0,0,0,42
10.03.2020,14:00,0,0,0,0,0,44
10.03.2020,15:00,0,0,0,0,0,44
10.03.2020,16:00,0,0,0,0,0,45
10.03.2020,17:00,0,0,0,0,0,42
10.03.2020,18:00,0,0,0,0,0,43
10.03.2020,19:00,0,0,0,0,0,43
10.03.2020,20:00,0,0,0,0,0,40
10.03.2020,21:00,0,0,0,0,0,39
10.03.2020,22:00,0,0,0,0,0,39
10.03.2020,23:00,0,0,0,0,0,40
11.03.2020,00:00,0,0,0,0,0,38
11.03.2020,01:00,0,0,0,0,0,38
11.03.2020,02:00,0,0,0,0,0,37
11.03.2020,03:00,0,0,0,0,0,37
11.03.2020,04:00,0,0,0,0,0,37
11.03.2020,05:00,0,0,0,0,0,39
11.03.2020,06:00,0,0,0,0,0,38
11.03.2020,07:00,0,0,0,0,0,39
11.03.2020,08:00,0,0,0,0,0,38
11.03.2020,09:00,0,0,0,0,0,41
11.03.2020,10:00,0,0,0,0,0,41
11.03.2020,11:00,0,0,0,0,0,38
11.03.2020,12:00,0,0,0,0,0,35
11.03.2020,13:00,0,0,0,0,0,37
11.03.2020,14:00,0,0,0,0,0,40
11.03.2020,15:00,0,0,0,0,0,40
11.03.2020,16:00,0,0,0,0,0,38
11.03.2020,17:00,0,0,0,0,0,40
11.03.2020,18:00,0,0,0,0,0,40
11.03.2020,19:00,0,0,0,0,0,39
11.03.2020,20:00,0,0,0,0,0,41
11.03.2020,21:00,0,0,0,0,0,40
11.03.2020,22:00,0,0,0,0,0,38
11.03.2020,23:00,0,0,0,0,0,37
12.03.2020,00:00,0,0,0,0,0,39
12.03.2020,01:00,0,0,0,0,0,39
12.03.2020,02:00,0,0,0,0,0,39
12.03.2020,03:00,0,0,0,0,0,39
12.03.2020,04:00,0,0,0,0,0,38
12.03.2020,05:00,0,0,0,0,0,39
12.03.2020,06:00,0,0,0,0,0,40
12.03.2020,07:00,0,0,0,0,0,40
12.03.2020,08:00,0,0,0,0,0,41
12.03.2020,09:00,0,0,0,0,0,41
12.03.2020,10:00,0,0,0,0,0,39
12.03.2020,11:00,0,0,0,0,0,40
12.03.2020,12:00,0,0,0,0,0,40
12.03.2020,13:00,0,0,0,0,0,40
12.03.2020,14:00,0,0,0,0,0,35
12.03.2020,15:00,0,0,0,0,0,36
12.03.2020,16:00,0,0,0,0,0,38
12.03.2020,17:00,0,0,0,0,0,37
12.03.2020,18:00,0,0,0,0,0,41
12.03.2020,19:00,0,0,0,0,0,41
12.03.2020,20:00,0,0,0,0,0,42
12.03.2020,21:00,0,0,0,0,0,42
12.03.2020,22:00,0,0,0,0,0,42
12.03.2020,23:00,0,0,0,0,0,41
13.03.2020,00:00,0,0,0,0,0,40
13.03.2020,01:00,0,0,0,0,0,40
13.03.2020,02:00,0,0,0,0,0,40
13.03.2020,03:00,0,0,0,0,0,39
13.03.2020,04:00,0,0,0,0,0,42
13.03.2020,05:00,0,0,0,0,0,43
13.03.2020,06:00,0,0,0,0,0,17
13.03.2020,07:00,0,0,0,0,0,24
13.03.2020,08:00,0,0,0,0,0,32
13.03.2020,09:00,0,0,0,0,0,39
13.03.2020,10:00,0,0,0,0,0,37
13.03.2020,11:00,0,0,0,0,0,45
13.03.2020,12:00,0,0,0,0,0,41
13.03.2020,13:00,0,0,0,0,0,41
13.03.2020,14:00,0,0,0,0,0,36
13.03.2020,15:00,0,0,0,0,0,36
13.03.2020,16:00,0,0,0,0,0,36
13.03.2020,17:00,0,0,0,0,0,37
13.03.2020,18:00,0,0,0,0,0,36
13.03.2020,19:00,0,0,0,0,0,36
13.03.2020,20:00,0,0,0,0,0,36
13.03.2020,21:00,0,0,0,0,0,40
13.03.2020,22:00,0,0,0,0,0,42
13.03.2020,23:00,0,0,0,0,0,40
14.03.2020,00:00,0,0,0,0,0,40
14.03.2020,01:00,0,0,0,0,0,41
14.03.2020,02:00,0,0,0,0,0,40
14.03.2020,03:00,0,0,0,0,0,41
14.03.2020,04:00,0,0,0,0,0,39
14.03.2020,05:00,0,0,0,0,0,48
14.03.2020,06:00,0,0,0,0,0,47
14.03.2020,07:00,0,0,0,0,0,43
14.03.2020,08:00,0,0,0,0,0,47
14.03.2020,09:00,0,0,0,0,0,48
14.03.2020,10:00,0,0,0,0,0,44
14.03.2020,11:00,0,0,0,0,0,43
14.03.2020,12:00,0,0,0,0,0,42
14.03.2020,13:00,0,0,0,0,0,43
14.03.2020,14:00,0,0,0,0,0,42
14.03.2020,15:00,0,0,0,0,0,41
14.03.2020,16:00,0,0,0,0,0,48
14.03.2020,17:00,0,0,0,0,0,43
14.03.2020,18:00,0,0,0,0,0,42
14.03.2020,19:00,0,0,0,0,0,42
14.03.2020,20:00,0,0,0,0,0,46
14.03.2020,21:00,0,0,0,0,0,48
14.03.2020,22:00,0,0,0,0,0,50
14.03.2020,23:00,0,0,0,0,0,49
15.03.2020,00:00,0,0,0,0,0,46
15.03.2020,01:00,0,0,0,0,0,44
15.03.2020,02:00,0,0,0,0,0,43
15.03.2020,03:00,0,0,0,0,0,43
15.03.2020,04:00,0,0,0,0,0,47
15.03.2020,05:00,0,0,0,0,0,49
15.03.2020,06:00,0,0,0,0,0,49
15.03.2020,07:00,0,0,0,0,0,51
15.03.2020,08:00,0,0,0,0,0,48
15.03.2020,09:00,0,0,0,0,0,28
15.03.2020,10:00,0,0,0,0,0,20
15.03.2020,11:00,0,0,0,0,0,12
15.03.2020,12:00,0,0,0,0,0,11
15.03.2020,13:00,0,0,0,0,0,10
15.03.2020,14:00,0,0,0,0,0,12
15.03.2020,15:00,0,0,0,0,0,12
15.03.2020,16:00,0,0,0,0,0,12
15.03.2020,17:00,0,0,0,0,0,11
15.03.2020,18:00,0,0,0,0,0,19
15.03.2020,19:00,0,0,0,0,0,32
15.03.2020,20:00,0,0,0,0,0,35
15.03.2020,21:00,0,0,0,0,0,32
15.03.2020,22:00,0,0,0,0,0,34
15.03.2020,23:00,0,0,0,0,0,35
16.03.2020,00:00,0,0,0,0,0,35
16.03.2020,01:00,0,0,0,0,0,38
16.03.2020,02:00,0,0,0,0,0,35
16.03.2020,03:00,0,0,0,0,0,30
16.03.2020,04:00,0,0,0,0,0,30
16.03.2020,05:00,0,0,0,0,0,29
16.03.2020,06:00,0,0,0,0,0,35
16.03.2020,07:00,0,0,0,0,0,35
16.03.2020,08:00,0,0,0,0,0,33
16.03.2020,09:00,0,0,0,0,0,23
16.03.2020,10:00,0,0,0,0,0,29
16.03.2020,11:00,0,0,0,0,0,29
16.03.2020,12:00,0,0,0,0,0,31
16.03.2020,13:00,0,0,0,0,0,36
16.03.2020,14:00,0,0,0,0,0,24
16.03.2020,15:00,0,0,0,0,0,28
16.03.2020,16:00,0,0,0,0,0,24
16.03.2020,17:00,0,0,0,0,0,26
16.03.2020,18:00,0,0,0,0,0,32
16.03.2020,19:00,0,0,0,0,0,33
16.03.2020,20:00,0,0,0,0,0,30
16.03.2020,21:00,0,0,0,0,0,28
16.03.2020,22:00,0,0,0,0,0,26
16.03.2020,23:00,0,0,0,0,0,28
17.03.2020,00:00,0,0,0,0,0,27
17.03.2020,01:00,0,0,0,0,0,29
17.03.2020,02:00,0,0,0,0,0,26
17.03.2020,03:00,0,0,0,0,0,28
17.03.2020,04:00,0,0,0,0,0,25
17.03.2020,05:00,0,0,0,0,0,29
17.03.2020,06:00,0,0,0,0,0,34
17.03.2020,07:00,0,0,0,0,0,33
17.03.2020,08:00,0,0,0,0,0,31
17.03.2020,09:00,0,0,0,0,0,33
17.03.2020,10:00,0,0,0,0,0,34
17.03.2020,11:00,0,0,0,0,0,34
17.03.2020,12:00,0,0,0,0,0,35
17.03.2020,13:00,0,0,0,0,0,22
17.03.2020,14:00,0,0,0,0,0,26
17.03.2020,15:00,0,0,0,0,0,30
17.03.2020,16:00,0,0,0,0,0,32
17.03.2020,17:00,0,0,0,0,0,31
17.03.2020,18:00,0,0,0,0,0,30
17.03.2020,19:00,0,0,0,0,0,32
17.03.2020,20:00,0,0,0,0,0,32
17.03.2020,21:00,0,0,0,0,0,32
17.03.2020,22:00,0,0,0,0,0,32
17.03.2020,23:00,0,0,0,0,0,33
18.03.2020,00:00,0,0,0,0,0,32
18.03.2020,01:00,0,0,0,0,0,31
18.03.2020,02:00,0,0,0,0,0,30
18.03.2020,03:00,0,0,0,0,0,31
18.03.2020,04:00,0,0,0,0,0,31
18.03.2020,05:00,0,0,0,0,0,32
18.03.2020,06:00,0,0,0,0,0,35
18.03.2020,07:00,0,0,0,0,0,35
18.03.2020,08:00,0,0,0,0,0,35
18.03.2020,09:00,0,0,0,0,0,31
18.03.2020,10:00,0,0,0,0,0,32
18.03.2020,11:00,0,0,0,0,0,25
18.03.2020,12:00,0,0,0,0,0,33
18.03.2020,13:00,0,0,0,0,0,36
18.03.2020,14:00,0,0,0,0,0,34
18.03.2020,15:00,0,0,0,0,0,33
18.03.2020,16:00,0,0,0,0,0,34
18.03.2020,17:00,0,0,0,0,0,33
18.03.2020,18:00,0,0,0,0,0,32
18.03.2020,19:00,0,0,0,0,0,33
18.03.2020,20:00,0,0,0,0,0,34
18.03.2020,21:00,0,0,0,0,0,33
18.03.2020,22:00,0,0,0,0,0,29
18.03.2020,23:00,0,0,0,0,0,30
19.03.2020,00:00,0,0,0,0,0,31
19.03.2020,01:00,0,0,0,0,0,31
19.03.2020,02:00,0,0,0,0,0,30
19.03.2020,03:00,0,0,0,0,0,31
19.03.2020,04:00,0,0,0,0,0,29
19.03.2020,05:00,0,0,0,0,0,30
19.03.2020,06:00,0,0,0,0,0,31
19.03.2020,07:00,0,0,0,0,0,31
19.03.2020,08:00,0,0,0,0,0,30
19.03.2020,09:00,0,0,0,0,0,31
19.03.2020,10:00,0,0,0,0,0,30
19.03.2020,11:00,0,0,0,0,0,28
19.03.2020,12:00,0,0,0,0,0,28
19.03.2020,13:00,0,0,0,0,0,29
19.03.2020,14:00,0,0,0,0,0,27
19.03.2020,15:00,0,0,0,0,0,30
19.03.2020,16:00,0,0,0,0,0,26
19.03.2020,17:00,0,0,0,0,0,26
19.03.2020,18:00,0,0,0,0,0,28
19.03.2020,19:00,0,0,0,0,0,30
19.03.2020,20:00,0,0,0,0,0,31
19.03.2020,21:00,0,0,0,0,0,32
19.03.2020,22:00,0,0,0,0,0,31
19.03.2020,23:00,0,0,0,0,0,32
20.03.2020,00:00,0,0,0,0,0,31
20.03.2020,01:00,0,0,0,0,0,32
20.03.2020,02:00,0,0,0,0,0,31
20.03.2020,03:00,0,0,0,0,0,31
20.03.2020,04:00,0,0,0,0,0,30
20.03.2020,05:00,0,0,0,0,0,30
20.03.2020,06:00,0,0,0,0,0,31
20.03.2020,07:00,0,0,0,0,0,31
20.03.2020,08:00,0,0,0,0,0,34
20.03.2020,09:00,0,0,0,0,0,32
20.03.2020,10:00,0,0,0,0,0,30
20.03.2020,11:00,0,0,0,0,0,28
20.03.2020,12:00,0,0,0,0,0,30
20.03.2020,13:00,0,0,0,0,0,31
20.03.2020,14:00,0,0,0,0,0,28
20.03.2020,15:00,0,0,0,0,0,26
20.03.2020,16:00,0,0,0,0,0,29
20.03.2020,17:00,0,0,0,0,0,28
20.03.2020,18:00,0,0,0,0,0,30
20.03.2020,19:00,0,0,0,0,0,31
20.03.2020,20:00,0,0,0,0,0,32
20.03.2020,21:00,0,0,0,0,0,32
20.03.2020,22:00,0,0,0,0,0,31
20.03.2020,23:00,0,0,0,0,0,32
21.03.2020,00:00,0,0,0,0,0,32
21.03.2020,01:00,0,0,0,0,0,30
21.03.2020,02:00,0,0,0,0,0,29
21.03.2020,03:00,0,0,0,0,0,29
21.03.2020,04:00,0,0,0,0,0,30
21.03.2020,05:00,0,0,0,0,0,29
21.03.2020,06:00,0,0,0,0,0,28
21.03.2020,07:00,0,0,0,0,0,29
21.03.2020,08:00,0,0,0,0,0,31
21.03.2020,09:00,0,0,0,0,0,35
21.03.2020,10:00,0,0,0,0,0,35
21.03.2020,11:00,0,0,0,0,0,35
21.03.2020,12:00,0,0,0,0,0,35
21.03.2020,13:00,0,0,0,0,0,36
21.03.2020,14:00,0,0,0,0,0,35
21.03.2020,15:00,0,0,0,0,0,39
21.03.2020,16:00,0,0,0,0,0,40
21.03.2020,17:00,0,0,0,0,0,38
21.03.2020,18:00,0,0,0,0,0,36
21.03.2020,19:00,0,0,0,0,0,38
21.03.2020,20:00,0,0,0,0,0,39
21.03.2020,21:00,0,0,0,0,0,39
21.03.2020,22:00,0,0,0,0,0,38
21.03.2020,23:00,0,0,0,0,0,39
22.03.2020,00:00,0,0,0,0,0,35
22.03.2020,01:00,0,0,0,0,0,36
22.03.2020,02:00,0,0,0,0,0,36
22.03.2020,03:00,0,0,0,0,0,36
22.03.2020,04:00,0,0,0,0,0,34
22.03.2020,05:00,0,0,0,0,0,34
22.03.2020,06:00,0,0,0,0,0,36
22.03.2020,07:00,0,0,0,0,0,38
22.03.2020,08:00,0,0,0,0,0,36
22.03.2020,09:00,0,0,0,0,0,34
22.03.2020,10:00,0,0,0,0,0,35
22.03.2020,11:00,0,0,0,0,0,37
22.03.2020,12:00,0,0,0,0,0,38
22.03.2020,13:00,0,0,0,0,0,39
22.03.2020,14:00,0,0,0,0,0,41
22.03.2020,15:00,0,0,0,0,0,41
22.03.2020,16:00,0,0,0,0,0,40
22.03.2020,17:00,0,0,0,0,0,40
22.03.2020,18:00,0,0,0,0,0,38
22.03.2020,19:00,0,0,0,0,0,36
22.03.2020,20:00,0,0,0,0,0,34
22.03.2020,21:00,0,0,0,0,0,34
22.03.2020,22:00,0,0,0,0,0,32
22.03.2020,23:00,0,0,0,0,0,33
23.03.2020,00:00,0,0,0,0,0,32
23.03.2020,01:00,0,0,0,0,0,32
23.03.2020,02:00,0,0,0,0,0,32
23.03.2020,03:00,0,0,0,0,0,31
23.03.2020,04:00,0,0,0,0,0,30
23.03.2020,05:00,0,0,0,0,0,31
23.03.2020,06:00,0,0,0,0,0,32
23.03.2020,07:00,0,0,0,0,0,32
23.03.2020,08:00,0,0,0,0,0,32
23.03.2020,09:00,0,0,0,0,0,28
23.03.2020,10:00,0,0,0,0,0,27
23.03.2020,11:00,0,0,0,0,0,30
23.03.2020,12:00,0,0,0,0,0,31
23.03.2020,13:00,0,0,0,0,0,29
23.03.2020,14:00,0,0,0,0,0,28
23.03.2020,15:00,0,0,0,0,0,30
23.03.2020,16:00,0,0,0,0,0,29
23.03.2020,17:00,0,0,0,0,0,29
23.03.2020,18:00,0,0,0,0,0,31
23.03.2020,19:00,0,0,0,0,0,25
23.03.2020,20:00,0,0,0,0,0,31
23.03.2020,21:00,0,0,0,0,0,37
23.03.2020,22:00,0,0,0,0,0,38
23.03.2020,23:00,0,0,0,0,0,31
24.03.2020,00:00,0,0,0,0,0,31
24.03.2020,01:00,0,0,0,0,0,30
24.03.2020,02:00,0,0,0,0,0,32
24.03.2020,03:00,0,0,0,0,0,39
24.03.2020,04:00,0,0,0,0,0,36
24.03.2020,05:00,0,0,0,0,0,37
24.03.2020,06:00,0,0,0,0,0,35
24.03.2020,07:00,0,0,0,0,0,36
24.03.2020,08:00,0,0,0,0,0,34
24.03.2020,09:00,0,0,0,0,0,33
24.03.2020,10:00,0,0,0,0,0,34
24.03.2020,11:00,0,0,0,0,0,33
24.03.2020,12:00,0,0,0,0,0,33
24.03.2020,13:00,0,0,0,0,0,33
24.03.2020,14:00,0,0,0,0,0,31
24.03.2020,15:00,0,0,0,0,0,34
24.03.2020,16:00,0,0,0,0,0,33
24.03.2020,17:00,0,0,0,0,0,32
24.03.2020,18:00,0,0,0,0,0,35
24.03.2020,19:00,0,0,0,0,0,34
24.03.2020,20:00,0,0,0,0,0,36
24.03.2020,21:00,0,0,0,0,0,33
24.03.2020,22:00,0,0,0,0,0,31
24.03.2020,23:00,0,0,0,0,0,32
25.03.2020,00:00,0,0,0,0,0,32
25.03.2020,01:00,0,0,0,0,0,34
25.03.2020,02:00,0,0,0,0,0,33
25.03.2020,03:00,0,0,0,0,0,32
25.03.2020,04:00,0,0,0,0,0,34
25.03.2020,05:00,0,0,0,0,0,36
25.03.2020,06:00,0,0,0,0,0,36
25.03.2020,07:00,0,0,0,0,0,28
25.03.2020,08:00,0,0,0,0,0,28
25.03.2020,09:00,0,0,0,0,0,30
25.03.2020,10:00,0,0,0,0,0,29
25.03.2020,11:00,0,0,0,0,0,29
25.03.2020,12:00,0,0,0,0,0,29
25.03.2020,13:00,0,0,0,0,0,29
25.03.2020,14:00,0,0,0,0,0,30
25.03.2020,15:00,0,0,0,0,0,36
25.03.2020,16:00,0,0,0,0,0,35
25.03.2020,17:00,0,0,0,0,0,33
25.03.2020,18:00,0,0,0,0,0,36
25.03.2020,19:00,0,0,0,0,0,34
25.03.2020,20:00,0,0,0,0,0,37
25.03.2020,21:00,0,0,0,0,0,38
25.03.2020,22:00,0,0,0,0,0,32
25.03.2020,23:00,0,0,0,0,0,30
26.03.2020,00:00,0,0,0,0,0,28
26.03.2020,01:00,0,0,0,0,0,32
26.03.2020,02:00,0,0,0,0,0,33
26.03.2020,03:00,0,0,0,0,0,33
26.03.2020,04:00,0,0,0,0,0,34
26.03.2020,05:00,0,0,0,0,0,34
26.03.2020,06:00,0,0,0,0,0,31
26.03.2020,07:00,0,0,0,0,0,33
26.03.2020,08:00,0,0,0,0,0,33
26.03.2020,09:00,0,0,0,0,0,32
26.03.2020,10:00,0,0,0,0,0,34
26.03.2020,11:00,0,0,0,0,0,35
26.03.2020,12:00,0,0,0,0,0,34
26.03.2020,13:00,0,0,0,0,0,34
26.03.2020,14:00,0,0,0,0,0,33
26.03.2020,15:00,0,0,0,0,0,33
26.03.2020,16:00,0,0,0,0,0,32
26.03.2020,17:00,0,0,0,0,0,32
26.03.2020,18:00,0,0,0,0,0,32
26.03.2020,19:00,0,0,0,0,0,32
26.03.2020,20:00,0,0,0,0,0,33
26.03.2020,21:00,0,0,0,0,0,35
26.03.2020,22:00,0,0,0,0,0,35
26.03.2020,23:00,0,0,0,0,0,34
27.03.2020,00:00,0,0,0,0,0,35
27.03.2020,01:00,0,0,0,0,0,35
27.03.2020,02:00,0,0,0,0,0,36
27.03.2020,03:00,0,0,0,0,0,41
27.03.2020,04:00,0,0,0,0,0,49
27.03.2020,05:00,0,0,0,0,0,48
27.03.2020,06:00,0,0,0,0,0,44
27.03.2020,07:00,0,0,0,0,0,34
27.03.2020,08:00,0,0,0,0,0,32
27.03.2020,09:00,0,0,0,0,0,31
27.03.2020,10:00,0,0,0,0,0,30
27.03.2020,11:00,0,0,0,0,0,27
27.03.2020,12:00,0,0,0,0,0,27
27.03.2020,13:00,0,0,0,0,0,26
27.03.2020,14:00,0,0,0,0,0,25
27.03.2020,15:00,0,0,0,0,0,25
27.03.2020,16:00,0,0,0,0,0,27
27.03.2020,17:00,0,0,0,0,0,25
27.03.2020,18:00,0,0,0,0,0,25
27.03.2020,19:00,0,0,0,0,0,29
27.03.2020,20:00,0,0,0,0,0,31
27.03.2020,21:00,0,0,0,0,0,30
27.03.2020,22:00,0,0,0,0,0,30
27.03.2020,23:00,0,0,0,0,0,31
28.03.2020,00:00,0,0,0,0,0,31
28.03.2020,01:00,0,0,0,0,0,29
28.03.2020,02:00,0,0,0,0,0,30
28.03.2020,03:00,0,0,0,0,0,29
28.03.2020,04:00,0,0,0,0,0,31
28.03.2020,05:00,0,0,0,0,0,34
28.03.2020,06:00,0,0,0,0,0,34
28.03.2020,07:00,0,0,0,0,0,35
28.03.2020,08:00,0,0,0,0,0,35
28.03.2020,09:00,0,0,0,0,0,35
28.03.2020,10:00,0,0,0,0,0,32
28.03.2020,11:00,0,0,0,0,0,28
28.03.2020,12:00,0,0,0,0,0,26
28.03.2020,13:00,0,0,0,0,0,26
28.03.2020,14:00,0,0,0,0,0,27
28.03.2020,15:00,0,0,0,0,0,26
28.03.2020,16:00,0,0,0,0,0,26
28.03.2020,17:00,0,0,0,0,0,26
28.03.2020,18:00,0,0,0,0,0,24
28.03.2020,19:00,0,0,0,0,0,25
28.03.2020,20:00,0,0,0,0,0,25
28.03.2020,21:00,0,0,0,0,0,26
28.03.2020,22:00,0,0,0,0,0,25
28.03.2020,23:00,0,0,0,0,0,26
29.03.2020,00:00,0,0,0,0,0,26
29.03.2020,01:00,0,0,0,0,0,26
29.03.2020,03:00,0,0,0,0,0,26
29.03.2020,04:00,0,0,0,0,0,25
29.03.2020,05:00,0,0,0,0,0,29
29.03.2020,06:00,0,0,0,0,0,39
29.03.2020,07:00,0,0,0,0,0,34
29.03.2020,08:00,0,0,0,0,0,33
29.03.2020,09:00,0,0,0,0,0,33
29.03.2020,10:00,0,0,0,0,0,33
29.03.2020,11:00,0,0,0,0,0,32
29.03.2020,12:00,0,0,0,0,0,32
29.03.2020,13:00,0,0,0,0,0,32
29.03.2020,14:00,0,0,0,0,0,32
29.03.2020,15:00,0,0,0,0,0,34
29.03.2020,16:00,0,0,0,0,0,33
29.03.2020,17:00,0,0,0,0,0,31
29.03.2020,18:00,0,0,0,0,0,30
29.03.2020,19:00,0,0,0,0,0,29
29.03.2020,20:00,0,0,0,0,0,30
29.03.2020,21:00,0,0,0,0,0,31
29.03.2020,22:00,0,0,0,0,0,32
29.03.2020,23:00,0,0,0,0,0,32
30.03.2020,00:00,0,0,0,0,0,32
30.03.2020,01:00,0,0,0,0,0,32
30.03.2020,02:00,0,0,0,0,0,32
30.03.2020,03:00,0,0,0,0,0,31
30.03.2020,04:00,0,0,0,0,0,32
30.03.2020,05:00,0,0,0,0,0,33
30.03.2020,06:00,0,0,0,0,0,34
30.03.2020,07:00,0,0,0,0,0,37
30.03.2020,08:00,0,0,0,0,0,37
30.03.2020,09:00,0,0,0,0,0,38
30.03.2020,10:00,0,0,0,0,0,34
30.03.2020,11:00,0,0,0,0,0,33
30.03.2020,12:00,0,0,0,0,0,34
30.03.2020,13:00,0,0,0,0,0,33
30.03.2020,14:00,0,0,0,0,0,32
30.03.2020,15:00,0,0,0,0,0,32
30.03.2020,16:00,0,0,0,0,0,33
30.03.2020,17:00,0,0,0,0,0,34
30.03.2020,18:00,0,0,0,0,0,33
30.03.2020,19:00,0,0,0,0,0,36
30.03.2020,20:00,0,0,0,0,0,37
30.03.2020,21:00,0,0,0,0,0,38
30.03.2020,22:00,0,0,0,0,0,36
30.03.2020,23:00,0,0,0,0,0,36
31.03.2020,00:00,0,0,0,0,0,36
31.03.2020,01:00,0,0,0,0,0,34
31.03.2020,02:00,0,0,0,0,0,33
31.03.2020,03:00,0,0,0,0,0,32
31.03.2020,04:00,0,0,0,0,0,35
31.03.2020,05:00,0,0,0,0,0,37
31.03.2020,06:00,0,0,0,0,0,38
31.03.2020,07:00,0,0,0,0,0,40
31.03.2020,08:00,0,0,0,0,0,39
31.03.2020,09:00,0,0,0,0,0,37
31.03.2020,10:00,0,0,0,0,0,36
31.03.2020,11:00,0,0,0,0,0,35
31.03.2020,12:00,0,0,0,0,0,33
31.03.2020,13:00,0,0,0,0,0,33
31.03.2020,14:00,0,0,0,0,0,35
31.03.2020,15:00,0,0,0,0,0,36
31.03.2020,16:00,0,0,0,0,0,33
31.03.2020,17:00,0,0,0,0,0,34
31.03.2020,18:00,0,0,0,0,0,35
31.03.2020,19:00,0,0,0,0,0,35
31.03.2020,20:00,0,0,0,0,0,36
31.03.2020,21:00,0,0,0,0,0,36
31.03.2020,22:00,0,0,0,0,0,34
31.03.2020,23:00,0,0,0,0,0,32
01.04.2020,00:00,0,0,0,0,0,32
01.04.2020,01:00,0,0,0,0,0,32
01.04.2020,02:00,0,0,0,0,0,33
01.04.2020,03:00,0,0,0,0,0,32
01.04.2020,04:00,0,0,0,0,0,33
01.04.2020,05:00,0,0,0,0,0,36
01.04.2020,06:00,0,0,0,0,0,38
01.04.2020,07:00,0,0,0,0,0,39
01.04.2020,08:00,0,0,0,0,0,40
01.04.2020,09:00,0,0,0,0,0,38
01.04.2020,10:00,0,0,0,0,0,36
01.04.2020,11:00,0,0,0,0,0,34
01.04.2020,12:00,0,0,0,0,0,34
01.04.2020,13:00,0,0,0,0,0,35
01.04.2020,14:00,0,0,0,0,0,32
01.04.2020,15:00,0,0,0,0,0,34
01.04.2020,16:00,0,0,0,0,0,34
01.04.2020,17:00,0,0,0,0,0,37
01.04.2020,18:00,0,0,0,0,0,35
01.04.2020,19:00,0,0,0,0,0,37
01.04.2020,20:00,0,0,0,0,0,34
01.04.2020,21:00,0,0,0,0,0,33
01.04.2020,22:00,0,0,0,0,0,32
01.04.2020,23:00,0,0,0,0,0,31
02.04.2020,00:00,0,0,0,0,0,33
02.04.2020,01:00,0,0,0,0,0,32
02.04.2020,02:00,0,0,0,0,0,31
02.04.2020,03:00,0,0,0,0,0,30
02.04.2020,04:00,0,0,0,0,0,30
02.04.2020,05:00,0,0,0,0,0,31
02.04.2020,06:00,0,0,0,0,0,35
02.04.2020,07:00,0,0,0,0,0,36
02.04.2020,08:00,0,0,0,0,0,35
02.04.2020,09:00,0,0,0,0,0,32
02.04.2020,10:00,0,0,0,0,0,30
02.04.2020,11:00,0,0,0,0,0,30
02.04.2020,12:00,0,0,0,0,0,27
02.04.2020,13:00,0,0,0,0,0,26
02.04.2020,14:00,0,0,0,0,0,28
02.04.2020,15:00,0,0,0,0,0,29
02.04.2020,16:00,0,0,0,0,0,31
02.04.2020,17:00,0,0,0,0,0,31
02.04.2020,18:00,0,0,0,0,0,30
02.04.2020,19:00,0,0,0,0,0,30
02.04.2020,20:00,0,0,0,0,0,30
02.04.2020,21:00,0,0,0,0,0,31
02.04.2020,22:00,0,0,0,0,0,31
02.04.2020,23:00,0,0,0,0,0,31
03.04.2020,00:00,0,0,0,0,0,30
03.04.2020,01:00,0,0,0,0,0,30
03.04.2020,02:00,0,0,0,0,0,32
03.04.2020,03:00,0,0,0,0,0,33
03.04.2020,04:00,0,0,0,0,0,34
03.04.2020,05:00,0,0,0,0,0,34
03.04.2020,06:00,0,0,0,0,0,36
03.04.2020,07:00,0,0,0,0,0,33
03.04.2020,08:00,0,0,0,0,0,32
03.04.2020,09:00,0,0,0,0,0,30
03.04.2020,10:00,0,0,0,0,0,28
03.04.2020,11:00,0,0,0,0,0,27
03.04.2020,12:00,0,0,0,0,0,31
03.04.2020,13:00,0,0,0,0,0,32
03.04.2020,14:00,0,0,0,0,0,34
03.04.2020,15:00,0,0,0,0,0,38
03.04.2020,16:00,0,0,0,0,0,38
03.04.2020,17:00,0,0,0,0,0,36
03.04.2020,18:00,0,0,0,0,0,37
03.04.2020,19:00,0,0,0,0,0,35
03.04.2020,20:00,0,0,0,0,0,35
03.04.2020,21:00,0,0,0,0,0,35
03.04.2020,22:00,0,0,0,0,0,35
03.04.2020,23:00,0,0,0,0,0,34
04.04.2020,00:00,0,0,0,0,0,34
04.04.2020,01:00,0,0,0,0,0,35
04.04.2020,02:00,0,0,0,0,0,33
04.04.2020,03:00,0,0,0,0,0,36
04.04.2020,04:00,0,0,0,0,0,36
04.04.2020,05:00,0,0,0,0,0,30
04.04.2020,06:00,0,0,0,0,0,30
04.04.2020,07:00,0,0,0,0,0,28
04.04.2020,08:00,0,0,0,0,0,29
04.04.2020,09:00,0,0,0,0,0,30
04.04.2020,10:00,0,0,0,0,0,28
04.04.2020,11:00,0,0,0,0,0,30
04.04.2020,12:00,0,0,0,0,0,30
04.04.2020,13:00,0,0,0,0,0,32
04.04.2020,14:00,0,0,0,0,0,33
04.04.2020,15:00,0,0,0,0,0,33
04.04.2020,16:00,0,0,0,0,0,36
04.04.2020,17:00,0,0,0,0,0,37
04.04.2020,18:00,0,0,0,0,0,37
04.04.2020,19:00,0,0,0,0,0,37
04.04.2020,20:00,0,0,0,0,0,38
04.04.2020,21:00,0,0,0,0,0,37
04.04.2020,22:00,0,0,0,0,0,35
04.04.2020,23:00,0,0,0,0,0,35
05.04.2020,00:00,0,0,0,0,0,35
05.04.2020,01:00,0,0,0,0,0,34
05.04.2020,02:00,0,0,0,0,0,33
05.04.2020,03:00,0,0,0,0,0,35
05.04.2020,04:00,0,0,0,0,0,33
05.04.2020,05:00,0,0,0,0,0,33
05.04.2020,06:00,0,0,0,0,0,36
05.04.2020,07:00,0,0,0,0,0,36
05.04.2020,08:00,0,0,0,0,0,11
05.04.2020,09:00,0,0,0,0,0,10
05.04.2020,10:00,0,0,0,0,0,21
05.04.2020,11:00,0,0,0,0,0,20
05.04.2020,12:00,0,0,0,0,0,13
05.04.2020,13:00,0,0,0,0,0,11
05.04.2020,14:00,0,0,0,0,0,11
05.04.2020,15:00,0,0,0,0,0,13
05.04.2020,16:00,0,0,0,0,0,13
05.04.2020,17:00,0,0,0,0,0,14
05.04.2020,18:00,0,0,0,0,0,17
05.04.2020,19:00,0,0,0,0,0,25
05.04.2020,20:00,0,0,0,0,0,25
05.04.2020,21:00,0,0,0,0,0,24
05.04.2020,22:00,0,0,0,0,0,23
05.04.2020,23:00,0,0,0,0,0,25
06.04.2020,00:00,0,0,0,0,0,25
06.04.2020,01:00,0,0,0,0,0,26
06.04.2020,02:00,0,0,0,0,0,33
06.04.2020,03:00,0,0,0,0,0,34
06.04.2020,04:00,0,0,0,0,0,32
06.04.2020,05:00,0,0,0,0,0,33
06.04.2020,06:00,0,0,0,0,0,33
06.04.2020,07:00,0,0,0,0,0,31
06.04.2020,08:00,0,0,0,0,0,33
06.04.2020,09:00,0,0,0,0,0,32
06.04.2020,10:00,0,0,0,0,0,32
06.04.2020,11:00,0,0,0,0,0,32
06.04.2020,12:00,0,0,0,0,0,24
06.04.2020,13:00,0,0,0,0,0,24
06.04.2020,14:00,0,0,0,0,0,24
06.04.2020,15:00,0,0,0,0,0,26
06.04.2020,16:00,0,0,0,0,0,25
06.04.2020,17:00,0,0,0,0,0,27
06.04.2020,18:00,0,0,0,0,0,27
06.04.2020,19:00,0,0,0,0,0,28
06.04.2020,20:00,0,0,0,0,0,28
06.04.2020,21:00,0,0,0,0,0,28
06.04.2020,22:00,0,0,0,0,0,28
06.04.2020,23:00,0,0,0,0,0,29
07.04.2020,00:00,0,0,0,0,0,28
07.04.2020,01:00,0,0,0,0,0,28
07.04.2020,02:00,0,0,0,0,0,27
07.04.2020,03:00,0,0,0,0,0,26
07.04.2020,04:00,0,0,0,0,0,25
07.04.2020,05:00,0,0,0,0,0,25
07.04.2020,06:00,0,0,0,0,0,27
07.04.2020,07:00,0,0,0,0,0,28
07.04.2020,08:00,0,0,0,0,0,28
07.04.2020,09:00,0,0,0,0,0,29
07.04.2020,10:00,0,0,0,0,0,27
07.04.2020,11:00,0,0,0,0,0,28
07.04.2020,12:00,0,0,0,0,0,27
07.04.2020,13:00,0,0,0,0,0,25
07.04.2020,14:00,0,0,0,0,0,25
07.04.2020,15:00,0,0,0,0,0,26
07.04.2020,16:00,0,0,0,0,0,25
07.04.2020,17:00,0,0,0,0,0,25
07.04.2020,18:00,0,0,0,0,0,26
07.04.2020,19:00,0,0,0,0,0,27
07.04.2020,20:00,0,0,0,0,0,28
07.04.2020,21:00,0,0,0,0,0,30
07.04.2020,22:00,0,0,0,0,0,29
07.04.2020,23:00,0,0,0,0,0,31
08.04.2020,00:00,0,0,0,0,0,29
08.04.2020,01:00,0,0,0,0,0,29
08.04.2020,02:00,0,0,0,0,0,28
08.04.2020,03:00,0,0,0,0,0,27
08.04.2020,04:00,0,0,0,0,0,27
08.04.2020,05:00,0,0,0,0,0,25
08.04.2020,06:00,0,0,0,0,0,25
08.04.2020,07:00,0,0,0,0,0,24
08.04.2020,08:00,0,0,0,0,0,24
08.04.2020,09:00,0,0,0,0,0,24
08.04.2020,10:00,0,0,0,0,0,26
08.04.2020,11:00,0,0,0,0,0,28
08.04.2020,12:00,0,0,0,0,0,31
08.04.2020,13:00,0,0,0,0,0,32
08.04.2020,14:00,0,0,0,0,0,28
08.04.2020,15:00,0,0,0,0,0,28
08.04.2020,16:00,0,0,0,0,0,29
08.04.2020,17:00,0,0,0,0,0,30
08.04.2020,18:00,0,0,0,0,0,28
08.04.2020,19:00,0,0,0,0,0,30
08.04.2020,20:00,0,0,0,0,0,30
08.04.2020,21:00,0,0,0,0,0,31
08.04.2020,22:00,0,0,0,0,0,30
08.04.2020,23:00,0,0,0,0,0,31
09.04.2020,00:00,0,0,0,0,0,31
09.04.2020,01:00,0,0,0,0,0,31
09.04.2020,02:00,0,0,0,0,0,30
09.04.2020,03:00,0,0,0,0,0,30
09.04.2020,04:00,0,0,0,0,0,29
09.04.2020,05:00,0,0,0,0,0,29
09.04.2020,06:00,0,0,0,0,0,27
09.04.2020,07:00,0,0,0,0,0,26
09.04.2020,08:00,0,0,0,0,0,30
09.04.2020,09:00,0,0,0,0,0,31
09.04.2020,10:00,0,0,0,0,0,31
09.04.2020,11:00,0,0,0,0,0,33
09.04.2020,12:00,0,0,0,0,0,34
09.04.2020,13:00,0,0,0,0,0,34
09.04.2020,14:00,0,0,0,0,0,32
09.04.2020,15:00,0,0,0,0,0,32
09.04.2020,16:00,0,0,0,0,0,32
09.04.2020,17:00,0,0,0,0,0,32
09.04.2020,18:00,0,0,0,0,0,31
09.04.2020,19:00,0,0,0,0,0,31
09.04.2020,20:00,0,0,0,0,0,33
09.04.2020,21:00,0,0,0,0,0,32
09.04.2020,22:00,0,0,0,0,0,31
09.04.2020,23:00,0,0,0,0,0,30
10.04.2020,00:00,0,0,0,0,0,30
10.04.2020,01:00,0,0,0,0,0,30
10.04.2020,02:00,0,0,0,0,0,30
10.04.2020,03:00,0,0,0,0,0,30
10.04.2020,04:00,0,0,0,0,0,27
10.04.2020,05:00,0,0,0,0,0,26
10.04.2020,06:00,0,0,0,0,0,24
10.04.2020,07:00,0,0,0,0,0,23
10.04.2020,08:00,0,0,0,0,0,23
10.04.2020,09:00,0,0,0,0,0,24
10.04.2020,10:00,0,0,0,0,0,21
10.04.2020,11:00,0,0,0,0,0,21
10.04.2020,12:00,0,0,0,0,0,21
10.04.2020,13:00,0,0,0,0,0,20
10.04.2020,14:00,0,0,0,0,0,20
10.04.2020,15:00,0,0,0,0,0,20
10.04.2020,16:00,0,0,0,0,0,20
10.04.2020,17:00,0,0,0,0,0,19
10.04.2020,18:00,0,0,0,0,0,20
10.04.2020,19:00,0,0,0,0,0,21
10.04.2020,20:00,0,0,0,0,0,22
10.04.2020,21:00,0,0,0,0,0,21
10.04.2020,22:00,0,0,0,0,0,22
10.04.2020,23:00,0,0,0,0,0,21
11.04.2020,00:00,0,0,0,0,0,19
11.04.2020,01:00,0,0,0,0,0,19
11.04.2020,02:00,0,0,0,0,0,19
11.04.2020,03:00,0,0,0,0,0,19
11.04.2020,04:00,0,0,0,0,0,19
11.04.2020,05:00,0,0,0,0,0,19
11.04.2020,06:00,0,0,0,0,0,19
11.04.2020,07:00,0,0,0,0,0,19
11.04.2020,08:00,0,0,0,0,0,19
11.04.2020,09:00,0,0,0,0,0,20
11.04.2020,10:00,0,0,0,0,0,20
11.04.2020,11:00,0,0,0,0,0,19
11.04.2020,12:00,0,0,0,0,0,20
11.04.2020,13:00,0,0,0,0,0,19
11.04.2020,14:00,0,0,0,0,0,19
11.04.2020,15:00,0,0,0,0,0,20
11.04.2020,16:00,0,0,0,0,0,20
11.04.2020,17:00,0,0,0,0,0,20
11.04.2020,18:00,0,0,0,0,0,20
11.04.2020,19:00,0,0,0,0,0,20
11.04.2020,20:00,0,0,0,0,0,20
11.04.2020,21:00,0,0,0,0,0,20
11.04.2020,22:00,0,0,0,0,0,22
11.04.2020,23:00,0,0,0,0,0,21
12.04.2020,00:00,0,0,0,0,0,21
12.04.2020,01:00,0,0,0,0,0,20
12.04.2020,02:00,0,0,0,0,0,18
12.04.2020,03:00,0,0,0,0,0,17
12.04.2020,04:00,0,0,0,0,0,21
12.04.2020,05:00,0,0,0,0,0,22
12.04.2020,06:00,0,0,0,0,0,21
12.04.2020,07:00,0,0,0,0,0,21
12.04.2020,08:00,0,0,0,0,0,21
12.04.2020,09:00,0,0,0,0,0,21
12.04.2020,10:00,0,0,0,0,0,20
12.04.2020,11:00,0,0,0,0,0,20
12.04.2020,12:00,0,0,0,0,0,19
12.04.2020,13:00,0,0,0,0,0,20
12.04.2020,14:00,0,0,0,0,0,21
12.04.2020,15:00,0,0,0,0,0,21
12.04.2020,16:00,0,0,0,0,0,22
12.04.2020,17:00,0,0,0,0,0,20
12.04.2020,18:00,0,0,0,0,0,19
12.04.2020,19:00,0,0,0,0,0,19
12.04.2020,20:00,0,0,0,0,0,19
12.04.2020,21:00,0,0,0,0,0,19
12.04.2020,22:00,0,0,0,0,0,21
12.04.2020,23:00,0,0,0,0,0,20
13.04.2020,00:00,0,0,0,0,0,20
13.04.2020,01:00,0,0,0,0,0,20
13.04.2020,02:00,0,0,0,0,0,20
13.04.2020,03:00,0,0,0,0,0,19
13.04.2020,04:00,0,0,0,0,0,18
13.04.2020,05:00,0,0,0,0,0,19
13.04.2020,06:00,0,0,0,0,0,19
13.04.2020,07:00,0,0,0,0,0,19
13.04.2020,08:00,0,0,0,0,0,18
13.04.2020,09:00,0,0,0,0,0,19
13.04.2020,10:00,0,0,0,0,0,18
13.04.2020,11:00,0,0,0,0,0,19
13.04.2020,12:00,0,0,0,0,0,19
13.04.2020,13:00,0,0,0,0,0,19
13.04.2020,14:00,0,0,0,0,0,20
13.04.2020,15:00,0,0,0,0,0,21
13.04.2020,16:00,0,0,0,0,0,20
13.04.2020,17:00,0,0,0,0,0,20
13.04.2020,18:00,0,0,0,0,0,18
13.04.2020,19:00,0,0,0,0,0,19
13.04.2020,20:00,0,0,0,0,0,19
13.04.2020,21:00,0,0,0,0,0,20
13.04.2020,22:00,0,0,0,0,0,19
13.04.2020,23:00,0,0,0,0,0,24
14.04.2020,00:00,0,0,0,0,0,24
14.04.2020,01:00,0,0,0,0,0,26
14.04.2020,02:00,0,0,0,0,0,30
14.04.2020,03:00,0,0,0,0,0,33
14.04.2020,04:00,0,0,0,0,0,31
14.04.2020,05:00,0,0,0,0,0,31
14.04.2020,06:00,0,0,0,0,0,31
14.04.2020,07:00,0,0,0,0,0,36
14.04.2020,08:00,0,0,0,0,0,36
14.04.2020,09:00,0,0,0,0,0,34
14.04.2020,10:00,0,0,0,0,0,31
14.04.2020,11:00,0,0,0,0,0,29
14.04.2020,12:00,0,0,0,0,0,28
14.04.2020,13:00,0,0,0,0,0,29
14.04.2020,14:00,0,0,0,0,0,29
14.04.2020,15:00,0,0,0,0,0,29
14.04.2020,16:00,0,0,0,0,0,28
14.04.2020,17:00,0,0,0,0,0,30
14.04.2020,18:00,0,0,0,0,0,31
14.04.2020,19:00,0,0,0,0,0,30
14.04.2020,20:00,0,0,0,0,0,31
14.04.2020,21:00,0,0,0,0,0,31
14.04.2020,22:00,0,0,0,0,0,30
14.04.2020,23:00,0,0,0,0,0,31
15.04.2020,00:00,0,0,0,0,0,30
15.04.2020,01:00,0,0,0,0,0,31
15.04.2020,02:00,0,0,0,0,0,30
15.04.2020,03:00,0,0,0,0,0,33
15.04.2020,04:00,0,0,0,0,0,33
15.04.2020,05:00,0,0,0,0,0,35
15.04.2020,06:00,0,0,0,0,0,37
15.04.2020,07:00,0,0,0,0,0,37
15.04.2020,08:00,0,0,0,0,0,38
15.04.2020,09:00,0,0,0,0,0,35
15.04.2020,10:00,0,0,0,0,0,33
15.04.2020,11:00,0,0,0,0,0,28
15.04.2020,12:00,0,0,0,0,0,24
15.04.2020,13:00,0,0,0,0,0,23
15.04.2020,14:00,0,0,0,0,0,22
15.04.2020,15:00,0,0,0,0,0,23
15.04.2020,16:00,0,0,0,0,0,23
15.04.2020,17:00,0,0,0,0,0,22
15.04.2020,18:00,0,0,0,0,0,23
15.04.2020,19:00,0,0,0,0,0,25
15.04.2020,20:00,0,0,0,0,0,25
15.04.2020,21:00,0,0,0,0,0,25
15.04.2020,22:00,0,0,0,0,0,25
15.04.2020,23:00,0,0,0,0,0,25
16.04.2020,00:00,0,0,0,0,0,25
16.04.2020,01:00,0,0,0,0,0,25
16.04.2020,02:00,0,0,0,0,0,25
16.04.2020,03:00,0,0,0,0,0,25
16.04.2020,04:00,0,0,0,0,0,25
16.04.2020,05:00,0,0,0,0,0,27
16.04.2020,06:00,0,0,0,0,0,28
16.04.2020,07:00,0,0,0,0,0,28
16.04.2020,08:00,0,0,0,0,0,29
16.04.2020,09:00,0,0,0,0,0,30
16.04.2020,10:00,0,0,0,0,0,29
16.04.2020,11:00,0,0,0,0,0,27
16.04.2020,12:00,0,0,0,0,0,25
16.04.2020,13:00,0,0,0,0,0,27
16.04.2020,14:00,0,0,0,0,0,26
16.04.2020,15:00,0,0,0,0,0,29
16.04.2020,16:00,0,0,0,0,0,21
16.04.2020,17:00,0,0,0,0,0,19
16.04.2020,18:00,0,0,0,0,0,18
16.04.2020,19:00,0,0,0,0,0,19
16.04.2020,20:00,0,0,0,0,0,18
16.04.2020,21:00,0,0,0,0,0,18
16.04.2020,22:00,0,0,0,0,0,17
16.04.2020,23:00,0,0,0,0,0,18
17.04.2020,00:00,0,0,0,0,0,18
17.04.2020,01:00,0,0,0,0,0,18
17.04.2020,02:00,0,0,0,0,0,18
17.04.2020,03:00,0,0,0,0,0,18
17.04.2020,04:00,0,0,0,0,0,17
17.04.2020,05:00,0,0,0,0,0,18
17.04.2020,06:00,0,0,0,0,0,20
17.04.2020,07:00,0,0,0,0,0,20
17.04.2020,08:00,0,0,0,0,0,22
17.04.2020,09:00,0,0,0,0,0,23
17.04.2020,10:00,0,0,0,0,0,20
17.04.2020,11:00,0,0,0,0,0,18
17.04.2020,12:00,0,0,0,0,0,17
17.04.2020,13:00,0,0,0,0,0,18
17.04.2020,14:00,0,0,0,0,0,17
17.04.2020,15:00,0,0,0,0,0,18
17.04.2020,16:00,0,0,0,0,0,18
17.04.2020,17:00,0,0,0,0,0,18
17.04.2020,18:00,0,0,0,0,0,18
17.04.2020,19:00,0,0,0,0,0,19
17.04.2020,20:00,0,0,0,0,0,20
17.04.2020,21:00,0,0,0,0,0,20
17.04.2020,22:00,0,0,0,0,0,19
17.04.2020,23:00,0,0,0,0,0,20
18.04.2020,00:00,0,0,0,0,0,20
18.04.2020,01:00,0,0,0,0,0,20
18.04.2020,02:00,0,0,0,0,0,19
18.04.2020,03:00,0,0,0,0,0,19
18.04.2020,04:00,0,0,0,0,0,19
18.04.2020,05:00,0,0,0,0,0,19
18.04.2020,06:00,0,0,0,0,0,18
18.04.2020,07:00,0,0,0,0,0,18
18.04.2020,08:00,0,0,0,0,0,18
18.04.2020,09:00,0,0,0,0,0,18
18.04.2020,10:00,0,0,0,0,0,18
18.04.2020,11:00,0,0,0,0,0,18
18.04.2020,12:00,0,0,0,0,0,18
18.04.2020,13:00,0,0,0,0,0,20
18.04.2020,14:00,0,0,0,0,0,18
18.04.2020,15:00,0,0,0,0,0,20
18.04.2020,16:00,0,0,0,0,0,20
18.04.2020,17:00,0,0,0,0,0,19
18.04.2020,18:00,0,0,0,0,0,19
18.04.2020,19:00,0,0,0,0,0,19
18.04.2020,20:00,0,0,0,0,0,19
18.04.2020,21:00,0,0,0,0,0,19
18.04.2020,22:00,0,0,0,0,0,19
18.04.2020,23:00,0,0,0,0,0,19
19.04.2020,00:00,0,0,0,0,0,18
19.04.2020,01:00,0,0,0,0,0,20
19.04.2020,02:00,0,0,0,0,0,19
19.04.2020,03:00,0,0,0,0,0,20
19.04.2020,04:00,0,0,0,0,0,19
19.04.2020,05:00,0,0,0,0,0,19
19.04.2020,06:00,0,0,0,0,0,18
19.04.2020,07:00,0,0,0,0,0,19
19.04.2020,08:00,0,0,0,0,0,19
19.04.2020,09:00,0,0,0,0,0,19
19.04.2020,10:00,0,0,0,0,0,19
19.04.2020,11:00,0,0,0,0,0,19
19.04.2020,12:00,0,0,0,0,0,19
19.04.2020,13:00,0,0,0,0,0,19
19.04.2020,14:00,0,0,0,0,0,19
19.04.2020,15:00,0,0,0,0,0,20
19.04.2020,16:00,0,0,0,0,0,20
19.04.2020,17:00,0,0,0,0,0,20
19.04.2020,18:00,0,0,0,0,0,19
19.04.2020,19:00,0,0,0,0,0,20
19.04.2020,20:00,0,0,0,0,0,19
19.04.2020,21:00,0,0,0,0,0,19
19.04.2020,22:00,0,0,0,0,0,18
19.04.2020,23:00,0,0,0,0,0,19
20.04.2020,00:00,0,0,0,0,0,19
20.04.2020,01:00,0,0,0,0,0,19
20.04.2020,02:00,0,0,0,0,0,19
20.04.2020,03:00,0,0,0,0,0,19
20.04.2020,04:00,0,0,0,0,0,18
20.04.2020,05:00,0,0,0,0,0,18
20.04.2020,06:00,0,0,0,0,0,20
20.04.2020,07:00,0,0,0,0,0,20
20.04.2020,08:00,0,0,0,0,0,20
20.04.2020,09:00,0,0,0,0,0,28
20.04.2020,10:00,0,0,0,0,0,27
20.04.2020,11:00,0,0,0,0,0,26
20.04.2020,12:00,0,0,0,0,0,25
20.04.2020,13:00,0,0,0,0,0,23
20.04.2020,14:00,0,0,0,0,0,25
20.04.2020,15:00,0,0,0,0,0,26
20.04.2020,16:00,0,0,0,0,0,25
20.04.2020,17:00,0,0,0,0,0,24
20.04.2020,18:00,0,0,0,0,0,26
20.04.2020,19:00,0,0,0,0,0,26
20.04.2020,20:00,0,0,0,0,0,24
20.04.2020,21:00,0,0,0,0,0,21
20.04.2020,22:00,0,0,0,0,0,21
20.04.2020,23:00,0,0,0,0,0,21
21.04.2020,00:00,0,0,0,0,0,20
21.04.2020,01:00,0,0,0,0,0,20
21.04.2020,02:00,0,0,0,0,0,20
21.04.2020,03:00,0,0,0,0,0,19
21.04.2020,04:00,0,0,0,0,0,18
21.04.2020,05:00,0,0,0,0,0,22
21.04.2020,06:00,0,0,0,0,0,27
21.04.2020,07:00,0,0,0,0,0,33
21.04.2020,08:00,0,0,0,0,0,34
21.04.2020,09:00,0,0,0,0,0,34
21.04.2020,10:00,0,0,0,0,0,34
21.04.2020,11:00,0,0,0,0,0,32
21.04.2020,12:00,0,0,0,0,0,32
21.04.2020,13:00,0,0,0,0,0,34
21.04.2020,14:00,0,0,0,0,0,31
21.04.2020,15:00,0,0,0,0,0,21
21.04.2020,16:00,0,0,0,0,0,21
21.04.2020,17:00,0,0,0,0,0,25
21.04.2020,18:00,0,0,0,0,0,22
21.04.2020,19:00,0,0,0,0,0,23
21.04.2020,20:00,0,0,0,0,0,24
21.04.2020,21:00,0,0,0,0,0,25
21.04.2020,22:00,0,0,0,0,0,24
21.04.2020,23:00,0,0,0,0,0,23
22.04.2020,00:00,0,0,0,0,0,21
22.04.2020,01:00,0,0,0,0,0,21
22.04.2020,02:00,0,0,0,0,0,21
22.04.2020,03:00,0,0,0,0,0,22
22.04.2020,04:00,0,0,0,0,0,22
22.04.2020,05:00,0,0,0,0,0,26
22.04.2020,06:00,0,0,0,0,0,28
22.04.2020,07:00,0,0,0,0,0,30
22.04.2020,08:00,0,0,0,0,0,30
22.04.2020,09:00,0,0,0,0,0,30
22.04.2020,10:00,0,0,0,0,0,28
22.04.2020,11:00,0,0,0,0,0,27
22.04.2020,12:00,0,0,0,0,0,26
22.04.2020,13:00,0,0,0,0,0,26
22.04.2020,14:00,0,0,0,0,0,28
22.04.2020,15:00,0,0,0,0,0,26
22.04.2020,16:00,0,0,0,0,0,24
22.04.2020,17:00,0,0,0,0,0,22
22.04.2020,18:00,0,0,0,0,0,21
22.04.2020,19:00,0,0,0,0,0,23
22.04.2020,20:00,0,0,0,0,0,24
22.04.2020,21:00,0,0,0,0,0,23
22.04.2020,22:00,0,0,0,0,0,22
22.04.2020,23:00,0,0,0,0,0,22
23.04.2020,00:00,0,0,0,0,0,22
23.04.2020,01:00,0,0,0,0,0,22
23.04.2020,02:00,0,0,0,0,0,21
23.04.2020,03:00,0,0,0,0,0,22
23.04.2020,04:00,0,0,0,0,0,21
23.04.2020,05:00,0,0,0,0,0,24
23.04.2020,06:00,0,0,0,0,0,26
23.04.2020,07:00,0,0,0,0,0,26
23.04.2020,08:00,0,0,0,0,0,26
23.04.2020,09:00,0,0,0,0,0,26
23.04.2020,10:00,0,0,0,0,0,26
23.04.2020,11:00,0,0,0,0,0,23
23.04.2020,12:00,0,0,0,0,0,22
23.04.2020,13:00,0,0,0,0,0,24
23.04.2020,14:00,0,0,0,0,0,21
23.04.2020,15:00,0,0,0,0,0,21
23.04.2020,16:00,0,0,0,0,0,20
23.04.2020,17:00,0,0,0,0,0,20
23.04.2020,18:00,0,0,0,0,0,23
23.04.2020,19:00,0,0,0,0,0,24
23.04.2020,20:00,0,0,0,0,0,25
23.04.2020,21:00,0,0,0,0,0,25
23.04.2020,22:00,0,0,0,0,0,24
23.04.2020,23:00,0,0,0,0,0,25
24.04.2020,00:00,0,0,0,0,0,24
24.04.2020,01:00,0,0,0,0,0,25
24.04.2020,02:00,0,0,0,0,0,24
24.04.2020,03:00,0,0,0,0,0,22
24.04.2020,04:00,0,0,0,0,0,22
24.04.2020,05:00,0,0,0,0,0,23
24.04.2020,06:00,0,0,0,0,0,24
24.04.2020,07:00,0,0,0,0,0,25
24.04.2020,08:00,0,0,0,0,0,27
24.04.2020,09:00,0,0,0,0,0,17
24.04.2020,10:00,0,0,0,0,0,15
24.04.2020,11:00,0,0,0,0,0,15
24.04.2020,12:00,0,0,0,0,0,15
24.04.2020,13:00,0,0,0,0,0,17
24.04.2020,14:00,0,0,0,0,0,18
24.04.2020,15:00,0,0,0,0,0,19
24.04.2020,16:00,0,0,0,0,0,19
24.04.2020,17:00,0,0,0,0,0,20
24.04.2020,18:00,0,0,0,0,0,20
24.04.2020,19:00,0,0,0,0,0,20
24.04.2020,20:00,0,0,0,0,0,21
24.04.2020,21:00,0,0,0,0,0,20
24.04.2020,22:00,0,0,0,0,0,19
24.04.2020,23:00,0,0,0,0,0,21
25.04.2020,00:00,0,0,0,0,0,21
25.04.2020,01:00,0,0,0,0,0,21
25.04.2020,02:00,0,0,0,0,0,20
25.04.2020,03:00,0,0,0,0,0,21
25.04.2020,04:00,0,0,0,0,0,19
25.04.2020,05:00,0,0,0,0,0,19
25.04.2020,06:00,0,0,0,0,0,17
25.04.2020,07:00,0,0,0,0,0,15
25.04.2020,08:00,0,0,0,0,0,16
25.04.2020,09:00,0,0,0,0,0,15
25.04.2020,10:00,0,0,0,0,0,16
25.04.2020,11:00,0,0,0,0,0,15
25.04.2020,12:00,0,0,0,0,0,16
25.04.2020,13:00,0,0,0,0,0,16
25.04.2020,14:00,0,0,0,0,0,19
25.04.2020,15:00,0,0,0,0,0,19
25.04.2020,16:00,0,0,0,0,0,19
25.04.2020,17:00,0,0,0,0,0,18
25.04.2020,18:00,0,0,0,0,0,19
25.04.2020,19:00,0,0,0,0,0,20
25.04.2020,20:00,0,0,0,0,0,20
25.04.2020,21:00,0,0,0,0,0,19
25.04.2020,22:00,0,0,0,0,0,18
25.04.2020,23:00,0,0,0,0,0,20
26.04.2020,00:00,0,0,0,0,0,18
26.04.2020,01:00,0,0,0,0,0,18
26.04.2020,02:00,0,0,0,0,0,16
26.04.2020,03:00,0,0,0,0,0,15
26.04.2020,04:00,0,0,0,0,0,14
26.04.2020,05:00,0,0,0,0,0,14
26.04.2020,06:00,0,0,0,0,0,15
26.04.2020,07:00,0,0,0,0,0,17
26.04.2020,08:00,0,0,0,0,0,19
26.04.2020,09:00,0,0,0,0,0,19
26.04.2020,10:00,0,0,0,0,0,16
26.04.2020,11:00,0,0,0,0,0,16
26.04.2020,12:00,0,0,0,0,0,18
26.04.2020,13:00,0,0,0,0,0,18
26.04.2020,14:00,0,0,0,0,0,19
26.04.2020,15:00,0,0,0,0,0,21
26.04.2020,16:00,0,0,0,0,0,20
26.04.2020,17:00,0,0,0,0,0,21
26.04.2020,18:00,0,0,0,0,0,21
26.04.2020,19:00,0,0,0,0,0,21
26.04.2020,20:00,0,0,0,0,0,22
26.04.2020,21:00,0,0,0,0,0,22
26.04.2020,22:00,0,0,0,0,0,22
26.04.2020,23:00,0,0,0,0,0,22
27.04.2020,00:00,0,0,0,0,0,21
27.04.2020,01:00,0,0,0,0,0,22
27.04.2020,02:00,0,0,0,0,0,21
27.04.2020,03:00,0,0,0,0,0,22
27.04.2020,04:00,0,0,0,0,0,21
27.04.2020,05:00,0,0,0,0,0,20
27.04.2020,06:00,0,0,0,0,0,19
27.04.2020,07:00,0,0,0,0,0,19
27.04.2020,08:00,0,0,0,0,0,19
27.04.2020,09:00,0,0,0,0,0,18
27.04.2020,10:00,0,0,0,0,0,19
27.04.2020,11:00,0,0,0,0,0,18
27.04.2020,12:00,0,0,0,0,0,19
27.04.2020,13:00,0,0,0,0,0,18
27.04.2020,14:00,0,0,0,0,0,20
27.04.2020,15:00,0,0,0,0,0,22
27.04.2020,16:00,0,0,0,0,0,23
27.04.2020,17:00,0,0,0,0,0,22
27.04.2020,18:00,0,0,0,0,0,21
27.04.2020,19:00,0,0,0,0,0,22
27.04.2020,20:00,0,0,0,0,0,23
27.04.2020,21:00,0,0,0,0,0,22
27.04.2020,22:00,0,0,0,0,0,21
27.04.2020,23:00,0,0,0,0,0,21
28.04.2020,00:00,0,0,0,0,0,19
28.04.2020,01:00,0,0,0,0,0,16
28.04.2020,02:00,0,0,0,0,0,11
28.04.2020,03:00,0,0,0,0,0,9
28.04.2020,04:00,0,0,0,0,0,9
28.04.2020,05:00,0,0,0,0,0,7
28.04.2020,06:00,0,0,0,0,0,5
28.04.2020,07:00,0,0,0,0,0,1
28.04.2020,08:00,0,0,0,0,0,1
28.04.2020,09:00,0,0,0,0,0,0
28.04.2020,10:00,0,0,0,0,0,1
28.04.2020,11:00,0,0,0,0,0,0
28.04.2020,12:00,0,0,0,0,0,1
28.04.2020,13:00,0,0,0,0,0,3
28.04.2020,14:00,0,0,0,0,0,4
28.04.2020,15:00,0,0,0,0,0,9
28.04.2020,16:00,0,0,0,0,0,15
28.04.2020,17:00,0,0,0,0,0,25
28.04.2020,18:00,0,0,0,0,0,27
28.04.2020,19:00,0,0,0,0,0,24
28.04.2020,20:00,0,0,0,0,0,15
28.04.2020,21:00,0,0,0,0,0,11
28.04.2020,22:00,0,0,0,0,0,17
28.04.2020,23:00,0,0,0,0,0,20
29.04.2020,00:00,0,0,0,0,0,21
29.04.2020,01:00,0,0,0,0,0,20
29.04.2020,02:00,0,0,0,0,0,18
29.04.2020,03:00,0,0,0,0,0,18
29.04.2020,04:00,0,0,0,0,0,16
29.04.2020,05:00,0,0,0,0,0,14
29.04.2020,06:00,0,0,0,0,0,13
29.04.2020,07:00,0,0,0,0,0,11
29.04.2020,08:00,0,0,0,0,0,10
29.04.2020,09:00,0,0,0,0,0,12
29.04.2020,10:00,0,0,0,0,0,13
29.04.2020,11:00,0,0,0,0,0,12
29.04.2020,12:00,0,0,0,0,0,7
29.04.2020,13:00,0,0,0,0,0,2
29.04.2020,14:00,0,0,0,0,0,1
29.04.2020,15:00,0,0,0,0,0,3
29.04.2020,16:00,0,0,0,0,0,3
29.04.2020,17:00,0,0,0,0,0,5
29.04.2020,18:00,0,0,0,0,0,6
29.04.2020,19:00,0,0,0,0,0,5
29.04.2020,20:00,0,0,0,0,0,5
29.04.2020,21:00,0,0,0,0,0,5
29.04.2020,22:00,0,0,0,0,0,5
29.04.2020,23:00,0,0,0,0,0,8
30.04.2020,00:00,0,0,0,0,0,12
30.04.2020,01:00,0,0,0,0,0,15
30.04.2020,02:00,0,0,0,0,0,16
30.04.2020,03:00,0,0,0,0,0,17
30.04.2020,04:00,0,0,0,0,0,16
30.04.2020,05:00,0,0,0,0,0,18
30.04.2020,06:00,0,0,0,0,0,16
30.04.2020,07:00,0,0,0,0,0,14
30.04.2020,08:00,0,0,0,0,0,20
30.04.2020,09:00,0,0,0,0,0,23
30.04.2020,10:00,0,0,0,0,0,27
30.04.2020,11:00,0,0,0,0,0,30
30.04.2020,12:00,0,0,0,0,0,29
30.04.2020,13:00,0,0,0,0,0,30
30.04.2020,14:00,0,0,0,0,0,29
30.04.2020,15:00,0,0,0,0,0,16
30.04.2020,16:00,0,0,0,0,0,11
30.04.2020,17:00,0,0,0,0,0,5
30.04.2020,18:00,0,0,0,0,0,7
30.04.2020,19:00,0,0,0,0,0,8
30.04.2020,20:00,0,0,0,0,0,8
30.04.2020,21:00,0,0,0,0,0,10
30.04.2020,22:00,0,0,0,0,0,10
30.04.2020,23:00,0,0,0,0,0,11
