Datum,Uhrzeit,Generation_DE Reuter West D[MW],Generation_DE Reuter West E[MW]
01.01.2020,00:00,181,0
01.01.2020,01:00,181,0
01.01.2020,02:00,181,0
01.01.2020,03:00,181,0
01.01.2020,04:00,181,0
01.01.2020,05:00,181,0
01.01.2020,06:00,181,0
01.01.2020,07:00,181,0
01.01.2020,08:00,181,0
01.01.2020,09:00,181,0
01.01.2020,10:00,181,0
01.01.2020,11:00,181,0
01.01.2020,12:00,181,0
01.01.2020,13:00,181,0
01.01.2020,14:00,181,0
01.01.2020,15:00,181,0
01.01.2020,16:00,181,0
01.01.2020,17:00,181,0
01.01.2020,18:00,181,0
01.01.2020,19:00,181,0
01.01.2020,20:00,181,0
01.01.2020,21:00,181,0
01.01.2020,22:00,181,0
01.01.2020,23:00,181,0
02.01.2020,00:00,169,0
02.01.2020,01:00,164,0
02.01.2020,02:00,166,0
02.01.2020,03:00,168,0
02.01.2020,04:00,168,0
02.01.2020,05:00,168,0
02.01.2020,06:00,168,0
02.01.2020,07:00,168,0
02.01.2020,08:00,168,0
02.01.2020,09:00,168,0
02.01.2020,10:00,167,0
02.01.2020,11:00,144,0
02.01.2020,12:00,149,0
02.01.2020,13:00,140,0
02.01.2020,14:00,140,0
02.01.2020,15:00,140,0
02.01.2020,16:00,140,0
02.01.2020,17:00,140,0
02.01.2020,18:00,140,0
02.01.2020,19:00,140,0
02.01.2020,20:00,140,0
02.01.2020,21:00,140,0
02.01.2020,22:00,140,0
02.01.2020,23:00,140,0
03.01.2020,00:00,140,0
03.01.2020,01:00,137,0
03.01.2020,02:00,138,0
03.01.2020,03:00,137,0
03.01.2020,04:00,138,0
03.01.2020,05:00,140,0
03.01.2020,06:00,140,0
03.01.2020,07:00,140,0
03.01.2020,08:00,140,0
03.01.2020,09:00,140,0
03.01.2020,10:00,140,0
03.01.2020,11:00,140,0
03.01.2020,12:00,140,38
03.01.2020,13:00,140,83
03.01.2020,14:00,139,101
03.01.2020,15:00,140,112
03.01.2020,16:00,135,118
03.01.2020,17:00,138,117
03.01.2020,18:00,140,135
03.01.2020,19:00,140,171
03.01.2020,20:00,138,180
03.01.2020,21:00,135,181
03.01.2020,22:00,135,185
03.01.2020,23:00,135,185
04.01.2020,00:00,135,152
04.01.2020,01:00,135,149
04.01.2020,02:00,135,149
04.01.2020,03:00,135,149
04.01.2020,04:00,137,149
04.01.2020,05:00,135,149
04.01.2020,06:00,135,149
04.01.2020,07:00,135,149
04.01.2020,08:00,135,149
04.01.2020,09:00,135,149
04.01.2020,10:00,135,149
04.01.2020,11:00,135,149
04.01.2020,12:00,135,149
04.01.2020,13:00,135,149
04.01.2020,14:00,135,149
04.01.2020,15:00,135,149
04.01.2020,16:00,135,149
04.01.2020,17:00,135,149
04.01.2020,18:00,135,149
04.01.2020,19:00,135,149
04.01.2020,20:00,135,149
04.01.2020,21:00,135,149
04.01.2020,22:00,135,149
04.01.2020,23:00,135,149
05.01.2020,00:00,135,149
05.01.2020,01:00,135,149
05.01.2020,02:00,136,149
05.01.2020,03:00,139,149
05.01.2020,04:00,139,148
05.01.2020,05:00,139,148
05.01.2020,06:00,137,148
05.01.2020,07:00,135,148
05.01.2020,08:00,135,148
05.01.2020,09:00,135,148
05.01.2020,10:00,135,148
05.01.2020,11:00,139,148
05.01.2020,12:00,135,148
05.01.2020,13:00,135,148
05.01.2020,14:00,135,148
05.01.2020,15:00,135,148
05.01.2020,16:00,135,146
05.01.2020,17:00,135,144
05.01.2020,18:00,135,144
05.01.2020,19:00,135,144
05.01.2020,20:00,135,151
05.01.2020,21:00,135,152
05.01.2020,22:00,135,152
05.01.2020,23:00,135,152
06.01.2020,00:00,135,152
06.01.2020,01:00,135,152
06.01.2020,02:00,137,153
06.01.2020,03:00,139,153
06.01.2020,04:00,139,153
06.01.2020,05:00,139,153
06.01.2020,06:00,140,157
06.01.2020,07:00,147,181
06.01.2020,08:00,147,181
06.01.2020,09:00,147,199
06.01.2020,10:00,147,234
06.01.2020,11:00,147,202
06.01.2020,12:00,147,149
06.01.2020,13:00,147,149
06.01.2020,14:00,147,149
06.01.2020,15:00,147,167
06.01.2020,16:00,147,170
06.01.2020,17:00,147,170
06.01.2020,18:00,147,170
06.01.2020,19:00,147,169
06.01.2020,20:00,147,160
06.01.2020,21:00,147,149
06.01.2020,22:00,147,149
06.01.2020,23:00,147,149
07.01.2020,00:00,147,149
07.01.2020,01:00,147,149
07.01.2020,02:00,147,149
07.01.2020,03:00,147,148
07.01.2020,04:00,147,148
07.01.2020,05:00,147,146
07.01.2020,06:00,147,152
07.01.2020,07:00,147,216
07.01.2020,08:00,147,220
07.01.2020,09:00,147,220
07.01.2020,10:00,147,220
07.01.2020,11:00,147,220
07.01.2020,12:00,147,220
07.01.2020,13:00,147,220
07.01.2020,14:00,147,220
07.01.2020,15:00,147,220
07.01.2020,16:00,147,220
07.01.2020,17:00,147,220
07.01.2020,18:00,147,220
07.01.2020,19:00,147,186
07.01.2020,20:00,147,158
07.01.2020,21:00,147,144
07.01.2020,22:00,147,143
07.01.2020,23:00,147,143
08.01.2020,00:00,147,143
08.01.2020,01:00,147,143
08.01.2020,02:00,147,143
08.01.2020,03:00,147,143
08.01.2020,04:00,147,143
08.01.2020,05:00,147,143
08.01.2020,06:00,147,143
08.01.2020,07:00,147,143
08.01.2020,08:00,147,143
08.01.2020,09:00,147,143
08.01.2020,10:00,147,143
08.01.2020,11:00,147,143
08.01.2020,12:00,147,143
08.01.2020,13:00,147,143
08.01.2020,14:00,147,143
08.01.2020,15:00,147,169
08.01.2020,16:00,147,212
08.01.2020,17:00,147,212
08.01.2020,18:00,147,215
08.01.2020,19:00,147,216
08.01.2020,20:00,147,216
08.01.2020,21:00,147,216
08.01.2020,22:00,147,181
08.01.2020,23:00,147,147
09.01.2020,00:00,147,147
09.01.2020,01:00,147,147
09.01.2020,02:00,147,147
09.01.2020,03:00,147,147
09.01.2020,04:00,147,147
09.01.2020,05:00,147,147
09.01.2020,06:00,147,149
09.01.2020,07:00,147,172
09.01.2020,08:00,147,212
09.01.2020,09:00,147,213
09.01.2020,10:00,147,213
09.01.2020,11:00,147,167
09.01.2020,12:00,147,147
09.01.2020,13:00,147,147
09.01.2020,14:00,147,191
09.01.2020,15:00,147,188
09.01.2020,16:00,147,149
09.01.2020,17:00,146,148
09.01.2020,18:00,146,148
09.01.2020,19:00,146,148
09.01.2020,20:00,146,148
09.01.2020,21:00,146,148
09.01.2020,22:00,146,148
09.01.2020,23:00,146,148
10.01.2020,00:00,146,148
10.01.2020,01:00,146,148
10.01.2020,02:00,146,148
10.01.2020,03:00,146,148
10.01.2020,04:00,146,148
10.01.2020,05:00,145,148
10.01.2020,06:00,145,155
10.01.2020,07:00,145,221
10.01.2020,08:00,145,222
10.01.2020,09:00,145,222
10.01.2020,10:00,145,222
10.01.2020,11:00,145,215
10.01.2020,12:00,145,197
10.01.2020,13:00,145,190
10.01.2020,14:00,145,190
10.01.2020,15:00,145,212
10.01.2020,16:00,145,213
10.01.2020,17:00,143,215
10.01.2020,18:00,103,217
10.01.2020,19:00,67,215
10.01.2020,20:00,0,214
10.01.2020,21:00,0,217
10.01.2020,22:00,0,217
10.01.2020,23:00,0,217
11.01.2020,00:00,0,217
11.01.2020,01:00,0,217
11.01.2020,02:00,0,217
11.01.2020,03:00,0,217
11.01.2020,04:00,0,217
11.01.2020,05:00,0,217
11.01.2020,06:00,0,217
11.01.2020,07:00,0,217
11.01.2020,08:00,0,217
11.01.2020,09:00,0,217
11.01.2020,10:00,0,217
11.01.2020,11:00,0,217
11.01.2020,12:00,0,217
11.01.2020,13:00,0,217
11.01.2020,14:00,0,215
11.01.2020,15:00,0,201
11.01.2020,16:00,0,201
11.01.2020,17:00,0,201
11.01.2020,18:00,0,201
11.01.2020,19:00,0,201
11.01.2020,20:00,0,201
11.01.2020,21:00,0,201
11.01.2020,22:00,0,201
11.01.2020,23:00,0,201
12.01.2020,00:00,0,201
12.01.2020,01:00,0,201
12.01.2020,02:00,0,201
12.01.2020,03:00,0,201
12.01.2020,04:00,0,201
12.01.2020,05:00,0,201
12.01.2020,06:00,0,201
12.01.2020,07:00,0,202
12.01.2020,08:00,0,202
12.01.2020,09:00,0,202
12.01.2020,10:00,0,202
12.01.2020,11:00,0,202
12.01.2020,12:00,0,202
12.01.2020,13:00,0,202
12.01.2020,14:00,0,202
12.01.2020,15:00,0,202
12.01.2020,16:00,0,202
12.01.2020,17:00,0,202
12.01.2020,18:00,0,202
12.01.2020,19:00,0,202
12.01.2020,20:00,0,202
12.01.2020,21:00,0,202
12.01.2020,22:00,0,202
12.01.2020,23:00,0,202
13.01.2020,00:00,0,202
13.01.2020,01:00,0,202
13.01.2020,02:00,0,202
13.01.2020,03:00,0,202
13.01.2020,04:00,0,202
13.01.2020,05:00,0,202
13.01.2020,06:00,0,202
13.01.2020,07:00,0,201
13.01.2020,08:00,0,192
13.01.2020,09:00,0,190
13.01.2020,10:00,0,202
13.01.2020,11:00,0,210
13.01.2020,12:00,0,210
13.01.2020,13:00,0,210
13.01.2020,14:00,0,210
13.01.2020,15:00,0,210
13.01.2020,16:00,0,210
13.01.2020,17:00,0,210
13.01.2020,18:00,0,210
13.01.2020,19:00,0,210
13.01.2020,20:00,0,210
13.01.2020,21:00,0,210
13.01.2020,22:00,0,210
13.01.2020,23:00,0,210
14.01.2020,00:00,0,210
14.01.2020,01:00,0,210
14.01.2020,02:00,0,210
14.01.2020,03:00,0,210
14.01.2020,04:00,0,210
14.01.2020,05:00,0,210
14.01.2020,06:00,0,210
14.01.2020,07:00,0,210
14.01.2020,08:00,0,210
14.01.2020,09:00,0,210
14.01.2020,10:00,0,178
14.01.2020,11:00,0,165
14.01.2020,12:00,0,149
14.01.2020,13:00,0,148
14.01.2020,14:00,0,148
14.01.2020,15:00,0,148
14.01.2020,16:00,0,148
14.01.2020,17:00,0,146
14.01.2020,18:00,0,161
14.01.2020,19:00,0,163
14.01.2020,20:00,0,163
14.01.2020,21:00,0,159
14.01.2020,22:00,0,162
14.01.2020,23:00,0,146
15.01.2020,00:00,0,143
15.01.2020,01:00,0,143
15.01.2020,02:00,0,143
15.01.2020,03:00,0,143
15.01.2020,04:00,0,143
15.01.2020,05:00,0,143
15.01.2020,06:00,0,143
15.01.2020,07:00,0,167
15.01.2020,08:00,0,172
15.01.2020,09:00,0,172
15.01.2020,10:00,0,189
15.01.2020,11:00,0,192
15.01.2020,12:00,0,192
15.01.2020,13:00,0,168
15.01.2020,14:00,0,164
15.01.2020,15:00,0,164
15.01.2020,16:00,0,164
15.01.2020,17:00,0,164
15.01.2020,18:00,0,200
15.01.2020,19:00,0,209
15.01.2020,20:00,0,182
15.01.2020,21:00,0,170
15.01.2020,22:00,0,159
15.01.2020,23:00,0,156
16.01.2020,00:00,0,157
16.01.2020,01:00,0,160
16.01.2020,02:00,0,160
16.01.2020,03:00,0,160
16.01.2020,04:00,0,159
16.01.2020,05:00,0,173
16.01.2020,06:00,0,212
16.01.2020,07:00,0,213
16.01.2020,08:00,0,213
16.01.2020,09:00,0,213
16.01.2020,10:00,0,213
16.01.2020,11:00,0,213
16.01.2020,12:00,0,215
16.01.2020,13:00,0,217
16.01.2020,14:00,0,217
16.01.2020,15:00,0,217
16.01.2020,16:00,0,217
16.01.2020,17:00,0,216
16.01.2020,18:00,0,213
16.01.2020,19:00,0,200
16.01.2020,20:00,0,197
16.01.2020,21:00,0,175
16.01.2020,22:00,0,168
16.01.2020,23:00,0,168
17.01.2020,00:00,0,168
17.01.2020,01:00,0,167
17.01.2020,02:00,0,167
17.01.2020,03:00,0,168
17.01.2020,04:00,0,168
17.01.2020,05:00,0,168
17.01.2020,06:00,0,168
17.01.2020,07:00,0,165
17.01.2020,08:00,0,147
17.01.2020,09:00,0,147
17.01.2020,10:00,0,147
17.01.2020,11:00,0,147
17.01.2020,12:00,0,147
17.01.2020,13:00,0,147
17.01.2020,14:00,0,147
17.01.2020,15:00,0,147
17.01.2020,16:00,0,147
17.01.2020,17:00,0,147
17.01.2020,18:00,0,147
17.01.2020,19:00,0,147
17.01.2020,20:00,0,147
17.01.2020,21:00,0,147
17.01.2020,22:00,0,147
17.01.2020,23:00,0,147
18.01.2020,00:00,0,147
18.01.2020,01:00,0,147
18.01.2020,02:00,0,147
18.01.2020,03:00,0,147
18.01.2020,04:00,0,147
18.01.2020,05:00,0,148
18.01.2020,06:00,0,148
18.01.2020,07:00,0,148
18.01.2020,08:00,0,148
18.01.2020,09:00,0,148
18.01.2020,10:00,0,148
18.01.2020,11:00,0,148
18.01.2020,12:00,0,148
18.01.2020,13:00,0,148
18.01.2020,14:00,0,148
18.01.2020,15:00,0,148
18.01.2020,16:00,0,148
18.01.2020,17:00,0,148
18.01.2020,18:00,0,148
18.01.2020,19:00,0,148
18.01.2020,20:00,0,148
18.01.2020,21:00,0,148
18.01.2020,22:00,0,148
18.01.2020,23:00,0,148
19.01.2020,00:00,0,148
19.01.2020,01:00,0,148
19.01.2020,02:00,0,148
19.01.2020,03:00,0,148
19.01.2020,04:00,0,148
19.01.2020,05:00,0,148
19.01.2020,06:00,0,148
19.01.2020,07:00,0,148
19.01.2020,08:00,0,148
19.01.2020,09:00,0,148
19.01.2020,10:00,0,148
19.01.2020,11:00,0,148
19.01.2020,12:00,0,148
19.01.2020,13:00,0,148
19.01.2020,14:00,0,148
19.01.2020,15:00,0,148
19.01.2020,16:00,0,148
19.01.2020,17:00,0,148
19.01.2020,18:00,0,148
19.01.2020,19:00,0,148
19.01.2020,20:00,0,148
19.01.2020,21:00,0,148
19.01.2020,22:00,0,148
19.01.2020,23:00,25,148
20.01.2020,00:00,85,148
20.01.2020,01:00,120,148
20.01.2020,02:00,139,148
20.01.2020,03:00,138,148
20.01.2020,04:00,139,148
20.01.2020,05:00,147,148
20.01.2020,06:00,184,152
20.01.2020,07:00,184,152
20.01.2020,08:00,184,152
20.01.2020,09:00,184,152
20.01.2020,10:00,184,152
20.01.2020,11:00,184,152
20.01.2020,12:00,184,152
20.01.2020,13:00,184,152
20.01.2020,14:00,184,152
20.01.2020,15:00,184,152
20.01.2020,16:00,184,152
20.01.2020,17:00,184,152
20.01.2020,18:00,184,152
20.01.2020,19:00,184,152
20.01.2020,20:00,184,152
20.01.2020,21:00,184,152
20.01.2020,22:00,155,149
20.01.2020,23:00,147,148
21.01.2020,00:00,147,148
21.01.2020,01:00,147,148
21.01.2020,02:00,147,148
21.01.2020,03:00,144,145
21.01.2020,04:00,143,144
21.01.2020,05:00,143,144
21.01.2020,06:00,145,145
21.01.2020,07:00,176,156
21.01.2020,08:00,177,156
21.01.2020,09:00,178,156
21.01.2020,10:00,178,156
21.01.2020,11:00,175,157
21.01.2020,12:00,158,156
21.01.2020,13:00,158,156
21.01.2020,14:00,161,162
21.01.2020,15:00,190,205
21.01.2020,16:00,190,205
21.01.2020,17:00,191,202
21.01.2020,18:00,184,212
21.01.2020,19:00,179,213
21.01.2020,20:00,179,213
21.01.2020,21:00,152,162
21.01.2020,22:00,144,147
21.01.2020,23:00,142,147
22.01.2020,00:00,142,147
22.01.2020,01:00,142,147
22.01.2020,02:00,142,147
22.01.2020,03:00,142,147
22.01.2020,04:00,142,147
22.01.2020,05:00,142,147
22.01.2020,06:00,143,150
22.01.2020,07:00,173,207
22.01.2020,08:00,174,209
22.01.2020,09:00,174,204
22.01.2020,10:00,174,149
22.01.2020,11:00,174,148
22.01.2020,12:00,174,148
22.01.2020,13:00,174,148
22.01.2020,14:00,174,148
22.01.2020,15:00,174,148
22.01.2020,16:00,174,160
22.01.2020,17:00,174,194
22.01.2020,18:00,174,197
22.01.2020,19:00,174,197
22.01.2020,20:00,175,197
22.01.2020,21:00,175,197
22.01.2020,22:00,175,197
22.01.2020,23:00,173,194
23.01.2020,00:00,147,147
23.01.2020,01:00,146,147
23.01.2020,02:00,146,147
23.01.2020,03:00,146,147
23.01.2020,04:00,147,149
23.01.2020,05:00,170,202
23.01.2020,06:00,170,205
23.01.2020,07:00,170,205
23.01.2020,08:00,170,205
23.01.2020,09:00,170,205
23.01.2020,10:00,170,205
23.01.2020,11:00,170,205
23.01.2020,12:00,170,205
23.01.2020,13:00,170,205
23.01.2020,14:00,170,205
23.01.2020,15:00,169,205
23.01.2020,16:00,162,205
23.01.2020,17:00,161,205
23.01.2020,18:00,161,205
23.01.2020,19:00,158,205
23.01.2020,20:00,155,209
23.01.2020,21:00,154,204
23.01.2020,22:00,154,201
23.01.2020,23:00,147,156
24.01.2020,00:00,145,147
24.01.2020,01:00,145,147
24.01.2020,02:00,145,147
24.01.2020,03:00,146,147
24.01.2020,04:00,146,147
24.01.2020,05:00,146,159
24.01.2020,06:00,160,209
24.01.2020,07:00,162,209
24.01.2020,08:00,162,209
24.01.2020,09:00,162,209
24.01.2020,10:00,162,209
24.01.2020,11:00,158,209
24.01.2020,12:00,169,210
24.01.2020,13:00,170,211
24.01.2020,14:00,170,211
24.01.2020,15:00,170,211
24.01.2020,16:00,170,211
24.01.2020,17:00,170,211
24.01.2020,18:00,170,210
24.01.2020,19:00,166,188
24.01.2020,20:00,166,145
24.01.2020,21:00,166,57
24.01.2020,22:00,166,0
24.01.2020,23:00,166,0
25.01.2020,00:00,166,0
25.01.2020,01:00,166,0
25.01.2020,02:00,166,0
25.01.2020,03:00,166,0
25.01.2020,04:00,166,0
25.01.2020,05:00,166,0
25.01.2020,06:00,166,0
25.01.2020,07:00,166,0
25.01.2020,08:00,166,0
25.01.2020,09:00,166,0
25.01.2020,10:00,166,0
25.01.2020,11:00,166,0
25.01.2020,12:00,166,0
25.01.2020,13:00,166,0
25.01.2020,14:00,166,0
25.01.2020,15:00,166,0
25.01.2020,16:00,166,0
25.01.2020,17:00,166,0
25.01.2020,18:00,166,0
25.01.2020,19:00,166,0
25.01.2020,20:00,166,0
25.01.2020,21:00,166,0
25.01.2020,22:00,166,0
25.01.2020,23:00,166,0
26.01.2020,00:00,166,0
26.01.2020,01:00,165,0
26.01.2020,02:00,166,0
26.01.2020,03:00,166,0
26.01.2020,04:00,166,0
26.01.2020,05:00,166,0
26.01.2020,06:00,166,0
26.01.2020,07:00,166,0
26.01.2020,08:00,166,0
26.01.2020,09:00,166,0
26.01.2020,10:00,166,0
26.01.2020,11:00,166,0
26.01.2020,12:00,166,0
26.01.2020,13:00,166,0
26.01.2020,14:00,166,0
26.01.2020,15:00,166,0
26.01.2020,16:00,166,0
26.01.2020,17:00,166,0
26.01.2020,18:00,166,0
26.01.2020,19:00,166,0
26.01.2020,20:00,166,0
26.01.2020,21:00,166,0
26.01.2020,22:00,166,0
26.01.2020,23:00,166,0
27.01.2020,00:00,166,0
27.01.2020,01:00,165,0
27.01.2020,02:00,166,0
27.01.2020,03:00,165,0
27.01.2020,04:00,165,0
27.01.2020,05:00,165,0
27.01.2020,06:00,165,0
27.01.2020,07:00,165,0
27.01.2020,08:00,165,0
27.01.2020,09:00,165,0
27.01.2020,10:00,165,0
27.01.2020,11:00,165,0
27.01.2020,12:00,165,0
27.01.2020,13:00,165,0
27.01.2020,14:00,166,0
27.01.2020,15:00,165,0
27.01.2020,16:00,166,0
27.01.2020,17:00,166,0
27.01.2020,18:00,166,0
27.01.2020,19:00,166,0
27.01.2020,20:00,166,0
27.01.2020,21:00,130,0
27.01.2020,22:00,120,0
27.01.2020,23:00,118,0
28.01.2020,00:00,119,0
28.01.2020,01:00,119,0
28.01.2020,02:00,119,0
28.01.2020,03:00,120,0
28.01.2020,04:00,120,0
28.01.2020,05:00,119,0
28.01.2020,06:00,119,0
28.01.2020,07:00,119,18
28.01.2020,08:00,119,66
28.01.2020,09:00,118,96
28.01.2020,10:00,119,124
28.01.2020,11:00,119,142
28.01.2020,12:00,119,184
28.01.2020,13:00,119,188
28.01.2020,14:00,119,173
28.01.2020,15:00,118,159
28.01.2020,16:00,118,154
28.01.2020,17:00,119,153
28.01.2020,18:00,119,153
28.01.2020,19:00,119,153
28.01.2020,20:00,117,153
28.01.2020,21:00,118,153
28.01.2020,22:00,119,153
28.01.2020,23:00,119,154
29.01.2020,00:00,119,145
29.01.2020,01:00,119,144
29.01.2020,02:00,119,145
29.01.2020,03:00,119,145
29.01.2020,04:00,119,145
29.01.2020,05:00,118,144
29.01.2020,06:00,118,142
29.01.2020,07:00,118,142
29.01.2020,08:00,117,173
29.01.2020,09:00,116,192
29.01.2020,10:00,117,178
29.01.2020,11:00,117,174
29.01.2020,12:00,118,173
29.01.2020,13:00,118,158
29.01.2020,14:00,118,154
29.01.2020,15:00,118,154
29.01.2020,16:00,118,157
29.01.2020,17:00,118,206
29.01.2020,18:00,118,207
29.01.2020,19:00,118,207
29.01.2020,20:00,118,162
29.01.2020,21:00,118,149
29.01.2020,22:00,118,149
29.01.2020,23:00,118,149
30.01.2020,00:00,118,149
30.01.2020,01:00,118,149
30.01.2020,02:00,118,149
30.01.2020,03:00,118,150
30.01.2020,04:00,118,149
30.01.2020,05:00,118,148
30.01.2020,06:00,119,148
30.01.2020,07:00,117,148
30.01.2020,08:00,118,148
30.01.2020,09:00,119,148
30.01.2020,10:00,118,148
30.01.2020,11:00,118,148
30.01.2020,12:00,118,148
30.01.2020,13:00,118,148
30.01.2020,14:00,118,148
30.01.2020,15:00,118,148
30.01.2020,16:00,118,148
30.01.2020,17:00,118,191
30.01.2020,18:00,118,205
30.01.2020,19:00,118,78
30.01.2020,20:00,121,0
30.01.2020,21:00,118,0
30.01.2020,22:00,119,0
30.01.2020,23:00,118,0
31.01.2020,00:00,119,40
31.01.2020,01:00,119,96
31.01.2020,02:00,119,119
31.01.2020,03:00,118,117
31.01.2020,04:00,118,117
31.01.2020,05:00,121,118
31.01.2020,06:00,117,118
31.01.2020,07:00,119,116
31.01.2020,08:00,116,123
31.01.2020,09:00,117,151
31.01.2020,10:00,118,149
31.01.2020,11:00,119,149
31.01.2020,12:00,120,149
31.01.2020,13:00,120,149
31.01.2020,14:00,120,148
31.01.2020,15:00,120,145
31.01.2020,16:00,119,145
31.01.2020,17:00,120,145
31.01.2020,18:00,120,145
31.01.2020,19:00,121,145
31.01.2020,20:00,117,145
31.01.2020,21:00,118,145
31.01.2020,22:00,117,145
31.01.2020,23:00,120,142
01.02.2020,00:00,117,122
01.02.2020,01:00,121,127
01.02.2020,02:00,118,124
01.02.2020,03:00,119,127
01.02.2020,04:00,118,124
01.02.2020,05:00,119,127
01.02.2020,06:00,119,124
01.02.2020,07:00,118,126
01.02.2020,08:00,118,125
01.02.2020,09:00,119,125
01.02.2020,10:00,119,125
01.02.2020,11:00,119,125
01.02.2020,12:00,119,124
01.02.2020,13:00,119,126
01.02.2020,14:00,119,125
01.02.2020,15:00,120,126
01.02.2020,16:00,119,125
01.02.2020,17:00,120,126
01.02.2020,18:00,119,126
01.02.2020,19:00,119,125
01.02.2020,20:00,119,126
01.02.2020,21:00,120,126
01.02.2020,22:00,119,125
01.02.2020,23:00,120,126
02.02.2020,00:00,119,125
02.02.2020,01:00,118,126
02.02.2020,02:00,119,125
02.02.2020,03:00,120,126
02.02.2020,04:00,119,125
02.02.2020,05:00,118,125
02.02.2020,06:00,117,125
02.02.2020,07:00,119,125
02.02.2020,08:00,119,125
02.02.2020,09:00,118,126
02.02.2020,10:00,117,124
02.02.2020,11:00,116,124
02.02.2020,12:00,119,124
02.02.2020,13:00,120,128
02.02.2020,14:00,119,126
02.02.2020,15:00,118,130
02.02.2020,16:00,118,179
02.02.2020,17:00,120,187
02.02.2020,18:00,120,190
02.02.2020,19:00,117,178
02.02.2020,20:00,119,147
02.02.2020,21:00,119,144
02.02.2020,22:00,120,144
02.02.2020,23:00,120,144
03.02.2020,00:00,119,144
03.02.2020,01:00,119,144
03.02.2020,02:00,118,145
03.02.2020,03:00,118,145
03.02.2020,04:00,119,144
03.02.2020,05:00,119,144
03.02.2020,06:00,118,144
03.02.2020,07:00,117,144
03.02.2020,08:00,115,144
03.02.2020,09:00,115,144
03.02.2020,10:00,115,144
03.02.2020,11:00,115,144
03.02.2020,12:00,115,144
03.02.2020,13:00,115,144
03.02.2020,14:00,115,144
03.02.2020,15:00,116,144
03.02.2020,16:00,115,144
03.02.2020,17:00,115,144
03.02.2020,18:00,115,144
03.02.2020,19:00,115,144
03.02.2020,20:00,115,144
03.02.2020,21:00,115,144
03.02.2020,22:00,115,144
03.02.2020,23:00,115,144
04.02.2020,00:00,115,144
04.02.2020,01:00,115,144
04.02.2020,02:00,116,144
04.02.2020,03:00,114,144
04.02.2020,04:00,114,145
04.02.2020,05:00,114,144
04.02.2020,06:00,115,144
04.02.2020,07:00,114,144
04.02.2020,08:00,114,144
04.02.2020,09:00,114,144
04.02.2020,10:00,114,144
04.02.2020,11:00,114,144
04.02.2020,12:00,114,144
04.02.2020,13:00,114,144
04.02.2020,14:00,114,144
04.02.2020,15:00,114,144
04.02.2020,16:00,115,144
04.02.2020,17:00,115,144
04.02.2020,18:00,114,144
04.02.2020,19:00,114,144
04.02.2020,20:00,114,144
04.02.2020,21:00,114,144
04.02.2020,22:00,114,144
04.02.2020,23:00,114,144
05.02.2020,00:00,114,144
05.02.2020,01:00,114,144
05.02.2020,02:00,114,144
05.02.2020,03:00,115,144
05.02.2020,04:00,116,144
05.02.2020,05:00,114,145
05.02.2020,06:00,114,194
05.02.2020,07:00,114,204
05.02.2020,08:00,114,212
05.02.2020,09:00,114,212
05.02.2020,10:00,116,210
05.02.2020,11:00,115,200
05.02.2020,12:00,116,187
05.02.2020,13:00,116,158
05.02.2020,14:00,117,147
05.02.2020,15:00,116,143
05.02.2020,16:00,114,143
05.02.2020,17:00,114,143
05.02.2020,18:00,114,143
05.02.2020,19:00,114,143
05.02.2020,20:00,114,143
05.02.2020,21:00,115,143
05.02.2020,22:00,114,143
05.02.2020,23:00,115,143
06.02.2020,00:00,116,143
06.02.2020,01:00,116,143
06.02.2020,02:00,115,143
06.02.2020,03:00,117,143
06.02.2020,04:00,117,143
06.02.2020,05:00,117,143
06.02.2020,06:00,116,143
06.02.2020,07:00,114,152
06.02.2020,08:00,113,152
06.02.2020,09:00,117,152
06.02.2020,10:00,115,152
06.02.2020,11:00,115,151
06.02.2020,12:00,113,144
06.02.2020,13:00,116,144
06.02.2020,14:00,116,144
06.02.2020,15:00,115,144
06.02.2020,16:00,115,144
06.02.2020,17:00,116,146
06.02.2020,18:00,116,202
06.02.2020,19:00,116,211
06.02.2020,20:00,115,209
06.02.2020,21:00,116,157
06.02.2020,22:00,116,149
06.02.2020,23:00,116,149
07.02.2020,00:00,116,149
07.02.2020,01:00,116,149
07.02.2020,02:00,116,149
07.02.2020,03:00,116,150
07.02.2020,04:00,116,150
07.02.2020,05:00,115,156
07.02.2020,06:00,115,194
07.02.2020,07:00,116,208
07.02.2020,08:00,115,212
07.02.2020,09:00,115,212
07.02.2020,10:00,115,212
07.02.2020,11:00,115,167
07.02.2020,12:00,115,155
07.02.2020,13:00,115,155
07.02.2020,14:00,115,155
07.02.2020,15:00,115,155
07.02.2020,16:00,115,155
07.02.2020,17:00,116,146
07.02.2020,18:00,115,143
07.02.2020,19:00,115,143
07.02.2020,20:00,115,143
07.02.2020,21:00,115,143
07.02.2020,22:00,115,143
07.02.2020,23:00,116,143
08.02.2020,00:00,115,143
08.02.2020,01:00,116,142
08.02.2020,02:00,116,142
08.02.2020,03:00,115,142
08.02.2020,04:00,115,142
08.02.2020,05:00,116,143
08.02.2020,06:00,115,143
08.02.2020,07:00,115,143
08.02.2020,08:00,115,143
08.02.2020,09:00,115,143
08.02.2020,10:00,115,143
08.02.2020,11:00,115,143
08.02.2020,12:00,115,143
08.02.2020,13:00,115,143
08.02.2020,14:00,115,143
08.02.2020,15:00,116,143
08.02.2020,16:00,116,143
08.02.2020,17:00,115,184
08.02.2020,18:00,115,152
08.02.2020,19:00,115,142
08.02.2020,20:00,115,142
08.02.2020,21:00,115,142
08.02.2020,22:00,116,142
08.02.2020,23:00,116,142
09.02.2020,00:00,116,142
09.02.2020,01:00,116,142
09.02.2020,02:00,115,143
09.02.2020,03:00,116,146
09.02.2020,04:00,116,145
09.02.2020,05:00,116,146
09.02.2020,06:00,115,143
09.02.2020,07:00,116,141
09.02.2020,08:00,116,141
09.02.2020,09:00,116,141
09.02.2020,10:00,116,141
09.02.2020,11:00,114,129
09.02.2020,12:00,103,108
09.02.2020,13:00,103,110
09.02.2020,14:00,103,111
09.02.2020,15:00,103,110
09.02.2020,16:00,103,109
09.02.2020,17:00,103,109
09.02.2020,18:00,103,109
09.02.2020,19:00,103,108
09.02.2020,20:00,103,109
09.02.2020,21:00,103,109
09.02.2020,22:00,104,109
09.02.2020,23:00,104,110
10.02.2020,00:00,104,108
10.02.2020,01:00,104,109
10.02.2020,02:00,104,108
10.02.2020,03:00,104,112
10.02.2020,04:00,104,109
10.02.2020,05:00,104,109
10.02.2020,06:00,104,109
10.02.2020,07:00,104,109
10.02.2020,08:00,104,109
10.02.2020,09:00,104,109
10.02.2020,10:00,104,109
10.02.2020,11:00,104,109
10.02.2020,12:00,104,109
10.02.2020,13:00,104,108
10.02.2020,14:00,104,109
10.02.2020,15:00,104,111
10.02.2020,16:00,104,108
10.02.2020,17:00,104,108
10.02.2020,18:00,104,110
10.02.2020,19:00,103,108
10.02.2020,20:00,103,109
10.02.2020,21:00,103,108
10.02.2020,22:00,104,108
10.02.2020,23:00,104,108
11.02.2020,00:00,103,132
11.02.2020,01:00,103,158
11.02.2020,02:00,104,158
11.02.2020,03:00,104,158
11.02.2020,04:00,104,158
11.02.2020,05:00,105,166
11.02.2020,06:00,104,201
11.02.2020,07:00,104,207
11.02.2020,08:00,105,241
11.02.2020,09:00,103,251
11.02.2020,10:00,103,252
11.02.2020,11:00,104,250
11.02.2020,12:00,104,250
11.02.2020,13:00,103,250
11.02.2020,14:00,103,219
11.02.2020,15:00,103,205
11.02.2020,16:00,103,204
11.02.2020,17:00,105,200
11.02.2020,18:00,103,200
11.02.2020,19:00,103,200
11.02.2020,20:00,103,159
11.02.2020,21:00,104,151
11.02.2020,22:00,104,153
11.02.2020,23:00,103,155
12.02.2020,00:00,103,154
12.02.2020,01:00,105,155
12.02.2020,02:00,103,155
12.02.2020,03:00,103,155
12.02.2020,04:00,103,155
12.02.2020,05:00,104,155
12.02.2020,06:00,104,187
12.02.2020,07:00,103,205
12.02.2020,08:00,104,206
12.02.2020,09:00,103,209
12.02.2020,10:00,103,209
12.02.2020,11:00,103,209
12.02.2020,12:00,103,216
12.02.2020,13:00,103,221
12.02.2020,14:00,103,221
12.02.2020,15:00,103,221
12.02.2020,16:00,103,205
12.02.2020,17:00,103,205
12.02.2020,18:00,103,205
12.02.2020,19:00,103,205
12.02.2020,20:00,104,166
12.02.2020,21:00,104,150
12.02.2020,22:00,103,147
12.02.2020,23:00,103,146
13.02.2020,00:00,103,148
13.02.2020,01:00,103,146
13.02.2020,02:00,104,146
13.02.2020,03:00,103,146
13.02.2020,04:00,104,146
13.02.2020,05:00,104,146
13.02.2020,06:00,104,146
13.02.2020,07:00,104,138
13.02.2020,08:00,104,98
13.02.2020,09:00,104,89
13.02.2020,10:00,104,89
13.02.2020,11:00,104,89
13.02.2020,12:00,104,94
13.02.2020,13:00,106,102
13.02.2020,14:00,105,102
13.02.2020,15:00,105,102
13.02.2020,16:00,105,109
13.02.2020,17:00,105,111
13.02.2020,18:00,103,132
13.02.2020,19:00,106,206
13.02.2020,20:00,104,211
13.02.2020,21:00,105,174
13.02.2020,22:00,105,154
13.02.2020,23:00,105,154
14.02.2020,00:00,103,154
14.02.2020,01:00,106,154
14.02.2020,02:00,106,154
14.02.2020,03:00,105,154
14.02.2020,04:00,104,154
14.02.2020,05:00,106,154
14.02.2020,06:00,105,174
14.02.2020,07:00,103,199
14.02.2020,08:00,103,208
14.02.2020,09:00,104,207
14.02.2020,10:00,105,208
14.02.2020,11:00,104,207
14.02.2020,12:00,103,150
14.02.2020,13:00,106,135
14.02.2020,14:00,105,135
14.02.2020,15:00,105,135
14.02.2020,16:00,104,138
14.02.2020,17:00,105,191
14.02.2020,18:00,107,197
14.02.2020,19:00,66,197
14.02.2020,20:00,0,197
14.02.2020,21:00,0,197
14.02.2020,22:00,0,197
14.02.2020,23:00,0,197
15.02.2020,00:00,0,197
15.02.2020,01:00,0,197
15.02.2020,02:00,0,197
15.02.2020,03:00,0,197
15.02.2020,04:00,0,197
15.02.2020,05:00,0,197
15.02.2020,06:00,0,197
15.02.2020,07:00,0,197
15.02.2020,08:00,0,197
15.02.2020,09:00,0,180
15.02.2020,10:00,0,172
15.02.2020,11:00,0,152
15.02.2020,12:00,0,150
15.02.2020,13:00,0,147
15.02.2020,14:00,0,148
15.02.2020,15:00,0,150
15.02.2020,16:00,0,148
15.02.2020,17:00,0,148
15.02.2020,18:00,0,148
15.02.2020,19:00,0,148
15.02.2020,20:00,0,148
15.02.2020,21:00,0,148
15.02.2020,22:00,0,148
15.02.2020,23:00,0,148
16.02.2020,00:00,0,148
16.02.2020,01:00,0,148
16.02.2020,02:00,0,148
16.02.2020,03:00,0,148
16.02.2020,04:00,0,149
16.02.2020,05:00,0,150
16.02.2020,06:00,0,149
16.02.2020,07:00,0,149
16.02.2020,08:00,0,149
16.02.2020,09:00,0,149
16.02.2020,10:00,0,149
16.02.2020,11:00,0,149
16.02.2020,12:00,0,149
16.02.2020,13:00,0,149
16.02.2020,14:00,0,149
16.02.2020,15:00,0,149
16.02.2020,16:00,0,149
16.02.2020,17:00,0,149
16.02.2020,18:00,0,149
16.02.2020,19:00,0,149
16.02.2020,20:00,0,149
16.02.2020,21:00,0,149
16.02.2020,22:00,0,149
16.02.2020,23:00,0,149
17.02.2020,00:00,0,149
17.02.2020,01:00,0,149
17.02.2020,02:00,0,149
17.02.2020,03:00,0,150
17.02.2020,04:00,0,148
17.02.2020,05:00,0,149
17.02.2020,06:00,0,148
17.02.2020,07:00,0,148
17.02.2020,08:00,0,148
17.02.2020,09:00,0,148
17.02.2020,10:00,0,148
17.02.2020,11:00,0,148
17.02.2020,12:00,0,148
17.02.2020,13:00,0,148
17.02.2020,14:00,0,148
17.02.2020,15:00,0,148
17.02.2020,16:00,0,150
17.02.2020,17:00,0,148
17.02.2020,18:00,0,148
17.02.2020,19:00,0,148
17.02.2020,20:00,0,148
17.02.2020,21:00,0,148
17.02.2020,22:00,0,148
17.02.2020,23:00,0,148
18.02.2020,00:00,0,148
18.02.2020,01:00,0,148
18.02.2020,02:00,0,148
18.02.2020,03:00,0,148
18.02.2020,04:00,0,149
18.02.2020,05:00,0,148
18.02.2020,06:00,0,149
18.02.2020,07:00,0,148
18.02.2020,08:00,0,148
18.02.2020,09:00,0,148
18.02.2020,10:00,0,148
18.02.2020,11:00,0,149
18.02.2020,12:00,0,203
18.02.2020,13:00,0,214
18.02.2020,14:00,0,214
18.02.2020,15:00,0,215
18.02.2020,16:00,0,213
18.02.2020,17:00,0,161
18.02.2020,18:00,0,152
18.02.2020,19:00,0,152
18.02.2020,20:00,0,152
18.02.2020,21:00,0,148
18.02.2020,22:00,0,149
18.02.2020,23:00,0,148
19.02.2020,00:00,0,148
19.02.2020,01:00,0,148
19.02.2020,02:00,0,149
19.02.2020,03:00,0,152
19.02.2020,04:00,0,151
19.02.2020,05:00,0,148
19.02.2020,06:00,0,148
19.02.2020,07:00,0,148
19.02.2020,08:00,0,147
19.02.2020,09:00,0,148
19.02.2020,10:00,0,147
19.02.2020,11:00,0,147
19.02.2020,12:00,0,147
19.02.2020,13:00,0,151
19.02.2020,14:00,0,151
19.02.2020,15:00,0,151
19.02.2020,16:00,0,151
19.02.2020,17:00,0,147
19.02.2020,18:00,0,191
19.02.2020,19:00,0,216
19.02.2020,20:00,0,164
19.02.2020,21:00,0,146
19.02.2020,22:00,0,163
19.02.2020,23:00,0,168
20.02.2020,00:00,0,168
20.02.2020,01:00,0,168
20.02.2020,02:00,0,168
20.02.2020,03:00,0,168
20.02.2020,04:00,0,168
20.02.2020,05:00,0,168
20.02.2020,06:00,0,168
20.02.2020,07:00,0,168
20.02.2020,08:00,0,168
20.02.2020,09:00,0,168
20.02.2020,10:00,0,172
20.02.2020,11:00,0,172
20.02.2020,12:00,0,172
20.02.2020,13:00,0,171
20.02.2020,14:00,0,149
20.02.2020,15:00,0,147
20.02.2020,16:00,0,155
20.02.2020,17:00,0,159
20.02.2020,18:00,0,159
20.02.2020,19:00,0,159
20.02.2020,20:00,0,159
20.02.2020,21:00,0,159
20.02.2020,22:00,0,158
20.02.2020,23:00,0,159
21.02.2020,00:00,0,149
21.02.2020,01:00,0,148
21.02.2020,02:00,0,150
21.02.2020,03:00,0,151
21.02.2020,04:00,0,164
21.02.2020,05:00,0,167
21.02.2020,06:00,0,168
21.02.2020,07:00,0,168
21.02.2020,08:00,0,167
21.02.2020,09:00,0,167
21.02.2020,10:00,0,167
21.02.2020,11:00,0,167
21.02.2020,12:00,0,167
21.02.2020,13:00,0,182
21.02.2020,14:00,0,182
21.02.2020,15:00,0,181
21.02.2020,16:00,0,181
21.02.2020,17:00,0,176
21.02.2020,18:00,0,173
21.02.2020,19:00,0,173
21.02.2020,20:00,0,173
21.02.2020,21:00,0,173
21.02.2020,22:00,0,173
21.02.2020,23:00,0,173
22.02.2020,00:00,0,168
22.02.2020,01:00,0,164
22.02.2020,02:00,0,164
22.02.2020,03:00,0,162
22.02.2020,04:00,0,165
22.02.2020,05:00,0,165
22.02.2020,06:00,0,164
22.02.2020,07:00,0,164
22.02.2020,08:00,0,164
22.02.2020,09:00,0,164
22.02.2020,10:00,0,164
22.02.2020,11:00,0,164
22.02.2020,12:00,0,164
22.02.2020,13:00,0,163
22.02.2020,14:00,0,163
22.02.2020,15:00,0,163
22.02.2020,16:00,0,163
22.02.2020,17:00,0,163
22.02.2020,18:00,0,163
22.02.2020,19:00,0,163
22.02.2020,20:00,0,163
22.02.2020,21:00,0,163
22.02.2020,22:00,0,163
22.02.2020,23:00,0,163
23.02.2020,00:00,0,163
23.02.2020,01:00,0,163
23.02.2020,02:00,0,163
23.02.2020,03:00,0,164
23.02.2020,04:00,0,163
23.02.2020,05:00,0,166
23.02.2020,06:00,0,167
23.02.2020,07:00,0,167
23.02.2020,08:00,0,167
23.02.2020,09:00,0,167
23.02.2020,10:00,0,167
23.02.2020,11:00,0,167
23.02.2020,12:00,0,167
23.02.2020,13:00,0,167
23.02.2020,14:00,0,167
23.02.2020,15:00,0,167
23.02.2020,16:00,0,168
23.02.2020,17:00,0,169
23.02.2020,18:00,0,167
23.02.2020,19:00,0,167
23.02.2020,20:00,0,167
23.02.2020,21:00,0,167
23.02.2020,22:00,0,167
23.02.2020,23:00,0,167
24.02.2020,00:00,0,167
24.02.2020,01:00,0,167
24.02.2020,02:00,0,168
24.02.2020,03:00,0,171
24.02.2020,04:00,7,168
24.02.2020,05:00,56,167
24.02.2020,06:00,79,182
24.02.2020,07:00,106,207
24.02.2020,08:00,114,208
24.02.2020,09:00,123,208
24.02.2020,10:00,123,207
24.02.2020,11:00,123,177
24.02.2020,12:00,127,148
24.02.2020,13:00,127,139
24.02.2020,14:00,127,139
24.02.2020,15:00,127,139
24.02.2020,16:00,127,139
24.02.2020,17:00,127,139
24.02.2020,18:00,127,139
24.02.2020,19:00,127,139
24.02.2020,20:00,126,139
24.02.2020,21:00,127,139
24.02.2020,22:00,127,139
24.02.2020,23:00,127,139
25.02.2020,00:00,127,139
25.02.2020,01:00,128,139
25.02.2020,02:00,127,139
25.02.2020,03:00,128,139
25.02.2020,04:00,127,139
25.02.2020,05:00,127,139
25.02.2020,06:00,127,139
25.02.2020,07:00,126,139
25.02.2020,08:00,127,139
25.02.2020,09:00,126,139
25.02.2020,10:00,126,139
25.02.2020,11:00,126,139
25.02.2020,12:00,126,139
25.02.2020,13:00,126,139
25.02.2020,14:00,126,139
25.02.2020,15:00,126,139
25.02.2020,16:00,127,139
25.02.2020,17:00,126,139
25.02.2020,18:00,126,139
25.02.2020,19:00,126,139
25.02.2020,20:00,126,139
25.02.2020,21:00,126,139
25.02.2020,22:00,126,139
25.02.2020,23:00,126,139
26.02.2020,00:00,126,139
26.02.2020,01:00,126,139
26.02.2020,02:00,127,139
26.02.2020,03:00,128,139
26.02.2020,04:00,127,138
26.02.2020,05:00,128,139
26.02.2020,06:00,126,138
26.02.2020,07:00,127,139
26.02.2020,08:00,127,139
26.02.2020,09:00,127,139
26.02.2020,10:00,127,139
26.02.2020,11:00,127,136
26.02.2020,12:00,127,139
26.02.2020,13:00,127,139
26.02.2020,14:00,127,139
26.02.2020,15:00,127,139
26.02.2020,16:00,130,142
26.02.2020,17:00,169,186
26.02.2020,18:00,172,215
26.02.2020,19:00,171,221
26.02.2020,20:00,155,189
26.02.2020,21:00,137,144
26.02.2020,22:00,132,134
26.02.2020,23:00,132,134
27.02.2020,00:00,132,134
27.02.2020,01:00,132,134
27.02.2020,02:00,132,133
27.02.2020,03:00,132,134
27.02.2020,04:00,132,134
27.02.2020,05:00,132,134
27.02.2020,06:00,142,139
27.02.2020,07:00,168,202
27.02.2020,08:00,169,208
27.02.2020,09:00,169,208
27.02.2020,10:00,158,180
27.02.2020,11:00,156,167
27.02.2020,12:00,156,167
27.02.2020,13:00,158,173
27.02.2020,14:00,165,204
27.02.2020,15:00,165,207
27.02.2020,16:00,165,213
27.02.2020,17:00,165,216
27.02.2020,18:00,165,216
27.02.2020,19:00,165,216
27.02.2020,20:00,148,188
27.02.2020,21:00,136,139
27.02.2020,22:00,136,138
27.02.2020,23:00,136,138
28.02.2020,00:00,136,138
28.02.2020,01:00,136,138
28.02.2020,02:00,136,138
28.02.2020,03:00,136,138
28.02.2020,04:00,136,138
28.02.2020,05:00,137,138
28.02.2020,06:00,137,138
28.02.2020,07:00,137,137
28.02.2020,08:00,137,137
28.02.2020,09:00,155,137
28.02.2020,10:00,210,137
28.02.2020,11:00,156,137
28.02.2020,12:00,136,137
28.02.2020,13:00,136,137
28.02.2020,14:00,136,137
28.02.2020,15:00,136,137
28.02.2020,16:00,136,137
28.02.2020,17:00,136,137
28.02.2020,18:00,136,137
28.02.2020,19:00,137,137
28.02.2020,20:00,134,137
28.02.2020,21:00,135,137
28.02.2020,22:00,134,137
28.02.2020,23:00,134,137
29.02.2020,00:00,131,133
29.02.2020,01:00,130,133
29.02.2020,02:00,130,133
29.02.2020,03:00,130,133
29.02.2020,04:00,131,133
29.02.2020,05:00,131,133
29.02.2020,06:00,131,133
29.02.2020,07:00,131,133
29.02.2020,08:00,131,133
29.02.2020,09:00,131,133
29.02.2020,10:00,131,133
29.02.2020,11:00,131,133
29.02.2020,12:00,131,133
29.02.2020,13:00,131,133
29.02.2020,14:00,131,133
29.02.2020,15:00,131,133
29.02.2020,16:00,131,133
29.02.2020,17:00,131,133
29.02.2020,18:00,131,133
29.02.2020,19:00,131,133
29.02.2020,20:00,131,133
29.02.2020,21:00,131,133
29.02.2020,22:00,131,133
29.02.2020,23:00,131,133
01.03.2020,00:00,130,133
01.03.2020,01:00,130,133
01.03.2020,02:00,131,133
01.03.2020,03:00,132,133
01.03.2020,04:00,131,134
01.03.2020,05:00,130,132
01.03.2020,06:00,130,133
01.03.2020,07:00,130,133
01.03.2020,08:00,131,132
01.03.2020,09:00,133,132
01.03.2020,10:00,131,132
01.03.2020,11:00,131,132
01.03.2020,12:00,131,132
01.03.2020,13:00,133,132
01.03.2020,14:00,132,133
01.03.2020,15:00,130,133
01.03.2020,16:00,131,132
01.03.2020,17:00,130,132
01.03.2020,18:00,130,132
01.03.2020,19:00,130,132
01.03.2020,20:00,130,132
01.03.2020,21:00,134,136
01.03.2020,22:00,135,136
01.03.2020,23:00,136,136
02.03.2020,00:00,135,138
02.03.2020,01:00,135,140
02.03.2020,02:00,137,140
02.03.2020,03:00,139,140
02.03.2020,04:00,139,140
02.03.2020,05:00,135,140
02.03.2020,06:00,135,139
02.03.2020,07:00,135,136
02.03.2020,08:00,135,136
02.03.2020,09:00,135,136
02.03.2020,10:00,135,136
02.03.2020,11:00,135,136
02.03.2020,12:00,135,136
02.03.2020,13:00,135,140
02.03.2020,14:00,135,140
02.03.2020,15:00,135,140
02.03.2020,16:00,152,154
02.03.2020,17:00,180,196
02.03.2020,18:00,207,220
02.03.2020,19:00,214,217
02.03.2020,20:00,193,194
02.03.2020,21:00,157,155
02.03.2020,22:00,142,145
02.03.2020,23:00,140,144
03.03.2020,00:00,140,144
03.03.2020,01:00,140,144
03.03.2020,02:00,140,144
03.03.2020,03:00,140,143
03.03.2020,04:00,140,143
03.03.2020,05:00,149,153
03.03.2020,06:00,177,181
03.03.2020,07:00,207,208
03.03.2020,08:00,226,226
03.03.2020,09:00,227,227
03.03.2020,10:00,227,227
03.03.2020,11:00,227,227
03.03.2020,12:00,227,227
03.03.2020,13:00,227,227
03.03.2020,14:00,218,216
03.03.2020,15:00,210,215
03.03.2020,16:00,214,219
03.03.2020,17:00,221,216
03.03.2020,18:00,222,215
03.03.2020,19:00,222,215
03.03.2020,20:00,220,213
03.03.2020,21:00,175,178
03.03.2020,22:00,140,140
03.03.2020,23:00,137,137
04.03.2020,00:00,137,137
04.03.2020,01:00,137,137
04.03.2020,02:00,137,137
04.03.2020,03:00,137,137
04.03.2020,04:00,137,137
04.03.2020,05:00,137,137
04.03.2020,06:00,157,159
04.03.2020,07:00,203,205
04.03.2020,08:00,224,215
04.03.2020,09:00,227,212
04.03.2020,10:00,227,211
04.03.2020,11:00,218,205
04.03.2020,12:00,164,166
04.03.2020,13:00,141,142
04.03.2020,14:00,141,141
04.03.2020,15:00,141,141
04.03.2020,16:00,168,165
04.03.2020,17:00,213,208
04.03.2020,18:00,223,214
04.03.2020,19:00,223,214
04.03.2020,20:00,222,213
04.03.2020,21:00,160,156
04.03.2020,22:00,136,139
04.03.2020,23:00,136,139
05.03.2020,00:00,136,139
05.03.2020,01:00,136,139
05.03.2020,02:00,136,139
05.03.2020,03:00,136,139
05.03.2020,04:00,136,139
05.03.2020,05:00,136,139
05.03.2020,06:00,172,173
05.03.2020,07:00,218,211
05.03.2020,08:00,221,210
05.03.2020,09:00,223,208
05.03.2020,10:00,223,208
05.03.2020,11:00,223,208
05.03.2020,12:00,219,205
05.03.2020,13:00,152,146
05.03.2020,14:00,137,138
05.03.2020,15:00,137,138
05.03.2020,16:00,137,138
05.03.2020,17:00,137,138
05.03.2020,18:00,137,138
05.03.2020,19:00,137,138
05.03.2020,20:00,137,138
05.03.2020,21:00,137,138
05.03.2020,22:00,137,138
05.03.2020,23:00,137,138
06.03.2020,00:00,137,138
06.03.2020,01:00,137,138
06.03.2020,02:00,137,138
06.03.2020,03:00,137,138
06.03.2020,04:00,136,138
06.03.2020,05:00,136,138
06.03.2020,06:00,136,138
06.03.2020,07:00,136,138
06.03.2020,08:00,136,138
06.03.2020,09:00,136,138
06.03.2020,10:00,136,138
06.03.2020,11:00,137,138
06.03.2020,12:00,171,138
06.03.2020,13:00,184,154
06.03.2020,14:00,212,190
06.03.2020,15:00,221,211
06.03.2020,16:00,222,213
06.03.2020,17:00,222,215
06.03.2020,18:00,222,215
06.03.2020,19:00,222,215
06.03.2020,20:00,201,198
06.03.2020,21:00,153,164
06.03.2020,22:00,138,140
06.03.2020,23:00,136,137
07.03.2020,00:00,136,137
07.03.2020,01:00,136,137
07.03.2020,02:00,136,137
07.03.2020,03:00,136,137
07.03.2020,04:00,136,137
07.03.2020,05:00,136,137
07.03.2020,06:00,136,137
07.03.2020,07:00,136,137
07.03.2020,08:00,136,137
07.03.2020,09:00,136,137
07.03.2020,10:00,136,137
07.03.2020,11:00,136,137
07.03.2020,12:00,136,137
07.03.2020,13:00,136,137
07.03.2020,14:00,136,137
07.03.2020,15:00,136,137
07.03.2020,16:00,136,137
07.03.2020,17:00,136,137
07.03.2020,18:00,136,137
07.03.2020,19:00,136,137
07.03.2020,20:00,136,137
07.03.2020,21:00,136,137
07.03.2020,22:00,136,137
07.03.2020,23:00,136,137
08.03.2020,00:00,136,137
08.03.2020,01:00,136,137
08.03.2020,02:00,137,137
08.03.2020,03:00,137,137
08.03.2020,04:00,137,137
08.03.2020,05:00,137,137
08.03.2020,06:00,137,137
08.03.2020,07:00,136,137
08.03.2020,08:00,135,137
08.03.2020,09:00,134,137
08.03.2020,10:00,132,137
08.03.2020,11:00,132,137
08.03.2020,12:00,134,137
08.03.2020,13:00,137,137
08.03.2020,14:00,132,136
08.03.2020,15:00,132,137
08.03.2020,16:00,132,137
08.03.2020,17:00,132,137
08.03.2020,18:00,132,137
08.03.2020,19:00,132,137
08.03.2020,20:00,134,137
08.03.2020,21:00,137,137
08.03.2020,22:00,134,137
08.03.2020,23:00,133,137
09.03.2020,00:00,133,137
09.03.2020,01:00,133,137
09.03.2020,02:00,134,137
09.03.2020,03:00,137,136
09.03.2020,04:00,135,136
09.03.2020,05:00,136,137
09.03.2020,06:00,155,156
09.03.2020,07:00,197,199
09.03.2020,08:00,214,216
09.03.2020,09:00,217,219
09.03.2020,10:00,217,219
09.03.2020,11:00,217,219
09.03.2020,12:00,173,175
09.03.2020,13:00,135,137
09.03.2020,14:00,135,136
09.03.2020,15:00,135,136
09.03.2020,16:00,142,144
09.03.2020,17:00,209,211
09.03.2020,18:00,221,223
09.03.2020,19:00,221,223
09.03.2020,20:00,218,220
09.03.2020,21:00,154,153
09.03.2020,22:00,136,139
09.03.2020,23:00,136,139
10.03.2020,00:00,136,139
10.03.2020,01:00,136,139
10.03.2020,02:00,136,139
10.03.2020,03:00,136,139
10.03.2020,04:00,136,139
10.03.2020,05:00,137,138
10.03.2020,06:00,136,138
10.03.2020,07:00,136,138
10.03.2020,08:00,136,138
10.03.2020,09:00,136,138
10.03.2020,10:00,136,138
10.03.2020,11:00,136,138
10.03.2020,12:00,136,138
10.03.2020,13:00,136,138
10.03.2020,14:00,136,138
10.03.2020,15:00,136,138
10.03.2020,16:00,136,138
10.03.2020,17:00,136,138
10.03.2020,18:00,136,138
10.03.2020,19:00,136,138
10.03.2020,20:00,136,138
10.03.2020,21:00,136,138
10.03.2020,22:00,136,138
10.03.2020,23:00,136,138
11.03.2020,00:00,136,137
11.03.2020,01:00,136,137
11.03.2020,02:00,136,134
11.03.2020,03:00,136,134
11.03.2020,04:00,136,134
11.03.2020,05:00,135,134
11.03.2020,06:00,134,134
11.03.2020,07:00,136,134
11.03.2020,08:00,136,134
11.03.2020,09:00,136,134
11.03.2020,10:00,136,134
11.03.2020,11:00,136,134
11.03.2020,12:00,136,134
11.03.2020,13:00,136,134
11.03.2020,14:00,136,134
11.03.2020,15:00,136,134
11.03.2020,16:00,136,134
11.03.2020,17:00,136,134
11.03.2020,18:00,136,134
11.03.2020,19:00,136,134
11.03.2020,20:00,136,134
11.03.2020,21:00,136,134
11.03.2020,22:00,136,134
11.03.2020,23:00,136,134
12.03.2020,00:00,136,134
12.03.2020,01:00,136,134
12.03.2020,02:00,136,134
12.03.2020,03:00,137,134
12.03.2020,04:00,137,134
12.03.2020,05:00,135,134
12.03.2020,06:00,135,134
12.03.2020,07:00,135,134
12.03.2020,08:00,134,134
12.03.2020,09:00,138,132
12.03.2020,10:00,168,104
12.03.2020,11:00,180,20
12.03.2020,12:00,185,0
12.03.2020,13:00,188,0
12.03.2020,14:00,188,0
12.03.2020,15:00,188,0
12.03.2020,16:00,188,0
12.03.2020,17:00,188,0
12.03.2020,18:00,188,0
12.03.2020,19:00,192,0
12.03.2020,20:00,201,0
12.03.2020,21:00,200,0
12.03.2020,22:00,201,0
12.03.2020,23:00,204,0
13.03.2020,00:00,202,0
13.03.2020,01:00,201,0
13.03.2020,02:00,201,0
13.03.2020,03:00,202,0
13.03.2020,04:00,202,0
13.03.2020,05:00,202,0
13.03.2020,06:00,215,0
13.03.2020,07:00,222,0
13.03.2020,08:00,222,0
13.03.2020,09:00,221,0
13.03.2020,10:00,222,0
13.03.2020,11:00,222,0
13.03.2020,12:00,222,0
13.03.2020,13:00,222,0
13.03.2020,14:00,222,0
13.03.2020,15:00,222,0
13.03.2020,16:00,222,0
13.03.2020,17:00,222,0
13.03.2020,18:00,222,0
13.03.2020,19:00,222,0
13.03.2020,20:00,222,0
13.03.2020,21:00,222,0
13.03.2020,22:00,222,0
13.03.2020,23:00,222,0
14.03.2020,00:00,222,0
14.03.2020,01:00,222,0
14.03.2020,02:00,222,0
14.03.2020,03:00,222,0
14.03.2020,04:00,222,0
14.03.2020,05:00,212,0
14.03.2020,06:00,202,0
14.03.2020,07:00,216,0
14.03.2020,08:00,219,0
14.03.2020,09:00,219,0
14.03.2020,10:00,219,0
14.03.2020,11:00,219,0
14.03.2020,12:00,219,0
14.03.2020,13:00,219,0
14.03.2020,14:00,219,0
14.03.2020,15:00,218,0
14.03.2020,16:00,217,0
14.03.2020,17:00,217,0
14.03.2020,18:00,217,0
14.03.2020,19:00,217,0
14.03.2020,20:00,217,0
14.03.2020,21:00,217,0
14.03.2020,22:00,217,0
14.03.2020,23:00,217,0
15.03.2020,00:00,209,0
15.03.2020,01:00,208,0
15.03.2020,02:00,208,0
15.03.2020,03:00,208,0
15.03.2020,04:00,208,0
15.03.2020,05:00,208,0
15.03.2020,06:00,208,0
15.03.2020,07:00,208,0
15.03.2020,08:00,199,0
15.03.2020,09:00,191,0
15.03.2020,10:00,191,0
15.03.2020,11:00,180,0
15.03.2020,12:00,178,0
15.03.2020,13:00,179,0
15.03.2020,14:00,171,0
15.03.2020,15:00,169,0
15.03.2020,16:00,173,0
15.03.2020,17:00,190,0
15.03.2020,18:00,190,0
15.03.2020,19:00,190,0
15.03.2020,20:00,190,0
15.03.2020,21:00,190,0
15.03.2020,22:00,190,0
15.03.2020,23:00,190,0
16.03.2020,00:00,189,0
16.03.2020,01:00,189,0
16.03.2020,02:00,189,0
16.03.2020,03:00,189,0
16.03.2020,04:00,189,0
16.03.2020,05:00,189,0
16.03.2020,06:00,189,0
16.03.2020,07:00,172,0
16.03.2020,08:00,169,0
16.03.2020,09:00,169,0
16.03.2020,10:00,169,0
16.03.2020,11:00,169,0
16.03.2020,12:00,169,0
16.03.2020,13:00,169,0
16.03.2020,14:00,169,0
16.03.2020,15:00,169,0
16.03.2020,16:00,169,0
16.03.2020,17:00,176,0
16.03.2020,18:00,187,0
16.03.2020,19:00,215,0
16.03.2020,20:00,215,0
16.03.2020,21:00,179,0
16.03.2020,22:00,156,0
16.03.2020,23:00,156,0
17.03.2020,00:00,156,0
17.03.2020,01:00,156,0
17.03.2020,02:00,156,0
17.03.2020,03:00,156,0
17.03.2020,04:00,156,0
17.03.2020,05:00,155,0
17.03.2020,06:00,155,0
17.03.2020,07:00,155,0
17.03.2020,08:00,155,0
17.03.2020,09:00,156,0
17.03.2020,10:00,156,0
17.03.2020,11:00,156,0
17.03.2020,12:00,156,0
17.03.2020,13:00,156,0
17.03.2020,14:00,156,0
17.03.2020,15:00,156,0
17.03.2020,16:00,156,0
17.03.2020,17:00,156,0
17.03.2020,18:00,156,0
17.03.2020,19:00,156,0
17.03.2020,20:00,156,0
17.03.2020,21:00,156,0
17.03.2020,22:00,155,0
17.03.2020,23:00,155,0
18.03.2020,00:00,155,0
18.03.2020,01:00,155,0
18.03.2020,02:00,155,0
18.03.2020,03:00,156,0
18.03.2020,04:00,156,0
18.03.2020,05:00,156,0
18.03.2020,06:00,148,0
18.03.2020,07:00,135,0
18.03.2020,08:00,136,0
18.03.2020,09:00,135,0
18.03.2020,10:00,135,0
18.03.2020,11:00,135,0
18.03.2020,12:00,135,0
18.03.2020,13:00,135,0
18.03.2020,14:00,136,0
18.03.2020,15:00,137,0
18.03.2020,16:00,137,0
18.03.2020,17:00,137,0
18.03.2020,18:00,137,0
18.03.2020,19:00,137,0
18.03.2020,20:00,137,0
18.03.2020,21:00,137,0
18.03.2020,22:00,137,0
18.03.2020,23:00,137,0
19.03.2020,00:00,137,0
19.03.2020,01:00,137,0
19.03.2020,02:00,137,0
19.03.2020,03:00,137,0
19.03.2020,04:00,137,0
19.03.2020,05:00,137,0
19.03.2020,06:00,137,0
19.03.2020,07:00,137,0
19.03.2020,08:00,137,0
19.03.2020,09:00,137,0
19.03.2020,10:00,137,0
19.03.2020,11:00,137,0
19.03.2020,12:00,137,0
19.03.2020,13:00,137,0
19.03.2020,14:00,137,0
19.03.2020,15:00,137,0
19.03.2020,16:00,137,0
19.03.2020,17:00,137,0
19.03.2020,18:00,166,0
19.03.2020,19:00,180,0
19.03.2020,20:00,141,15
19.03.2020,21:00,137,52
19.03.2020,22:00,136,100
19.03.2020,23:00,137,137
20.03.2020,00:00,137,142
20.03.2020,01:00,137,142
20.03.2020,02:00,137,142
20.03.2020,03:00,137,142
20.03.2020,04:00,137,133
20.03.2020,05:00,137,130
20.03.2020,06:00,137,130
20.03.2020,07:00,137,130
20.03.2020,08:00,137,130
20.03.2020,09:00,137,130
20.03.2020,10:00,137,130
20.03.2020,11:00,137,130
20.03.2020,12:00,137,130
20.03.2020,13:00,137,130
20.03.2020,14:00,137,130
20.03.2020,15:00,137,130
20.03.2020,16:00,137,130
20.03.2020,17:00,137,130
20.03.2020,18:00,137,130
20.03.2020,19:00,137,130
20.03.2020,20:00,137,130
20.03.2020,21:00,137,130
20.03.2020,22:00,137,130
20.03.2020,23:00,137,130
21.03.2020,00:00,136,130
21.03.2020,01:00,137,131
21.03.2020,02:00,138,130
21.03.2020,03:00,137,130
21.03.2020,04:00,138,130
21.03.2020,05:00,138,130
21.03.2020,06:00,138,130
21.03.2020,07:00,136,130
21.03.2020,08:00,137,129
21.03.2020,09:00,138,127
21.03.2020,10:00,138,127
21.03.2020,11:00,138,127
21.03.2020,12:00,138,127
21.03.2020,13:00,138,127
21.03.2020,14:00,138,127
21.03.2020,15:00,138,127
21.03.2020,16:00,138,127
21.03.2020,17:00,136,128
21.03.2020,18:00,136,128
21.03.2020,19:00,136,128
21.03.2020,20:00,136,128
21.03.2020,21:00,136,128
21.03.2020,22:00,136,128
21.03.2020,23:00,136,128
22.03.2020,00:00,136,128
22.03.2020,01:00,136,128
22.03.2020,02:00,136,129
22.03.2020,03:00,135,128
22.03.2020,04:00,136,129
22.03.2020,05:00,138,127
22.03.2020,06:00,136,129
22.03.2020,07:00,135,130
22.03.2020,08:00,135,130
22.03.2020,09:00,135,130
22.03.2020,10:00,135,130
22.03.2020,11:00,135,130
22.03.2020,12:00,135,127
22.03.2020,13:00,135,130
22.03.2020,14:00,135,130
22.03.2020,15:00,135,130
22.03.2020,16:00,136,129
22.03.2020,17:00,135,129
22.03.2020,18:00,135,129
22.03.2020,19:00,135,129
22.03.2020,20:00,136,129
22.03.2020,21:00,136,129
22.03.2020,22:00,136,129
22.03.2020,23:00,136,129
23.03.2020,00:00,136,129
23.03.2020,01:00,136,129
23.03.2020,02:00,136,129
23.03.2020,03:00,136,129
23.03.2020,04:00,136,129
23.03.2020,05:00,136,133
23.03.2020,06:00,136,134
23.03.2020,07:00,136,134
23.03.2020,08:00,136,134
23.03.2020,09:00,136,134
23.03.2020,10:00,136,134
23.03.2020,11:00,136,134
23.03.2020,12:00,136,134
23.03.2020,13:00,136,134
23.03.2020,14:00,136,134
23.03.2020,15:00,136,134
23.03.2020,16:00,136,134
23.03.2020,17:00,143,140
23.03.2020,18:00,186,165
23.03.2020,19:00,196,166
23.03.2020,20:00,171,142
23.03.2020,21:00,158,129
23.03.2020,22:00,156,134
23.03.2020,23:00,156,134
24.03.2020,00:00,156,134
24.03.2020,01:00,157,134
24.03.2020,02:00,157,134
24.03.2020,03:00,157,134
24.03.2020,04:00,157,134
24.03.2020,05:00,157,134
24.03.2020,06:00,157,134
24.03.2020,07:00,157,134
24.03.2020,08:00,157,133
24.03.2020,09:00,157,134
24.03.2020,10:00,157,134
24.03.2020,11:00,157,134
24.03.2020,12:00,157,133
24.03.2020,13:00,157,133
24.03.2020,14:00,157,133
24.03.2020,15:00,157,133
24.03.2020,16:00,157,134
24.03.2020,17:00,160,136
24.03.2020,18:00,194,163
24.03.2020,19:00,204,166
24.03.2020,20:00,176,150
24.03.2020,21:00,138,130
24.03.2020,22:00,136,130
24.03.2020,23:00,136,130
25.03.2020,00:00,136,130
25.03.2020,01:00,136,130
25.03.2020,02:00,136,129
25.03.2020,03:00,136,129
25.03.2020,04:00,136,129
25.03.2020,05:00,136,129
25.03.2020,06:00,136,130
25.03.2020,07:00,136,130
25.03.2020,08:00,136,130
25.03.2020,09:00,136,130
25.03.2020,10:00,136,130
25.03.2020,11:00,134,126
25.03.2020,12:00,127,126
25.03.2020,13:00,128,127
25.03.2020,14:00,141,129
25.03.2020,15:00,141,130
25.03.2020,16:00,141,130
25.03.2020,17:00,141,130
25.03.2020,18:00,141,130
25.03.2020,19:00,141,130
25.03.2020,20:00,141,130
25.03.2020,21:00,141,130
25.03.2020,22:00,141,130
25.03.2020,23:00,141,130
26.03.2020,00:00,141,130
26.03.2020,01:00,141,130
26.03.2020,02:00,141,130
26.03.2020,03:00,141,130
26.03.2020,04:00,141,130
26.03.2020,05:00,141,130
26.03.2020,06:00,141,130
26.03.2020,07:00,141,130
26.03.2020,08:00,149,119
26.03.2020,09:00,150,118
26.03.2020,10:00,150,118
26.03.2020,11:00,150,118
26.03.2020,12:00,141,128
26.03.2020,13:00,141,129
26.03.2020,14:00,141,128
26.03.2020,15:00,141,129
26.03.2020,16:00,141,129
26.03.2020,17:00,141,129
26.03.2020,18:00,141,129
26.03.2020,19:00,141,129
26.03.2020,20:00,141,129
26.03.2020,21:00,141,129
26.03.2020,22:00,141,129
26.03.2020,23:00,141,129
27.03.2020,00:00,141,129
27.03.2020,01:00,141,129
27.03.2020,02:00,141,128
27.03.2020,03:00,141,129
27.03.2020,04:00,141,129
27.03.2020,05:00,141,129
27.03.2020,06:00,141,129
27.03.2020,07:00,141,129
27.03.2020,08:00,141,127
27.03.2020,09:00,141,129
27.03.2020,10:00,141,129
27.03.2020,11:00,141,129
27.03.2020,12:00,141,128
27.03.2020,13:00,141,129
27.03.2020,14:00,141,128
27.03.2020,15:00,141,129
27.03.2020,16:00,141,129
27.03.2020,17:00,141,129
27.03.2020,18:00,141,129
27.03.2020,19:00,141,129
27.03.2020,20:00,141,129
27.03.2020,21:00,141,129
27.03.2020,22:00,141,129
27.03.2020,23:00,141,129
28.03.2020,00:00,141,128
28.03.2020,01:00,141,128
28.03.2020,02:00,141,129
28.03.2020,03:00,141,128
28.03.2020,04:00,141,128
28.03.2020,05:00,141,128
28.03.2020,06:00,141,128
28.03.2020,07:00,140,128
28.03.2020,08:00,140,128
28.03.2020,09:00,140,131
28.03.2020,10:00,140,131
28.03.2020,11:00,140,128
28.03.2020,12:00,140,131
28.03.2020,13:00,138,135
28.03.2020,14:00,136,137
28.03.2020,15:00,136,137
28.03.2020,16:00,142,140
28.03.2020,17:00,148,145
28.03.2020,18:00,148,144
28.03.2020,19:00,148,145
28.03.2020,20:00,145,142
28.03.2020,21:00,142,141
28.03.2020,22:00,142,140
28.03.2020,23:00,143,137
29.03.2020,00:00,143,138
29.03.2020,01:00,143,140
29.03.2020,03:00,140,136
29.03.2020,04:00,138,132
29.03.2020,05:00,138,133
29.03.2020,06:00,138,135
29.03.2020,07:00,136,134
29.03.2020,08:00,135,131
29.03.2020,09:00,135,131
29.03.2020,10:00,135,131
29.03.2020,11:00,135,131
29.03.2020,12:00,135,131
29.03.2020,13:00,135,131
29.03.2020,14:00,135,131
29.03.2020,15:00,135,134
29.03.2020,16:00,135,135
29.03.2020,17:00,135,135
29.03.2020,18:00,135,134
29.03.2020,19:00,135,134
29.03.2020,20:00,135,134
29.03.2020,21:00,135,134
29.03.2020,22:00,135,134
29.03.2020,23:00,135,134
30.03.2020,00:00,135,134
30.03.2020,01:00,135,134
30.03.2020,02:00,135,134
30.03.2020,03:00,135,134
30.03.2020,04:00,136,133
30.03.2020,05:00,136,134
30.03.2020,06:00,138,134
30.03.2020,07:00,146,143
30.03.2020,08:00,146,143
30.03.2020,09:00,140,136
30.03.2020,10:00,137,134
30.03.2020,11:00,138,134
30.03.2020,12:00,138,133
30.03.2020,13:00,138,134
30.03.2020,14:00,138,134
30.03.2020,15:00,136,134
30.03.2020,16:00,136,134
30.03.2020,17:00,136,134
30.03.2020,18:00,144,134
30.03.2020,19:00,179,134
30.03.2020,20:00,183,134
30.03.2020,21:00,148,134
30.03.2020,22:00,136,134
30.03.2020,23:00,136,134
31.03.2020,00:00,136,133
31.03.2020,01:00,136,134
31.03.2020,02:00,139,134
31.03.2020,03:00,152,138
31.03.2020,04:00,153,138
31.03.2020,05:00,157,138
31.03.2020,06:00,155,138
31.03.2020,07:00,156,138
31.03.2020,08:00,156,138
31.03.2020,09:00,156,138
31.03.2020,10:00,156,138
31.03.2020,11:00,141,131
31.03.2020,12:00,136,127
31.03.2020,13:00,136,126
31.03.2020,14:00,136,126
31.03.2020,15:00,136,126
31.03.2020,16:00,136,126
31.03.2020,17:00,136,126
31.03.2020,18:00,136,126
31.03.2020,19:00,136,126
31.03.2020,20:00,136,126
31.03.2020,21:00,136,126
31.03.2020,22:00,136,126
31.03.2020,23:00,136,126
01.04.2020,00:00,136,126
01.04.2020,01:00,136,126
01.04.2020,02:00,136,126
01.04.2020,03:00,138,128
01.04.2020,04:00,140,132
01.04.2020,05:00,140,134
01.04.2020,06:00,140,133
01.04.2020,07:00,140,134
01.04.2020,08:00,140,134
01.04.2020,09:00,140,134
01.04.2020,10:00,140,134
01.04.2020,11:00,140,134
01.04.2020,12:00,140,134
01.04.2020,13:00,140,134
01.04.2020,14:00,140,134
01.04.2020,15:00,140,134
01.04.2020,16:00,140,134
01.04.2020,17:00,140,134
01.04.2020,18:00,140,134
01.04.2020,19:00,140,134
01.04.2020,20:00,140,134
01.04.2020,21:00,140,134
01.04.2020,22:00,140,134
01.04.2020,23:00,140,134
02.04.2020,00:00,140,133
02.04.2020,01:00,140,134
02.04.2020,02:00,140,134
02.04.2020,03:00,140,134
02.04.2020,04:00,140,133
02.04.2020,05:00,140,133
02.04.2020,06:00,140,133
02.04.2020,07:00,140,133
02.04.2020,08:00,140,133
02.04.2020,09:00,140,133
02.04.2020,10:00,140,133
02.04.2020,11:00,140,133
02.04.2020,12:00,140,133
02.04.2020,13:00,140,133
02.04.2020,14:00,140,133
02.04.2020,15:00,142,133
02.04.2020,16:00,141,133
02.04.2020,17:00,142,133
02.04.2020,18:00,142,133
02.04.2020,19:00,142,133
02.04.2020,20:00,139,133
02.04.2020,21:00,138,133
02.04.2020,22:00,138,133
02.04.2020,23:00,138,133
03.04.2020,00:00,140,133
03.04.2020,01:00,142,133
03.04.2020,02:00,141,133
03.04.2020,03:00,139,132
03.04.2020,04:00,140,132
03.04.2020,05:00,138,132
03.04.2020,06:00,139,132
03.04.2020,07:00,139,132
03.04.2020,08:00,142,132
03.04.2020,09:00,141,132
03.04.2020,10:00,141,132
03.04.2020,11:00,141,132
03.04.2020,12:00,141,132
03.04.2020,13:00,141,132
03.04.2020,14:00,141,132
03.04.2020,15:00,141,132
03.04.2020,16:00,141,132
03.04.2020,17:00,141,132
03.04.2020,18:00,141,132
03.04.2020,19:00,142,133
03.04.2020,20:00,172,156
03.04.2020,21:00,147,141
03.04.2020,22:00,145,137
03.04.2020,23:00,138,140
04.04.2020,00:00,137,138
04.04.2020,01:00,137,138
04.04.2020,02:00,137,139
04.04.2020,03:00,137,140
04.04.2020,04:00,137,140
04.04.2020,05:00,137,140
04.04.2020,06:00,137,139
04.04.2020,07:00,137,136
04.04.2020,08:00,139,139
04.04.2020,09:00,141,145
04.04.2020,10:00,141,145
04.04.2020,11:00,141,145
04.04.2020,12:00,137,138
04.04.2020,13:00,137,136
04.04.2020,14:00,137,136
04.04.2020,15:00,137,136
04.04.2020,16:00,137,136
04.04.2020,17:00,137,136
04.04.2020,18:00,137,136
04.04.2020,19:00,165,152
04.04.2020,20:00,176,156
04.04.2020,21:00,176,156
04.04.2020,22:00,142,139
04.04.2020,23:00,139,140
05.04.2020,00:00,139,140
05.04.2020,01:00,136,137
05.04.2020,02:00,136,137
05.04.2020,03:00,135,138
05.04.2020,04:00,135,138
05.04.2020,05:00,135,138
05.04.2020,06:00,137,138
05.04.2020,07:00,136,138
05.04.2020,08:00,138,138
05.04.2020,09:00,134,138
05.04.2020,10:00,133,138
05.04.2020,11:00,133,138
05.04.2020,12:00,135,138
05.04.2020,13:00,138,138
05.04.2020,14:00,138,138
05.04.2020,15:00,138,138
05.04.2020,16:00,138,138
05.04.2020,17:00,138,138
05.04.2020,18:00,138,138
05.04.2020,19:00,138,138
05.04.2020,20:00,138,138
05.04.2020,21:00,138,138
05.04.2020,22:00,138,138
05.04.2020,23:00,138,138
06.04.2020,00:00,137,138
06.04.2020,01:00,138,138
06.04.2020,02:00,138,138
06.04.2020,03:00,138,138
06.04.2020,04:00,138,138
06.04.2020,05:00,138,138
06.04.2020,06:00,138,138
06.04.2020,07:00,137,138
06.04.2020,08:00,137,138
06.04.2020,09:00,136,138
06.04.2020,10:00,136,138
06.04.2020,11:00,136,138
06.04.2020,12:00,136,138
06.04.2020,13:00,136,138
06.04.2020,14:00,136,139
06.04.2020,15:00,136,139
06.04.2020,16:00,136,139
06.04.2020,17:00,137,139
06.04.2020,18:00,137,139
06.04.2020,19:00,137,139
06.04.2020,20:00,137,139
06.04.2020,21:00,137,139
06.04.2020,22:00,137,139
06.04.2020,23:00,137,139
07.04.2020,00:00,137,139
07.04.2020,01:00,137,139
07.04.2020,02:00,137,139
07.04.2020,03:00,137,138
07.04.2020,04:00,137,138
07.04.2020,05:00,137,138
07.04.2020,06:00,137,138
07.04.2020,07:00,137,138
07.04.2020,08:00,136,138
07.04.2020,09:00,138,138
07.04.2020,10:00,138,138
07.04.2020,11:00,136,138
07.04.2020,12:00,137,138
07.04.2020,13:00,137,138
07.04.2020,14:00,137,138
07.04.2020,15:00,137,138
07.04.2020,16:00,137,138
07.04.2020,17:00,137,138
07.04.2020,18:00,137,138
07.04.2020,19:00,137,138
07.04.2020,20:00,137,138
07.04.2020,21:00,137,138
07.04.2020,22:00,137,138
07.04.2020,23:00,137,138
08.04.2020,00:00,137,138
08.04.2020,01:00,136,138
08.04.2020,02:00,136,138
08.04.2020,03:00,137,138
08.04.2020,04:00,138,138
08.04.2020,05:00,136,138
08.04.2020,06:00,137,138
08.04.2020,07:00,137,138
08.04.2020,08:00,137,138
08.04.2020,09:00,135,138
08.04.2020,10:00,136,138
08.04.2020,11:00,136,138
08.04.2020,12:00,136,138
08.04.2020,13:00,136,138
08.04.2020,14:00,136,138
08.04.2020,15:00,136,138
08.04.2020,16:00,136,138
08.04.2020,17:00,136,138
08.04.2020,18:00,143,144
08.04.2020,19:00,177,163
08.04.2020,20:00,177,163
08.04.2020,21:00,177,163
08.04.2020,22:00,147,150
08.04.2020,23:00,137,139
09.04.2020,00:00,139,138
09.04.2020,01:00,140,138
09.04.2020,02:00,139,139
09.04.2020,03:00,139,139
09.04.2020,04:00,139,139
09.04.2020,05:00,139,139
09.04.2020,06:00,137,139
09.04.2020,07:00,136,139
09.04.2020,08:00,138,140
09.04.2020,09:00,138,140
09.04.2020,10:00,138,137
09.04.2020,11:00,138,137
09.04.2020,12:00,138,138
09.04.2020,13:00,138,139
09.04.2020,14:00,138,140
09.04.2020,15:00,138,138
09.04.2020,16:00,138,137
09.04.2020,17:00,138,137
09.04.2020,18:00,138,137
09.04.2020,19:00,138,137
09.04.2020,20:00,138,137
09.04.2020,21:00,138,137
09.04.2020,22:00,138,137
09.04.2020,23:00,138,137
10.04.2020,00:00,138,137
10.04.2020,01:00,137,137
10.04.2020,02:00,139,137
10.04.2020,03:00,138,137
10.04.2020,04:00,139,138
10.04.2020,05:00,137,137
10.04.2020,06:00,137,137
10.04.2020,07:00,134,135
10.04.2020,08:00,133,132
10.04.2020,09:00,133,132
10.04.2020,10:00,133,133
10.04.2020,11:00,133,132
10.04.2020,12:00,133,132
10.04.2020,13:00,133,132
10.04.2020,14:00,133,132
10.04.2020,15:00,133,132
10.04.2020,16:00,133,132
10.04.2020,17:00,133,132
10.04.2020,18:00,133,132
10.04.2020,19:00,133,132
10.04.2020,20:00,133,135
10.04.2020,21:00,133,136
10.04.2020,22:00,133,135
10.04.2020,23:00,133,136
11.04.2020,00:00,132,134
11.04.2020,01:00,133,132
11.04.2020,02:00,133,132
11.04.2020,03:00,133,132
11.04.2020,04:00,133,133
11.04.2020,05:00,133,132
11.04.2020,06:00,133,133
11.04.2020,07:00,133,133
11.04.2020,08:00,133,133
11.04.2020,09:00,133,133
11.04.2020,10:00,133,133
11.04.2020,11:00,133,133
11.04.2020,12:00,133,133
11.04.2020,13:00,133,133
11.04.2020,14:00,133,133
11.04.2020,15:00,133,134
11.04.2020,16:00,133,133
11.04.2020,17:00,133,133
11.04.2020,18:00,133,133
11.04.2020,19:00,133,133
11.04.2020,20:00,133,133
11.04.2020,21:00,133,133
11.04.2020,22:00,133,133
11.04.2020,23:00,133,134
12.04.2020,00:00,133,133
12.04.2020,01:00,133,133
12.04.2020,02:00,133,133
12.04.2020,03:00,133,133
12.04.2020,04:00,133,133
12.04.2020,05:00,133,133
12.04.2020,06:00,133,133
12.04.2020,07:00,134,133
12.04.2020,08:00,134,133
12.04.2020,09:00,133,133
12.04.2020,10:00,133,133
12.04.2020,11:00,133,133
12.04.2020,12:00,133,133
12.04.2020,13:00,133,133
12.04.2020,14:00,133,133
12.04.2020,15:00,133,133
12.04.2020,16:00,140,133
12.04.2020,17:00,141,133
12.04.2020,18:00,141,133
12.04.2020,19:00,141,133
12.04.2020,20:00,141,133
12.04.2020,21:00,141,133
12.04.2020,22:00,141,133
12.04.2020,23:00,141,133
13.04.2020,00:00,141,133
13.04.2020,01:00,142,133
13.04.2020,02:00,142,133
13.04.2020,03:00,142,133
13.04.2020,04:00,142,133
13.04.2020,05:00,142,133
13.04.2020,06:00,142,133
13.04.2020,07:00,142,133
13.04.2020,08:00,142,133
13.04.2020,09:00,142,133
13.04.2020,10:00,142,133
13.04.2020,11:00,142,133
13.04.2020,12:00,142,133
13.04.2020,13:00,142,133
13.04.2020,14:00,142,133
13.04.2020,15:00,142,133
13.04.2020,16:00,142,133
13.04.2020,17:00,142,133
13.04.2020,18:00,142,133
13.04.2020,19:00,142,133
13.04.2020,20:00,142,133
13.04.2020,21:00,142,133
13.04.2020,22:00,142,133
13.04.2020,23:00,142,133
14.04.2020,00:00,142,133
14.04.2020,01:00,142,133
14.04.2020,02:00,142,133
14.04.2020,03:00,142,133
14.04.2020,04:00,142,133
14.04.2020,05:00,142,133
14.04.2020,06:00,142,133
14.04.2020,07:00,142,143
14.04.2020,08:00,142,145
14.04.2020,09:00,142,145
14.04.2020,10:00,142,142
14.04.2020,11:00,143,142
14.04.2020,12:00,169,157
14.04.2020,13:00,169,156
14.04.2020,14:00,143,143
14.04.2020,15:00,142,144
14.04.2020,16:00,142,144
14.04.2020,17:00,142,144
14.04.2020,18:00,142,144
14.04.2020,19:00,160,153
14.04.2020,20:00,179,161
14.04.2020,21:00,179,161
14.04.2020,22:00,145,141
14.04.2020,23:00,138,140
15.04.2020,00:00,134,134
15.04.2020,01:00,134,131
15.04.2020,02:00,134,132
15.04.2020,03:00,134,135
15.04.2020,04:00,134,134
15.04.2020,05:00,134,131
15.04.2020,06:00,134,131
15.04.2020,07:00,134,133
15.04.2020,08:00,134,135
15.04.2020,09:00,130,131
15.04.2020,10:00,137,135
15.04.2020,11:00,138,138
15.04.2020,12:00,138,139
15.04.2020,13:00,138,140
15.04.2020,14:00,138,140
15.04.2020,15:00,138,140
15.04.2020,16:00,138,140
15.04.2020,17:00,139,140
15.04.2020,18:00,172,180
15.04.2020,19:00,175,186
15.04.2020,20:00,175,186
15.04.2020,21:00,159,170
15.04.2020,22:00,146,153
15.04.2020,23:00,138,141
16.04.2020,00:00,135,136
16.04.2020,01:00,133,132
16.04.2020,02:00,133,132
16.04.2020,03:00,133,132
16.04.2020,04:00,134,134
16.04.2020,05:00,138,137
16.04.2020,06:00,138,138
16.04.2020,07:00,166,165
16.04.2020,08:00,157,194
16.04.2020,09:00,137,158
16.04.2020,10:00,137,149
16.04.2020,11:00,137,149
16.04.2020,12:00,137,149
16.04.2020,13:00,137,149
16.04.2020,14:00,138,149
16.04.2020,15:00,138,146
16.04.2020,16:00,138,138
16.04.2020,17:00,138,136
16.04.2020,18:00,140,140
16.04.2020,19:00,183,183
16.04.2020,20:00,187,185
16.04.2020,21:00,187,189
16.04.2020,22:00,187,188
16.04.2020,23:00,149,151
17.04.2020,00:00,137,139
17.04.2020,01:00,137,140
17.04.2020,02:00,137,139
17.04.2020,03:00,137,140
17.04.2020,04:00,137,140
17.04.2020,05:00,137,139
17.04.2020,06:00,152,140
17.04.2020,07:00,176,147
17.04.2020,08:00,144,156
17.04.2020,09:00,123,153
17.04.2020,10:00,121,153
17.04.2020,11:00,119,153
17.04.2020,12:00,122,157
17.04.2020,13:00,117,157
17.04.2020,14:00,118,157
17.04.2020,15:00,120,157
17.04.2020,16:00,116,152
17.04.2020,17:00,115,150
17.04.2020,18:00,113,184
17.04.2020,19:00,97,187
17.04.2020,20:00,2,189
17.04.2020,21:00,0,155
17.04.2020,22:00,0,145
17.04.2020,23:00,0,147
18.04.2020,00:00,0,145
18.04.2020,01:00,0,143
18.04.2020,02:00,0,143
18.04.2020,03:00,0,143
18.04.2020,04:00,0,143
18.04.2020,05:00,0,144
18.04.2020,06:00,0,144
18.04.2020,07:00,0,144
18.04.2020,08:00,0,144
18.04.2020,09:00,0,144
18.04.2020,10:00,0,144
18.04.2020,11:00,0,144
18.04.2020,12:00,0,144
18.04.2020,13:00,0,144
18.04.2020,14:00,0,144
18.04.2020,15:00,0,143
18.04.2020,16:00,0,143
18.04.2020,17:00,0,143
18.04.2020,18:00,0,144
18.04.2020,19:00,0,145
18.04.2020,20:00,0,144
18.04.2020,21:00,0,144
18.04.2020,22:00,0,145
18.04.2020,23:00,0,145
19.04.2020,00:00,0,145
19.04.2020,01:00,0,145
19.04.2020,02:00,0,145
19.04.2020,03:00,0,145
19.04.2020,04:00,0,145
19.04.2020,05:00,0,145
19.04.2020,06:00,0,141
19.04.2020,07:00,0,129
19.04.2020,08:00,0,128
19.04.2020,09:00,0,128
19.04.2020,10:00,0,128
19.04.2020,11:00,0,128
19.04.2020,12:00,0,128
19.04.2020,13:00,0,129
19.04.2020,14:00,0,128
19.04.2020,15:00,0,128
19.04.2020,16:00,0,128
19.04.2020,17:00,0,128
19.04.2020,18:00,0,130
19.04.2020,19:00,0,128
19.04.2020,20:00,0,128
19.04.2020,21:00,0,132
19.04.2020,22:00,0,129
19.04.2020,23:00,0,132
20.04.2020,00:00,0,131
20.04.2020,01:00,0,131
20.04.2020,02:00,0,131
20.04.2020,03:00,0,131
20.04.2020,04:00,0,131
20.04.2020,05:00,0,130
20.04.2020,06:00,0,130
20.04.2020,07:00,0,130
20.04.2020,08:00,0,130
20.04.2020,09:00,0,130
20.04.2020,10:00,0,130
20.04.2020,11:00,0,130
20.04.2020,12:00,0,130
20.04.2020,13:00,0,130
20.04.2020,14:00,0,130
20.04.2020,15:00,0,130
20.04.2020,16:00,0,130
20.04.2020,17:00,0,130
20.04.2020,18:00,0,130
20.04.2020,19:00,0,130
20.04.2020,20:00,0,129
20.04.2020,21:00,0,129
20.04.2020,22:00,0,129
20.04.2020,23:00,0,130
21.04.2020,00:00,0,128
21.04.2020,01:00,0,130
21.04.2020,02:00,0,132
21.04.2020,03:00,0,129
21.04.2020,04:00,0,130
21.04.2020,05:00,0,130
21.04.2020,06:00,0,130
21.04.2020,07:00,0,130
21.04.2020,08:00,0,130
21.04.2020,09:00,0,130
21.04.2020,10:00,0,130
21.04.2020,11:00,0,130
21.04.2020,12:00,0,130
21.04.2020,13:00,0,130
21.04.2020,14:00,0,130
21.04.2020,15:00,0,130
21.04.2020,16:00,0,130
21.04.2020,17:00,0,130
21.04.2020,18:00,0,130
21.04.2020,19:00,0,130
21.04.2020,20:00,0,130
21.04.2020,21:00,0,130
21.04.2020,22:00,0,130
21.04.2020,23:00,0,130
22.04.2020,00:00,0,130
22.04.2020,01:00,0,130
22.04.2020,02:00,0,130
22.04.2020,03:00,0,130
22.04.2020,04:00,0,130
22.04.2020,05:00,0,130
22.04.2020,06:00,0,129
22.04.2020,07:00,0,129
22.04.2020,08:00,0,129
22.04.2020,09:00,0,129
22.04.2020,10:00,0,129
22.04.2020,11:00,0,129
22.04.2020,12:00,0,129
22.04.2020,13:00,0,129
22.04.2020,14:00,0,128
22.04.2020,15:00,0,129
22.04.2020,16:00,0,129
22.04.2020,17:00,0,129
22.04.2020,18:00,0,129
22.04.2020,19:00,0,129
22.04.2020,20:00,0,129
22.04.2020,21:00,0,129
22.04.2020,22:00,0,129
22.04.2020,23:00,0,129
23.04.2020,00:00,0,129
23.04.2020,01:00,0,129
23.04.2020,02:00,0,129
23.04.2020,03:00,0,129
23.04.2020,04:00,0,128
23.04.2020,05:00,0,128
23.04.2020,06:00,0,128
23.04.2020,07:00,0,128
23.04.2020,08:00,0,128
23.04.2020,09:00,0,128
23.04.2020,10:00,0,128
23.04.2020,11:00,0,128
23.04.2020,12:00,0,128
23.04.2020,13:00,0,128
23.04.2020,14:00,0,128
23.04.2020,15:00,0,128
23.04.2020,16:00,0,128
23.04.2020,17:00,0,128
23.04.2020,18:00,0,153
23.04.2020,19:00,0,185
23.04.2020,20:00,0,185
23.04.2020,21:00,0,185
23.04.2020,22:00,0,142
23.04.2020,23:00,0,133
24.04.2020,00:00,0,131
24.04.2020,01:00,0,131
24.04.2020,02:00,0,132
24.04.2020,03:00,0,132
24.04.2020,04:00,0,132
24.04.2020,05:00,0,131
24.04.2020,06:00,0,131
24.04.2020,07:00,0,133
24.04.2020,08:00,0,131
24.04.2020,09:00,0,133
24.04.2020,10:00,0,132
24.04.2020,11:00,0,132
24.04.2020,12:00,0,132
24.04.2020,13:00,0,132
24.04.2020,14:00,0,132
24.04.2020,15:00,0,132
24.04.2020,16:00,0,132
24.04.2020,17:00,0,132
24.04.2020,18:00,0,132
24.04.2020,19:00,0,132
24.04.2020,20:00,0,132
24.04.2020,21:00,0,132
24.04.2020,22:00,0,132
24.04.2020,23:00,0,132
25.04.2020,00:00,0,132
25.04.2020,01:00,0,132
25.04.2020,02:00,0,133
25.04.2020,03:00,0,133
25.04.2020,04:00,0,133
25.04.2020,05:00,0,132
25.04.2020,06:00,0,132
25.04.2020,07:00,0,132
25.04.2020,08:00,0,132
25.04.2020,09:00,0,132
25.04.2020,10:00,0,132
25.04.2020,11:00,0,132
25.04.2020,12:00,0,132
25.04.2020,13:00,0,132
25.04.2020,14:00,0,134
25.04.2020,15:00,0,133
25.04.2020,16:00,0,133
25.04.2020,17:00,0,133
25.04.2020,18:00,0,133
25.04.2020,19:00,0,133
25.04.2020,20:00,0,133
25.04.2020,21:00,0,133
25.04.2020,22:00,0,133
25.04.2020,23:00,0,133
26.04.2020,00:00,0,133
26.04.2020,01:00,0,133
26.04.2020,02:00,0,133
26.04.2020,03:00,0,133
26.04.2020,04:00,0,134
26.04.2020,05:00,0,134
26.04.2020,06:00,0,134
26.04.2020,07:00,0,134
26.04.2020,08:00,0,134
26.04.2020,09:00,0,134
26.04.2020,10:00,0,134
26.04.2020,11:00,0,134
26.04.2020,12:00,0,134
26.04.2020,13:00,0,134
26.04.2020,14:00,0,134
26.04.2020,15:00,0,134
26.04.2020,16:00,0,134
26.04.2020,17:00,0,134
26.04.2020,18:00,0,134
26.04.2020,19:00,0,134
26.04.2020,20:00,0,134
26.04.2020,21:00,0,134
26.04.2020,22:00,0,134
26.04.2020,23:00,0,134
27.04.2020,00:00,0,134
27.04.2020,01:00,0,134
27.04.2020,02:00,0,134
27.04.2020,03:00,0,135
27.04.2020,04:00,0,134
27.04.2020,05:00,0,135
27.04.2020,06:00,0,133
27.04.2020,07:00,0,132
27.04.2020,08:00,0,134
27.04.2020,09:00,0,134
27.04.2020,10:00,0,134
27.04.2020,11:00,0,134
27.04.2020,12:00,0,134
27.04.2020,13:00,0,134
27.04.2020,14:00,0,134
27.04.2020,15:00,0,134
27.04.2020,16:00,0,134
27.04.2020,17:00,0,134
27.04.2020,18:00,0,135
27.04.2020,19:00,0,175
27.04.2020,20:00,0,181
27.04.2020,21:00,0,181
27.04.2020,22:00,0,155
27.04.2020,23:00,0,130
28.04.2020,00:00,0,129
28.04.2020,01:00,0,129
28.04.2020,02:00,0,129
28.04.2020,03:00,0,129
28.04.2020,04:00,0,129
28.04.2020,05:00,0,129
28.04.2020,06:00,0,130
28.04.2020,07:00,0,125
28.04.2020,08:00,0,128
28.04.2020,09:00,0,129
28.04.2020,10:00,0,129
28.04.2020,11:00,0,129
28.04.2020,12:00,0,129
28.04.2020,13:00,0,129
28.04.2020,14:00,0,129
28.04.2020,15:00,0,129
28.04.2020,16:00,0,129
28.04.2020,17:00,0,129
28.04.2020,18:00,0,129
28.04.2020,19:00,0,129
28.04.2020,20:00,0,129
28.04.2020,21:00,0,129
28.04.2020,22:00,0,129
28.04.2020,23:00,0,130
29.04.2020,00:00,0,130
29.04.2020,01:00,0,130
29.04.2020,02:00,0,129
29.04.2020,03:00,0,129
29.04.2020,04:00,0,129
29.04.2020,05:00,0,129
29.04.2020,06:00,0,129
29.04.2020,07:00,0,129
29.04.2020,08:00,0,129
29.04.2020,09:00,0,129
29.04.2020,10:00,0,129
29.04.2020,11:00,0,129
29.04.2020,12:00,0,129
29.04.2020,13:00,0,129
29.04.2020,14:00,0,129
29.04.2020,15:00,0,129
29.04.2020,16:00,0,129
29.04.2020,17:00,0,129
29.04.2020,18:00,0,129
29.04.2020,19:00,0,129
29.04.2020,20:00,0,129
29.04.2020,21:00,0,129
29.04.2020,22:00,0,129
29.04.2020,23:00,0,129
30.04.2020,00:00,0,129
30.04.2020,01:00,0,129
30.04.2020,02:00,0,129
30.04.2020,03:00,0,129
30.04.2020,04:00,0,129
30.04.2020,05:00,0,129
30.04.2020,06:00,0,130
30.04.2020,07:00,0,130
30.04.2020,08:00,0,130
30.04.2020,09:00,0,130
30.04.2020,10:00,0,129
30.04.2020,11:00,0,130
30.04.2020,12:00,0,129
30.04.2020,13:00,0,130
30.04.2020,14:00,0,129
30.04.2020,15:00,0,128
30.04.2020,16:00,0,128
30.04.2020,17:00,0,128
30.04.2020,18:00,0,128
30.04.2020,19:00,0,128
30.04.2020,20:00,0,128
30.04.2020,21:00,0,128
30.04.2020,22:00,0,128
30.04.2020,23:00,0,128
