Datum,Uhrzeit,Generation_DE Block 10[MW],Generation_DE Block 20[MW]
01.01.2020,00:00,0,0
01.01.2020,01:00,0,0
01.01.2020,02:00,0,0
01.01.2020,03:00,0,0
01.01.2020,04:00,0,0
01.01.2020,05:00,0,0
01.01.2020,06:00,0,0
01.01.2020,07:00,0,0
01.01.2020,08:00,0,0
01.01.2020,09:00,0,0
01.01.2020,10:00,0,0
01.01.2020,11:00,0,0
01.01.2020,12:00,0,0
01.01.2020,13:00,0,0
01.01.2020,14:00,0,0
01.01.2020,15:00,0,0
01.01.2020,16:00,0,0
01.01.2020,17:00,0,0
01.01.2020,18:00,0,0
01.01.2020,19:00,0,0
01.01.2020,20:00,0,0
01.01.2020,21:00,0,0
01.01.2020,22:00,0,0
01.01.2020,23:00,0,0
02.01.2020,00:00,0,0
02.01.2020,01:00,0,0
02.01.2020,02:00,0,0
02.01.2020,03:00,0,0
02.01.2020,04:00,0,0
02.01.2020,05:00,0,0
02.01.2020,06:00,0,0
02.01.2020,07:00,0,0
02.01.2020,08:00,0,0
02.01.2020,09:00,0,0
02.01.2020,10:00,0,0
02.01.2020,11:00,0,0
02.01.2020,12:00,0,0
02.01.2020,13:00,0,0
02.01.2020,14:00,0,0
02.01.2020,15:00,0,0
02.01.2020,16:00,0,0
02.01.2020,17:00,0,0
02.01.2020,18:00,0,0
02.01.2020,19:00,0,0
02.01.2020,20:00,0,0
02.01.2020,21:00,0,0
02.01.2020,22:00,0,0
02.01.2020,23:00,0,0
03.01.2020,00:00,0,0
03.01.2020,01:00,0,0
03.01.2020,02:00,0,0
03.01.2020,03:00,0,0
03.01.2020,04:00,0,0
03.01.2020,05:00,0,80
03.01.2020,06:00,0,97
03.01.2020,07:00,0,126
03.01.2020,08:00,0,207
03.01.2020,09:00,0,210
03.01.2020,10:00,0,210
03.01.2020,11:00,0,210
03.01.2020,12:00,0,225
03.01.2020,13:00,0,66
03.01.2020,14:00,0,0
03.01.2020,15:00,0,0
03.01.2020,16:00,0,0
03.01.2020,17:00,0,0
03.01.2020,18:00,0,0
03.01.2020,19:00,0,0
03.01.2020,20:00,0,0
03.01.2020,21:00,0,0
03.01.2020,22:00,0,0
03.01.2020,23:00,0,0
04.01.2020,00:00,0,0
04.01.2020,01:00,0,0
04.01.2020,02:00,0,0
04.01.2020,03:00,0,0
04.01.2020,04:00,0,0
04.01.2020,05:00,0,0
04.01.2020,06:00,0,0
04.01.2020,07:00,0,0
04.01.2020,08:00,0,0
04.01.2020,09:00,0,0
04.01.2020,10:00,0,0
04.01.2020,11:00,0,0
04.01.2020,12:00,0,0
04.01.2020,13:00,0,0
04.01.2020,14:00,0,0
04.01.2020,15:00,0,0
04.01.2020,16:00,0,0
04.01.2020,17:00,0,0
04.01.2020,18:00,0,0
04.01.2020,19:00,0,0
04.01.2020,20:00,0,0
04.01.2020,21:00,0,0
04.01.2020,22:00,0,0
04.01.2020,23:00,0,0
05.01.2020,00:00,0,0
05.01.2020,01:00,0,0
05.01.2020,02:00,0,0
05.01.2020,03:00,0,0
05.01.2020,04:00,0,0
05.01.2020,05:00,0,0
05.01.2020,06:00,0,0
05.01.2020,07:00,0,0
05.01.2020,08:00,0,0
05.01.2020,09:00,0,0
05.01.2020,10:00,0,0
05.01.2020,11:00,0,0
05.01.2020,12:00,0,0
05.01.2020,13:00,0,0
05.01.2020,14:00,0,0
05.01.2020,15:00,0,58
05.01.2020,16:00,0,133
05.01.2020,17:00,0,302
05.01.2020,18:00,0,399
05.01.2020,19:00,0,415
05.01.2020,20:00,0,415
05.01.2020,21:00,0,415
05.01.2020,22:00,0,389
05.01.2020,23:00,0,389
06.01.2020,00:00,0,88
06.01.2020,01:00,0,0
06.01.2020,02:00,0,0
06.01.2020,03:00,0,0
06.01.2020,04:00,0,0
06.01.2020,05:00,0,0
06.01.2020,06:00,0,110
06.01.2020,07:00,0,412
06.01.2020,08:00,0,412
06.01.2020,09:00,0,412
06.01.2020,10:00,0,415
06.01.2020,11:00,0,419
06.01.2020,12:00,0,418
06.01.2020,13:00,0,416
06.01.2020,14:00,0,416
06.01.2020,15:00,0,416
06.01.2020,16:00,0,397
06.01.2020,17:00,0,416
06.01.2020,18:00,0,417
06.01.2020,19:00,0,417
06.01.2020,20:00,0,417
06.01.2020,21:00,0,86
06.01.2020,22:00,0,0
06.01.2020,23:00,0,0
07.01.2020,00:00,0,0
07.01.2020,01:00,0,0
07.01.2020,02:00,0,0
07.01.2020,03:00,0,0
07.01.2020,04:00,59,0
07.01.2020,05:00,99,20
07.01.2020,06:00,113,383
07.01.2020,07:00,296,415
07.01.2020,08:00,405,416
07.01.2020,09:00,412,417
07.01.2020,10:00,412,417
07.01.2020,11:00,412,417
07.01.2020,12:00,412,416
07.01.2020,13:00,401,395
07.01.2020,14:00,411,415
07.01.2020,15:00,412,416
07.01.2020,16:00,412,416
07.01.2020,17:00,412,416
07.01.2020,18:00,402,404
07.01.2020,19:00,412,417
07.01.2020,20:00,412,417
07.01.2020,21:00,85,88
07.01.2020,22:00,0,0
07.01.2020,23:00,0,0
08.01.2020,00:00,0,0
08.01.2020,01:00,0,0
08.01.2020,02:00,0,0
08.01.2020,03:00,0,0
08.01.2020,04:00,0,0
08.01.2020,05:00,0,0
08.01.2020,06:00,211,39
08.01.2020,07:00,403,205
08.01.2020,08:00,408,407
08.01.2020,09:00,408,410
08.01.2020,10:00,408,411
08.01.2020,11:00,408,411
08.01.2020,12:00,407,411
08.01.2020,13:00,407,410
08.01.2020,14:00,407,410
08.01.2020,15:00,406,410
08.01.2020,16:00,405,409
08.01.2020,17:00,405,407
08.01.2020,18:00,404,406
08.01.2020,19:00,405,406
08.01.2020,20:00,405,407
08.01.2020,21:00,405,407
08.01.2020,22:00,402,407
08.01.2020,23:00,79,81
09.01.2020,00:00,0,0
09.01.2020,01:00,0,0
09.01.2020,02:00,0,0
09.01.2020,03:00,0,0
09.01.2020,04:00,0,0
09.01.2020,05:00,0,0
09.01.2020,06:00,0,0
09.01.2020,07:00,0,0
09.01.2020,08:00,0,0
09.01.2020,09:00,0,0
09.01.2020,10:00,0,0
09.01.2020,11:00,0,0
09.01.2020,12:00,0,0
09.01.2020,13:00,0,0
09.01.2020,14:00,0,0
09.01.2020,15:00,0,0
09.01.2020,16:00,0,0
09.01.2020,17:00,0,0
09.01.2020,18:00,0,0
09.01.2020,19:00,0,0
09.01.2020,20:00,0,0
09.01.2020,21:00,0,0
09.01.2020,22:00,0,0
09.01.2020,23:00,0,0
10.01.2020,00:00,0,0
10.01.2020,01:00,0,0
10.01.2020,02:00,0,0
10.01.2020,03:00,0,0
10.01.2020,04:00,0,0
10.01.2020,05:00,0,0
10.01.2020,06:00,0,0
10.01.2020,07:00,0,0
10.01.2020,08:00,0,0
10.01.2020,09:00,0,0
10.01.2020,10:00,0,0
10.01.2020,11:00,0,0
10.01.2020,12:00,0,0
10.01.2020,13:00,0,0
10.01.2020,14:00,0,0
10.01.2020,15:00,0,0
10.01.2020,16:00,0,0
10.01.2020,17:00,0,0
10.01.2020,18:00,0,0
10.01.2020,19:00,0,0
10.01.2020,20:00,0,0
10.01.2020,21:00,0,0
10.01.2020,22:00,0,0
10.01.2020,23:00,0,0
11.01.2020,00:00,0,0
11.01.2020,01:00,0,0
11.01.2020,02:00,0,0
11.01.2020,03:00,0,0
11.01.2020,04:00,0,0
11.01.2020,05:00,0,0
11.01.2020,06:00,0,0
11.01.2020,07:00,0,0
11.01.2020,08:00,0,0
11.01.2020,09:00,0,0
11.01.2020,10:00,0,0
11.01.2020,11:00,0,0
11.01.2020,12:00,0,0
11.01.2020,13:00,0,0
11.01.2020,14:00,0,0
11.01.2020,15:00,0,0
11.01.2020,16:00,0,0
11.01.2020,17:00,0,0
11.01.2020,18:00,0,0
11.01.2020,19:00,0,0
11.01.2020,20:00,0,0
11.01.2020,21:00,0,0
11.01.2020,22:00,0,0
11.01.2020,23:00,0,0
12.01.2020,00:00,0,0
12.01.2020,01:00,0,0
12.01.2020,02:00,0,0
12.01.2020,03:00,0,0
12.01.2020,04:00,0,0
12.01.2020,05:00,0,0
12.01.2020,06:00,0,0
12.01.2020,07:00,0,0
12.01.2020,08:00,0,0
12.01.2020,09:00,0,0
12.01.2020,10:00,0,0
12.01.2020,11:00,0,0
12.01.2020,12:00,0,0
12.01.2020,13:00,0,0
12.01.2020,14:00,0,0
12.01.2020,15:00,0,0
12.01.2020,16:00,0,0
12.01.2020,17:00,0,0
12.01.2020,18:00,0,0
12.01.2020,19:00,0,0
12.01.2020,20:00,0,0
12.01.2020,21:00,0,0
12.01.2020,22:00,0,0
12.01.2020,23:00,0,0
13.01.2020,00:00,0,0
13.01.2020,01:00,0,0
13.01.2020,02:00,0,0
13.01.2020,03:00,0,0
13.01.2020,04:00,7,0
13.01.2020,05:00,95,80
13.01.2020,06:00,100,98
13.01.2020,07:00,275,181
13.01.2020,08:00,403,399
13.01.2020,09:00,408,411
13.01.2020,10:00,408,411
13.01.2020,11:00,408,411
13.01.2020,12:00,406,411
13.01.2020,13:00,407,411
13.01.2020,14:00,407,411
13.01.2020,15:00,407,411
13.01.2020,16:00,407,411
13.01.2020,17:00,408,411
13.01.2020,18:00,406,411
13.01.2020,19:00,408,411
13.01.2020,20:00,407,411
13.01.2020,21:00,406,409
13.01.2020,22:00,81,83
13.01.2020,23:00,0,0
14.01.2020,00:00,0,0
14.01.2020,01:00,0,0
14.01.2020,02:00,0,0
14.01.2020,03:00,0,0
14.01.2020,04:00,0,0
14.01.2020,05:00,0,0
14.01.2020,06:00,0,0
14.01.2020,07:00,0,0
14.01.2020,08:00,0,0
14.01.2020,09:00,0,0
14.01.2020,10:00,0,0
14.01.2020,11:00,0,0
14.01.2020,12:00,0,0
14.01.2020,13:00,0,0
14.01.2020,14:00,0,0
14.01.2020,15:00,0,0
14.01.2020,16:00,0,0
14.01.2020,17:00,0,0
14.01.2020,18:00,0,0
14.01.2020,19:00,0,0
14.01.2020,20:00,0,0
14.01.2020,21:00,0,0
14.01.2020,22:00,0,0
14.01.2020,23:00,0,0
15.01.2020,00:00,0,0
15.01.2020,01:00,0,0
15.01.2020,02:00,0,0
15.01.2020,03:00,0,0
15.01.2020,04:00,0,0
15.01.2020,05:00,0,0
15.01.2020,06:00,0,0
15.01.2020,07:00,0,0
15.01.2020,08:00,0,0
15.01.2020,09:00,0,0
15.01.2020,10:00,0,0
15.01.2020,11:00,0,0
15.01.2020,12:00,0,0
15.01.2020,13:00,0,0
15.01.2020,14:00,0,0
15.01.2020,15:00,0,0
15.01.2020,16:00,0,0
15.01.2020,17:00,0,0
15.01.2020,18:00,0,0
15.01.2020,19:00,0,0
15.01.2020,20:00,0,0
15.01.2020,21:00,0,0
15.01.2020,22:00,0,0
15.01.2020,23:00,0,0
16.01.2020,00:00,0,0
16.01.2020,01:00,0,0
16.01.2020,02:00,0,0
16.01.2020,03:00,0,0
16.01.2020,04:00,0,0
16.01.2020,05:00,33,58
16.01.2020,06:00,99,100
16.01.2020,07:00,252,303
16.01.2020,08:00,408,413
16.01.2020,09:00,414,417
16.01.2020,10:00,413,417
16.01.2020,11:00,408,411
16.01.2020,12:00,362,364
16.01.2020,13:00,403,406
16.01.2020,14:00,405,407
16.01.2020,15:00,405,407
16.01.2020,16:00,406,408
16.01.2020,17:00,408,410
16.01.2020,18:00,408,410
16.01.2020,19:00,408,411
16.01.2020,20:00,408,411
16.01.2020,21:00,83,84
16.01.2020,22:00,0,0
16.01.2020,23:00,0,0
17.01.2020,00:00,0,0
17.01.2020,01:00,0,0
17.01.2020,02:00,0,0
17.01.2020,03:00,0,0
17.01.2020,04:00,0,0
17.01.2020,05:00,0,0
17.01.2020,06:00,0,0
17.01.2020,07:00,0,0
17.01.2020,08:00,0,0
17.01.2020,09:00,0,0
17.01.2020,10:00,0,0
17.01.2020,11:00,0,0
17.01.2020,12:00,0,0
17.01.2020,13:00,0,0
17.01.2020,14:00,0,0
17.01.2020,15:00,0,0
17.01.2020,16:00,0,0
17.01.2020,17:00,0,0
17.01.2020,18:00,0,0
17.01.2020,19:00,0,0
17.01.2020,20:00,0,0
17.01.2020,21:00,0,0
17.01.2020,22:00,0,0
17.01.2020,23:00,0,0
18.01.2020,00:00,0,0
18.01.2020,01:00,0,0
18.01.2020,02:00,0,0
18.01.2020,03:00,0,0
18.01.2020,04:00,0,0
18.01.2020,05:00,0,0
18.01.2020,06:00,0,0
18.01.2020,07:00,0,0
18.01.2020,08:00,0,0
18.01.2020,09:00,0,0
18.01.2020,10:00,0,0
18.01.2020,11:00,0,0
18.01.2020,12:00,0,0
18.01.2020,13:00,0,0
18.01.2020,14:00,0,0
18.01.2020,15:00,0,0
18.01.2020,16:00,0,0
18.01.2020,17:00,0,0
18.01.2020,18:00,0,0
18.01.2020,19:00,0,0
18.01.2020,20:00,0,0
18.01.2020,21:00,0,0
18.01.2020,22:00,0,0
18.01.2020,23:00,0,0
19.01.2020,00:00,0,0
19.01.2020,01:00,0,0
19.01.2020,02:00,0,0
19.01.2020,03:00,0,0
19.01.2020,04:00,0,0
19.01.2020,05:00,0,0
19.01.2020,06:00,0,0
19.01.2020,07:00,0,0
19.01.2020,08:00,0,0
19.01.2020,09:00,0,0
19.01.2020,10:00,0,0
19.01.2020,11:00,0,0
19.01.2020,12:00,0,0
19.01.2020,13:00,0,0
19.01.2020,14:00,0,0
19.01.2020,15:00,0,0
19.01.2020,16:00,0,0
19.01.2020,17:00,0,0
19.01.2020,18:00,0,0
19.01.2020,19:00,0,0
19.01.2020,20:00,0,0
19.01.2020,21:00,0,0
19.01.2020,22:00,0,0
19.01.2020,23:00,0,0
20.01.2020,00:00,0,0
20.01.2020,01:00,0,0
20.01.2020,02:00,0,0
20.01.2020,03:00,0,0
20.01.2020,04:00,33,57
20.01.2020,05:00,101,103
20.01.2020,06:00,232,287
20.01.2020,07:00,414,412
20.01.2020,08:00,420,416
20.01.2020,09:00,417,414
20.01.2020,10:00,411,407
20.01.2020,11:00,417,413
20.01.2020,12:00,419,418
20.01.2020,13:00,420,420
20.01.2020,14:00,414,415
20.01.2020,15:00,418,419
20.01.2020,16:00,411,413
20.01.2020,17:00,418,419
20.01.2020,18:00,421,421
20.01.2020,19:00,419,419
20.01.2020,20:00,421,420
20.01.2020,21:00,422,419
20.01.2020,22:00,352,352
20.01.2020,23:00,38,38
21.01.2020,00:00,0,0
21.01.2020,01:00,0,0
21.01.2020,02:00,0,0
21.01.2020,03:00,0,0
21.01.2020,04:00,0,0
21.01.2020,05:00,214,108
21.01.2020,06:00,416,405
21.01.2020,07:00,414,407
21.01.2020,08:00,420,412
21.01.2020,09:00,420,412
21.01.2020,10:00,421,412
21.01.2020,11:00,422,412
21.01.2020,12:00,423,415
21.01.2020,13:00,421,418
21.01.2020,14:00,413,413
21.01.2020,15:00,418,419
21.01.2020,16:00,419,421
21.01.2020,17:00,421,420
21.01.2020,18:00,423,418
21.01.2020,19:00,423,416
21.01.2020,20:00,423,415
21.01.2020,21:00,423,415
21.01.2020,22:00,422,414
21.01.2020,23:00,409,403
22.01.2020,00:00,68,67
22.01.2020,01:00,0,0
22.01.2020,02:00,0,0
22.01.2020,03:00,0,0
22.01.2020,04:00,0,0
22.01.2020,05:00,214,109
22.01.2020,06:00,414,406
22.01.2020,07:00,417,413
22.01.2020,08:00,418,415
22.01.2020,09:00,418,415
22.01.2020,10:00,417,415
22.01.2020,11:00,417,416
22.01.2020,12:00,418,418
22.01.2020,13:00,420,418
22.01.2020,14:00,419,418
22.01.2020,15:00,419,418
22.01.2020,16:00,418,418
22.01.2020,17:00,419,418
22.01.2020,18:00,418,418
22.01.2020,19:00,418,418
22.01.2020,20:00,408,408
22.01.2020,21:00,417,417
22.01.2020,22:00,419,417
22.01.2020,23:00,420,418
23.01.2020,00:00,420,418
23.01.2020,01:00,421,418
23.01.2020,02:00,420,418
23.01.2020,03:00,380,378
23.01.2020,04:00,417,417
23.01.2020,05:00,419,418
23.01.2020,06:00,419,417
23.01.2020,07:00,418,417
23.01.2020,08:00,418,417
23.01.2020,09:00,418,417
23.01.2020,10:00,419,418
23.01.2020,11:00,419,419
23.01.2020,12:00,408,409
23.01.2020,13:00,417,419
23.01.2020,14:00,417,419
23.01.2020,15:00,417,419
23.01.2020,16:00,417,421
23.01.2020,17:00,417,420
23.01.2020,18:00,417,418
23.01.2020,19:00,417,417
23.01.2020,20:00,417,416
23.01.2020,21:00,416,415
23.01.2020,22:00,388,388
23.01.2020,23:00,412,412
24.01.2020,00:00,413,412
24.01.2020,01:00,413,413
24.01.2020,02:00,413,413
24.01.2020,03:00,410,410
24.01.2020,04:00,414,412
24.01.2020,05:00,414,412
24.01.2020,06:00,414,413
24.01.2020,07:00,415,413
24.01.2020,08:00,415,413
24.01.2020,09:00,416,413
24.01.2020,10:00,416,414
24.01.2020,11:00,416,415
24.01.2020,12:00,411,410
24.01.2020,13:00,415,413
24.01.2020,14:00,414,413
24.01.2020,15:00,414,413
24.01.2020,16:00,414,413
24.01.2020,17:00,416,413
24.01.2020,18:00,415,415
24.01.2020,19:00,414,413
24.01.2020,20:00,414,413
24.01.2020,21:00,413,413
24.01.2020,22:00,413,413
24.01.2020,23:00,400,399
25.01.2020,00:00,402,396
25.01.2020,01:00,413,412
25.01.2020,02:00,414,414
25.01.2020,03:00,415,414
25.01.2020,04:00,413,412
25.01.2020,05:00,415,414
25.01.2020,06:00,408,408
25.01.2020,07:00,413,413
25.01.2020,08:00,412,410
25.01.2020,09:00,416,414
25.01.2020,10:00,415,414
25.01.2020,11:00,416,414
25.01.2020,12:00,415,414
25.01.2020,13:00,414,414
25.01.2020,14:00,414,414
25.01.2020,15:00,411,411
25.01.2020,16:00,414,414
25.01.2020,17:00,416,414
25.01.2020,18:00,415,413
25.01.2020,19:00,408,408
25.01.2020,20:00,412,411
25.01.2020,21:00,412,412
25.01.2020,22:00,411,411
25.01.2020,23:00,412,412
26.01.2020,00:00,84,85
26.01.2020,01:00,0,0
26.01.2020,02:00,0,0
26.01.2020,03:00,0,0
26.01.2020,04:00,0,0
26.01.2020,05:00,0,0
26.01.2020,06:00,0,0
26.01.2020,07:00,0,0
26.01.2020,08:00,0,0
26.01.2020,09:00,0,0
26.01.2020,10:00,0,0
26.01.2020,11:00,0,0
26.01.2020,12:00,0,0
26.01.2020,13:00,0,0
26.01.2020,14:00,0,0
26.01.2020,15:00,0,0
26.01.2020,16:00,0,0
26.01.2020,17:00,0,0
26.01.2020,18:00,0,0
26.01.2020,19:00,0,0
26.01.2020,20:00,0,0
26.01.2020,21:00,0,0
26.01.2020,22:00,0,0
26.01.2020,23:00,0,0
27.01.2020,00:00,0,0
27.01.2020,01:00,0,0
27.01.2020,02:00,0,0
27.01.2020,03:00,0,0
27.01.2020,04:00,0,0
27.01.2020,05:00,83,59
27.01.2020,06:00,274,166
27.01.2020,07:00,401,398
27.01.2020,08:00,403,405
27.01.2020,09:00,403,406
27.01.2020,10:00,404,406
27.01.2020,11:00,402,405
27.01.2020,12:00,402,405
27.01.2020,13:00,401,404
27.01.2020,14:00,400,403
27.01.2020,15:00,400,402
27.01.2020,16:00,400,402
27.01.2020,17:00,401,403
27.01.2020,18:00,401,404
27.01.2020,19:00,401,404
27.01.2020,20:00,401,403
27.01.2020,21:00,382,384
27.01.2020,22:00,366,368
27.01.2020,23:00,58,64
28.01.2020,00:00,0,0
28.01.2020,01:00,0,0
28.01.2020,02:00,0,0
28.01.2020,03:00,0,0
28.01.2020,04:00,0,0
28.01.2020,05:00,0,0
28.01.2020,06:00,0,0
28.01.2020,07:00,0,0
28.01.2020,08:00,0,0
28.01.2020,09:00,0,0
28.01.2020,10:00,0,0
28.01.2020,11:00,0,0
28.01.2020,12:00,0,0
28.01.2020,13:00,0,0
28.01.2020,14:00,0,0
28.01.2020,15:00,0,0
28.01.2020,16:00,0,0
28.01.2020,17:00,0,0
28.01.2020,18:00,0,0
28.01.2020,19:00,0,0
28.01.2020,20:00,0,0
28.01.2020,21:00,0,0
28.01.2020,22:00,0,0
28.01.2020,23:00,0,0
29.01.2020,00:00,0,0
29.01.2020,01:00,0,0
29.01.2020,02:00,0,0
29.01.2020,03:00,0,0
29.01.2020,04:00,0,0
29.01.2020,05:00,0,0
29.01.2020,06:00,0,0
29.01.2020,07:00,0,83
29.01.2020,08:00,0,191
29.01.2020,09:00,0,389
29.01.2020,10:00,0,407
29.01.2020,11:00,0,407
29.01.2020,12:00,0,407
29.01.2020,13:00,0,407
29.01.2020,14:00,0,407
29.01.2020,15:00,0,407
29.01.2020,16:00,0,404
29.01.2020,17:00,0,273
29.01.2020,18:00,0,66
29.01.2020,19:00,0,0
29.01.2020,20:00,0,0
29.01.2020,21:00,0,0
29.01.2020,22:00,0,0
29.01.2020,23:00,0,0
30.01.2020,00:00,0,0
30.01.2020,01:00,0,0
30.01.2020,02:00,0,0
30.01.2020,03:00,0,0
30.01.2020,04:00,0,0
30.01.2020,05:00,0,0
30.01.2020,06:00,0,0
30.01.2020,07:00,0,0
30.01.2020,08:00,0,0
30.01.2020,09:00,0,0
30.01.2020,10:00,0,0
30.01.2020,11:00,0,0
30.01.2020,12:00,0,0
30.01.2020,13:00,0,0
30.01.2020,14:00,0,0
30.01.2020,15:00,0,0
30.01.2020,16:00,0,0
30.01.2020,17:00,0,0
30.01.2020,18:00,0,0
30.01.2020,19:00,0,0
30.01.2020,20:00,0,0
30.01.2020,21:00,0,0
30.01.2020,22:00,0,0
30.01.2020,23:00,0,0
31.01.2020,00:00,0,0
31.01.2020,01:00,0,0
31.01.2020,02:00,0,0
31.01.2020,03:00,0,0
31.01.2020,04:00,0,0
31.01.2020,05:00,0,0
31.01.2020,06:00,0,0
31.01.2020,07:00,0,0
31.01.2020,08:00,0,0
31.01.2020,09:00,0,0
31.01.2020,10:00,0,0
31.01.2020,11:00,0,0
31.01.2020,12:00,0,0
31.01.2020,13:00,0,0
31.01.2020,14:00,0,0
31.01.2020,15:00,0,0
31.01.2020,16:00,0,0
31.01.2020,17:00,0,0
31.01.2020,18:00,0,0
31.01.2020,19:00,0,0
31.01.2020,20:00,0,0
31.01.2020,21:00,0,0
31.01.2020,22:00,0,0
31.01.2020,23:00,0,0
01.02.2020,00:00,0,0
01.02.2020,01:00,0,0
01.02.2020,02:00,0,0
01.02.2020,03:00,0,0
01.02.2020,04:00,0,0
01.02.2020,05:00,0,0
01.02.2020,06:00,0,0
01.02.2020,07:00,0,0
01.02.2020,08:00,0,0
01.02.2020,09:00,0,0
01.02.2020,10:00,0,0
01.02.2020,11:00,0,0
01.02.2020,12:00,0,0
01.02.2020,13:00,0,0
01.02.2020,14:00,0,0
01.02.2020,15:00,0,0
01.02.2020,16:00,0,0
01.02.2020,17:00,0,0
01.02.2020,18:00,0,0
01.02.2020,19:00,0,0
01.02.2020,20:00,0,0
01.02.2020,21:00,0,0
01.02.2020,22:00,0,0
01.02.2020,23:00,0,0
02.02.2020,00:00,0,0
02.02.2020,01:00,0,0
02.02.2020,02:00,0,0
02.02.2020,03:00,0,0
02.02.2020,04:00,0,0
02.02.2020,05:00,0,0
02.02.2020,06:00,0,0
02.02.2020,07:00,0,0
02.02.2020,08:00,0,0
02.02.2020,09:00,0,0
02.02.2020,10:00,0,0
02.02.2020,11:00,0,0
02.02.2020,12:00,0,0
02.02.2020,13:00,0,0
02.02.2020,14:00,0,0
02.02.2020,15:00,0,0
02.02.2020,16:00,0,0
02.02.2020,17:00,0,0
02.02.2020,18:00,0,0
02.02.2020,19:00,0,0
02.02.2020,20:00,0,0
02.02.2020,21:00,0,0
02.02.2020,22:00,0,0
02.02.2020,23:00,0,0
03.02.2020,00:00,0,0
03.02.2020,01:00,0,0
03.02.2020,02:00,0,0
03.02.2020,03:00,0,0
03.02.2020,04:00,0,0
03.02.2020,05:00,0,0
03.02.2020,06:00,0,0
03.02.2020,07:00,0,0
03.02.2020,08:00,0,0
03.02.2020,09:00,0,0
03.02.2020,10:00,0,0
03.02.2020,11:00,0,0
03.02.2020,12:00,0,0
03.02.2020,13:00,0,0
03.02.2020,14:00,0,0
03.02.2020,15:00,0,0
03.02.2020,16:00,0,0
03.02.2020,17:00,0,0
03.02.2020,18:00,0,0
03.02.2020,19:00,0,0
03.02.2020,20:00,0,0
03.02.2020,21:00,0,0
03.02.2020,22:00,0,0
03.02.2020,23:00,0,0
04.02.2020,00:00,0,0
04.02.2020,01:00,0,0
04.02.2020,02:00,0,0
04.02.2020,03:00,0,0
04.02.2020,04:00,0,0
04.02.2020,05:00,0,0
04.02.2020,06:00,0,0
04.02.2020,07:00,0,0
04.02.2020,08:00,0,0
04.02.2020,09:00,0,0
04.02.2020,10:00,0,0
04.02.2020,11:00,0,0
04.02.2020,12:00,0,0
04.02.2020,13:00,0,0
04.02.2020,14:00,0,0
04.02.2020,15:00,0,0
04.02.2020,16:00,0,0
04.02.2020,17:00,0,0
04.02.2020,18:00,0,0
04.02.2020,19:00,0,0
04.02.2020,20:00,0,0
04.02.2020,21:00,0,0
04.02.2020,22:00,0,0
04.02.2020,23:00,0,0
05.02.2020,00:00,0,0
05.02.2020,01:00,0,0
05.02.2020,02:00,0,0
05.02.2020,03:00,0,0
05.02.2020,04:00,0,0
05.02.2020,05:00,0,0
05.02.2020,06:00,55,32
05.02.2020,07:00,99,99
05.02.2020,08:00,123,109
05.02.2020,09:00,337,282
05.02.2020,10:00,413,410
05.02.2020,11:00,414,414
05.02.2020,12:00,414,416
05.02.2020,13:00,383,387
05.02.2020,14:00,375,379
05.02.2020,15:00,413,417
05.02.2020,16:00,398,402
05.02.2020,17:00,416,420
05.02.2020,18:00,420,420
05.02.2020,19:00,419,421
05.02.2020,20:00,420,421
05.02.2020,21:00,405,405
05.02.2020,22:00,415,419
05.02.2020,23:00,90,89
06.02.2020,00:00,0,0
06.02.2020,01:00,0,0
06.02.2020,02:00,0,0
06.02.2020,03:00,0,0
06.02.2020,04:00,0,0
06.02.2020,05:00,110,27
06.02.2020,06:00,411,392
06.02.2020,07:00,417,417
06.02.2020,08:00,417,419
06.02.2020,09:00,417,420
06.02.2020,10:00,418,420
06.02.2020,11:00,418,421
06.02.2020,12:00,417,420
06.02.2020,13:00,414,418
06.02.2020,14:00,413,417
06.02.2020,15:00,412,415
06.02.2020,16:00,412,415
06.02.2020,17:00,386,389
06.02.2020,18:00,414,419
06.02.2020,19:00,416,420
06.02.2020,20:00,416,421
06.02.2020,21:00,417,421
06.02.2020,22:00,416,421
06.02.2020,23:00,416,421
07.02.2020,00:00,415,415
07.02.2020,01:00,415,415
07.02.2020,02:00,415,415
07.02.2020,03:00,415,415
07.02.2020,04:00,415,415
07.02.2020,05:00,407,407
07.02.2020,06:00,416,416
07.02.2020,07:00,416,416
07.02.2020,08:00,414,412
07.02.2020,09:00,345,342
07.02.2020,10:00,376,374
07.02.2020,11:00,368,371
07.02.2020,12:00,401,405
07.02.2020,13:00,403,408
07.02.2020,14:00,391,395
07.02.2020,15:00,366,369
07.02.2020,16:00,395,397
07.02.2020,17:00,400,403
07.02.2020,18:00,404,409
07.02.2020,19:00,404,407
07.02.2020,20:00,79,410
07.02.2020,21:00,0,84
07.02.2020,22:00,0,0
07.02.2020,23:00,0,0
08.02.2020,00:00,0,0
08.02.2020,01:00,0,0
08.02.2020,02:00,0,0
08.02.2020,03:00,0,0
08.02.2020,04:00,0,0
08.02.2020,05:00,0,0
08.02.2020,06:00,0,0
08.02.2020,07:00,0,0
08.02.2020,08:00,0,0
08.02.2020,09:00,0,0
08.02.2020,10:00,0,0
08.02.2020,11:00,0,0
08.02.2020,12:00,0,0
08.02.2020,13:00,0,0
08.02.2020,14:00,0,0
08.02.2020,15:00,0,0
08.02.2020,16:00,0,0
08.02.2020,17:00,0,0
08.02.2020,18:00,0,0
08.02.2020,19:00,0,0
08.02.2020,20:00,0,0
08.02.2020,21:00,0,0
08.02.2020,22:00,0,0
08.02.2020,23:00,0,0
09.02.2020,00:00,0,0
09.02.2020,01:00,0,0
09.02.2020,02:00,0,0
09.02.2020,03:00,0,0
09.02.2020,04:00,0,0
09.02.2020,05:00,0,0
09.02.2020,06:00,0,0
09.02.2020,07:00,0,0
09.02.2020,08:00,0,0
09.02.2020,09:00,0,0
09.02.2020,10:00,0,0
09.02.2020,11:00,0,0
09.02.2020,12:00,0,0
09.02.2020,13:00,0,0
09.02.2020,14:00,0,0
09.02.2020,15:00,0,0
09.02.2020,16:00,0,0
09.02.2020,17:00,0,0
09.02.2020,18:00,0,0
09.02.2020,19:00,0,0
09.02.2020,20:00,0,0
09.02.2020,21:00,0,0
09.02.2020,22:00,0,0
09.02.2020,23:00,0,0
10.02.2020,00:00,0,0
10.02.2020,01:00,0,0
10.02.2020,02:00,0,0
10.02.2020,03:00,0,0
10.02.2020,04:00,0,0
10.02.2020,05:00,0,0
10.02.2020,06:00,0,0
10.02.2020,07:00,0,0
10.02.2020,08:00,0,0
10.02.2020,09:00,0,0
10.02.2020,10:00,0,0
10.02.2020,11:00,0,0
10.02.2020,12:00,0,0
10.02.2020,13:00,0,0
10.02.2020,14:00,0,0
10.02.2020,15:00,0,0
10.02.2020,16:00,0,0
10.02.2020,17:00,0,0
10.02.2020,18:00,0,0
10.02.2020,19:00,0,0
10.02.2020,20:00,0,0
10.02.2020,21:00,0,0
10.02.2020,22:00,0,0
10.02.2020,23:00,0,0
11.02.2020,00:00,0,0
11.02.2020,01:00,0,0
11.02.2020,02:00,0,0
11.02.2020,03:00,0,0
11.02.2020,04:00,0,0
11.02.2020,05:00,0,0
11.02.2020,06:00,0,0
11.02.2020,07:00,0,0
11.02.2020,08:00,0,0
11.02.2020,09:00,0,0
11.02.2020,10:00,0,0
11.02.2020,11:00,0,0
11.02.2020,12:00,0,0
11.02.2020,13:00,0,0
11.02.2020,14:00,0,0
11.02.2020,15:00,0,0
11.02.2020,16:00,0,0
11.02.2020,17:00,0,0
11.02.2020,18:00,0,0
11.02.2020,19:00,0,0
11.02.2020,20:00,0,0
11.02.2020,21:00,0,0
11.02.2020,22:00,0,0
11.02.2020,23:00,0,0
12.02.2020,00:00,0,0
12.02.2020,01:00,0,0
12.02.2020,02:00,0,0
12.02.2020,03:00,0,0
12.02.2020,04:00,0,0
12.02.2020,05:00,0,0
12.02.2020,06:00,0,0
12.02.2020,07:00,0,0
12.02.2020,08:00,0,0
12.02.2020,09:00,0,0
12.02.2020,10:00,0,0
12.02.2020,11:00,0,0
12.02.2020,12:00,0,0
12.02.2020,13:00,0,0
12.02.2020,14:00,0,0
12.02.2020,15:00,0,0
12.02.2020,16:00,0,0
12.02.2020,17:00,0,0
12.02.2020,18:00,0,0
12.02.2020,19:00,0,0
12.02.2020,20:00,0,0
12.02.2020,21:00,0,0
12.02.2020,22:00,0,0
12.02.2020,23:00,0,0
13.02.2020,00:00,0,0
13.02.2020,01:00,0,0
13.02.2020,02:00,0,0
13.02.2020,03:00,0,0
13.02.2020,04:00,0,0
13.02.2020,05:00,55,47
13.02.2020,06:00,97,97
13.02.2020,07:00,122,121
13.02.2020,08:00,338,327
13.02.2020,09:00,401,403
13.02.2020,10:00,394,394
13.02.2020,11:00,405,408
13.02.2020,12:00,359,360
13.02.2020,13:00,216,233
13.02.2020,14:00,319,318
13.02.2020,15:00,400,405
13.02.2020,16:00,402,406
13.02.2020,17:00,402,406
13.02.2020,18:00,405,408
13.02.2020,19:00,404,408
13.02.2020,20:00,365,365
13.02.2020,21:00,82,83
13.02.2020,22:00,0,0
13.02.2020,23:00,0,0
14.02.2020,00:00,0,0
14.02.2020,01:00,0,0
14.02.2020,02:00,0,0
14.02.2020,03:00,0,0
14.02.2020,04:00,0,0
14.02.2020,05:00,113,28
14.02.2020,06:00,400,385
14.02.2020,07:00,406,410
14.02.2020,08:00,408,412
14.02.2020,09:00,408,412
14.02.2020,10:00,408,412
14.02.2020,11:00,408,412
14.02.2020,12:00,408,412
14.02.2020,13:00,408,412
14.02.2020,14:00,408,412
14.02.2020,15:00,408,412
14.02.2020,16:00,407,410
14.02.2020,17:00,404,407
14.02.2020,18:00,408,412
14.02.2020,19:00,408,412
14.02.2020,20:00,408,412
14.02.2020,21:00,80,83
14.02.2020,22:00,0,0
14.02.2020,23:00,0,0
15.02.2020,00:00,0,0
15.02.2020,01:00,0,0
15.02.2020,02:00,0,0
15.02.2020,03:00,0,0
15.02.2020,04:00,0,0
15.02.2020,05:00,0,0
15.02.2020,06:00,0,0
15.02.2020,07:00,0,0
15.02.2020,08:00,0,0
15.02.2020,09:00,0,0
15.02.2020,10:00,0,0
15.02.2020,11:00,0,0
15.02.2020,12:00,0,0
15.02.2020,13:00,0,0
15.02.2020,14:00,0,0
15.02.2020,15:00,0,0
15.02.2020,16:00,0,0
15.02.2020,17:00,0,0
15.02.2020,18:00,0,0
15.02.2020,19:00,0,0
15.02.2020,20:00,0,0
15.02.2020,21:00,0,0
15.02.2020,22:00,0,0
15.02.2020,23:00,0,0
16.02.2020,00:00,0,0
16.02.2020,01:00,0,0
16.02.2020,02:00,0,0
16.02.2020,03:00,0,0
16.02.2020,04:00,0,0
16.02.2020,05:00,0,0
16.02.2020,06:00,0,0
16.02.2020,07:00,0,0
16.02.2020,08:00,0,0
16.02.2020,09:00,0,0
16.02.2020,10:00,0,0
16.02.2020,11:00,0,0
16.02.2020,12:00,0,0
16.02.2020,13:00,0,0
16.02.2020,14:00,0,0
16.02.2020,15:00,0,0
16.02.2020,16:00,0,0
16.02.2020,17:00,0,0
16.02.2020,18:00,0,0
16.02.2020,19:00,0,0
16.02.2020,20:00,0,0
16.02.2020,21:00,0,0
16.02.2020,22:00,0,0
16.02.2020,23:00,0,0
17.02.2020,00:00,0,0
17.02.2020,01:00,0,0
17.02.2020,02:00,0,0
17.02.2020,03:00,0,0
17.02.2020,04:00,0,0
17.02.2020,05:00,0,0
17.02.2020,06:00,0,0
17.02.2020,07:00,0,0
17.02.2020,08:00,0,0
17.02.2020,09:00,0,0
17.02.2020,10:00,0,0
17.02.2020,11:00,0,0
17.02.2020,12:00,0,0
17.02.2020,13:00,0,0
17.02.2020,14:00,0,0
17.02.2020,15:00,0,0
17.02.2020,16:00,0,0
17.02.2020,17:00,0,0
17.02.2020,18:00,0,0
17.02.2020,19:00,0,0
17.02.2020,20:00,0,0
17.02.2020,21:00,0,0
17.02.2020,22:00,0,0
17.02.2020,23:00,0,0
18.02.2020,00:00,0,0
18.02.2020,01:00,0,0
18.02.2020,02:00,0,0
18.02.2020,03:00,0,0
18.02.2020,04:00,0,0
18.02.2020,05:00,0,0
18.02.2020,06:00,0,0
18.02.2020,07:00,0,0
18.02.2020,08:00,0,0
18.02.2020,09:00,0,0
18.02.2020,10:00,0,0
18.02.2020,11:00,0,0
18.02.2020,12:00,0,0
18.02.2020,13:00,0,0
18.02.2020,14:00,0,0
18.02.2020,15:00,0,0
18.02.2020,16:00,0,0
18.02.2020,17:00,0,0
18.02.2020,18:00,0,0
18.02.2020,19:00,0,0
18.02.2020,20:00,0,0
18.02.2020,21:00,0,0
18.02.2020,22:00,0,0
18.02.2020,23:00,0,0
19.02.2020,00:00,0,0
19.02.2020,01:00,0,0
19.02.2020,02:00,0,0
19.02.2020,03:00,0,0
19.02.2020,04:00,0,0
19.02.2020,05:00,0,0
19.02.2020,06:00,0,0
19.02.2020,07:00,0,0
19.02.2020,08:00,0,0
19.02.2020,09:00,0,0
19.02.2020,10:00,0,0
19.02.2020,11:00,0,0
19.02.2020,12:00,0,0
19.02.2020,13:00,0,0
19.02.2020,14:00,0,0
19.02.2020,15:00,0,0
19.02.2020,16:00,0,0
19.02.2020,17:00,0,0
19.02.2020,18:00,0,0
19.02.2020,19:00,0,0
19.02.2020,20:00,0,0
19.02.2020,21:00,0,0
19.02.2020,22:00,0,0
19.02.2020,23:00,0,0
20.02.2020,00:00,0,0
20.02.2020,01:00,0,0
20.02.2020,02:00,0,0
20.02.2020,03:00,0,0
20.02.2020,04:00,0,0
20.02.2020,05:00,0,0
20.02.2020,06:00,0,0
20.02.2020,07:00,0,0
20.02.2020,08:00,0,0
20.02.2020,09:00,0,0
20.02.2020,10:00,0,0
20.02.2020,11:00,0,0
20.02.2020,12:00,0,0
20.02.2020,13:00,0,0
20.02.2020,14:00,0,0
20.02.2020,15:00,0,0
20.02.2020,16:00,0,0
20.02.2020,17:00,0,0
20.02.2020,18:00,0,0
20.02.2020,19:00,0,0
20.02.2020,20:00,0,0
20.02.2020,21:00,0,0
20.02.2020,22:00,0,0
20.02.2020,23:00,0,0
21.02.2020,00:00,0,0
21.02.2020,01:00,0,0
21.02.2020,02:00,0,0
21.02.2020,03:00,0,0
21.02.2020,04:00,0,0
21.02.2020,05:00,0,0
21.02.2020,06:00,0,0
21.02.2020,07:00,0,0
21.02.2020,08:00,0,0
21.02.2020,09:00,0,0
21.02.2020,10:00,0,0
21.02.2020,11:00,0,0
21.02.2020,12:00,0,0
21.02.2020,13:00,0,0
21.02.2020,14:00,0,0
21.02.2020,15:00,0,0
21.02.2020,16:00,0,0
21.02.2020,17:00,0,0
21.02.2020,18:00,0,0
21.02.2020,19:00,0,0
21.02.2020,20:00,0,0
21.02.2020,21:00,0,0
21.02.2020,22:00,0,0
21.02.2020,23:00,0,0
22.02.2020,00:00,0,0
22.02.2020,01:00,0,0
22.02.2020,02:00,0,0
22.02.2020,03:00,0,0
22.02.2020,04:00,0,0
22.02.2020,05:00,0,0
22.02.2020,06:00,0,0
22.02.2020,07:00,0,0
22.02.2020,08:00,0,0
22.02.2020,09:00,0,0
22.02.2020,10:00,0,0
22.02.2020,11:00,0,0
22.02.2020,12:00,0,0
22.02.2020,13:00,0,0
22.02.2020,14:00,0,0
22.02.2020,15:00,0,0
22.02.2020,16:00,0,0
22.02.2020,17:00,0,0
22.02.2020,18:00,0,0
22.02.2020,19:00,0,0
22.02.2020,20:00,0,0
22.02.2020,21:00,0,0
22.02.2020,22:00,0,0
22.02.2020,23:00,0,0
23.02.2020,00:00,0,0
23.02.2020,01:00,0,0
23.02.2020,02:00,0,0
23.02.2020,03:00,0,0
23.02.2020,04:00,0,0
23.02.2020,05:00,0,0
23.02.2020,06:00,0,0
23.02.2020,07:00,0,0
23.02.2020,08:00,0,0
23.02.2020,09:00,0,0
23.02.2020,10:00,0,0
23.02.2020,11:00,0,0
23.02.2020,12:00,0,0
23.02.2020,13:00,0,0
23.02.2020,14:00,0,0
23.02.2020,15:00,0,0
23.02.2020,16:00,0,0
23.02.2020,17:00,0,0
23.02.2020,18:00,0,0
23.02.2020,19:00,0,0
23.02.2020,20:00,0,0
23.02.2020,21:00,0,0
23.02.2020,22:00,0,0
23.02.2020,23:00,0,0
24.02.2020,00:00,0,0
24.02.2020,01:00,0,0
24.02.2020,02:00,0,0
24.02.2020,03:00,0,0
24.02.2020,04:00,0,0
24.02.2020,05:00,0,0
24.02.2020,06:00,0,0
24.02.2020,07:00,0,0
24.02.2020,08:00,0,0
24.02.2020,09:00,0,0
24.02.2020,10:00,0,0
24.02.2020,11:00,0,0
24.02.2020,12:00,0,0
24.02.2020,13:00,0,0
24.02.2020,14:00,0,0
24.02.2020,15:00,0,0
24.02.2020,16:00,0,0
24.02.2020,17:00,0,0
24.02.2020,18:00,0,0
24.02.2020,19:00,0,0
24.02.2020,20:00,0,0
24.02.2020,21:00,0,0
24.02.2020,22:00,0,0
24.02.2020,23:00,0,0
25.02.2020,00:00,0,0
25.02.2020,01:00,0,0
25.02.2020,02:00,0,0
25.02.2020,03:00,0,0
25.02.2020,04:00,0,0
25.02.2020,05:00,0,0
25.02.2020,06:00,0,0
25.02.2020,07:00,0,0
25.02.2020,08:00,0,0
25.02.2020,09:00,0,0
25.02.2020,10:00,0,0
25.02.2020,11:00,0,0
25.02.2020,12:00,0,0
25.02.2020,13:00,0,0
25.02.2020,14:00,0,0
25.02.2020,15:00,0,0
25.02.2020,16:00,0,0
25.02.2020,17:00,0,0
25.02.2020,18:00,0,0
25.02.2020,19:00,0,0
25.02.2020,20:00,0,0
25.02.2020,21:00,0,0
25.02.2020,22:00,0,0
25.02.2020,23:00,0,0
26.02.2020,00:00,0,0
26.02.2020,01:00,0,0
26.02.2020,02:00,0,0
26.02.2020,03:00,0,0
26.02.2020,04:00,0,0
26.02.2020,05:00,0,0
26.02.2020,06:00,0,0
26.02.2020,07:00,0,0
26.02.2020,08:00,0,0
26.02.2020,09:00,0,0
26.02.2020,10:00,0,0
26.02.2020,11:00,0,0
26.02.2020,12:00,0,0
26.02.2020,13:00,0,0
26.02.2020,14:00,0,0
26.02.2020,15:00,0,0
26.02.2020,16:00,0,0
26.02.2020,17:00,0,0
26.02.2020,18:00,0,0
26.02.2020,19:00,0,0
26.02.2020,20:00,0,0
26.02.2020,21:00,0,0
26.02.2020,22:00,0,0
26.02.2020,23:00,0,0
27.02.2020,00:00,0,0
27.02.2020,01:00,0,0
27.02.2020,02:00,0,0
27.02.2020,03:00,0,0
27.02.2020,04:00,76,0
27.02.2020,05:00,96,0
27.02.2020,06:00,128,0
27.02.2020,07:00,356,0
27.02.2020,08:00,400,0
27.02.2020,09:00,405,0
27.02.2020,10:00,405,0
27.02.2020,11:00,405,0
27.02.2020,12:00,403,0
27.02.2020,13:00,402,0
27.02.2020,14:00,402,0
27.02.2020,15:00,403,0
27.02.2020,16:00,402,0
27.02.2020,17:00,401,0
27.02.2020,18:00,401,0
27.02.2020,19:00,401,0
27.02.2020,20:00,402,0
27.02.2020,21:00,403,0
27.02.2020,22:00,79,0
27.02.2020,23:00,0,0
28.02.2020,00:00,0,0
28.02.2020,01:00,0,0
28.02.2020,02:00,0,0
28.02.2020,03:00,0,0
28.02.2020,04:00,0,0
28.02.2020,05:00,0,0
28.02.2020,06:00,0,0
28.02.2020,07:00,0,0
28.02.2020,08:00,0,0
28.02.2020,09:00,0,0
28.02.2020,10:00,0,0
28.02.2020,11:00,0,0
28.02.2020,12:00,0,0
28.02.2020,13:00,0,0
28.02.2020,14:00,0,0
28.02.2020,15:00,0,0
28.02.2020,16:00,0,0
28.02.2020,17:00,0,0
28.02.2020,18:00,0,0
28.02.2020,19:00,0,0
28.02.2020,20:00,0,0
28.02.2020,21:00,0,0
28.02.2020,22:00,0,0
28.02.2020,23:00,0,0
29.02.2020,00:00,0,0
29.02.2020,01:00,0,0
29.02.2020,02:00,0,0
29.02.2020,03:00,0,0
29.02.2020,04:00,0,0
29.02.2020,05:00,0,0
29.02.2020,06:00,0,0
29.02.2020,07:00,0,0
29.02.2020,08:00,0,0
29.02.2020,09:00,0,0
29.02.2020,10:00,0,0
29.02.2020,11:00,0,0
29.02.2020,12:00,0,0
29.02.2020,13:00,0,0
29.02.2020,14:00,0,0
29.02.2020,15:00,0,0
29.02.2020,16:00,0,0
29.02.2020,17:00,0,0
29.02.2020,18:00,0,0
29.02.2020,19:00,0,0
29.02.2020,20:00,0,0
29.02.2020,21:00,0,0
29.02.2020,22:00,0,0
29.02.2020,23:00,0,0
01.03.2020,00:00,0,0
01.03.2020,01:00,0,0
01.03.2020,02:00,0,0
01.03.2020,03:00,0,0
01.03.2020,04:00,0,0
01.03.2020,05:00,0,0
01.03.2020,06:00,0,0
01.03.2020,07:00,0,0
01.03.2020,08:00,0,0
01.03.2020,09:00,0,0
01.03.2020,10:00,0,0
01.03.2020,11:00,0,0
01.03.2020,12:00,0,0
01.03.2020,13:00,0,0
01.03.2020,14:00,0,0
01.03.2020,15:00,0,0
01.03.2020,16:00,0,0
01.03.2020,17:00,0,0
01.03.2020,18:00,0,0
01.03.2020,19:00,0,0
01.03.2020,20:00,0,0
01.03.2020,21:00,0,0
01.03.2020,22:00,0,0
01.03.2020,23:00,0,0
02.03.2020,00:00,0,0
02.03.2020,01:00,0,0
02.03.2020,02:00,0,0
02.03.2020,03:00,0,0
02.03.2020,04:00,0,0
02.03.2020,05:00,30,49
02.03.2020,06:00,95,96
02.03.2020,07:00,229,105
02.03.2020,08:00,392,252
02.03.2020,09:00,399,393
02.03.2020,10:00,398,399
02.03.2020,11:00,396,400
02.03.2020,12:00,395,399
02.03.2020,13:00,394,398
02.03.2020,14:00,393,397
02.03.2020,15:00,356,359
02.03.2020,16:00,393,397
02.03.2020,17:00,394,399
02.03.2020,18:00,396,400
02.03.2020,19:00,398,401
02.03.2020,20:00,397,402
02.03.2020,21:00,397,402
02.03.2020,22:00,398,404
02.03.2020,23:00,78,80
03.03.2020,00:00,0,0
03.03.2020,01:00,0,0
03.03.2020,02:00,0,0
03.03.2020,03:00,0,0
03.03.2020,04:00,0,0
03.03.2020,05:00,0,0
03.03.2020,06:00,312,212
03.03.2020,07:00,403,402
03.03.2020,08:00,405,406
03.03.2020,09:00,405,408
03.03.2020,10:00,404,408
03.03.2020,11:00,403,407
03.03.2020,12:00,402,406
03.03.2020,13:00,403,406
03.03.2020,14:00,402,403
03.03.2020,15:00,402,401
03.03.2020,16:00,403,401
03.03.2020,17:00,399,407
03.03.2020,18:00,403,408
03.03.2020,19:00,404,409
03.03.2020,20:00,406,410
03.03.2020,21:00,407,410
03.03.2020,22:00,407,411
03.03.2020,23:00,279,281
04.03.2020,00:00,352,355
04.03.2020,01:00,372,375
04.03.2020,02:00,377,380
04.03.2020,03:00,302,305
04.03.2020,04:00,313,316
04.03.2020,05:00,405,407
04.03.2020,06:00,403,407
04.03.2020,07:00,407,411
04.03.2020,08:00,408,411
04.03.2020,09:00,399,403
04.03.2020,10:00,398,404
04.03.2020,11:00,405,409
04.03.2020,12:00,405,410
04.03.2020,13:00,405,410
04.03.2020,14:00,403,408
04.03.2020,15:00,403,408
04.03.2020,16:00,403,408
04.03.2020,17:00,394,398
04.03.2020,18:00,406,410
04.03.2020,19:00,408,412
04.03.2020,20:00,406,412
04.03.2020,21:00,408,412
04.03.2020,22:00,408,412
04.03.2020,23:00,81,84
05.03.2020,00:00,0,0
05.03.2020,01:00,0,0
05.03.2020,02:00,0,0
05.03.2020,03:00,0,0
05.03.2020,04:00,0,0
05.03.2020,05:00,110,28
05.03.2020,06:00,399,388
05.03.2020,07:00,402,406
05.03.2020,08:00,375,379
05.03.2020,09:00,385,387
05.03.2020,10:00,398,403
05.03.2020,11:00,389,393
05.03.2020,12:00,388,393
05.03.2020,13:00,396,402
05.03.2020,14:00,398,402
05.03.2020,15:00,389,393
05.03.2020,16:00,396,400
05.03.2020,17:00,397,401
05.03.2020,18:00,397,401
05.03.2020,19:00,397,401
05.03.2020,20:00,398,402
05.03.2020,21:00,76,79
05.03.2020,22:00,0,0
05.03.2020,23:00,0,0
06.03.2020,00:00,0,0
06.03.2020,01:00,0,0
06.03.2020,02:00,0,0
06.03.2020,03:00,0,0
06.03.2020,04:00,0,0
06.03.2020,05:00,0,0
06.03.2020,06:00,0,0
06.03.2020,07:00,0,0
06.03.2020,08:00,0,0
06.03.2020,09:00,0,0
06.03.2020,10:00,0,0
06.03.2020,11:00,0,0
06.03.2020,12:00,0,0
06.03.2020,13:00,0,0
06.03.2020,14:00,0,0
06.03.2020,15:00,0,0
06.03.2020,16:00,0,0
06.03.2020,17:00,0,0
06.03.2020,18:00,0,0
06.03.2020,19:00,0,0
06.03.2020,20:00,0,0
06.03.2020,21:00,0,0
06.03.2020,22:00,0,0
06.03.2020,23:00,0,0
07.03.2020,00:00,0,0
07.03.2020,01:00,0,0
07.03.2020,02:00,0,0
07.03.2020,03:00,0,0
07.03.2020,04:00,0,0
07.03.2020,05:00,0,0
07.03.2020,06:00,0,0
07.03.2020,07:00,0,0
07.03.2020,08:00,0,0
07.03.2020,09:00,0,0
07.03.2020,10:00,0,0
07.03.2020,11:00,0,0
07.03.2020,12:00,0,0
07.03.2020,13:00,0,0
07.03.2020,14:00,0,0
07.03.2020,15:00,0,0
07.03.2020,16:00,0,0
07.03.2020,17:00,0,0
07.03.2020,18:00,0,0
07.03.2020,19:00,0,0
07.03.2020,20:00,0,0
07.03.2020,21:00,0,0
07.03.2020,22:00,0,0
07.03.2020,23:00,0,0
08.03.2020,00:00,0,0
08.03.2020,01:00,0,0
08.03.2020,02:00,0,0
08.03.2020,03:00,0,0
08.03.2020,04:00,0,0
08.03.2020,05:00,0,0
08.03.2020,06:00,0,0
08.03.2020,07:00,0,0
08.03.2020,08:00,0,0
08.03.2020,09:00,0,0
08.03.2020,10:00,0,0
08.03.2020,11:00,0,0
08.03.2020,12:00,0,0
08.03.2020,13:00,0,0
08.03.2020,14:00,0,0
08.03.2020,15:00,0,0
08.03.2020,16:00,0,0
08.03.2020,17:00,0,0
08.03.2020,18:00,0,0
08.03.2020,19:00,0,0
08.03.2020,20:00,0,0
08.03.2020,21:00,0,0
08.03.2020,22:00,0,0
08.03.2020,23:00,0,0
09.03.2020,00:00,0,0
09.03.2020,01:00,0,0
09.03.2020,02:00,0,0
09.03.2020,03:00,0,0
09.03.2020,04:00,0,0
09.03.2020,05:00,0,0
09.03.2020,06:00,53,31
09.03.2020,07:00,98,97
09.03.2020,08:00,296,203
09.03.2020,09:00,400,397
09.03.2020,10:00,405,407
09.03.2020,11:00,401,405
09.03.2020,12:00,358,361
09.03.2020,13:00,395,401
09.03.2020,14:00,404,410
09.03.2020,15:00,395,402
09.03.2020,16:00,378,386
09.03.2020,17:00,386,393
09.03.2020,18:00,406,411
09.03.2020,19:00,407,411
09.03.2020,20:00,400,405
09.03.2020,21:00,400,404
09.03.2020,22:00,344,71
09.03.2020,23:00,60,0
10.03.2020,00:00,0,0
10.03.2020,01:00,0,0
10.03.2020,02:00,0,0
10.03.2020,03:00,0,0
10.03.2020,04:00,0,0
10.03.2020,05:00,0,0
10.03.2020,06:00,0,0
10.03.2020,07:00,0,0
10.03.2020,08:00,0,0
10.03.2020,09:00,0,0
10.03.2020,10:00,0,0
10.03.2020,11:00,0,0
10.03.2020,12:00,0,0
10.03.2020,13:00,0,0
10.03.2020,14:00,0,0
10.03.2020,15:00,0,0
10.03.2020,16:00,0,0
10.03.2020,17:00,0,0
10.03.2020,18:00,0,0
10.03.2020,19:00,0,0
10.03.2020,20:00,0,0
10.03.2020,21:00,0,0
10.03.2020,22:00,0,0
10.03.2020,23:00,0,0
11.03.2020,00:00,0,0
11.03.2020,01:00,0,0
11.03.2020,02:00,0,0
11.03.2020,03:00,0,0
11.03.2020,04:00,0,0
11.03.2020,05:00,0,0
11.03.2020,06:00,0,0
11.03.2020,07:00,0,0
11.03.2020,08:00,0,0
11.03.2020,09:00,0,0
11.03.2020,10:00,0,0
11.03.2020,11:00,0,0
11.03.2020,12:00,0,0
11.03.2020,13:00,0,0
11.03.2020,14:00,0,0
11.03.2020,15:00,0,0
11.03.2020,16:00,0,0
11.03.2020,17:00,0,0
11.03.2020,18:00,0,0
11.03.2020,19:00,0,0
11.03.2020,20:00,0,0
11.03.2020,21:00,0,0
11.03.2020,22:00,0,0
11.03.2020,23:00,0,0
12.03.2020,00:00,0,0
12.03.2020,01:00,0,0
12.03.2020,02:00,0,0
12.03.2020,03:00,0,0
12.03.2020,04:00,0,0
12.03.2020,05:00,0,0
12.03.2020,06:00,0,0
12.03.2020,07:00,0,0
12.03.2020,08:00,0,0
12.03.2020,09:00,0,0
12.03.2020,10:00,0,0
12.03.2020,11:00,0,0
12.03.2020,12:00,0,0
12.03.2020,13:00,0,0
12.03.2020,14:00,0,0
12.03.2020,15:00,0,0
12.03.2020,16:00,0,0
12.03.2020,17:00,0,0
12.03.2020,18:00,0,0
12.03.2020,19:00,0,0
12.03.2020,20:00,0,0
12.03.2020,21:00,0,0
12.03.2020,22:00,0,0
12.03.2020,23:00,0,0
13.03.2020,00:00,0,0
13.03.2020,01:00,0,0
13.03.2020,02:00,0,0
13.03.2020,03:00,0,0
13.03.2020,04:00,0,0
13.03.2020,05:00,0,0
13.03.2020,06:00,0,0
13.03.2020,07:00,0,0
13.03.2020,08:00,0,0
13.03.2020,09:00,0,0
13.03.2020,10:00,0,0
13.03.2020,11:00,0,0
13.03.2020,12:00,0,0
13.03.2020,13:00,0,0
13.03.2020,14:00,0,0
13.03.2020,15:00,0,0
13.03.2020,16:00,0,0
13.03.2020,17:00,0,0
13.03.2020,18:00,0,0
13.03.2020,19:00,0,0
13.03.2020,20:00,0,0
13.03.2020,21:00,0,0
13.03.2020,22:00,0,0
13.03.2020,23:00,0,0
14.03.2020,00:00,0,0
14.03.2020,01:00,0,0
14.03.2020,02:00,0,0
14.03.2020,03:00,0,0
14.03.2020,04:00,0,0
14.03.2020,05:00,0,0
14.03.2020,06:00,0,0
14.03.2020,07:00,0,0
14.03.2020,08:00,0,0
14.03.2020,09:00,0,0
14.03.2020,10:00,0,0
14.03.2020,11:00,0,0
14.03.2020,12:00,0,0
14.03.2020,13:00,0,0
14.03.2020,14:00,0,0
14.03.2020,15:00,0,0
14.03.2020,16:00,0,0
14.03.2020,17:00,0,0
14.03.2020,18:00,0,0
14.03.2020,19:00,0,0
14.03.2020,20:00,0,0
14.03.2020,21:00,0,0
14.03.2020,22:00,0,0
14.03.2020,23:00,0,0
15.03.2020,00:00,0,0
15.03.2020,01:00,0,0
15.03.2020,02:00,0,0
15.03.2020,03:00,0,0
15.03.2020,04:00,0,0
15.03.2020,05:00,0,0
15.03.2020,06:00,0,0
15.03.2020,07:00,0,0
15.03.2020,08:00,0,0
15.03.2020,09:00,0,0
15.03.2020,10:00,0,0
15.03.2020,11:00,0,0
15.03.2020,12:00,0,0
15.03.2020,13:00,0,0
15.03.2020,14:00,0,0
15.03.2020,15:00,0,0
15.03.2020,16:00,0,0
15.03.2020,17:00,0,0
15.03.2020,18:00,0,0
15.03.2020,19:00,0,0
15.03.2020,20:00,0,0
15.03.2020,21:00,0,0
15.03.2020,22:00,0,0
15.03.2020,23:00,0,0
16.03.2020,00:00,0,0
16.03.2020,01:00,0,0
16.03.2020,02:00,0,0
16.03.2020,03:00,0,0
16.03.2020,04:00,0,0
16.03.2020,05:00,0,0
16.03.2020,06:00,0,0
16.03.2020,07:00,0,0
16.03.2020,08:00,0,0
16.03.2020,09:00,0,0
16.03.2020,10:00,0,0
16.03.2020,11:00,0,0
16.03.2020,12:00,0,0
16.03.2020,13:00,0,0
16.03.2020,14:00,0,0
16.03.2020,15:00,0,0
16.03.2020,16:00,0,0
16.03.2020,17:00,0,0
16.03.2020,18:00,0,0
16.03.2020,19:00,0,0
16.03.2020,20:00,0,0
16.03.2020,21:00,0,0
16.03.2020,22:00,0,0
16.03.2020,23:00,0,0
17.03.2020,00:00,0,0
17.03.2020,01:00,0,0
17.03.2020,02:00,0,0
17.03.2020,03:00,0,0
17.03.2020,04:00,0,0
17.03.2020,05:00,0,0
17.03.2020,06:00,0,0
17.03.2020,07:00,0,0
17.03.2020,08:00,0,0
17.03.2020,09:00,0,0
17.03.2020,10:00,0,0
17.03.2020,11:00,0,0
17.03.2020,12:00,0,0
17.03.2020,13:00,0,0
17.03.2020,14:00,0,0
17.03.2020,15:00,0,0
17.03.2020,16:00,0,0
17.03.2020,17:00,0,0
17.03.2020,18:00,0,0
17.03.2020,19:00,0,0
17.03.2020,20:00,0,0
17.03.2020,21:00,0,0
17.03.2020,22:00,0,0
17.03.2020,23:00,0,0
18.03.2020,00:00,0,0
18.03.2020,01:00,0,0
18.03.2020,02:00,0,0
18.03.2020,03:00,0,0
18.03.2020,04:00,0,0
18.03.2020,05:00,0,0
18.03.2020,06:00,0,0
18.03.2020,07:00,0,0
18.03.2020,08:00,0,0
18.03.2020,09:00,0,0
18.03.2020,10:00,0,0
18.03.2020,11:00,0,0
18.03.2020,12:00,0,0
18.03.2020,13:00,0,0
18.03.2020,14:00,0,0
18.03.2020,15:00,0,0
18.03.2020,16:00,0,0
18.03.2020,17:00,0,0
18.03.2020,18:00,0,0
18.03.2020,19:00,0,0
18.03.2020,20:00,0,0
18.03.2020,21:00,0,0
18.03.2020,22:00,0,0
18.03.2020,23:00,0,0
19.03.2020,00:00,0,0
19.03.2020,01:00,0,0
19.03.2020,02:00,0,0
19.03.2020,03:00,0,0
19.03.2020,04:00,0,0
19.03.2020,05:00,0,0
19.03.2020,06:00,0,0
19.03.2020,07:00,0,0
19.03.2020,08:00,0,0
19.03.2020,09:00,0,0
19.03.2020,10:00,0,0
19.03.2020,11:00,0,0
19.03.2020,12:00,0,0
19.03.2020,13:00,0,0
19.03.2020,14:00,0,0
19.03.2020,15:00,0,0
19.03.2020,16:00,0,0
19.03.2020,17:00,0,0
19.03.2020,18:00,0,0
19.03.2020,19:00,0,0
19.03.2020,20:00,0,0
19.03.2020,21:00,0,0
19.03.2020,22:00,0,0
19.03.2020,23:00,0,0
20.03.2020,00:00,0,0
20.03.2020,01:00,0,0
20.03.2020,02:00,0,0
20.03.2020,03:00,0,0
20.03.2020,04:00,0,0
20.03.2020,05:00,0,0
20.03.2020,06:00,0,0
20.03.2020,07:00,0,0
20.03.2020,08:00,0,0
20.03.2020,09:00,0,0
20.03.2020,10:00,0,0
20.03.2020,11:00,0,0
20.03.2020,12:00,0,0
20.03.2020,13:00,0,0
20.03.2020,14:00,0,0
20.03.2020,15:00,0,0
20.03.2020,16:00,0,0
20.03.2020,17:00,0,0
20.03.2020,18:00,0,0
20.03.2020,19:00,0,0
20.03.2020,20:00,0,0
20.03.2020,21:00,0,0
20.03.2020,22:00,0,0
20.03.2020,23:00,0,0
21.03.2020,00:00,0,0
21.03.2020,01:00,0,0
21.03.2020,02:00,0,0
21.03.2020,03:00,0,0
21.03.2020,04:00,0,0
21.03.2020,05:00,0,0
21.03.2020,06:00,0,0
21.03.2020,07:00,0,0
21.03.2020,08:00,0,0
21.03.2020,09:00,0,0
21.03.2020,10:00,0,0
21.03.2020,11:00,0,0
21.03.2020,12:00,0,0
21.03.2020,13:00,0,0
21.03.2020,14:00,0,0
21.03.2020,15:00,0,0
21.03.2020,16:00,0,0
21.03.2020,17:00,0,0
21.03.2020,18:00,0,0
21.03.2020,19:00,0,0
21.03.2020,20:00,0,0
21.03.2020,21:00,0,0
21.03.2020,22:00,0,0
21.03.2020,23:00,0,0
22.03.2020,00:00,0,0
22.03.2020,01:00,0,0
22.03.2020,02:00,0,0
22.03.2020,03:00,0,0
22.03.2020,04:00,0,0
22.03.2020,05:00,0,0
22.03.2020,06:00,0,0
22.03.2020,07:00,0,0
22.03.2020,08:00,0,0
22.03.2020,09:00,0,0
22.03.2020,10:00,0,0
22.03.2020,11:00,0,0
22.03.2020,12:00,0,0
22.03.2020,13:00,0,0
22.03.2020,14:00,0,0
22.03.2020,15:00,0,0
22.03.2020,16:00,0,0
22.03.2020,17:00,0,0
22.03.2020,18:00,0,0
22.03.2020,19:00,0,0
22.03.2020,20:00,0,0
22.03.2020,21:00,0,0
22.03.2020,22:00,0,0
22.03.2020,23:00,0,0
23.03.2020,00:00,0,0
23.03.2020,01:00,0,0
23.03.2020,02:00,0,0
23.03.2020,03:00,0,0
23.03.2020,04:00,0,0
23.03.2020,05:00,0,0
23.03.2020,06:00,0,0
23.03.2020,07:00,0,0
23.03.2020,08:00,0,0
23.03.2020,09:00,0,0
23.03.2020,10:00,0,0
23.03.2020,11:00,0,0
23.03.2020,12:00,0,0
23.03.2020,13:00,0,0
23.03.2020,14:00,0,0
23.03.2020,15:00,0,0
23.03.2020,16:00,0,0
23.03.2020,17:00,0,0
23.03.2020,18:00,0,0
23.03.2020,19:00,0,0
23.03.2020,20:00,0,0
23.03.2020,21:00,0,0
23.03.2020,22:00,0,0
23.03.2020,23:00,0,0
24.03.2020,00:00,0,0
24.03.2020,01:00,0,0
24.03.2020,02:00,0,0
24.03.2020,03:00,0,0
24.03.2020,04:00,0,0
24.03.2020,05:00,0,0
24.03.2020,06:00,0,0
24.03.2020,07:00,0,0
24.03.2020,08:00,0,0
24.03.2020,09:00,0,0
24.03.2020,10:00,0,0
24.03.2020,11:00,0,0
24.03.2020,12:00,0,0
24.03.2020,13:00,0,0
24.03.2020,14:00,0,0
24.03.2020,15:00,0,0
24.03.2020,16:00,0,0
24.03.2020,17:00,0,0
24.03.2020,18:00,0,0
24.03.2020,19:00,0,0
24.03.2020,20:00,0,0
24.03.2020,21:00,0,0
24.03.2020,22:00,0,0
24.03.2020,23:00,0,0
25.03.2020,00:00,0,0
25.03.2020,01:00,0,0
25.03.2020,02:00,0,0
25.03.2020,03:00,0,0
25.03.2020,04:00,0,0
25.03.2020,05:00,0,0
25.03.2020,06:00,0,0
25.03.2020,07:00,0,0
25.03.2020,08:00,0,0
25.03.2020,09:00,0,0
25.03.2020,10:00,0,0
25.03.2020,11:00,0,0
25.03.2020,12:00,0,0
25.03.2020,13:00,0,0
25.03.2020,14:00,0,0
25.03.2020,15:00,0,0
25.03.2020,16:00,0,0
25.03.2020,17:00,0,0
25.03.2020,18:00,0,0
25.03.2020,19:00,0,0
25.03.2020,20:00,0,0
25.03.2020,21:00,0,0
25.03.2020,22:00,0,0
25.03.2020,23:00,0,0
26.03.2020,00:00,0,0
26.03.2020,01:00,0,0
26.03.2020,02:00,0,0
26.03.2020,03:00,0,0
26.03.2020,04:00,0,0
26.03.2020,05:00,0,0
26.03.2020,06:00,0,0
26.03.2020,07:00,0,0
26.03.2020,08:00,0,0
26.03.2020,09:00,0,0
26.03.2020,10:00,0,0
26.03.2020,11:00,0,0
26.03.2020,12:00,0,0
26.03.2020,13:00,0,0
26.03.2020,14:00,0,0
26.03.2020,15:00,0,0
26.03.2020,16:00,0,0
26.03.2020,17:00,0,0
26.03.2020,18:00,0,0
26.03.2020,19:00,0,0
26.03.2020,20:00,0,0
26.03.2020,21:00,0,0
26.03.2020,22:00,0,0
26.03.2020,23:00,0,0
27.03.2020,00:00,0,0
27.03.2020,01:00,0,0
27.03.2020,02:00,0,0
27.03.2020,03:00,0,0
27.03.2020,04:00,0,0
27.03.2020,05:00,0,0
27.03.2020,06:00,0,0
27.03.2020,07:00,0,0
27.03.2020,08:00,0,0
27.03.2020,09:00,0,0
27.03.2020,10:00,0,0
27.03.2020,11:00,0,0
27.03.2020,12:00,0,0
27.03.2020,13:00,0,0
27.03.2020,14:00,0,0
27.03.2020,15:00,0,0
27.03.2020,16:00,0,0
27.03.2020,17:00,0,0
27.03.2020,18:00,0,0
27.03.2020,19:00,0,0
27.03.2020,20:00,0,0
27.03.2020,21:00,0,0
27.03.2020,22:00,0,0
27.03.2020,23:00,0,0
28.03.2020,00:00,0,0
28.03.2020,01:00,0,0
28.03.2020,02:00,0,0
28.03.2020,03:00,0,0
28.03.2020,04:00,0,0
28.03.2020,05:00,0,0
28.03.2020,06:00,0,0
28.03.2020,07:00,0,0
28.03.2020,08:00,0,0
28.03.2020,09:00,0,0
28.03.2020,10:00,0,0
28.03.2020,11:00,0,0
28.03.2020,12:00,0,0
28.03.2020,13:00,0,0
28.03.2020,14:00,0,0
28.03.2020,15:00,0,0
28.03.2020,16:00,0,0
28.03.2020,17:00,0,0
28.03.2020,18:00,0,0
28.03.2020,19:00,0,0
28.03.2020,20:00,0,0
28.03.2020,21:00,0,0
28.03.2020,22:00,0,0
28.03.2020,23:00,0,0
29.03.2020,00:00,0,0
29.03.2020,01:00,0,0
29.03.2020,03:00,0,0
29.03.2020,04:00,0,0
29.03.2020,05:00,0,0
29.03.2020,06:00,0,0
29.03.2020,07:00,0,0
29.03.2020,08:00,0,0
29.03.2020,09:00,0,0
29.03.2020,10:00,0,0
29.03.2020,11:00,0,0
29.03.2020,12:00,0,0
29.03.2020,13:00,0,0
29.03.2020,14:00,0,0
29.03.2020,15:00,0,0
29.03.2020,16:00,0,0
29.03.2020,17:00,0,0
29.03.2020,18:00,0,0
29.03.2020,19:00,0,0
29.03.2020,20:00,0,0
29.03.2020,21:00,0,0
29.03.2020,22:00,0,0
29.03.2020,23:00,0,0
30.03.2020,00:00,0,0
30.03.2020,01:00,0,0
30.03.2020,02:00,0,0
30.03.2020,03:00,0,0
30.03.2020,04:00,0,0
30.03.2020,05:00,0,0
30.03.2020,06:00,0,0
30.03.2020,07:00,0,0
30.03.2020,08:00,0,0
30.03.2020,09:00,0,0
30.03.2020,10:00,0,0
30.03.2020,11:00,0,0
30.03.2020,12:00,0,0
30.03.2020,13:00,0,0
30.03.2020,14:00,0,0
30.03.2020,15:00,0,0
30.03.2020,16:00,0,0
30.03.2020,17:00,0,0
30.03.2020,18:00,0,0
30.03.2020,19:00,0,0
30.03.2020,20:00,0,0
30.03.2020,21:00,0,0
30.03.2020,22:00,0,0
30.03.2020,23:00,0,0
31.03.2020,00:00,0,0
31.03.2020,01:00,0,0
31.03.2020,02:00,0,0
31.03.2020,03:00,0,0
31.03.2020,04:00,0,0
31.03.2020,05:00,0,0
31.03.2020,06:00,0,0
31.03.2020,07:00,0,0
31.03.2020,08:00,0,0
31.03.2020,09:00,0,0
31.03.2020,10:00,0,0
31.03.2020,11:00,0,0
31.03.2020,12:00,0,0
31.03.2020,13:00,0,0
31.03.2020,14:00,0,0
31.03.2020,15:00,0,0
31.03.2020,16:00,0,0
31.03.2020,17:00,0,0
31.03.2020,18:00,0,0
31.03.2020,19:00,0,0
31.03.2020,20:00,0,0
31.03.2020,21:00,0,0
31.03.2020,22:00,0,0
31.03.2020,23:00,0,0
01.04.2020,00:00,0,0
01.04.2020,01:00,0,0
01.04.2020,02:00,0,0
01.04.2020,03:00,0,0
01.04.2020,04:00,0,0
01.04.2020,05:00,0,0
01.04.2020,06:00,0,0
01.04.2020,07:00,0,0
01.04.2020,08:00,0,0
01.04.2020,09:00,0,0
01.04.2020,10:00,0,0
01.04.2020,11:00,0,0
01.04.2020,12:00,0,0
01.04.2020,13:00,0,0
01.04.2020,14:00,0,0
01.04.2020,15:00,0,0
01.04.2020,16:00,0,0
01.04.2020,17:00,0,0
01.04.2020,18:00,0,0
01.04.2020,19:00,0,0
01.04.2020,20:00,0,0
01.04.2020,21:00,0,0
01.04.2020,22:00,0,0
01.04.2020,23:00,0,0
02.04.2020,00:00,0,0
02.04.2020,01:00,0,0
02.04.2020,02:00,0,0
02.04.2020,03:00,0,0
02.04.2020,04:00,0,0
02.04.2020,05:00,0,0
02.04.2020,06:00,0,0
02.04.2020,07:00,0,0
02.04.2020,08:00,0,0
02.04.2020,09:00,0,0
02.04.2020,10:00,0,0
02.04.2020,11:00,0,0
02.04.2020,12:00,0,0
02.04.2020,13:00,0,0
02.04.2020,14:00,0,0
02.04.2020,15:00,0,0
02.04.2020,16:00,0,0
02.04.2020,17:00,0,0
02.04.2020,18:00,0,0
02.04.2020,19:00,0,0
02.04.2020,20:00,0,0
02.04.2020,21:00,0,0
02.04.2020,22:00,0,0
02.04.2020,23:00,0,0
03.04.2020,00:00,0,0
03.04.2020,01:00,0,0
03.04.2020,02:00,0,0
03.04.2020,03:00,0,0
03.04.2020,04:00,0,0
03.04.2020,05:00,0,0
03.04.2020,06:00,0,0
03.04.2020,07:00,0,0
03.04.2020,08:00,0,0
03.04.2020,09:00,0,0
03.04.2020,10:00,0,0
03.04.2020,11:00,0,0
03.04.2020,12:00,0,0
03.04.2020,13:00,0,0
03.04.2020,14:00,0,0
03.04.2020,15:00,0,0
03.04.2020,16:00,0,0
03.04.2020,17:00,0,0
03.04.2020,18:00,0,0
03.04.2020,19:00,0,0
03.04.2020,20:00,0,0
03.04.2020,21:00,0,0
03.04.2020,22:00,0,0
03.04.2020,23:00,0,0
04.04.2020,00:00,0,0
04.04.2020,01:00,0,0
04.04.2020,02:00,0,0
04.04.2020,03:00,0,0
04.04.2020,04:00,0,0
04.04.2020,05:00,0,0
04.04.2020,06:00,0,0
04.04.2020,07:00,0,0
04.04.2020,08:00,0,0
04.04.2020,09:00,0,0
04.04.2020,10:00,0,0
04.04.2020,11:00,0,0
04.04.2020,12:00,0,0
04.04.2020,13:00,0,0
04.04.2020,14:00,0,0
04.04.2020,15:00,0,0
04.04.2020,16:00,0,0
04.04.2020,17:00,0,0
04.04.2020,18:00,0,0
04.04.2020,19:00,0,0
04.04.2020,20:00,0,0
04.04.2020,21:00,0,0
04.04.2020,22:00,0,0
04.04.2020,23:00,0,0
05.04.2020,00:00,0,0
05.04.2020,01:00,0,0
05.04.2020,02:00,0,0
05.04.2020,03:00,0,0
05.04.2020,04:00,0,0
05.04.2020,05:00,0,0
05.04.2020,06:00,0,0
05.04.2020,07:00,0,0
05.04.2020,08:00,0,0
05.04.2020,09:00,0,0
05.04.2020,10:00,0,0
05.04.2020,11:00,0,0
05.04.2020,12:00,0,0
05.04.2020,13:00,0,0
05.04.2020,14:00,0,0
05.04.2020,15:00,0,0
05.04.2020,16:00,0,0
05.04.2020,17:00,0,0
05.04.2020,18:00,0,0
05.04.2020,19:00,0,0
05.04.2020,20:00,0,0
05.04.2020,21:00,0,0
05.04.2020,22:00,0,0
05.04.2020,23:00,0,0
06.04.2020,00:00,0,0
06.04.2020,01:00,0,0
06.04.2020,02:00,0,0
06.04.2020,03:00,0,0
06.04.2020,04:00,0,0
06.04.2020,05:00,0,0
06.04.2020,06:00,0,0
06.04.2020,07:00,0,0
06.04.2020,08:00,0,0
06.04.2020,09:00,0,0
06.04.2020,10:00,0,0
06.04.2020,11:00,0,0
06.04.2020,12:00,0,0
06.04.2020,13:00,0,0
06.04.2020,14:00,0,0
06.04.2020,15:00,0,0
06.04.2020,16:00,0,0
06.04.2020,17:00,0,0
06.04.2020,18:00,0,0
06.04.2020,19:00,0,0
06.04.2020,20:00,0,0
06.04.2020,21:00,0,0
06.04.2020,22:00,0,0
06.04.2020,23:00,0,0
07.04.2020,00:00,0,0
07.04.2020,01:00,0,0
07.04.2020,02:00,0,0
07.04.2020,03:00,0,0
07.04.2020,04:00,0,0
07.04.2020,05:00,0,0
07.04.2020,06:00,0,0
07.04.2020,07:00,0,0
07.04.2020,08:00,0,0
07.04.2020,09:00,0,0
07.04.2020,10:00,0,0
07.04.2020,11:00,0,0
07.04.2020,12:00,0,0
07.04.2020,13:00,0,0
07.04.2020,14:00,0,0
07.04.2020,15:00,0,0
07.04.2020,16:00,0,0
07.04.2020,17:00,0,0
07.04.2020,18:00,0,0
07.04.2020,19:00,0,0
07.04.2020,20:00,0,0
07.04.2020,21:00,0,0
07.04.2020,22:00,0,0
07.04.2020,23:00,0,0
08.04.2020,00:00,0,0
08.04.2020,01:00,0,0
08.04.2020,02:00,0,0
08.04.2020,03:00,0,0
08.04.2020,04:00,0,0
08.04.2020,05:00,0,0
08.04.2020,06:00,0,0
08.04.2020,07:00,0,0
08.04.2020,08:00,0,0
08.04.2020,09:00,0,0
08.04.2020,10:00,0,0
08.04.2020,11:00,0,0
08.04.2020,12:00,0,0
08.04.2020,13:00,0,0
08.04.2020,14:00,0,0
08.04.2020,15:00,0,0
08.04.2020,16:00,0,0
08.04.2020,17:00,0,0
08.04.2020,18:00,0,0
08.04.2020,19:00,0,0
08.04.2020,20:00,0,0
08.04.2020,21:00,0,0
08.04.2020,22:00,0,0
08.04.2020,23:00,0,0
09.04.2020,00:00,0,0
09.04.2020,01:00,0,0
09.04.2020,02:00,0,0
09.04.2020,03:00,0,0
09.04.2020,04:00,0,0
09.04.2020,05:00,0,0
09.04.2020,06:00,0,0
09.04.2020,07:00,0,0
09.04.2020,08:00,0,0
09.04.2020,09:00,0,0
09.04.2020,10:00,0,0
09.04.2020,11:00,0,0
09.04.2020,12:00,0,0
09.04.2020,13:00,0,0
09.04.2020,14:00,0,0
09.04.2020,15:00,0,0
09.04.2020,16:00,0,0
09.04.2020,17:00,0,0
09.04.2020,18:00,0,0
09.04.2020,19:00,0,0
09.04.2020,20:00,0,0
09.04.2020,21:00,0,0
09.04.2020,22:00,0,0
09.04.2020,23:00,0,0
10.04.2020,00:00,0,0
10.04.2020,01:00,0,0
10.04.2020,02:00,0,0
10.04.2020,03:00,0,0
10.04.2020,04:00,0,0
10.04.2020,05:00,0,0
10.04.2020,06:00,0,0
10.04.2020,07:00,0,0
10.04.2020,08:00,0,0
10.04.2020,09:00,0,0
10.04.2020,10:00,0,0
10.04.2020,11:00,0,0
10.04.2020,12:00,0,0
10.04.2020,13:00,0,0
10.04.2020,14:00,0,0
10.04.2020,15:00,0,0
10.04.2020,16:00,0,0
10.04.2020,17:00,0,0
10.04.2020,18:00,0,0
10.04.2020,19:00,0,0
10.04.2020,20:00,0,0
10.04.2020,21:00,0,0
10.04.2020,22:00,0,0
10.04.2020,23:00,0,0
11.04.2020,00:00,0,0
11.04.2020,01:00,0,0
11.04.2020,02:00,0,0
11.04.2020,03:00,0,0
11.04.2020,04:00,0,0
11.04.2020,05:00,0,0
11.04.2020,06:00,0,0
11.04.2020,07:00,0,0
11.04.2020,08:00,0,0
11.04.2020,09:00,0,0
11.04.2020,10:00,0,0
11.04.2020,11:00,0,0
11.04.2020,12:00,0,0
11.04.2020,13:00,0,0
11.04.2020,14:00,0,0
11.04.2020,15:00,0,0
11.04.2020,16:00,0,0
11.04.2020,17:00,0,0
11.04.2020,18:00,0,0
11.04.2020,19:00,0,0
11.04.2020,20:00,0,0
11.04.2020,21:00,0,0
11.04.2020,22:00,0,0
11.04.2020,23:00,0,0
12.04.2020,00:00,0,0
12.04.2020,01:00,0,0
12.04.2020,02:00,0,0
12.04.2020,03:00,0,0
12.04.2020,04:00,0,0
12.04.2020,05:00,0,0
12.04.2020,06:00,0,0
12.04.2020,07:00,0,0
12.04.2020,08:00,0,0
12.04.2020,09:00,0,0
12.04.2020,10:00,0,0
12.04.2020,11:00,0,0
12.04.2020,12:00,0,0
12.04.2020,13:00,0,0
12.04.2020,14:00,0,0
12.04.2020,15:00,0,0
12.04.2020,16:00,0,0
12.04.2020,17:00,0,0
12.04.2020,18:00,0,0
12.04.2020,19:00,0,0
12.04.2020,20:00,0,0
12.04.2020,21:00,0,0
12.04.2020,22:00,0,0
12.04.2020,23:00,0,0
13.04.2020,00:00,0,0
13.04.2020,01:00,0,0
13.04.2020,02:00,0,0
13.04.2020,03:00,0,0
13.04.2020,04:00,0,0
13.04.2020,05:00,0,0
13.04.2020,06:00,0,0
13.04.2020,07:00,0,0
13.04.2020,08:00,0,0
13.04.2020,09:00,0,0
13.04.2020,10:00,0,0
13.04.2020,11:00,0,0
13.04.2020,12:00,0,0
13.04.2020,13:00,0,0
13.04.2020,14:00,0,0
13.04.2020,15:00,0,0
13.04.2020,16:00,0,0
13.04.2020,17:00,0,0
13.04.2020,18:00,0,0
13.04.2020,19:00,0,0
13.04.2020,20:00,0,0
13.04.2020,21:00,0,0
13.04.2020,22:00,0,0
13.04.2020,23:00,0,0
14.04.2020,00:00,0,0
14.04.2020,01:00,0,0
14.04.2020,02:00,0,0
14.04.2020,03:00,0,0
14.04.2020,04:00,0,0
14.04.2020,05:00,0,0
14.04.2020,06:00,0,0
14.04.2020,07:00,0,0
14.04.2020,08:00,0,0
14.04.2020,09:00,0,0
14.04.2020,10:00,0,0
14.04.2020,11:00,0,0
14.04.2020,12:00,0,0
14.04.2020,13:00,0,0
14.04.2020,14:00,0,0
14.04.2020,15:00,0,0
14.04.2020,16:00,0,0
14.04.2020,17:00,0,0
14.04.2020,18:00,0,0
14.04.2020,19:00,0,0
14.04.2020,20:00,0,0
14.04.2020,21:00,0,0
14.04.2020,22:00,0,0
14.04.2020,23:00,0,0
15.04.2020,00:00,0,0
15.04.2020,01:00,0,0
15.04.2020,02:00,0,0
15.04.2020,03:00,0,0
15.04.2020,04:00,0,0
15.04.2020,05:00,0,0
15.04.2020,06:00,0,0
15.04.2020,07:00,0,0
15.04.2020,08:00,0,0
15.04.2020,09:00,0,0
15.04.2020,10:00,0,0
15.04.2020,11:00,0,0
15.04.2020,12:00,0,0
15.04.2020,13:00,0,0
15.04.2020,14:00,0,0
15.04.2020,15:00,0,0
15.04.2020,16:00,0,0
15.04.2020,17:00,0,0
15.04.2020,18:00,0,0
15.04.2020,19:00,0,0
15.04.2020,20:00,0,0
15.04.2020,21:00,0,0
15.04.2020,22:00,0,0
15.04.2020,23:00,0,0
16.04.2020,00:00,0,0
16.04.2020,01:00,0,0
16.04.2020,02:00,0,0
16.04.2020,03:00,0,0
16.04.2020,04:00,0,0
16.04.2020,05:00,0,0
16.04.2020,06:00,0,0
16.04.2020,07:00,0,0
16.04.2020,08:00,0,0
16.04.2020,09:00,0,0
16.04.2020,10:00,0,0
16.04.2020,11:00,0,0
16.04.2020,12:00,0,0
16.04.2020,13:00,0,0
16.04.2020,14:00,0,0
16.04.2020,15:00,0,0
16.04.2020,16:00,0,0
16.04.2020,17:00,0,0
16.04.2020,18:00,0,0
16.04.2020,19:00,0,0
16.04.2020,20:00,0,0
16.04.2020,21:00,0,0
16.04.2020,22:00,0,0
16.04.2020,23:00,0,0
17.04.2020,00:00,0,0
17.04.2020,01:00,0,0
17.04.2020,02:00,0,0
17.04.2020,03:00,0,0
17.04.2020,04:00,0,0
17.04.2020,05:00,0,0
17.04.2020,06:00,0,0
17.04.2020,07:00,0,0
17.04.2020,08:00,0,0
17.04.2020,09:00,0,0
17.04.2020,10:00,0,0
17.04.2020,11:00,0,0
17.04.2020,12:00,0,0
17.04.2020,13:00,0,0
17.04.2020,14:00,0,0
17.04.2020,15:00,0,0
17.04.2020,16:00,0,0
17.04.2020,17:00,0,0
17.04.2020,18:00,0,0
17.04.2020,19:00,0,0
17.04.2020,20:00,0,0
17.04.2020,21:00,0,0
17.04.2020,22:00,0,0
17.04.2020,23:00,0,0
18.04.2020,00:00,0,0
18.04.2020,01:00,0,0
18.04.2020,02:00,0,0
18.04.2020,03:00,0,0
18.04.2020,04:00,0,0
18.04.2020,05:00,0,0
18.04.2020,06:00,0,0
18.04.2020,07:00,0,0
18.04.2020,08:00,0,0
18.04.2020,09:00,0,0
18.04.2020,10:00,0,0
18.04.2020,11:00,0,0
18.04.2020,12:00,0,0
18.04.2020,13:00,0,0
18.04.2020,14:00,0,0
18.04.2020,15:00,0,0
18.04.2020,16:00,0,0
18.04.2020,17:00,0,0
18.04.2020,18:00,0,0
18.04.2020,19:00,0,0
18.04.2020,20:00,0,0
18.04.2020,21:00,0,0
18.04.2020,22:00,0,0
18.04.2020,23:00,0,0
19.04.2020,00:00,0,0
19.04.2020,01:00,0,0
19.04.2020,02:00,0,0
19.04.2020,03:00,0,0
19.04.2020,04:00,0,0
19.04.2020,05:00,0,0
19.04.2020,06:00,0,0
19.04.2020,07:00,0,0
19.04.2020,08:00,0,0
19.04.2020,09:00,0,0
19.04.2020,10:00,0,0
19.04.2020,11:00,0,0
19.04.2020,12:00,0,0
19.04.2020,13:00,0,0
19.04.2020,14:00,0,0
19.04.2020,15:00,0,0
19.04.2020,16:00,0,0
19.04.2020,17:00,0,0
19.04.2020,18:00,0,0
19.04.2020,19:00,0,0
19.04.2020,20:00,0,0
19.04.2020,21:00,0,0
19.04.2020,22:00,0,0
19.04.2020,23:00,0,0
20.04.2020,00:00,0,0
20.04.2020,01:00,0,0
20.04.2020,02:00,0,0
20.04.2020,03:00,0,0
20.04.2020,04:00,0,0
20.04.2020,05:00,0,0
20.04.2020,06:00,0,0
20.04.2020,07:00,0,0
20.04.2020,08:00,0,0
20.04.2020,09:00,0,0
20.04.2020,10:00,0,0
20.04.2020,11:00,0,0
20.04.2020,12:00,0,0
20.04.2020,13:00,0,0
20.04.2020,14:00,0,0
20.04.2020,15:00,0,0
20.04.2020,16:00,0,0
20.04.2020,17:00,0,0
20.04.2020,18:00,0,0
20.04.2020,19:00,0,0
20.04.2020,20:00,0,0
20.04.2020,21:00,0,0
20.04.2020,22:00,0,0
20.04.2020,23:00,0,0
21.04.2020,00:00,0,0
21.04.2020,01:00,0,0
21.04.2020,02:00,0,0
21.04.2020,03:00,0,0
21.04.2020,04:00,0,0
21.04.2020,05:00,0,0
21.04.2020,06:00,0,0
21.04.2020,07:00,0,0
21.04.2020,08:00,0,0
21.04.2020,09:00,0,0
21.04.2020,10:00,0,0
21.04.2020,11:00,0,0
21.04.2020,12:00,0,0
21.04.2020,13:00,0,0
21.04.2020,14:00,0,0
21.04.2020,15:00,0,0
21.04.2020,16:00,0,0
21.04.2020,17:00,0,0
21.04.2020,18:00,0,0
21.04.2020,19:00,0,0
21.04.2020,20:00,0,0
21.04.2020,21:00,0,0
21.04.2020,22:00,0,0
21.04.2020,23:00,0,0
22.04.2020,00:00,0,0
22.04.2020,01:00,0,0
22.04.2020,02:00,0,0
22.04.2020,03:00,0,0
22.04.2020,04:00,0,0
22.04.2020,05:00,0,0
22.04.2020,06:00,0,0
22.04.2020,07:00,0,0
22.04.2020,08:00,0,0
22.04.2020,09:00,0,0
22.04.2020,10:00,0,0
22.04.2020,11:00,0,0
22.04.2020,12:00,0,0
22.04.2020,13:00,0,0
22.04.2020,14:00,0,0
22.04.2020,15:00,0,0
22.04.2020,16:00,0,0
22.04.2020,17:00,0,0
22.04.2020,18:00,0,0
22.04.2020,19:00,0,0
22.04.2020,20:00,0,0
22.04.2020,21:00,0,0
22.04.2020,22:00,0,0
22.04.2020,23:00,0,0
23.04.2020,00:00,0,0
23.04.2020,01:00,0,0
23.04.2020,02:00,0,0
23.04.2020,03:00,0,0
23.04.2020,04:00,0,0
23.04.2020,05:00,0,0
23.04.2020,06:00,0,0
23.04.2020,07:00,0,0
23.04.2020,08:00,0,0
23.04.2020,09:00,0,0
23.04.2020,10:00,0,0
23.04.2020,11:00,0,0
23.04.2020,12:00,0,0
23.04.2020,13:00,0,0
23.04.2020,14:00,0,0
23.04.2020,15:00,0,0
23.04.2020,16:00,0,64
23.04.2020,17:00,0,94
23.04.2020,18:00,0,122
23.04.2020,19:00,0,317
23.04.2020,20:00,0,385
23.04.2020,21:00,0,390
23.04.2020,22:00,0,394
23.04.2020,23:00,0,398
24.04.2020,00:00,0,109
24.04.2020,01:00,0,0
24.04.2020,02:00,0,0
24.04.2020,03:00,0,0
24.04.2020,04:00,0,0
24.04.2020,05:00,0,0
24.04.2020,06:00,0,0
24.04.2020,07:00,0,0
24.04.2020,08:00,0,0
24.04.2020,09:00,0,0
24.04.2020,10:00,0,0
24.04.2020,11:00,0,0
24.04.2020,12:00,0,0
24.04.2020,13:00,0,0
24.04.2020,14:00,0,0
24.04.2020,15:00,0,0
24.04.2020,16:00,0,0
24.04.2020,17:00,0,0
24.04.2020,18:00,0,0
24.04.2020,19:00,0,0
24.04.2020,20:00,0,0
24.04.2020,21:00,0,0
24.04.2020,22:00,0,0
24.04.2020,23:00,0,0
25.04.2020,00:00,0,0
25.04.2020,01:00,0,0
25.04.2020,02:00,0,0
25.04.2020,03:00,0,0
25.04.2020,04:00,0,0
25.04.2020,05:00,0,0
25.04.2020,06:00,0,0
25.04.2020,07:00,0,0
25.04.2020,08:00,0,0
25.04.2020,09:00,0,0
25.04.2020,10:00,0,0
25.04.2020,11:00,0,0
25.04.2020,12:00,0,0
25.04.2020,13:00,0,0
25.04.2020,14:00,0,0
25.04.2020,15:00,0,0
25.04.2020,16:00,0,0
25.04.2020,17:00,0,0
25.04.2020,18:00,0,0
25.04.2020,19:00,0,0
25.04.2020,20:00,0,0
25.04.2020,21:00,0,0
25.04.2020,22:00,0,0
25.04.2020,23:00,0,0
26.04.2020,00:00,0,0
26.04.2020,01:00,0,0
26.04.2020,02:00,0,0
26.04.2020,03:00,0,0
26.04.2020,04:00,0,0
26.04.2020,05:00,0,0
26.04.2020,06:00,0,0
26.04.2020,07:00,0,0
26.04.2020,08:00,0,0
26.04.2020,09:00,0,0
26.04.2020,10:00,0,0
26.04.2020,11:00,0,0
26.04.2020,12:00,0,0
26.04.2020,13:00,0,0
26.04.2020,14:00,0,0
26.04.2020,15:00,0,0
26.04.2020,16:00,0,0
26.04.2020,17:00,0,0
26.04.2020,18:00,0,0
26.04.2020,19:00,0,0
26.04.2020,20:00,0,0
26.04.2020,21:00,0,0
26.04.2020,22:00,0,0
26.04.2020,23:00,0,0
27.04.2020,00:00,0,0
27.04.2020,01:00,0,0
27.04.2020,02:00,0,0
27.04.2020,03:00,0,0
27.04.2020,04:00,0,0
27.04.2020,05:00,0,0
27.04.2020,06:00,0,0
27.04.2020,07:00,0,0
27.04.2020,08:00,0,0
27.04.2020,09:00,0,0
27.04.2020,10:00,0,0
27.04.2020,11:00,0,0
27.04.2020,12:00,0,0
27.04.2020,13:00,0,0
27.04.2020,14:00,0,0
27.04.2020,15:00,0,0
27.04.2020,16:00,0,0
27.04.2020,17:00,0,0
27.04.2020,18:00,0,0
27.04.2020,19:00,0,0
27.04.2020,20:00,0,0
27.04.2020,21:00,0,0
27.04.2020,22:00,0,0
27.04.2020,23:00,0,0
28.04.2020,00:00,0,0
28.04.2020,01:00,0,0
28.04.2020,02:00,0,0
28.04.2020,03:00,0,0
28.04.2020,04:00,0,0
28.04.2020,05:00,0,0
28.04.2020,06:00,0,0
28.04.2020,07:00,0,0
28.04.2020,08:00,0,0
28.04.2020,09:00,0,0
28.04.2020,10:00,0,0
28.04.2020,11:00,0,0
28.04.2020,12:00,0,0
28.04.2020,13:00,0,0
28.04.2020,14:00,0,0
28.04.2020,15:00,0,0
28.04.2020,16:00,0,0
28.04.2020,17:00,0,0
28.04.2020,18:00,0,0
28.04.2020,19:00,0,0
28.04.2020,20:00,0,0
28.04.2020,21:00,0,0
28.04.2020,22:00,0,0
28.04.2020,23:00,0,0
29.04.2020,00:00,0,0
29.04.2020,01:00,0,0
29.04.2020,02:00,0,0
29.04.2020,03:00,0,0
29.04.2020,04:00,0,0
29.04.2020,05:00,0,0
29.04.2020,06:00,0,0
29.04.2020,07:00,0,0
29.04.2020,08:00,0,0
29.04.2020,09:00,0,0
29.04.2020,10:00,0,0
29.04.2020,11:00,0,0
29.04.2020,12:00,0,0
29.04.2020,13:00,0,0
29.04.2020,14:00,0,0
29.04.2020,15:00,0,0
29.04.2020,16:00,0,0
29.04.2020,17:00,0,0
29.04.2020,18:00,0,0
29.04.2020,19:00,0,0
29.04.2020,20:00,0,0
29.04.2020,21:00,0,0
29.04.2020,22:00,0,0
29.04.2020,23:00,0,0
30.04.2020,00:00,0,0
30.04.2020,01:00,0,0
30.04.2020,02:00,0,0
30.04.2020,03:00,0,0
30.04.2020,04:00,0,0
30.04.2020,05:00,0,0
30.04.2020,06:00,0,0
30.04.2020,07:00,0,0
30.04.2020,08:00,0,0
30.04.2020,09:00,0,0
30.04.2020,10:00,0,0
30.04.2020,11:00,0,0
30.04.2020,12:00,0,0
30.04.2020,13:00,0,0
30.04.2020,14:00,0,0
30.04.2020,15:00,0,0
30.04.2020,16:00,0,0
30.04.2020,17:00,0,0
30.04.2020,18:00,0,0
30.04.2020,19:00,0,0
30.04.2020,20:00,0,0
30.04.2020,21:00,0,0
30.04.2020,22:00,0,0
30.04.2020,23:00,0,0
