Datum,Uhrzeit,Generation_DE MKV[MW],Generation_DE HKV[MW]
01.01.2020,00:00,0,57
01.01.2020,01:00,0,56
01.01.2020,02:00,0,56
01.01.2020,03:00,0,56
01.01.2020,04:00,0,56
01.01.2020,05:00,0,56
01.01.2020,06:00,0,60
01.01.2020,07:00,0,58
01.01.2020,08:00,0,58
01.01.2020,09:00,0,56
01.01.2020,10:00,0,55
01.01.2020,11:00,0,55
01.01.2020,12:00,0,55
01.01.2020,13:00,0,55
01.01.2020,14:00,0,55
01.01.2020,15:00,0,55
01.01.2020,16:00,0,55
01.01.2020,17:00,0,55
01.01.2020,18:00,0,55
01.01.2020,19:00,0,56
01.01.2020,20:00,0,56
01.01.2020,21:00,0,56
01.01.2020,22:00,0,56
01.01.2020,23:00,0,56
02.01.2020,00:00,0,44
02.01.2020,01:00,0,41
02.01.2020,02:00,0,42
02.01.2020,03:00,0,41
02.01.2020,04:00,0,42
02.01.2020,05:00,0,48
02.01.2020,06:00,0,58
02.01.2020,07:00,0,59
02.01.2020,08:00,0,86
02.01.2020,09:00,0,121
02.01.2020,10:00,0,172
02.01.2020,11:00,0,142
02.01.2020,12:00,0,143
02.01.2020,13:00,0,152
02.01.2020,14:00,0,171
02.01.2020,15:00,0,171
02.01.2020,16:00,0,146
02.01.2020,17:00,0,85
02.01.2020,18:00,0,49
02.01.2020,19:00,0,45
02.01.2020,20:00,0,43
02.01.2020,21:00,0,42
02.01.2020,22:00,0,37
02.01.2020,23:00,0,32
03.01.2020,00:00,0,23
03.01.2020,01:00,0,21
03.01.2020,02:00,0,29
03.01.2020,03:00,0,30
03.01.2020,04:00,0,30
03.01.2020,05:00,0,30
03.01.2020,06:00,0,39
03.01.2020,07:00,0,39
03.01.2020,08:00,0,38
03.01.2020,09:00,0,36
03.01.2020,10:00,0,36
03.01.2020,11:00,0,29
03.01.2020,12:00,0,27
03.01.2020,13:00,0,23
03.01.2020,14:00,0,21
03.01.2020,15:00,0,25
03.01.2020,16:00,0,29
03.01.2020,17:00,0,21
03.01.2020,18:00,0,22
03.01.2020,19:00,0,24
03.01.2020,20:00,0,25
03.01.2020,21:00,0,25
03.01.2020,22:00,0,22
03.01.2020,23:00,0,21
04.01.2020,00:00,0,23
04.01.2020,01:00,0,26
04.01.2020,02:00,0,29
04.01.2020,03:00,0,26
04.01.2020,04:00,0,29
04.01.2020,05:00,0,30
04.01.2020,06:00,0,34
04.01.2020,07:00,0,33
04.01.2020,08:00,0,34
04.01.2020,09:00,0,34
04.01.2020,10:00,0,34
04.01.2020,11:00,0,33
04.01.2020,12:00,0,34
04.01.2020,13:00,0,33
04.01.2020,14:00,0,36
04.01.2020,15:00,0,65
04.01.2020,16:00,0,66
04.01.2020,17:00,0,43
04.01.2020,18:00,0,40
04.01.2020,19:00,0,40
04.01.2020,20:00,0,41
04.01.2020,21:00,0,41
04.01.2020,22:00,0,41
04.01.2020,23:00,0,31
05.01.2020,00:00,0,41
05.01.2020,01:00,0,41
05.01.2020,02:00,0,42
05.01.2020,03:00,0,41
05.01.2020,04:00,0,42
05.01.2020,05:00,0,42
05.01.2020,06:00,0,42
05.01.2020,07:00,0,42
05.01.2020,08:00,0,43
05.01.2020,09:00,0,48
05.01.2020,10:00,0,48
05.01.2020,11:00,0,48
05.01.2020,12:00,0,48
05.01.2020,13:00,0,49
05.01.2020,14:00,0,42
05.01.2020,15:00,0,41
05.01.2020,16:00,0,40
05.01.2020,17:00,0,41
05.01.2020,18:00,0,41
05.01.2020,19:00,0,41
05.01.2020,20:00,0,43
05.01.2020,21:00,0,44
05.01.2020,22:00,0,42
05.01.2020,23:00,0,31
06.01.2020,00:00,0,43
06.01.2020,01:00,0,40
06.01.2020,02:00,0,41
06.01.2020,03:00,0,41
06.01.2020,04:00,0,50
06.01.2020,05:00,0,50
06.01.2020,06:00,0,52
06.01.2020,07:00,0,50
06.01.2020,08:00,0,50
06.01.2020,09:00,0,50
06.01.2020,10:00,0,50
06.01.2020,11:00,0,51
06.01.2020,12:00,0,50
06.01.2020,13:00,0,50
06.01.2020,14:00,0,50
06.01.2020,15:00,0,51
06.01.2020,16:00,0,51
06.01.2020,17:00,0,50
06.01.2020,18:00,0,49
06.01.2020,19:00,0,49
06.01.2020,20:00,0,40
06.01.2020,21:00,0,40
06.01.2020,22:00,0,39
06.01.2020,23:00,0,32
07.01.2020,00:00,0,38
07.01.2020,01:00,0,40
07.01.2020,02:00,0,41
07.01.2020,03:00,0,40
07.01.2020,04:00,0,41
07.01.2020,05:00,0,51
07.01.2020,06:00,0,79
07.01.2020,07:00,0,157
07.01.2020,08:00,0,171
07.01.2020,09:00,0,179
07.01.2020,10:00,0,180
07.01.2020,11:00,0,180
07.01.2020,12:00,0,179
07.01.2020,13:00,0,161
07.01.2020,14:00,0,179
07.01.2020,15:00,0,179
07.01.2020,16:00,0,179
07.01.2020,17:00,0,178
07.01.2020,18:00,0,140
07.01.2020,19:00,0,69
07.01.2020,20:00,0,40
07.01.2020,21:00,0,41
07.01.2020,22:00,0,23
07.01.2020,23:00,0,20
08.01.2020,00:00,0,19
08.01.2020,01:00,0,20
08.01.2020,02:00,0,20
08.01.2020,03:00,0,20
08.01.2020,04:00,0,27
08.01.2020,05:00,0,40
08.01.2020,06:00,0,41
08.01.2020,07:00,0,67
08.01.2020,08:00,0,63
08.01.2020,09:00,0,78
08.01.2020,10:00,0,114
08.01.2020,11:00,0,172
08.01.2020,12:00,0,147
08.01.2020,13:00,0,141
08.01.2020,14:00,0,174
08.01.2020,15:00,0,178
08.01.2020,16:00,0,179
08.01.2020,17:00,0,179
08.01.2020,18:00,0,179
08.01.2020,19:00,0,160
08.01.2020,20:00,0,173
08.01.2020,21:00,0,170
08.01.2020,22:00,0,108
08.01.2020,23:00,0,80
09.01.2020,00:00,0,27
09.01.2020,01:00,0,23
09.01.2020,02:00,0,22
09.01.2020,03:00,0,24
09.01.2020,04:00,0,25
09.01.2020,05:00,0,35
09.01.2020,06:00,0,35
09.01.2020,07:00,0,35
09.01.2020,08:00,0,35
09.01.2020,09:00,0,36
09.01.2020,10:00,0,36
09.01.2020,11:00,0,26
09.01.2020,12:00,0,24
09.01.2020,13:00,0,22
09.01.2020,14:00,0,21
09.01.2020,15:00,0,22
09.01.2020,16:00,0,22
09.01.2020,17:00,0,24
09.01.2020,18:00,0,24
09.01.2020,19:00,0,24
09.01.2020,20:00,0,25
09.01.2020,21:00,0,25
09.01.2020,22:00,0,29
09.01.2020,23:00,0,16
10.01.2020,00:00,0,22
10.01.2020,01:00,0,22
10.01.2020,02:00,0,22
10.01.2020,03:00,0,21
10.01.2020,04:00,0,29
10.01.2020,05:00,0,52
10.01.2020,06:00,0,81
10.01.2020,07:00,0,120
10.01.2020,08:00,0,121
10.01.2020,09:00,0,106
10.01.2020,10:00,0,91
10.01.2020,11:00,0,91
10.01.2020,12:00,0,90
10.01.2020,13:00,0,87
10.01.2020,14:00,0,68
10.01.2020,15:00,0,117
10.01.2020,16:00,0,91
10.01.2020,17:00,0,41
10.01.2020,18:00,0,42
10.01.2020,19:00,0,41
10.01.2020,20:00,0,42
10.01.2020,21:00,0,42
10.01.2020,22:00,0,39
10.01.2020,23:00,0,20
11.01.2020,00:00,0,29
11.01.2020,01:00,0,28
11.01.2020,02:00,0,29
11.01.2020,03:00,0,28
11.01.2020,04:00,0,33
11.01.2020,05:00,0,47
11.01.2020,06:00,0,47
11.01.2020,07:00,0,46
11.01.2020,08:00,0,46
11.01.2020,09:00,0,46
11.01.2020,10:00,0,46
11.01.2020,11:00,0,46
11.01.2020,12:00,0,40
11.01.2020,13:00,0,41
11.01.2020,14:00,0,41
11.01.2020,15:00,0,41
11.01.2020,16:00,0,40
11.01.2020,17:00,0,45
11.01.2020,18:00,0,48
11.01.2020,19:00,0,50
11.01.2020,20:00,0,45
11.01.2020,21:00,0,45
11.01.2020,22:00,0,43
11.01.2020,23:00,0,32
12.01.2020,00:00,0,33
12.01.2020,01:00,0,32
12.01.2020,02:00,0,33
12.01.2020,03:00,0,33
12.01.2020,04:00,0,40
12.01.2020,05:00,0,41
12.01.2020,06:00,0,46
12.01.2020,07:00,0,45
12.01.2020,08:00,0,46
12.01.2020,09:00,0,46
12.01.2020,10:00,0,46
12.01.2020,11:00,0,40
12.01.2020,12:00,0,40
12.01.2020,13:00,0,40
12.01.2020,14:00,0,38
12.01.2020,15:00,0,38
12.01.2020,16:00,0,39
12.01.2020,17:00,0,40
12.01.2020,18:00,0,44
12.01.2020,19:00,0,44
12.01.2020,20:00,0,44
12.01.2020,21:00,0,40
12.01.2020,22:00,0,39
12.01.2020,23:00,0,38
13.01.2020,00:00,0,44
13.01.2020,01:00,0,57
13.01.2020,02:00,0,41
13.01.2020,03:00,0,40
13.01.2020,04:00,0,40
13.01.2020,05:00,0,48
13.01.2020,06:00,0,97
13.01.2020,07:00,0,153
13.01.2020,08:00,0,166
13.01.2020,09:00,0,172
13.01.2020,10:00,0,172
13.01.2020,11:00,0,152
13.01.2020,12:00,0,173
13.01.2020,13:00,0,173
13.01.2020,14:00,0,156
13.01.2020,15:00,0,150
13.01.2020,16:00,0,159
13.01.2020,17:00,0,161
13.01.2020,18:00,0,160
13.01.2020,19:00,0,159
13.01.2020,20:00,0,130
13.01.2020,21:00,0,105
13.01.2020,22:00,0,95
13.01.2020,23:00,0,82
14.01.2020,00:00,0,20
14.01.2020,01:00,0,18
14.01.2020,02:00,0,18
14.01.2020,03:00,0,18
14.01.2020,04:00,0,22
14.01.2020,05:00,0,25
14.01.2020,06:00,0,25
14.01.2020,07:00,0,25
14.01.2020,08:00,0,25
14.01.2020,09:00,0,25
14.01.2020,10:00,0,25
14.01.2020,11:00,0,24
14.01.2020,12:00,0,20
14.01.2020,13:00,0,20
14.01.2020,14:00,0,21
14.01.2020,15:00,0,20
14.01.2020,16:00,0,21
14.01.2020,17:00,0,20
14.01.2020,18:00,0,25
14.01.2020,19:00,0,25
14.01.2020,20:00,0,25
14.01.2020,21:00,0,25
14.01.2020,22:00,0,22
14.01.2020,23:00,0,23
15.01.2020,00:00,0,19
15.01.2020,01:00,0,18
15.01.2020,02:00,0,19
15.01.2020,03:00,0,19
15.01.2020,04:00,0,23
15.01.2020,05:00,0,40
15.01.2020,06:00,0,41
15.01.2020,07:00,0,40
15.01.2020,08:00,0,42
15.01.2020,09:00,0,60
15.01.2020,10:00,0,59
15.01.2020,11:00,0,29
15.01.2020,12:00,0,26
15.01.2020,13:00,0,23
15.01.2020,14:00,0,23
15.01.2020,15:00,0,23
15.01.2020,16:00,0,32
15.01.2020,17:00,0,97
15.01.2020,18:00,0,150
15.01.2020,19:00,0,148
15.01.2020,20:00,0,98
15.01.2020,21:00,0,52
15.01.2020,22:00,0,24
15.01.2020,23:00,0,20
16.01.2020,00:00,0,20
16.01.2020,01:00,0,20
16.01.2020,02:00,0,20
16.01.2020,03:00,0,21
16.01.2020,04:00,0,28
16.01.2020,05:00,0,41
16.01.2020,06:00,0,77
16.01.2020,07:00,0,83
16.01.2020,08:00,0,136
16.01.2020,09:00,0,171
16.01.2020,10:00,0,170
16.01.2020,11:00,0,127
16.01.2020,12:00,0,70
16.01.2020,13:00,0,58
16.01.2020,14:00,0,90
16.01.2020,15:00,0,148
16.01.2020,16:00,0,169
16.01.2020,17:00,0,170
16.01.2020,18:00,0,150
16.01.2020,19:00,0,81
16.01.2020,20:00,0,28
16.01.2020,21:00,0,24
16.01.2020,22:00,0,20
16.01.2020,23:00,0,21
17.01.2020,00:00,0,19
17.01.2020,01:00,0,19
17.01.2020,02:00,0,19
17.01.2020,03:00,0,19
17.01.2020,04:00,0,22
17.01.2020,05:00,0,26
17.01.2020,06:00,0,35
17.01.2020,07:00,0,87
17.01.2020,08:00,0,105
17.01.2020,09:00,0,64
17.01.2020,10:00,0,27
17.01.2020,11:00,0,19
17.01.2020,12:00,0,20
17.01.2020,13:00,0,19
17.01.2020,14:00,0,20
17.01.2020,15:00,0,41
17.01.2020,16:00,0,68
17.01.2020,17:00,0,71
17.01.2020,18:00,0,71
17.01.2020,19:00,0,51
17.01.2020,20:00,0,24
17.01.2020,21:00,0,23
17.01.2020,22:00,0,21
17.01.2020,23:00,0,24
18.01.2020,00:00,0,20
18.01.2020,01:00,0,20
18.01.2020,02:00,0,20
18.01.2020,03:00,0,20
18.01.2020,04:00,0,23
18.01.2020,05:00,0,37
18.01.2020,06:00,0,39
18.01.2020,07:00,0,38
18.01.2020,08:00,0,36
18.01.2020,09:00,0,37
18.01.2020,10:00,0,37
18.01.2020,11:00,0,25
18.01.2020,12:00,0,25
18.01.2020,13:00,0,24
18.01.2020,14:00,0,22
18.01.2020,15:00,0,22
18.01.2020,16:00,0,21
18.01.2020,17:00,0,29
18.01.2020,18:00,0,78
18.01.2020,19:00,0,38
18.01.2020,20:00,0,41
18.01.2020,21:00,0,40
18.01.2020,22:00,0,38
18.01.2020,23:00,0,40
19.01.2020,00:00,0,40
19.01.2020,01:00,0,40
19.01.2020,02:00,0,40
19.01.2020,03:00,0,40
19.01.2020,04:00,0,40
19.01.2020,05:00,0,39
19.01.2020,06:00,0,40
19.01.2020,07:00,0,38
19.01.2020,08:00,0,36
19.01.2020,09:00,0,36
19.01.2020,10:00,0,36
19.01.2020,11:00,0,33
19.01.2020,12:00,0,33
19.01.2020,13:00,0,34
19.01.2020,14:00,0,33
19.01.2020,15:00,0,35
19.01.2020,16:00,0,35
19.01.2020,17:00,0,46
19.01.2020,18:00,0,110
19.01.2020,19:00,0,102
19.01.2020,20:00,0,54
19.01.2020,21:00,0,36
19.01.2020,22:00,0,52
19.01.2020,23:00,0,37
20.01.2020,00:00,0,24
20.01.2020,01:00,0,23
20.01.2020,02:00,0,22
20.01.2020,03:00,0,22
20.01.2020,04:00,0,24
20.01.2020,05:00,0,57
20.01.2020,06:00,0,145
20.01.2020,07:00,0,171
20.01.2020,08:00,0,170
20.01.2020,09:00,0,169
20.01.2020,10:00,0,171
20.01.2020,11:00,0,146
20.01.2020,12:00,0,169
20.01.2020,13:00,0,108
20.01.2020,14:00,0,142
20.01.2020,15:00,0,167
20.01.2020,16:00,0,151
20.01.2020,17:00,0,168
20.01.2020,18:00,0,168
20.01.2020,19:00,0,144
20.01.2020,20:00,0,118
20.01.2020,21:00,0,92
20.01.2020,22:00,0,128
20.01.2020,23:00,0,51
21.01.2020,00:00,0,53
21.01.2020,01:00,0,54
21.01.2020,02:00,0,54
21.01.2020,03:00,0,54
21.01.2020,04:00,0,54
21.01.2020,05:00,0,57
21.01.2020,06:00,0,137
21.01.2020,07:00,0,152
21.01.2020,08:00,0,151
21.01.2020,09:00,0,168
21.01.2020,10:00,0,168
21.01.2020,11:00,0,169
21.01.2020,12:00,0,168
21.01.2020,13:00,22,163
21.01.2020,14:00,54,151
21.01.2020,15:00,99,170
21.01.2020,16:00,149,170
21.01.2020,17:00,169,170
21.01.2020,18:00,169,142
21.01.2020,19:00,139,99
21.01.2020,20:00,140,114
21.01.2020,21:00,139,100
21.01.2020,22:00,94,72
21.01.2020,23:00,28,54
22.01.2020,00:00,19,73
22.01.2020,01:00,21,74
22.01.2020,02:00,20,73
22.01.2020,03:00,20,73
22.01.2020,04:00,20,74
22.01.2020,05:00,33,76
22.01.2020,06:00,105,131
22.01.2020,07:00,170,170
22.01.2020,08:00,168,170
22.01.2020,09:00,169,171
22.01.2020,10:00,170,174
22.01.2020,11:00,171,175
22.01.2020,12:00,171,178
22.01.2020,13:00,171,178
22.01.2020,14:00,170,179
22.01.2020,15:00,170,179
22.01.2020,16:00,170,179
22.01.2020,17:00,171,178
22.01.2020,18:00,171,175
22.01.2020,19:00,154,160
22.01.2020,20:00,150,161
22.01.2020,21:00,84,119
22.01.2020,22:00,0,101
22.01.2020,23:00,0,65
23.01.2020,00:00,0,78
23.01.2020,01:00,0,79
23.01.2020,02:00,0,79
23.01.2020,03:00,0,64
23.01.2020,04:00,0,64
23.01.2020,05:00,0,108
23.01.2020,06:00,0,158
23.01.2020,07:00,0,160
23.01.2020,08:00,0,171
23.01.2020,09:00,0,170
23.01.2020,10:00,0,170
23.01.2020,11:00,0,175
23.01.2020,12:00,0,175
23.01.2020,13:00,0,153
23.01.2020,14:00,0,172
23.01.2020,15:00,0,172
23.01.2020,16:00,0,173
23.01.2020,17:00,0,173
23.01.2020,18:00,0,173
23.01.2020,19:00,0,174
23.01.2020,20:00,0,164
23.01.2020,21:00,0,143
23.01.2020,22:00,0,100
23.01.2020,23:00,0,60
24.01.2020,00:00,0,49
24.01.2020,01:00,0,45
24.01.2020,02:00,0,46
24.01.2020,03:00,0,51
24.01.2020,04:00,0,60
24.01.2020,05:00,0,76
24.01.2020,06:00,0,134
24.01.2020,07:00,0,152
24.01.2020,08:00,0,171
24.01.2020,09:00,0,173
24.01.2020,10:00,0,174
24.01.2020,11:00,0,173
24.01.2020,12:00,0,174
24.01.2020,13:00,0,153
24.01.2020,14:00,0,170
24.01.2020,15:00,0,173
24.01.2020,16:00,0,173
24.01.2020,17:00,0,154
24.01.2020,18:00,0,128
24.01.2020,19:00,0,101
24.01.2020,20:00,0,88
24.01.2020,21:00,0,55
24.01.2020,22:00,0,54
24.01.2020,23:00,0,55
25.01.2020,00:00,0,52
25.01.2020,01:00,0,50
25.01.2020,02:00,0,51
25.01.2020,03:00,0,51
25.01.2020,04:00,0,55
25.01.2020,05:00,0,60
25.01.2020,06:00,0,69
25.01.2020,07:00,0,73
25.01.2020,08:00,0,142
25.01.2020,09:00,0,173
25.01.2020,10:00,0,175
25.01.2020,11:00,0,175
25.01.2020,12:00,0,175
25.01.2020,13:00,0,153
25.01.2020,14:00,0,172
25.01.2020,15:00,0,173
25.01.2020,16:00,0,172
25.01.2020,17:00,0,173
25.01.2020,18:00,0,171
25.01.2020,19:00,0,171
25.01.2020,20:00,28,167
25.01.2020,21:00,50,109
25.01.2020,22:00,56,47
25.01.2020,23:00,52,0
26.01.2020,00:00,40,0
26.01.2020,01:00,40,0
26.01.2020,02:00,39,0
26.01.2020,03:00,39,0
26.01.2020,04:00,38,0
26.01.2020,05:00,42,0
26.01.2020,06:00,46,0
26.01.2020,07:00,47,0
26.01.2020,08:00,56,0
26.01.2020,09:00,90,0
26.01.2020,10:00,93,0
26.01.2020,11:00,47,0
26.01.2020,12:00,41,0
26.01.2020,13:00,37,0
26.01.2020,14:00,38,0
26.01.2020,15:00,48,0
26.01.2020,16:00,71,0
26.01.2020,17:00,72,0
26.01.2020,18:00,120,0
26.01.2020,19:00,105,0
26.01.2020,20:00,50,0
26.01.2020,21:00,43,0
26.01.2020,22:00,39,0
26.01.2020,23:00,38,0
27.01.2020,00:00,38,0
27.01.2020,01:00,38,0
27.01.2020,02:00,39,0
27.01.2020,03:00,40,0
27.01.2020,04:00,41,0
27.01.2020,05:00,43,0
27.01.2020,06:00,51,0
27.01.2020,07:00,62,0
27.01.2020,08:00,83,0
27.01.2020,09:00,90,0
27.01.2020,10:00,55,0
27.01.2020,11:00,44,0
27.01.2020,12:00,42,0
27.01.2020,13:00,44,0
27.01.2020,14:00,80,0
27.01.2020,15:00,77,0
27.01.2020,16:00,78,0
27.01.2020,17:00,86,0
27.01.2020,18:00,79,0
27.01.2020,19:00,54,0
27.01.2020,20:00,41,0
27.01.2020,21:00,42,0
27.01.2020,22:00,37,0
27.01.2020,23:00,37,0
28.01.2020,00:00,40,0
28.01.2020,01:00,35,0
28.01.2020,02:00,34,0
28.01.2020,03:00,34,0
28.01.2020,04:00,34,0
28.01.2020,05:00,34,0
28.01.2020,06:00,34,0
28.01.2020,07:00,44,0
28.01.2020,08:00,42,0
28.01.2020,09:00,106,0
28.01.2020,10:00,152,0
28.01.2020,11:00,151,0
28.01.2020,12:00,151,0
28.01.2020,13:00,150,0
28.01.2020,14:00,152,0
28.01.2020,15:00,151,0
28.01.2020,16:00,150,0
28.01.2020,17:00,150,0
28.01.2020,18:00,151,0
28.01.2020,19:00,151,0
28.01.2020,20:00,151,0
28.01.2020,21:00,151,0
28.01.2020,22:00,151,0
28.01.2020,23:00,98,0
29.01.2020,00:00,41,0
29.01.2020,01:00,37,0
29.01.2020,02:00,36,0
29.01.2020,03:00,36,0
29.01.2020,04:00,36,0
29.01.2020,05:00,36,0
29.01.2020,06:00,38,0
29.01.2020,07:00,37,0
29.01.2020,08:00,36,0
29.01.2020,09:00,36,0
29.01.2020,10:00,35,0
29.01.2020,11:00,33,0
29.01.2020,12:00,33,0
29.01.2020,13:00,34,0
29.01.2020,14:00,34,0
29.01.2020,15:00,34,0
29.01.2020,16:00,37,0
29.01.2020,17:00,50,0
29.01.2020,18:00,39,0
29.01.2020,19:00,34,0
29.01.2020,20:00,35,0
29.01.2020,21:00,35,0
29.01.2020,22:00,34,0
29.01.2020,23:00,34,0
30.01.2020,00:00,33,0
30.01.2020,01:00,35,0
30.01.2020,02:00,36,0
30.01.2020,03:00,37,0
30.01.2020,04:00,42,0
30.01.2020,05:00,78,0
30.01.2020,06:00,147,0
30.01.2020,07:00,148,0
30.01.2020,08:00,147,0
30.01.2020,09:00,148,0
30.01.2020,10:00,146,0
30.01.2020,11:00,141,0
30.01.2020,12:00,141,0
30.01.2020,13:00,141,0
30.01.2020,14:00,96,0
30.01.2020,15:00,90,0
30.01.2020,16:00,91,0
30.01.2020,17:00,88,0
30.01.2020,18:00,88,0
30.01.2020,19:00,103,0
30.01.2020,20:00,104,0
30.01.2020,21:00,102,0
30.01.2020,22:00,101,0
30.01.2020,23:00,111,0
31.01.2020,00:00,53,0
31.01.2020,01:00,27,0
31.01.2020,02:00,26,0
31.01.2020,03:00,26,0
31.01.2020,04:00,28,0
31.01.2020,05:00,30,0
31.01.2020,06:00,58,0
31.01.2020,07:00,142,0
31.01.2020,08:00,127,0
31.01.2020,09:00,129,0
31.01.2020,10:00,129,0
31.01.2020,11:00,125,0
31.01.2020,12:00,126,0
31.01.2020,13:00,126,0
31.01.2020,14:00,125,0
31.01.2020,15:00,125,0
31.01.2020,16:00,125,0
31.01.2020,17:00,120,0
31.01.2020,18:00,125,0
31.01.2020,19:00,125,0
31.01.2020,20:00,125,0
31.01.2020,21:00,125,0
31.01.2020,22:00,139,0
31.01.2020,23:00,84,0
01.02.2020,00:00,25,0
01.02.2020,01:00,21,0
01.02.2020,02:00,22,0
01.02.2020,03:00,22,0
01.02.2020,04:00,24,0
01.02.2020,05:00,24,0
01.02.2020,06:00,25,0
01.02.2020,07:00,25,0
01.02.2020,08:00,24,0
01.02.2020,09:00,24,0
01.02.2020,10:00,19,0
01.02.2020,11:00,20,0
01.02.2020,12:00,20,0
01.02.2020,13:00,20,0
01.02.2020,14:00,21,0
01.02.2020,15:00,21,0
01.02.2020,16:00,21,0
01.02.2020,17:00,21,0
01.02.2020,18:00,36,0
01.02.2020,19:00,71,0
01.02.2020,20:00,39,0
01.02.2020,21:00,25,0
01.02.2020,22:00,22,0
01.02.2020,23:00,20,0
02.02.2020,00:00,20,0
02.02.2020,01:00,20,0
02.02.2020,02:00,20,0
02.02.2020,03:00,20,0
02.02.2020,04:00,25,0
02.02.2020,05:00,25,0
02.02.2020,06:00,25,0
02.02.2020,07:00,26,0
02.02.2020,08:00,25,0
02.02.2020,09:00,25,0
02.02.2020,10:00,24,0
02.02.2020,11:00,19,0
02.02.2020,12:00,19,0
02.02.2020,13:00,20,0
02.02.2020,14:00,20,0
02.02.2020,15:00,20,0
02.02.2020,16:00,20,0
02.02.2020,17:00,20,0
02.02.2020,18:00,25,0
02.02.2020,19:00,25,0
02.02.2020,20:00,25,0
02.02.2020,21:00,22,0
02.02.2020,22:00,20,0
02.02.2020,23:00,20,0
03.02.2020,00:00,19,0
03.02.2020,01:00,19,0
03.02.2020,02:00,19,0
03.02.2020,03:00,19,0
03.02.2020,04:00,23,0
03.02.2020,05:00,24,0
03.02.2020,06:00,26,0
03.02.2020,07:00,25,0
03.02.2020,08:00,25,0
03.02.2020,09:00,24,0
03.02.2020,10:00,22,0
03.02.2020,11:00,21,0
03.02.2020,12:00,19,0
03.02.2020,13:00,19,0
03.02.2020,14:00,19,0
03.02.2020,15:00,18,0
03.02.2020,16:00,18,0
03.02.2020,17:00,18,0
03.02.2020,18:00,21,0
03.02.2020,19:00,20,0
03.02.2020,20:00,20,0
03.02.2020,21:00,20,0
03.02.2020,22:00,20,0
03.02.2020,23:00,21,0
04.02.2020,00:00,26,0
04.02.2020,01:00,25,0
04.02.2020,02:00,27,0
04.02.2020,03:00,32,0
04.02.2020,04:00,41,0
04.02.2020,05:00,42,0
04.02.2020,06:00,41,0
04.02.2020,07:00,42,0
04.02.2020,08:00,51,0
04.02.2020,09:00,44,0
04.02.2020,10:00,39,0
04.02.2020,11:00,38,0
04.02.2020,12:00,37,0
04.02.2020,13:00,37,0
04.02.2020,14:00,37,0
04.02.2020,15:00,37,0
04.02.2020,16:00,38,0
04.02.2020,17:00,38,0
04.02.2020,18:00,40,0
04.02.2020,19:00,40,0
04.02.2020,20:00,40,0
04.02.2020,21:00,40,0
04.02.2020,22:00,37,0
04.02.2020,23:00,27,0
05.02.2020,00:00,36,0
05.02.2020,01:00,36,0
05.02.2020,02:00,38,0
05.02.2020,03:00,40,0
05.02.2020,04:00,42,0
05.02.2020,05:00,46,0
05.02.2020,06:00,46,0
05.02.2020,07:00,62,0
05.02.2020,08:00,70,0
05.02.2020,09:00,71,0
05.02.2020,10:00,70,0
05.02.2020,11:00,70,0
05.02.2020,12:00,70,0
05.02.2020,13:00,41,0
05.02.2020,14:00,41,0
05.02.2020,15:00,41,0
05.02.2020,16:00,55,0
05.02.2020,17:00,46,0
05.02.2020,18:00,63,0
05.02.2020,19:00,45,0
05.02.2020,20:00,44,0
05.02.2020,21:00,40,0
05.02.2020,22:00,59,0
05.02.2020,23:00,64,0
06.02.2020,00:00,65,0
06.02.2020,01:00,65,0
06.02.2020,02:00,65,0
06.02.2020,03:00,65,0
06.02.2020,04:00,65,0
06.02.2020,05:00,65,0
06.02.2020,06:00,69,0
06.02.2020,07:00,112,0
06.02.2020,08:00,121,0
06.02.2020,09:00,137,0
06.02.2020,10:00,126,0
06.02.2020,11:00,97,0
06.02.2020,12:00,68,0
06.02.2020,13:00,68,0
06.02.2020,14:00,68,0
06.02.2020,15:00,64,0
06.02.2020,16:00,105,0
06.02.2020,17:00,150,0
06.02.2020,18:00,146,0
06.02.2020,19:00,146,0
06.02.2020,20:00,146,0
06.02.2020,21:00,123,0
06.02.2020,22:00,65,0
06.02.2020,23:00,64,0
07.02.2020,00:00,64,0
07.02.2020,01:00,65,0
07.02.2020,02:00,64,0
07.02.2020,03:00,72,0
07.02.2020,04:00,75,0
07.02.2020,05:00,86,0
07.02.2020,06:00,119,0
07.02.2020,07:00,147,0
07.02.2020,08:00,142,0
07.02.2020,09:00,88,0
07.02.2020,10:00,79,0
07.02.2020,11:00,77,0
07.02.2020,12:00,73,0
07.02.2020,13:00,71,0
07.02.2020,14:00,62,0
07.02.2020,15:00,60,0
07.02.2020,16:00,53,0
07.02.2020,17:00,54,0
07.02.2020,18:00,63,0
07.02.2020,19:00,60,0
07.02.2020,20:00,60,0
07.02.2020,21:00,56,0
07.02.2020,22:00,60,0
07.02.2020,23:00,58,0
08.02.2020,00:00,60,0
08.02.2020,01:00,60,0
08.02.2020,02:00,65,0
08.02.2020,03:00,69,0
08.02.2020,04:00,75,0
08.02.2020,05:00,76,0
08.02.2020,06:00,78,0
08.02.2020,07:00,77,0
08.02.2020,08:00,77,0
08.02.2020,09:00,78,0
08.02.2020,10:00,69,0
08.02.2020,11:00,0,0
08.02.2020,12:00,0,0
08.02.2020,13:00,0,0
08.02.2020,14:00,0,0
08.02.2020,15:00,0,0
08.02.2020,16:00,0,0
08.02.2020,17:00,23,0
08.02.2020,18:00,66,0
08.02.2020,19:00,69,0
08.02.2020,20:00,68,0
08.02.2020,21:00,63,0
08.02.2020,22:00,60,0
08.02.2020,23:00,60,0
09.02.2020,00:00,60,0
09.02.2020,01:00,60,0
09.02.2020,02:00,51,0
09.02.2020,03:00,51,0
09.02.2020,04:00,53,0
09.02.2020,05:00,52,0
09.02.2020,06:00,46,0
09.02.2020,07:00,43,0
09.02.2020,08:00,42,0
09.02.2020,09:00,41,0
09.02.2020,10:00,38,0
09.02.2020,11:00,39,0
09.02.2020,12:00,38,0
09.02.2020,13:00,37,0
09.02.2020,14:00,36,0
09.02.2020,15:00,35,0
09.02.2020,16:00,37,0
09.02.2020,17:00,41,0
09.02.2020,18:00,42,0
09.02.2020,19:00,43,0
09.02.2020,20:00,43,0
09.02.2020,21:00,39,0
09.02.2020,22:00,39,0
09.02.2020,23:00,37,0
10.02.2020,00:00,37,0
10.02.2020,01:00,37,0
10.02.2020,02:00,40,0
10.02.2020,03:00,40,0
10.02.2020,04:00,43,0
10.02.2020,05:00,46,0
10.02.2020,06:00,46,0
10.02.2020,07:00,45,0
10.02.2020,08:00,45,0
10.02.2020,09:00,44,0
10.02.2020,10:00,46,0
10.02.2020,11:00,43,0
10.02.2020,12:00,40,0
10.02.2020,13:00,38,0
10.02.2020,14:00,38,0
10.02.2020,15:00,39,0
10.02.2020,16:00,43,0
10.02.2020,17:00,73,0
10.02.2020,18:00,48,0
10.02.2020,19:00,40,0
10.02.2020,20:00,40,0
10.02.2020,21:00,43,0
10.02.2020,22:00,41,0
10.02.2020,23:00,39,0
11.02.2020,00:00,36,0
11.02.2020,01:00,37,0
11.02.2020,02:00,37,0
11.02.2020,03:00,39,0
11.02.2020,04:00,41,0
11.02.2020,05:00,43,0
11.02.2020,06:00,43,0
11.02.2020,07:00,43,0
11.02.2020,08:00,42,0
11.02.2020,09:00,39,0
11.02.2020,10:00,36,0
11.02.2020,11:00,37,0
11.02.2020,12:00,37,0
11.02.2020,13:00,36,0
11.02.2020,14:00,37,0
11.02.2020,15:00,37,0
11.02.2020,16:00,38,0
11.02.2020,17:00,91,0
11.02.2020,18:00,147,0
11.02.2020,19:00,146,0
11.02.2020,20:00,88,0
11.02.2020,21:00,45,0
11.02.2020,22:00,43,0
11.02.2020,23:00,38,0
12.02.2020,00:00,36,0
12.02.2020,01:00,37,0
12.02.2020,02:00,37,0
12.02.2020,03:00,37,0
12.02.2020,04:00,43,0
12.02.2020,05:00,46,0
12.02.2020,06:00,44,0
12.02.2020,07:00,44,0
12.02.2020,08:00,45,0
12.02.2020,09:00,44,0
12.02.2020,10:00,43,0
12.02.2020,11:00,46,0
12.02.2020,12:00,52,0
12.02.2020,13:00,47,0
12.02.2020,14:00,38,0
12.02.2020,15:00,38,0
12.02.2020,16:00,40,0
12.02.2020,17:00,92,0
12.02.2020,18:00,146,0
12.02.2020,19:00,147,0
12.02.2020,20:00,79,0
12.02.2020,21:00,52,0
12.02.2020,22:00,40,0
12.02.2020,23:00,36,0
13.02.2020,00:00,37,0
13.02.2020,01:00,37,0
13.02.2020,02:00,37,0
13.02.2020,03:00,39,0
13.02.2020,04:00,38,0
13.02.2020,05:00,40,4
13.02.2020,06:00,40,25
13.02.2020,07:00,40,49
13.02.2020,08:00,43,48
13.02.2020,09:00,20,47
13.02.2020,10:00,0,44
13.02.2020,11:00,0,49
13.02.2020,12:00,0,56
13.02.2020,13:00,0,56
13.02.2020,14:00,0,55
13.02.2020,15:00,0,45
13.02.2020,16:00,0,43
13.02.2020,17:00,0,43
13.02.2020,18:00,0,43
13.02.2020,19:00,0,43
13.02.2020,20:00,0,43
13.02.2020,21:00,0,48
13.02.2020,22:00,0,47
13.02.2020,23:00,0,41
14.02.2020,00:00,0,25
14.02.2020,01:00,0,24
14.02.2020,02:00,0,25
14.02.2020,03:00,0,31
14.02.2020,04:00,0,34
14.02.2020,05:00,0,40
14.02.2020,06:00,0,60
14.02.2020,07:00,0,126
14.02.2020,08:00,0,122
14.02.2020,09:00,0,138
14.02.2020,10:00,0,138
14.02.2020,11:00,0,104
14.02.2020,12:00,0,50
14.02.2020,13:00,0,42
14.02.2020,14:00,0,67
14.02.2020,15:00,0,72
14.02.2020,16:00,0,102
14.02.2020,17:00,0,104
14.02.2020,18:00,0,164
14.02.2020,19:00,0,121
14.02.2020,20:00,0,54
14.02.2020,21:00,0,43
14.02.2020,22:00,0,42
14.02.2020,23:00,0,42
15.02.2020,00:00,0,26
15.02.2020,01:00,0,24
15.02.2020,02:00,0,25
15.02.2020,03:00,0,27
15.02.2020,04:00,0,41
15.02.2020,05:00,0,45
15.02.2020,06:00,0,41
15.02.2020,07:00,0,41
15.02.2020,08:00,0,40
15.02.2020,09:00,0,28
15.02.2020,10:00,0,27
15.02.2020,11:00,0,27
15.02.2020,12:00,0,27
15.02.2020,13:00,0,27
15.02.2020,14:00,0,28
15.02.2020,15:00,0,28
15.02.2020,16:00,0,28
15.02.2020,17:00,0,29
15.02.2020,18:00,0,40
15.02.2020,19:00,0,40
15.02.2020,20:00,0,39
15.02.2020,21:00,0,27
15.02.2020,22:00,0,27
15.02.2020,23:00,0,27
16.02.2020,00:00,0,21
16.02.2020,01:00,0,22
16.02.2020,02:00,0,21
16.02.2020,03:00,0,23
16.02.2020,04:00,0,23
16.02.2020,05:00,0,25
16.02.2020,06:00,0,25
16.02.2020,07:00,0,25
16.02.2020,08:00,0,23
16.02.2020,09:00,0,20
16.02.2020,10:00,0,20
16.02.2020,11:00,0,21
16.02.2020,12:00,0,20
16.02.2020,13:00,0,21
16.02.2020,14:00,0,20
16.02.2020,15:00,0,19
16.02.2020,16:00,0,20
16.02.2020,17:00,0,20
16.02.2020,18:00,0,20
16.02.2020,19:00,0,21
16.02.2020,20:00,0,20
16.02.2020,21:00,0,21
16.02.2020,22:00,0,20
16.02.2020,23:00,0,20
17.02.2020,00:00,0,20
17.02.2020,01:00,0,21
17.02.2020,02:00,0,22
17.02.2020,03:00,0,26
17.02.2020,04:00,0,26
17.02.2020,05:00,0,26
17.02.2020,06:00,0,38
17.02.2020,07:00,0,41
17.02.2020,08:00,0,52
17.02.2020,09:00,0,39
17.02.2020,10:00,0,27
17.02.2020,11:00,0,25
17.02.2020,12:00,0,22
17.02.2020,13:00,0,22
17.02.2020,14:00,0,22
17.02.2020,15:00,0,23
17.02.2020,16:00,0,25
17.02.2020,17:00,0,32
17.02.2020,18:00,0,49
17.02.2020,19:00,0,27
17.02.2020,20:00,0,26
17.02.2020,21:00,0,27
17.02.2020,22:00,0,27
17.02.2020,23:00,0,24
18.02.2020,00:00,0,19
18.02.2020,01:00,0,20
18.02.2020,02:00,0,20
18.02.2020,03:00,0,27
18.02.2020,04:00,0,86
18.02.2020,05:00,0,157
18.02.2020,06:00,0,158
18.02.2020,07:00,0,159
18.02.2020,08:00,0,161
18.02.2020,09:00,0,160
18.02.2020,10:00,0,159
18.02.2020,11:00,0,161
18.02.2020,12:00,0,167
18.02.2020,13:00,0,161
18.02.2020,14:00,0,161
18.02.2020,15:00,0,163
18.02.2020,16:00,0,160
18.02.2020,17:00,0,160
18.02.2020,18:00,0,160
18.02.2020,19:00,0,160
18.02.2020,20:00,0,159
18.02.2020,21:00,0,159
18.02.2020,22:00,0,160
18.02.2020,23:00,0,159
19.02.2020,00:00,0,147
19.02.2020,01:00,0,74
19.02.2020,02:00,0,22
19.02.2020,03:00,0,21
19.02.2020,04:00,0,22
19.02.2020,05:00,0,26
19.02.2020,06:00,0,39
19.02.2020,07:00,0,40
19.02.2020,08:00,0,39
19.02.2020,09:00,0,39
19.02.2020,10:00,0,38
19.02.2020,11:00,0,37
19.02.2020,12:00,0,66
19.02.2020,13:00,0,122
19.02.2020,14:00,0,151
19.02.2020,15:00,0,95
19.02.2020,16:00,0,35
19.02.2020,17:00,0,24
19.02.2020,18:00,0,27
19.02.2020,19:00,0,28
19.02.2020,20:00,0,27
19.02.2020,21:00,0,27
19.02.2020,22:00,0,24
19.02.2020,23:00,0,23
20.02.2020,00:00,0,17
20.02.2020,01:00,0,17
20.02.2020,02:00,0,17
20.02.2020,03:00,0,17
20.02.2020,04:00,0,17
20.02.2020,05:00,0,18
20.02.2020,06:00,0,23
20.02.2020,07:00,0,25
20.02.2020,08:00,0,26
20.02.2020,09:00,0,26
20.02.2020,10:00,0,26
20.02.2020,11:00,0,26
20.02.2020,12:00,0,26
20.02.2020,13:00,0,26
20.02.2020,14:00,0,25
20.02.2020,15:00,0,19
20.02.2020,16:00,0,20
20.02.2020,17:00,0,19
20.02.2020,18:00,0,19
20.02.2020,19:00,0,20
20.02.2020,20:00,0,20
20.02.2020,21:00,0,19
20.02.2020,22:00,0,19
20.02.2020,23:00,0,19
21.02.2020,00:00,0,22
21.02.2020,01:00,0,22
21.02.2020,02:00,0,24
21.02.2020,03:00,0,26
21.02.2020,04:00,0,40
21.02.2020,05:00,0,95
21.02.2020,06:00,0,162
21.02.2020,07:00,0,167
21.02.2020,08:00,0,167
21.02.2020,09:00,0,113
21.02.2020,10:00,0,53
21.02.2020,11:00,0,43
21.02.2020,12:00,0,41
21.02.2020,13:00,0,27
21.02.2020,14:00,0,25
21.02.2020,15:00,0,22
21.02.2020,16:00,0,22
21.02.2020,17:00,0,28
21.02.2020,18:00,0,46
21.02.2020,19:00,0,46
21.02.2020,20:00,0,55
21.02.2020,21:00,0,114
21.02.2020,22:00,0,139
21.02.2020,23:00,0,113
22.02.2020,00:00,0,44
22.02.2020,01:00,0,21
22.02.2020,02:00,0,21
22.02.2020,03:00,0,22
22.02.2020,04:00,0,23
22.02.2020,05:00,0,33
22.02.2020,06:00,0,38
22.02.2020,07:00,0,39
22.02.2020,08:00,0,41
22.02.2020,09:00,0,41
22.02.2020,10:00,0,40
22.02.2020,11:00,0,29
22.02.2020,12:00,0,28
22.02.2020,13:00,0,29
22.02.2020,14:00,0,29
22.02.2020,15:00,0,29
22.02.2020,16:00,0,28
22.02.2020,17:00,0,28
22.02.2020,18:00,0,28
22.02.2020,19:00,0,27
22.02.2020,20:00,0,27
22.02.2020,21:00,0,28
22.02.2020,22:00,0,26
22.02.2020,23:00,0,26
23.02.2020,00:00,0,20
23.02.2020,01:00,0,20
23.02.2020,02:00,0,20
23.02.2020,03:00,0,20
23.02.2020,04:00,0,20
23.02.2020,05:00,0,22
23.02.2020,06:00,0,23
23.02.2020,07:00,0,25
23.02.2020,08:00,0,28
23.02.2020,09:00,0,28
23.02.2020,10:00,0,23
23.02.2020,11:00,0,20
23.02.2020,12:00,0,28
23.02.2020,13:00,0,24
23.02.2020,14:00,0,22
23.02.2020,15:00,0,22
23.02.2020,16:00,0,22
23.02.2020,17:00,0,22
23.02.2020,18:00,0,22
23.02.2020,19:00,0,22
23.02.2020,20:00,0,24
23.02.2020,21:00,0,24
23.02.2020,22:00,0,23
23.02.2020,23:00,0,22
24.02.2020,00:00,0,21
24.02.2020,01:00,0,21
24.02.2020,02:00,0,21
24.02.2020,03:00,0,21
24.02.2020,04:00,0,21
24.02.2020,05:00,0,32
24.02.2020,06:00,0,46
24.02.2020,07:00,0,25
24.02.2020,08:00,0,23
24.02.2020,09:00,0,22
24.02.2020,10:00,0,26
24.02.2020,11:00,0,27
24.02.2020,12:00,0,26
24.02.2020,13:00,0,27
24.02.2020,14:00,0,27
24.02.2020,15:00,0,23
24.02.2020,16:00,0,23
24.02.2020,17:00,0,25
24.02.2020,18:00,0,26
24.02.2020,19:00,0,26
24.02.2020,20:00,0,25
24.02.2020,21:00,0,23
24.02.2020,22:00,0,21
24.02.2020,23:00,0,20
25.02.2020,00:00,0,18
25.02.2020,01:00,0,17
25.02.2020,02:00,0,17
25.02.2020,03:00,0,17
25.02.2020,04:00,0,17
25.02.2020,05:00,0,29
25.02.2020,06:00,0,109
25.02.2020,07:00,0,169
25.02.2020,08:00,0,169
25.02.2020,09:00,0,168
25.02.2020,10:00,0,169
25.02.2020,11:00,0,169
25.02.2020,12:00,0,170
25.02.2020,13:00,0,169
25.02.2020,14:00,0,169
25.02.2020,15:00,0,107
25.02.2020,16:00,0,25
25.02.2020,17:00,0,51
25.02.2020,18:00,0,73
25.02.2020,19:00,0,52
25.02.2020,20:00,0,18
25.02.2020,21:00,0,18
25.02.2020,22:00,0,18
25.02.2020,23:00,0,17
26.02.2020,00:00,0,17
26.02.2020,01:00,0,18
26.02.2020,02:00,0,24
26.02.2020,03:00,0,23
26.02.2020,04:00,0,24
26.02.2020,05:00,0,24
26.02.2020,06:00,0,24
26.02.2020,07:00,0,27
26.02.2020,08:00,0,38
26.02.2020,09:00,0,38
26.02.2020,10:00,0,38
26.02.2020,11:00,0,38
26.02.2020,12:00,0,38
26.02.2020,13:00,0,38
26.02.2020,14:00,0,36
26.02.2020,15:00,0,25
26.02.2020,16:00,0,30
26.02.2020,17:00,0,79
26.02.2020,18:00,0,156
26.02.2020,19:00,0,171
26.02.2020,20:00,0,101
26.02.2020,21:00,0,64
26.02.2020,22:00,0,64
26.02.2020,23:00,0,55
27.02.2020,00:00,0,25
27.02.2020,01:00,0,25
27.02.2020,02:00,0,25
27.02.2020,03:00,0,0
27.02.2020,04:00,0,0
27.02.2020,05:00,0,0
27.02.2020,06:00,0,49
27.02.2020,07:00,0,135
27.02.2020,08:00,0,170
27.02.2020,09:00,0,169
27.02.2020,10:00,0,142
27.02.2020,11:00,0,128
27.02.2020,12:00,0,129
27.02.2020,13:00,0,149
27.02.2020,14:00,0,175
27.02.2020,15:00,0,176
27.02.2020,16:00,0,178
27.02.2020,17:00,0,179
27.02.2020,18:00,0,179
27.02.2020,19:00,0,174
27.02.2020,20:00,0,122
27.02.2020,21:00,0,72
27.02.2020,22:00,0,44
27.02.2020,23:00,0,43
28.02.2020,00:00,0,39
28.02.2020,01:00,0,39
28.02.2020,02:00,0,39
28.02.2020,03:00,0,39
28.02.2020,04:00,0,39
28.02.2020,05:00,0,39
28.02.2020,06:00,0,42
28.02.2020,07:00,0,69
28.02.2020,08:00,0,54
28.02.2020,09:00,0,51
28.02.2020,10:00,0,50
28.02.2020,11:00,0,82
28.02.2020,12:00,0,116
28.02.2020,13:00,0,122
28.02.2020,14:00,0,62
28.02.2020,15:00,0,40
28.02.2020,16:00,0,39
28.02.2020,17:00,0,40
28.02.2020,18:00,0,66
28.02.2020,19:00,0,47
28.02.2020,20:00,0,41
28.02.2020,21:00,0,38
28.02.2020,22:00,0,42
28.02.2020,23:00,0,29
29.02.2020,00:00,0,27
29.02.2020,01:00,0,26
29.02.2020,02:00,0,26
29.02.2020,03:00,0,27
29.02.2020,04:00,0,42
29.02.2020,05:00,0,40
29.02.2020,06:00,0,40
29.02.2020,07:00,0,38
29.02.2020,08:00,0,38
29.02.2020,09:00,0,38
29.02.2020,10:00,0,38
29.02.2020,11:00,0,38
29.02.2020,12:00,0,28
29.02.2020,13:00,0,27
29.02.2020,14:00,0,36
29.02.2020,15:00,0,39
29.02.2020,16:00,0,78
29.02.2020,17:00,0,80
29.02.2020,18:00,0,91
29.02.2020,19:00,0,92
29.02.2020,20:00,0,90
29.02.2020,21:00,0,46
29.02.2020,22:00,0,38
29.02.2020,23:00,0,19
01.03.2020,00:00,0,26
01.03.2020,01:00,0,25
01.03.2020,02:00,0,26
01.03.2020,03:00,0,26
01.03.2020,04:00,0,38
01.03.2020,05:00,0,36
01.03.2020,06:00,0,36
01.03.2020,07:00,0,36
01.03.2020,08:00,0,36
01.03.2020,09:00,0,27
01.03.2020,10:00,0,25
01.03.2020,11:00,0,23
01.03.2020,12:00,0,22
01.03.2020,13:00,0,22
01.03.2020,14:00,0,21
01.03.2020,15:00,0,19
01.03.2020,16:00,0,21
01.03.2020,17:00,0,21
01.03.2020,18:00,0,24
01.03.2020,19:00,0,24
01.03.2020,20:00,0,25
01.03.2020,21:00,0,24
01.03.2020,22:00,0,25
01.03.2020,23:00,0,22
02.03.2020,00:00,0,22
02.03.2020,01:00,0,22
02.03.2020,02:00,0,25
02.03.2020,03:00,0,27
02.03.2020,04:00,0,39
02.03.2020,05:00,0,40
02.03.2020,06:00,0,46
02.03.2020,07:00,0,67
02.03.2020,08:00,0,49
02.03.2020,09:00,0,39
02.03.2020,10:00,0,39
02.03.2020,11:00,0,40
02.03.2020,12:00,0,40
02.03.2020,13:00,0,40
02.03.2020,14:00,0,40
02.03.2020,15:00,0,40
02.03.2020,16:00,0,43
02.03.2020,17:00,0,46
02.03.2020,18:00,0,71
02.03.2020,19:00,0,68
02.03.2020,20:00,0,45
02.03.2020,21:00,0,38
02.03.2020,22:00,0,39
02.03.2020,23:00,0,39
03.03.2020,00:00,0,39
03.03.2020,01:00,0,39
03.03.2020,02:00,0,39
03.03.2020,03:00,0,39
03.03.2020,04:00,0,39
03.03.2020,05:00,0,42
03.03.2020,06:00,0,81
03.03.2020,07:00,0,148
03.03.2020,08:00,0,172
03.03.2020,09:00,0,170
03.03.2020,10:00,0,155
03.03.2020,11:00,0,171
03.03.2020,12:00,0,170
03.03.2020,13:00,0,179
03.03.2020,14:00,0,164
03.03.2020,15:00,0,180
03.03.2020,16:00,0,179
03.03.2020,17:00,0,180
03.03.2020,18:00,0,180
03.03.2020,19:00,0,178
03.03.2020,20:00,0,126
03.03.2020,21:00,0,71
03.03.2020,22:00,0,40
03.03.2020,23:00,0,42
04.03.2020,00:00,0,23
04.03.2020,01:00,0,22
04.03.2020,02:00,0,22
04.03.2020,03:00,0,24
04.03.2020,04:00,0,28
04.03.2020,05:00,0,42
04.03.2020,06:00,0,116
04.03.2020,07:00,0,130
04.03.2020,08:00,0,135
04.03.2020,09:00,0,133
04.03.2020,10:00,0,84
04.03.2020,11:00,0,40
04.03.2020,12:00,0,41
04.03.2020,13:00,0,46
04.03.2020,14:00,0,44
04.03.2020,15:00,0,84
04.03.2020,16:00,0,133
04.03.2020,17:00,0,154
04.03.2020,18:00,0,179
04.03.2020,19:00,0,180
04.03.2020,20:00,0,128
04.03.2020,21:00,0,74
04.03.2020,22:00,0,28
04.03.2020,23:00,0,23
05.03.2020,00:00,0,24
05.03.2020,01:00,0,23
05.03.2020,02:00,0,23
05.03.2020,03:00,0,23
05.03.2020,04:00,0,23
05.03.2020,05:00,0,35
05.03.2020,06:00,0,105
05.03.2020,07:00,0,119
05.03.2020,08:00,0,91
05.03.2020,09:00,0,49
05.03.2020,10:00,0,39
05.03.2020,11:00,0,40
05.03.2020,12:00,0,39
05.03.2020,13:00,0,27
05.03.2020,14:00,0,25
05.03.2020,15:00,0,28
05.03.2020,16:00,0,27
05.03.2020,17:00,0,27
05.03.2020,18:00,0,27
05.03.2020,19:00,0,27
05.03.2020,20:00,0,27
05.03.2020,21:00,0,26
05.03.2020,22:00,0,24
05.03.2020,23:00,0,22
06.03.2020,00:00,0,22
06.03.2020,01:00,0,22
06.03.2020,02:00,0,22
06.03.2020,03:00,0,22
06.03.2020,04:00,0,26
06.03.2020,05:00,0,38
06.03.2020,06:00,0,40
06.03.2020,07:00,0,47
06.03.2020,08:00,0,47
06.03.2020,09:00,0,47
06.03.2020,10:00,0,39
06.03.2020,11:00,0,40
06.03.2020,12:00,0,50
06.03.2020,13:00,0,58
06.03.2020,14:00,0,40
06.03.2020,15:00,0,40
06.03.2020,16:00,0,50
06.03.2020,17:00,0,61
06.03.2020,18:00,0,86
06.03.2020,19:00,0,59
06.03.2020,20:00,0,30
06.03.2020,21:00,0,26
06.03.2020,22:00,0,25
06.03.2020,23:00,0,24
07.03.2020,00:00,0,23
07.03.2020,01:00,0,23
07.03.2020,02:00,0,23
07.03.2020,03:00,0,24
07.03.2020,04:00,0,29
07.03.2020,05:00,0,38
07.03.2020,06:00,0,47
07.03.2020,07:00,0,45
07.03.2020,08:00,0,45
07.03.2020,09:00,0,45
07.03.2020,10:00,0,37
07.03.2020,11:00,0,27
07.03.2020,12:00,0,24
07.03.2020,13:00,0,22
07.03.2020,14:00,0,22
07.03.2020,15:00,0,22
07.03.2020,16:00,0,25
07.03.2020,17:00,0,29
07.03.2020,18:00,0,36
07.03.2020,19:00,0,38
07.03.2020,20:00,0,38
07.03.2020,21:00,0,38
07.03.2020,22:00,0,26
07.03.2020,23:00,0,22
08.03.2020,00:00,0,19
08.03.2020,01:00,0,19
08.03.2020,02:00,0,20
08.03.2020,03:00,0,22
08.03.2020,04:00,0,24
08.03.2020,05:00,0,25
08.03.2020,06:00,0,26
08.03.2020,07:00,0,26
08.03.2020,08:00,0,25
08.03.2020,09:00,0,27
08.03.2020,10:00,0,28
08.03.2020,11:00,0,25
08.03.2020,12:00,0,23
08.03.2020,13:00,0,21
08.03.2020,14:00,0,24
08.03.2020,15:00,0,23
08.03.2020,16:00,0,25
08.03.2020,17:00,0,26
08.03.2020,18:00,0,26
08.03.2020,19:00,0,30
08.03.2020,20:00,0,26
08.03.2020,21:00,0,27
08.03.2020,22:00,0,25
08.03.2020,23:00,0,23
09.03.2020,00:00,0,23
09.03.2020,01:00,0,23
09.03.2020,02:00,0,23
09.03.2020,03:00,0,25
09.03.2020,04:00,0,27
09.03.2020,05:00,0,43
09.03.2020,06:00,0,60
09.03.2020,07:00,0,67
09.03.2020,08:00,0,142
09.03.2020,09:00,0,161
09.03.2020,10:00,0,82
09.03.2020,11:00,0,28
09.03.2020,12:00,0,23
09.03.2020,13:00,0,21
09.03.2020,14:00,0,24
09.03.2020,15:00,0,33
09.03.2020,16:00,0,61
09.03.2020,17:00,0,122
09.03.2020,18:00,0,184
09.03.2020,19:00,0,185
09.03.2020,20:00,0,148
09.03.2020,21:00,0,43
09.03.2020,22:00,0,24
09.03.2020,23:00,0,21
10.03.2020,00:00,0,21
10.03.2020,01:00,0,21
10.03.2020,02:00,0,20
10.03.2020,03:00,0,22
10.03.2020,04:00,0,25
10.03.2020,05:00,0,26
10.03.2020,06:00,0,39
10.03.2020,07:00,0,79
10.03.2020,08:00,0,77
10.03.2020,09:00,0,74
10.03.2020,10:00,0,72
10.03.2020,11:00,0,70
10.03.2020,12:00,0,69
10.03.2020,13:00,0,25
10.03.2020,14:00,0,19
10.03.2020,15:00,0,19
10.03.2020,16:00,0,19
10.03.2020,17:00,0,32
10.03.2020,18:00,0,113
10.03.2020,19:00,0,176
10.03.2020,20:00,0,108
10.03.2020,21:00,0,24
10.03.2020,22:00,0,21
10.03.2020,23:00,0,13
11.03.2020,00:00,0,19
11.03.2020,01:00,0,19
11.03.2020,02:00,0,19
11.03.2020,03:00,0,20
11.03.2020,04:00,0,25
11.03.2020,05:00,0,27
11.03.2020,06:00,0,35
11.03.2020,07:00,0,58
11.03.2020,08:00,0,29
11.03.2020,09:00,0,26
11.03.2020,10:00,0,27
11.03.2020,11:00,0,24
11.03.2020,12:00,0,20
11.03.2020,13:00,0,20
11.03.2020,14:00,0,20
11.03.2020,15:00,0,20
11.03.2020,16:00,0,24
11.03.2020,17:00,0,45
11.03.2020,18:00,0,101
11.03.2020,19:00,0,73
11.03.2020,20:00,0,29
11.03.2020,21:00,0,26
11.03.2020,22:00,0,23
11.03.2020,23:00,0,14
12.03.2020,00:00,0,18
12.03.2020,01:00,0,18
12.03.2020,02:00,0,19
12.03.2020,03:00,0,21
12.03.2020,04:00,0,24
12.03.2020,05:00,0,28
12.03.2020,06:00,0,29
12.03.2020,07:00,0,29
12.03.2020,08:00,0,28
12.03.2020,09:00,0,27
12.03.2020,10:00,0,27
12.03.2020,11:00,0,25
12.03.2020,12:00,0,21
12.03.2020,13:00,0,20
12.03.2020,14:00,0,20
12.03.2020,15:00,0,20
12.03.2020,16:00,0,20
12.03.2020,17:00,0,31
12.03.2020,18:00,0,56
12.03.2020,19:00,0,27
12.03.2020,20:00,0,26
12.03.2020,21:00,0,26
12.03.2020,22:00,0,25
12.03.2020,23:00,0,19
13.03.2020,00:00,0,18
13.03.2020,01:00,0,18
13.03.2020,02:00,0,18
13.03.2020,03:00,0,20
13.03.2020,04:00,0,24
13.03.2020,05:00,0,27
13.03.2020,06:00,0,25
13.03.2020,07:00,0,26
13.03.2020,08:00,0,25
13.03.2020,09:00,0,26
13.03.2020,10:00,0,17
13.03.2020,11:00,0,0
13.03.2020,12:00,0,0
13.03.2020,13:00,0,17
13.03.2020,14:00,0,21
13.03.2020,15:00,0,20
13.03.2020,16:00,0,20
13.03.2020,17:00,0,23
13.03.2020,18:00,0,27
13.03.2020,19:00,0,26
13.03.2020,20:00,0,25
13.03.2020,21:00,0,25
13.03.2020,22:00,0,25
13.03.2020,23:00,0,23
14.03.2020,00:00,0,21
14.03.2020,01:00,0,20
14.03.2020,02:00,0,24
14.03.2020,03:00,0,28
14.03.2020,04:00,0,39
14.03.2020,05:00,0,38
14.03.2020,06:00,0,38
14.03.2020,07:00,0,38
14.03.2020,08:00,0,39
14.03.2020,09:00,0,29
14.03.2020,10:00,0,27
14.03.2020,11:00,0,26
14.03.2020,12:00,0,23
14.03.2020,13:00,0,12
14.03.2020,14:00,0,0
14.03.2020,15:00,0,0
14.03.2020,16:00,0,16
14.03.2020,17:00,0,27
14.03.2020,18:00,0,28
14.03.2020,19:00,0,49
14.03.2020,20:00,0,58
14.03.2020,21:00,0,66
14.03.2020,22:00,0,68
14.03.2020,23:00,0,65
15.03.2020,00:00,0,67
15.03.2020,01:00,0,76
15.03.2020,02:00,0,51
15.03.2020,03:00,0,44
15.03.2020,04:00,0,50
15.03.2020,05:00,0,49
15.03.2020,06:00,0,38
15.03.2020,07:00,0,37
15.03.2020,08:00,0,26
15.03.2020,09:00,0,24
15.03.2020,10:00,0,20
15.03.2020,11:00,0,20
15.03.2020,12:00,0,20
15.03.2020,13:00,0,20
15.03.2020,14:00,0,20
15.03.2020,15:00,0,20
15.03.2020,16:00,0,24
15.03.2020,17:00,0,26
15.03.2020,18:00,0,27
15.03.2020,19:00,0,27
15.03.2020,20:00,0,26
15.03.2020,21:00,0,26
15.03.2020,22:00,0,26
15.03.2020,23:00,0,23
16.03.2020,00:00,0,23
16.03.2020,01:00,0,24
16.03.2020,02:00,0,26
16.03.2020,03:00,0,30
16.03.2020,04:00,0,46
16.03.2020,05:00,0,38
16.03.2020,06:00,0,38
16.03.2020,07:00,0,37
16.03.2020,08:00,0,39
16.03.2020,09:00,0,28
16.03.2020,10:00,0,23
16.03.2020,11:00,0,20
16.03.2020,12:00,0,18
16.03.2020,13:00,0,18
16.03.2020,14:00,0,18
16.03.2020,15:00,0,18
16.03.2020,16:00,0,20
16.03.2020,17:00,0,46
16.03.2020,18:00,0,113
16.03.2020,19:00,0,120
16.03.2020,20:00,0,75
16.03.2020,21:00,0,32
16.03.2020,22:00,0,21
16.03.2020,23:00,0,19
17.03.2020,00:00,0,19
17.03.2020,01:00,0,18
17.03.2020,02:00,0,17
17.03.2020,03:00,0,19
17.03.2020,04:00,0,23
17.03.2020,05:00,0,27
17.03.2020,06:00,0,27
17.03.2020,07:00,0,27
17.03.2020,08:00,0,27
17.03.2020,09:00,0,22
17.03.2020,10:00,0,22
17.03.2020,11:00,0,28
17.03.2020,12:00,0,33
17.03.2020,13:00,0,33
17.03.2020,14:00,0,30
17.03.2020,15:00,0,29
17.03.2020,16:00,0,30
17.03.2020,17:00,0,33
17.03.2020,18:00,0,56
17.03.2020,19:00,0,92
17.03.2020,20:00,0,64
17.03.2020,21:00,0,44
17.03.2020,22:00,0,25
17.03.2020,23:00,0,18
18.03.2020,00:00,0,28
18.03.2020,01:00,0,28
18.03.2020,02:00,0,28
18.03.2020,03:00,0,29
18.03.2020,04:00,0,30
18.03.2020,05:00,0,29
18.03.2020,06:00,0,26
18.03.2020,07:00,0,25
18.03.2020,08:00,0,26
18.03.2020,09:00,0,22
18.03.2020,10:00,0,22
18.03.2020,11:00,0,20
18.03.2020,12:00,0,18
18.03.2020,13:00,0,18
18.03.2020,14:00,0,18
18.03.2020,15:00,0,18
18.03.2020,16:00,0,18
18.03.2020,17:00,0,22
18.03.2020,18:00,0,22
18.03.2020,19:00,0,22
18.03.2020,20:00,0,22
18.03.2020,21:00,0,20
18.03.2020,22:00,0,17
18.03.2020,23:00,0,16
19.03.2020,00:00,0,15
19.03.2020,01:00,0,15
19.03.2020,02:00,0,16
19.03.2020,03:00,0,18
19.03.2020,04:00,0,22
19.03.2020,05:00,0,26
19.03.2020,06:00,0,26
19.03.2020,07:00,0,26
19.03.2020,08:00,0,26
19.03.2020,09:00,0,22
19.03.2020,10:00,0,18
19.03.2020,11:00,0,15
19.03.2020,12:00,0,15
19.03.2020,13:00,0,15
19.03.2020,14:00,0,15
19.03.2020,15:00,0,16
19.03.2020,16:00,0,20
19.03.2020,17:00,0,23
19.03.2020,18:00,0,49
19.03.2020,19:00,0,37
19.03.2020,20:00,0,21
19.03.2020,21:00,0,18
19.03.2020,22:00,0,17
19.03.2020,23:00,0,15
20.03.2020,00:00,0,18
20.03.2020,01:00,0,16
20.03.2020,02:00,0,16
20.03.2020,03:00,0,19
20.03.2020,04:00,0,24
20.03.2020,05:00,0,25
20.03.2020,06:00,0,26
20.03.2020,07:00,0,26
20.03.2020,08:00,0,26
20.03.2020,09:00,0,26
20.03.2020,10:00,0,23
20.03.2020,11:00,0,23
20.03.2020,12:00,0,23
20.03.2020,13:00,0,15
20.03.2020,14:00,0,15
20.03.2020,15:00,0,15
20.03.2020,16:00,0,15
20.03.2020,17:00,0,19
20.03.2020,18:00,0,23
20.03.2020,19:00,0,22
20.03.2020,20:00,0,23
20.03.2020,21:00,0,23
20.03.2020,22:00,0,22
20.03.2020,23:00,0,22
21.03.2020,00:00,0,22
21.03.2020,01:00,0,22
21.03.2020,02:00,0,22
21.03.2020,03:00,0,22
21.03.2020,04:00,0,23
21.03.2020,05:00,0,26
21.03.2020,06:00,0,25
21.03.2020,07:00,0,25
21.03.2020,08:00,0,25
21.03.2020,09:00,0,26
21.03.2020,10:00,0,26
21.03.2020,11:00,0,25
21.03.2020,12:00,0,25
21.03.2020,13:00,0,20
21.03.2020,14:00,0,19
21.03.2020,15:00,0,20
21.03.2020,16:00,0,22
21.03.2020,17:00,0,26
21.03.2020,18:00,0,26
21.03.2020,19:00,0,26
21.03.2020,20:00,0,26
21.03.2020,21:00,0,26
21.03.2020,22:00,0,25
21.03.2020,23:00,0,22
22.03.2020,00:00,0,21
22.03.2020,01:00,0,21
22.03.2020,02:00,0,21
22.03.2020,03:00,0,24
22.03.2020,04:00,0,29
22.03.2020,05:00,0,38
22.03.2020,06:00,0,37
22.03.2020,07:00,0,38
22.03.2020,08:00,0,38
22.03.2020,09:00,0,38
22.03.2020,10:00,0,26
22.03.2020,11:00,0,23
22.03.2020,12:00,0,23
22.03.2020,13:00,0,23
22.03.2020,14:00,0,23
22.03.2020,15:00,0,23
22.03.2020,16:00,0,23
22.03.2020,17:00,0,28
22.03.2020,18:00,0,38
22.03.2020,19:00,0,40
22.03.2020,20:00,0,40
22.03.2020,21:00,0,39
22.03.2020,22:00,0,25
22.03.2020,23:00,0,17
23.03.2020,00:00,0,23
23.03.2020,01:00,0,23
23.03.2020,02:00,0,26
23.03.2020,03:00,0,36
23.03.2020,04:00,0,37
23.03.2020,05:00,0,37
23.03.2020,06:00,0,37
23.03.2020,07:00,0,37
23.03.2020,08:00,0,36
23.03.2020,09:00,0,37
23.03.2020,10:00,0,36
23.03.2020,11:00,0,26
23.03.2020,12:00,0,23
23.03.2020,13:00,0,23
23.03.2020,14:00,0,23
23.03.2020,15:00,0,23
23.03.2020,16:00,0,25
23.03.2020,17:00,0,37
23.03.2020,18:00,0,47
23.03.2020,19:00,0,38
23.03.2020,20:00,0,39
23.03.2020,21:00,0,24
23.03.2020,22:00,0,23
23.03.2020,23:00,0,17
24.03.2020,00:00,0,23
24.03.2020,01:00,0,23
24.03.2020,02:00,0,23
24.03.2020,03:00,0,26
24.03.2020,04:00,0,38
24.03.2020,05:00,0,43
24.03.2020,06:00,0,42
24.03.2020,07:00,0,42
24.03.2020,08:00,0,43
24.03.2020,09:00,0,52
24.03.2020,10:00,0,35
24.03.2020,11:00,0,26
24.03.2020,12:00,0,24
24.03.2020,13:00,0,24
24.03.2020,14:00,0,24
24.03.2020,15:00,0,24
24.03.2020,16:00,0,27
24.03.2020,17:00,0,42
24.03.2020,18:00,0,77
24.03.2020,19:00,0,78
24.03.2020,20:00,0,79
24.03.2020,21:00,0,38
24.03.2020,22:00,0,25
24.03.2020,23:00,0,24
25.03.2020,00:00,0,24
25.03.2020,01:00,0,24
25.03.2020,02:00,0,26
25.03.2020,03:00,0,28
25.03.2020,04:00,0,37
25.03.2020,05:00,0,45
25.03.2020,06:00,0,44
25.03.2020,07:00,0,44
25.03.2020,08:00,0,44
25.03.2020,09:00,0,38
25.03.2020,10:00,0,39
25.03.2020,11:00,0,26
25.03.2020,12:00,0,27
25.03.2020,13:00,0,27
25.03.2020,14:00,0,26
25.03.2020,15:00,0,26
25.03.2020,16:00,0,27
25.03.2020,17:00,0,39
25.03.2020,18:00,0,38
25.03.2020,19:00,0,37
25.03.2020,20:00,0,38
25.03.2020,21:00,0,24
25.03.2020,22:00,0,25
25.03.2020,23:00,0,23
26.03.2020,00:00,0,23
26.03.2020,01:00,0,23
26.03.2020,02:00,0,23
26.03.2020,03:00,0,24
26.03.2020,04:00,0,41
26.03.2020,05:00,0,45
26.03.2020,06:00,0,44
26.03.2020,07:00,0,44
26.03.2020,08:00,0,44
26.03.2020,09:00,0,37
26.03.2020,10:00,0,38
26.03.2020,11:00,0,25
26.03.2020,12:00,0,25
26.03.2020,13:00,0,25
26.03.2020,14:00,0,25
26.03.2020,15:00,0,26
26.03.2020,16:00,0,26
26.03.2020,17:00,0,39
26.03.2020,18:00,0,36
26.03.2020,19:00,0,37
26.03.2020,20:00,0,37
26.03.2020,21:00,0,38
26.03.2020,22:00,0,25
26.03.2020,23:00,0,22
27.03.2020,00:00,0,22
27.03.2020,01:00,0,22
27.03.2020,02:00,0,22
27.03.2020,03:00,0,22
27.03.2020,04:00,0,26
27.03.2020,05:00,0,38
27.03.2020,06:00,0,37
27.03.2020,07:00,0,37
27.03.2020,08:00,0,37
27.03.2020,09:00,0,27
27.03.2020,10:00,0,25
27.03.2020,11:00,0,22
27.03.2020,12:00,0,20
27.03.2020,13:00,0,20
27.03.2020,14:00,0,20
27.03.2020,15:00,0,21
27.03.2020,16:00,0,20
27.03.2020,17:00,0,24
27.03.2020,18:00,0,26
27.03.2020,19:00,0,26
27.03.2020,20:00,0,26
27.03.2020,21:00,0,26
27.03.2020,22:00,0,23
27.03.2020,23:00,0,19
28.03.2020,00:00,0,17
28.03.2020,01:00,0,17
28.03.2020,02:00,0,17
28.03.2020,03:00,0,19
28.03.2020,04:00,0,23
28.03.2020,05:00,0,26
28.03.2020,06:00,0,26
28.03.2020,07:00,0,26
28.03.2020,08:00,0,26
28.03.2020,09:00,0,24
28.03.2020,10:00,0,19
28.03.2020,11:00,0,17
28.03.2020,12:00,0,17
28.03.2020,13:00,0,17
28.03.2020,14:00,0,16
28.03.2020,15:00,0,17
28.03.2020,16:00,0,19
28.03.2020,17:00,0,21
28.03.2020,18:00,0,23
28.03.2020,19:00,0,26
28.03.2020,20:00,0,25
28.03.2020,21:00,0,25
28.03.2020,22:00,0,21
28.03.2020,23:00,0,17
29.03.2020,00:00,0,17
29.03.2020,01:00,0,17
29.03.2020,03:00,0,25
29.03.2020,04:00,0,27
29.03.2020,05:00,0,25
29.03.2020,06:00,0,27
29.03.2020,07:00,0,27
29.03.2020,08:00,0,27
29.03.2020,09:00,0,27
29.03.2020,10:00,0,24
29.03.2020,11:00,0,21
29.03.2020,12:00,0,20
29.03.2020,13:00,0,20
29.03.2020,14:00,0,20
29.03.2020,15:00,0,24
29.03.2020,16:00,0,27
29.03.2020,17:00,0,27
29.03.2020,18:00,0,27
29.03.2020,19:00,0,27
29.03.2020,20:00,0,26
29.03.2020,21:00,0,23
29.03.2020,22:00,0,21
29.03.2020,23:00,0,21
30.03.2020,00:00,0,21
30.03.2020,01:00,0,21
30.03.2020,02:00,0,23
30.03.2020,03:00,0,24
30.03.2020,04:00,0,28
30.03.2020,05:00,0,38
30.03.2020,06:00,0,41
30.03.2020,07:00,0,42
30.03.2020,08:00,0,42
30.03.2020,09:00,0,42
30.03.2020,10:00,0,42
30.03.2020,11:00,0,28
30.03.2020,12:00,0,26
30.03.2020,13:00,0,24
30.03.2020,14:00,0,24
30.03.2020,15:00,0,24
30.03.2020,16:00,0,24
30.03.2020,17:00,0,27
30.03.2020,18:00,0,29
30.03.2020,19:00,0,39
30.03.2020,20:00,0,26
30.03.2020,21:00,0,25
30.03.2020,22:00,0,23
30.03.2020,23:00,0,21
31.03.2020,00:00,0,21
31.03.2020,01:00,0,21
31.03.2020,02:00,0,23
31.03.2020,03:00,0,24
31.03.2020,04:00,0,29
31.03.2020,05:00,0,38
31.03.2020,06:00,0,44
31.03.2020,07:00,0,44
31.03.2020,08:00,0,44
31.03.2020,09:00,0,44
31.03.2020,10:00,0,42
31.03.2020,11:00,0,39
31.03.2020,12:00,0,41
31.03.2020,13:00,0,37
31.03.2020,14:00,0,39
31.03.2020,15:00,0,40
31.03.2020,16:00,0,25
31.03.2020,17:00,0,26
31.03.2020,18:00,0,26
31.03.2020,19:00,0,26
31.03.2020,20:00,0,24
31.03.2020,21:00,0,24
31.03.2020,22:00,0,23
31.03.2020,23:00,0,21
01.04.2020,00:00,0,0
01.04.2020,01:00,0,0
01.04.2020,02:00,0,0
01.04.2020,03:00,0,0
01.04.2020,04:00,0,0
01.04.2020,05:00,0,0
01.04.2020,06:00,0,0
01.04.2020,07:00,0,0
01.04.2020,08:00,0,0
01.04.2020,09:00,0,0
01.04.2020,10:00,0,0
01.04.2020,11:00,0,0
01.04.2020,12:00,0,0
01.04.2020,13:00,0,0
01.04.2020,14:00,0,0
01.04.2020,15:00,0,0
01.04.2020,16:00,0,0
01.04.2020,17:00,0,0
01.04.2020,18:00,0,0
01.04.2020,19:00,0,0
01.04.2020,20:00,0,0
01.04.2020,21:00,0,0
01.04.2020,22:00,0,0
01.04.2020,23:00,0,0
02.04.2020,00:00,0,21
02.04.2020,01:00,0,20
02.04.2020,02:00,0,21
02.04.2020,03:00,0,22
02.04.2020,04:00,0,23
02.04.2020,05:00,0,37
02.04.2020,06:00,0,44
02.04.2020,07:00,0,45
02.04.2020,08:00,0,61
02.04.2020,09:00,0,41
02.04.2020,10:00,0,42
02.04.2020,11:00,0,27
02.04.2020,12:00,0,24
02.04.2020,13:00,0,19
02.04.2020,14:00,0,18
02.04.2020,15:00,0,18
02.04.2020,16:00,0,18
02.04.2020,17:00,0,19
02.04.2020,18:00,0,23
02.04.2020,19:00,0,26
02.04.2020,20:00,0,24
02.04.2020,21:00,0,24
02.04.2020,22:00,0,24
02.04.2020,23:00,0,19
03.04.2020,00:00,0,17
03.04.2020,01:00,0,17
03.04.2020,02:00,0,17
03.04.2020,03:00,0,18
03.04.2020,04:00,0,22
03.04.2020,05:00,0,27
03.04.2020,06:00,0,37
03.04.2020,07:00,0,48
03.04.2020,08:00,0,38
03.04.2020,09:00,0,28
03.04.2020,10:00,0,24
03.04.2020,11:00,0,20
03.04.2020,12:00,0,18
03.04.2020,13:00,0,17
03.04.2020,14:00,0,17
03.04.2020,15:00,0,17
03.04.2020,16:00,0,17
03.04.2020,17:00,0,17
03.04.2020,18:00,0,19
03.04.2020,19:00,0,23
03.04.2020,20:00,0,23
03.04.2020,21:00,0,23
03.04.2020,22:00,0,20
03.04.2020,23:00,0,18
04.04.2020,00:00,0,18
04.04.2020,01:00,0,18
04.04.2020,02:00,0,18
04.04.2020,03:00,0,18
04.04.2020,04:00,0,18
04.04.2020,05:00,0,21
04.04.2020,06:00,0,21
04.04.2020,07:00,0,22
04.04.2020,08:00,0,23
04.04.2020,09:00,0,24
04.04.2020,10:00,0,20
04.04.2020,11:00,0,19
04.04.2020,12:00,0,18
04.04.2020,13:00,0,16
04.04.2020,14:00,0,16
04.04.2020,15:00,0,16
04.04.2020,16:00,0,16
04.04.2020,17:00,0,18
04.04.2020,18:00,0,70
04.04.2020,19:00,0,165
04.04.2020,20:00,0,180
04.04.2020,21:00,0,152
04.04.2020,22:00,0,75
04.04.2020,23:00,0,55
05.04.2020,00:00,0,46
05.04.2020,01:00,0,49
05.04.2020,02:00,0,43
05.04.2020,03:00,0,42
05.04.2020,04:00,0,41
05.04.2020,05:00,0,41
05.04.2020,06:00,0,41
05.04.2020,07:00,0,40
05.04.2020,08:00,0,41
05.04.2020,09:00,0,45
05.04.2020,10:00,0,80
05.04.2020,11:00,0,44
05.04.2020,12:00,0,28
05.04.2020,13:00,0,28
05.04.2020,14:00,0,29
05.04.2020,15:00,0,29
05.04.2020,16:00,0,28
05.04.2020,17:00,0,35
05.04.2020,18:00,0,45
05.04.2020,19:00,0,66
05.04.2020,20:00,0,119
05.04.2020,21:00,0,47
05.04.2020,22:00,0,43
05.04.2020,23:00,0,44
06.04.2020,00:00,0,43
06.04.2020,01:00,0,44
06.04.2020,02:00,0,44
06.04.2020,03:00,0,43
06.04.2020,04:00,0,42
06.04.2020,05:00,0,42
06.04.2020,06:00,0,42
06.04.2020,07:00,0,42
06.04.2020,08:00,0,41
06.04.2020,09:00,0,43
06.04.2020,10:00,0,45
06.04.2020,11:00,0,46
06.04.2020,12:00,0,46
06.04.2020,13:00,0,46
06.04.2020,14:00,0,46
06.04.2020,15:00,0,45
06.04.2020,16:00,0,42
06.04.2020,17:00,0,43
06.04.2020,18:00,0,48
06.04.2020,19:00,0,78
06.04.2020,20:00,0,80
06.04.2020,21:00,0,47
06.04.2020,22:00,0,29
06.04.2020,23:00,0,29
07.04.2020,00:00,0,27
07.04.2020,01:00,0,28
07.04.2020,02:00,0,28
07.04.2020,03:00,0,30
07.04.2020,04:00,0,31
07.04.2020,05:00,0,30
07.04.2020,06:00,0,30
07.04.2020,07:00,0,32
07.04.2020,08:00,0,33
07.04.2020,09:00,0,34
07.04.2020,10:00,0,34
07.04.2020,11:00,0,34
07.04.2020,12:00,0,30
07.04.2020,13:00,0,31
07.04.2020,14:00,0,33
07.04.2020,15:00,0,32
07.04.2020,16:00,0,33
07.04.2020,17:00,0,32
07.04.2020,18:00,0,30
07.04.2020,19:00,0,34
07.04.2020,20:00,0,34
07.04.2020,21:00,0,30
07.04.2020,22:00,0,30
07.04.2020,23:00,0,30
08.04.2020,00:00,0,30
08.04.2020,01:00,0,29
08.04.2020,02:00,0,29
08.04.2020,03:00,0,30
08.04.2020,04:00,0,29
08.04.2020,05:00,0,28
08.04.2020,06:00,0,28
08.04.2020,07:00,0,28
08.04.2020,08:00,0,29
08.04.2020,09:00,0,29
08.04.2020,10:00,0,30
08.04.2020,11:00,0,30
08.04.2020,12:00,0,29
08.04.2020,13:00,0,30
08.04.2020,14:00,0,29
08.04.2020,15:00,0,30
08.04.2020,16:00,0,30
08.04.2020,17:00,0,52
08.04.2020,18:00,0,95
08.04.2020,19:00,0,99
08.04.2020,20:00,0,99
08.04.2020,21:00,0,99
08.04.2020,22:00,0,45
08.04.2020,23:00,0,29
09.04.2020,00:00,0,29
09.04.2020,01:00,0,29
09.04.2020,02:00,0,29
09.04.2020,03:00,0,29
09.04.2020,04:00,0,30
09.04.2020,05:00,0,35
09.04.2020,06:00,0,113
09.04.2020,07:00,0,110
09.04.2020,08:00,0,41
09.04.2020,09:00,0,31
09.04.2020,10:00,0,30
09.04.2020,11:00,0,30
09.04.2020,12:00,0,30
09.04.2020,13:00,0,30
09.04.2020,14:00,0,30
09.04.2020,15:00,0,31
09.04.2020,16:00,0,30
09.04.2020,17:00,0,30
09.04.2020,18:00,0,30
09.04.2020,19:00,0,30
09.04.2020,20:00,0,30
09.04.2020,21:00,0,30
09.04.2020,22:00,0,29
09.04.2020,23:00,0,23
10.04.2020,00:00,0,30
10.04.2020,01:00,0,30
10.04.2020,02:00,0,31
10.04.2020,03:00,0,30
10.04.2020,04:00,0,30
10.04.2020,05:00,0,30
10.04.2020,06:00,0,28
10.04.2020,07:00,0,27
10.04.2020,08:00,0,29
10.04.2020,09:00,0,30
10.04.2020,10:00,0,30
10.04.2020,11:00,0,29
10.04.2020,12:00,0,30
10.04.2020,13:00,0,30
10.04.2020,14:00,0,29
10.04.2020,15:00,0,29
10.04.2020,16:00,0,30
10.04.2020,17:00,0,30
10.04.2020,18:00,0,30
10.04.2020,19:00,0,30
10.04.2020,20:00,0,29
10.04.2020,21:00,0,29
10.04.2020,22:00,0,29
10.04.2020,23:00,0,21
11.04.2020,00:00,0,28
11.04.2020,01:00,0,28
11.04.2020,02:00,0,29
11.04.2020,03:00,0,28
11.04.2020,04:00,0,29
11.04.2020,05:00,0,29
11.04.2020,06:00,0,28
11.04.2020,07:00,0,28
11.04.2020,08:00,0,29
11.04.2020,09:00,0,29
11.04.2020,10:00,0,28
11.04.2020,11:00,0,28
11.04.2020,12:00,0,29
11.04.2020,13:00,0,29
11.04.2020,14:00,0,29
11.04.2020,15:00,0,29
11.04.2020,16:00,0,29
11.04.2020,17:00,0,29
11.04.2020,18:00,0,28
11.04.2020,19:00,0,29
11.04.2020,20:00,0,28
11.04.2020,21:00,0,29
11.04.2020,22:00,0,29
11.04.2020,23:00,0,29
12.04.2020,00:00,0,28
12.04.2020,01:00,0,30
12.04.2020,02:00,0,29
12.04.2020,03:00,0,29
12.04.2020,04:00,0,29
12.04.2020,05:00,0,29
12.04.2020,06:00,0,28
12.04.2020,07:00,0,28
12.04.2020,08:00,0,29
12.04.2020,09:00,0,29
12.04.2020,10:00,0,29
12.04.2020,11:00,0,28
12.04.2020,12:00,0,29
12.04.2020,13:00,0,28
12.04.2020,14:00,0,28
12.04.2020,15:00,0,29
12.04.2020,16:00,0,28
12.04.2020,17:00,0,29
12.04.2020,18:00,0,29
12.04.2020,19:00,0,29
12.04.2020,20:00,0,29
12.04.2020,21:00,0,29
12.04.2020,22:00,0,29
12.04.2020,23:00,0,29
13.04.2020,00:00,0,29
13.04.2020,01:00,0,28
13.04.2020,02:00,0,29
13.04.2020,03:00,0,29
13.04.2020,04:00,0,27
13.04.2020,05:00,0,27
13.04.2020,06:00,0,27
13.04.2020,07:00,0,28
13.04.2020,08:00,0,29
13.04.2020,09:00,0,28
13.04.2020,10:00,0,29
13.04.2020,11:00,0,27
13.04.2020,12:00,0,28
13.04.2020,13:00,0,28
13.04.2020,14:00,0,28
13.04.2020,15:00,0,28
13.04.2020,16:00,0,29
13.04.2020,17:00,0,29
13.04.2020,18:00,0,32
13.04.2020,19:00,0,60
13.04.2020,20:00,0,62
13.04.2020,21:00,0,64
13.04.2020,22:00,0,64
13.04.2020,23:00,0,46
14.04.2020,00:00,0,45
14.04.2020,01:00,0,44
14.04.2020,02:00,0,45
14.04.2020,03:00,0,30
14.04.2020,04:00,0,27
14.04.2020,05:00,0,75
14.04.2020,06:00,0,84
14.04.2020,07:00,0,88
14.04.2020,08:00,0,113
14.04.2020,09:00,0,124
14.04.2020,10:00,0,91
14.04.2020,11:00,0,117
14.04.2020,12:00,0,140
14.04.2020,13:00,0,89
14.04.2020,14:00,0,87
14.04.2020,15:00,0,87
14.04.2020,16:00,0,86
14.04.2020,17:00,0,91
14.04.2020,18:00,0,160
14.04.2020,19:00,0,147
14.04.2020,20:00,0,118
14.04.2020,21:00,0,87
14.04.2020,22:00,0,79
14.04.2020,23:00,0,33
15.04.2020,00:00,0,15
15.04.2020,01:00,0,23
15.04.2020,02:00,0,75
15.04.2020,03:00,0,84
15.04.2020,04:00,0,84
15.04.2020,05:00,0,90
15.04.2020,06:00,0,143
15.04.2020,07:00,0,111
15.04.2020,08:00,0,100
15.04.2020,09:00,0,111
15.04.2020,10:00,0,84
15.04.2020,11:00,0,84
15.04.2020,12:00,0,84
15.04.2020,13:00,0,92
15.04.2020,14:00,0,91
15.04.2020,15:00,0,114
15.04.2020,16:00,0,84
15.04.2020,17:00,0,84
15.04.2020,18:00,0,136
15.04.2020,19:00,0,164
15.04.2020,20:00,0,173
15.04.2020,21:00,0,151
15.04.2020,22:00,0,49
15.04.2020,23:00,0,15
16.04.2020,00:00,0,15
16.04.2020,01:00,0,15
16.04.2020,02:00,0,15
16.04.2020,03:00,0,16
16.04.2020,04:00,0,15
16.04.2020,05:00,0,18
16.04.2020,06:00,0,84
16.04.2020,07:00,0,102
16.04.2020,08:00,0,34
16.04.2020,09:00,0,16
16.04.2020,10:00,0,16
16.04.2020,11:00,0,16
16.04.2020,12:00,0,16
16.04.2020,13:00,0,16
16.04.2020,14:00,0,16
16.04.2020,15:00,0,16
16.04.2020,16:00,0,16
16.04.2020,17:00,0,25
16.04.2020,18:00,0,98
16.04.2020,19:00,0,148
16.04.2020,20:00,0,155
16.04.2020,21:00,0,121
16.04.2020,22:00,0,46
16.04.2020,23:00,0,15
17.04.2020,00:00,0,16
17.04.2020,01:00,0,16
17.04.2020,02:00,0,15
17.04.2020,03:00,0,15
17.04.2020,04:00,0,16
17.04.2020,05:00,0,15
17.04.2020,06:00,0,15
17.04.2020,07:00,0,15
17.04.2020,08:00,0,15
17.04.2020,09:00,0,15
17.04.2020,10:00,0,15
17.04.2020,11:00,0,15
17.04.2020,12:00,0,25
17.04.2020,13:00,0,48
17.04.2020,14:00,0,26
17.04.2020,15:00,0,15
17.04.2020,16:00,0,16
17.04.2020,17:00,0,31
17.04.2020,18:00,0,107
17.04.2020,19:00,0,154
17.04.2020,20:00,0,154
17.04.2020,21:00,0,150
17.04.2020,22:00,0,62
17.04.2020,23:00,0,0
18.04.2020,00:00,0,0
18.04.2020,01:00,0,0
18.04.2020,02:00,0,0
18.04.2020,03:00,0,0
18.04.2020,04:00,0,0
18.04.2020,05:00,0,0
18.04.2020,06:00,0,0
18.04.2020,07:00,0,0
18.04.2020,08:00,0,0
18.04.2020,09:00,0,0
18.04.2020,10:00,0,0
18.04.2020,11:00,0,0
18.04.2020,12:00,0,0
18.04.2020,13:00,0,0
18.04.2020,14:00,0,0
18.04.2020,15:00,0,0
18.04.2020,16:00,0,0
18.04.2020,17:00,0,0
18.04.2020,18:00,0,0
18.04.2020,19:00,0,0
18.04.2020,20:00,0,0
18.04.2020,21:00,0,0
18.04.2020,22:00,0,0
18.04.2020,23:00,0,0
19.04.2020,00:00,0,0
19.04.2020,01:00,0,0
19.04.2020,02:00,0,0
19.04.2020,03:00,0,0
19.04.2020,04:00,0,0
19.04.2020,05:00,0,0
19.04.2020,06:00,0,0
19.04.2020,07:00,0,0
19.04.2020,08:00,0,0
19.04.2020,09:00,0,0
19.04.2020,10:00,0,0
19.04.2020,11:00,0,0
19.04.2020,12:00,0,0
19.04.2020,13:00,0,0
19.04.2020,14:00,0,0
19.04.2020,15:00,0,0
19.04.2020,16:00,0,0
19.04.2020,17:00,0,0
19.04.2020,18:00,0,0
19.04.2020,19:00,0,0
19.04.2020,20:00,0,0
19.04.2020,21:00,0,0
19.04.2020,22:00,0,0
19.04.2020,23:00,0,0
20.04.2020,00:00,0,0
20.04.2020,01:00,0,0
20.04.2020,02:00,0,0
20.04.2020,03:00,0,0
20.04.2020,04:00,0,0
20.04.2020,05:00,0,0
20.04.2020,06:00,0,0
20.04.2020,07:00,0,0
20.04.2020,08:00,0,0
20.04.2020,09:00,0,0
20.04.2020,10:00,0,0
20.04.2020,11:00,0,0
20.04.2020,12:00,0,0
20.04.2020,13:00,0,0
20.04.2020,14:00,0,0
20.04.2020,15:00,0,0
20.04.2020,16:00,0,0
20.04.2020,17:00,0,0
20.04.2020,18:00,0,0
20.04.2020,19:00,0,0
20.04.2020,20:00,0,0
20.04.2020,21:00,0,0
20.04.2020,22:00,0,0
20.04.2020,23:00,0,0
21.04.2020,00:00,0,0
21.04.2020,01:00,0,0
21.04.2020,02:00,0,0
21.04.2020,03:00,0,0
21.04.2020,04:00,0,0
21.04.2020,05:00,0,0
21.04.2020,06:00,0,0
21.04.2020,07:00,0,0
21.04.2020,08:00,0,0
21.04.2020,09:00,0,0
21.04.2020,10:00,0,0
21.04.2020,11:00,0,0
21.04.2020,12:00,0,0
21.04.2020,13:00,0,0
21.04.2020,14:00,0,0
21.04.2020,15:00,0,0
21.04.2020,16:00,0,0
21.04.2020,17:00,0,0
21.04.2020,18:00,0,0
21.04.2020,19:00,0,0
21.04.2020,20:00,0,0
21.04.2020,21:00,0,0
21.04.2020,22:00,0,0
21.04.2020,23:00,0,0
22.04.2020,00:00,0,0
22.04.2020,01:00,0,0
22.04.2020,02:00,0,0
22.04.2020,03:00,0,0
22.04.2020,04:00,0,0
22.04.2020,05:00,0,0
22.04.2020,06:00,0,0
22.04.2020,07:00,0,0
22.04.2020,08:00,0,0
22.04.2020,09:00,0,0
22.04.2020,10:00,0,0
22.04.2020,11:00,0,0
22.04.2020,12:00,0,0
22.04.2020,13:00,0,0
22.04.2020,14:00,0,0
22.04.2020,15:00,0,0
22.04.2020,16:00,0,0
22.04.2020,17:00,0,0
22.04.2020,18:00,0,0
22.04.2020,19:00,0,0
22.04.2020,20:00,0,0
22.04.2020,21:00,0,0
22.04.2020,22:00,0,0
22.04.2020,23:00,0,0
23.04.2020,00:00,0,0
23.04.2020,01:00,0,0
23.04.2020,02:00,0,0
23.04.2020,03:00,0,0
23.04.2020,04:00,0,0
23.04.2020,05:00,0,0
23.04.2020,06:00,0,0
23.04.2020,07:00,0,0
23.04.2020,08:00,0,0
23.04.2020,09:00,0,0
23.04.2020,10:00,0,0
23.04.2020,11:00,0,0
23.04.2020,12:00,0,0
23.04.2020,13:00,0,0
23.04.2020,14:00,0,0
23.04.2020,15:00,0,0
23.04.2020,16:00,0,0
23.04.2020,17:00,0,0
23.04.2020,18:00,0,0
23.04.2020,19:00,0,0
23.04.2020,20:00,0,0
23.04.2020,21:00,0,0
23.04.2020,22:00,0,0
23.04.2020,23:00,0,0
24.04.2020,00:00,0,0
24.04.2020,01:00,0,0
24.04.2020,02:00,0,0
24.04.2020,03:00,0,0
24.04.2020,04:00,0,0
24.04.2020,05:00,0,0
24.04.2020,06:00,0,0
24.04.2020,07:00,0,0
24.04.2020,08:00,0,0
24.04.2020,09:00,0,0
24.04.2020,10:00,0,0
24.04.2020,11:00,0,0
24.04.2020,12:00,0,0
24.04.2020,13:00,0,0
24.04.2020,14:00,0,0
24.04.2020,15:00,0,0
24.04.2020,16:00,0,0
24.04.2020,17:00,0,0
24.04.2020,18:00,0,0
24.04.2020,19:00,0,0
24.04.2020,20:00,0,0
24.04.2020,21:00,0,0
24.04.2020,22:00,0,0
24.04.2020,23:00,0,0
25.04.2020,00:00,0,0
25.04.2020,01:00,0,0
25.04.2020,02:00,0,0
25.04.2020,03:00,0,0
25.04.2020,04:00,0,0
25.04.2020,05:00,0,0
25.04.2020,06:00,0,0
25.04.2020,07:00,0,0
25.04.2020,08:00,0,0
25.04.2020,09:00,0,0
25.04.2020,10:00,0,0
25.04.2020,11:00,0,0
25.04.2020,12:00,0,0
25.04.2020,13:00,0,0
25.04.2020,14:00,0,0
25.04.2020,15:00,0,0
25.04.2020,16:00,0,0
25.04.2020,17:00,0,0
25.04.2020,18:00,0,0
25.04.2020,19:00,0,0
25.04.2020,20:00,0,0
25.04.2020,21:00,0,0
25.04.2020,22:00,0,0
25.04.2020,23:00,0,0
26.04.2020,00:00,0,0
26.04.2020,01:00,0,0
26.04.2020,02:00,0,0
26.04.2020,03:00,0,0
26.04.2020,04:00,0,0
26.04.2020,05:00,0,0
26.04.2020,06:00,0,0
26.04.2020,07:00,0,0
26.04.2020,08:00,0,0
26.04.2020,09:00,0,0
26.04.2020,10:00,0,0
26.04.2020,11:00,0,0
26.04.2020,12:00,0,0
26.04.2020,13:00,0,0
26.04.2020,14:00,0,0
26.04.2020,15:00,0,0
26.04.2020,16:00,0,0
26.04.2020,17:00,0,0
26.04.2020,18:00,0,0
26.04.2020,19:00,0,0
26.04.2020,20:00,0,0
26.04.2020,21:00,0,0
26.04.2020,22:00,0,0
26.04.2020,23:00,0,0
27.04.2020,00:00,0,0
27.04.2020,01:00,0,0
27.04.2020,02:00,0,0
27.04.2020,03:00,0,0
27.04.2020,04:00,0,0
27.04.2020,05:00,0,0
27.04.2020,06:00,0,0
27.04.2020,07:00,0,0
27.04.2020,08:00,0,0
27.04.2020,09:00,0,0
27.04.2020,10:00,0,0
27.04.2020,11:00,0,0
27.04.2020,12:00,0,0
27.04.2020,13:00,0,0
27.04.2020,14:00,0,0
27.04.2020,15:00,0,0
27.04.2020,16:00,0,0
27.04.2020,17:00,0,0
27.04.2020,18:00,0,0
27.04.2020,19:00,0,0
27.04.2020,20:00,0,0
27.04.2020,21:00,0,0
27.04.2020,22:00,0,0
27.04.2020,23:00,0,0
28.04.2020,00:00,0,0
28.04.2020,01:00,0,0
28.04.2020,02:00,0,0
28.04.2020,03:00,0,0
28.04.2020,04:00,0,0
28.04.2020,05:00,0,0
28.04.2020,06:00,0,0
28.04.2020,07:00,0,0
28.04.2020,08:00,0,0
28.04.2020,09:00,0,0
28.04.2020,10:00,0,0
28.04.2020,11:00,0,0
28.04.2020,12:00,0,0
28.04.2020,13:00,0,0
28.04.2020,14:00,0,0
28.04.2020,15:00,0,0
28.04.2020,16:00,0,0
28.04.2020,17:00,0,0
28.04.2020,18:00,0,0
28.04.2020,19:00,0,0
28.04.2020,20:00,0,0
28.04.2020,21:00,0,0
28.04.2020,22:00,0,0
28.04.2020,23:00,0,0
29.04.2020,00:00,0,0
29.04.2020,01:00,0,0
29.04.2020,02:00,0,0
29.04.2020,03:00,0,0
29.04.2020,04:00,0,0
29.04.2020,05:00,0,0
29.04.2020,06:00,0,0
29.04.2020,07:00,0,0
29.04.2020,08:00,0,0
29.04.2020,09:00,0,0
29.04.2020,10:00,0,0
29.04.2020,11:00,0,0
29.04.2020,12:00,0,0
29.04.2020,13:00,0,0
29.04.2020,14:00,0,0
29.04.2020,15:00,0,0
29.04.2020,16:00,0,0
29.04.2020,17:00,0,0
29.04.2020,18:00,0,0
29.04.2020,19:00,0,0
29.04.2020,20:00,0,0
29.04.2020,21:00,0,0
29.04.2020,22:00,0,0
29.04.2020,23:00,0,0
30.04.2020,00:00,0,0
30.04.2020,01:00,0,0
30.04.2020,02:00,0,0
30.04.2020,03:00,0,0
30.04.2020,04:00,0,0
30.04.2020,05:00,0,0
30.04.2020,06:00,0,0
30.04.2020,07:00,0,0
30.04.2020,08:00,0,0
30.04.2020,09:00,0,0
30.04.2020,10:00,0,0
30.04.2020,11:00,0,0
30.04.2020,12:00,0,0
30.04.2020,13:00,0,0
30.04.2020,14:00,0,0
30.04.2020,15:00,0,0
30.04.2020,16:00,0,0
30.04.2020,17:00,0,0
30.04.2020,18:00,0,0
30.04.2020,19:00,0,0
30.04.2020,20:00,0,0
30.04.2020,21:00,0,0
30.04.2020,22:00,0,0
30.04.2020,23:00,0,0
